InvoiceNumber,Customer,InvoiceDate,DueDate,TermsDays,Amount,PaidDate,Status
INV-20001,Borealis Foods,2024-11-15,2024-11-30,15,67868.59,2024-11-26,Paid
INV-20002,Atlas Foods,2024-01-10,2024-02-09,30,14808.1,2024-03-07,Paid
INV-20003,Iris Foods,2024-06-09,2024-07-24,45,22513.12,2024-07-24,Paid
INV-20004,Horizon Medical,2026-04-09,2026-05-24,45,13526.03,2026-06-10,Paid
INV-20005,Iris Supply,2025-03-21,2025-04-05,15,3764.65,2025-04-28,Paid
INV-20006,Forge Motors,2025-09-21,2025-10-21,30,28767.94,2025-11-21,Paid
INV-20007,Iris Motors,2025-06-08,2025-08-07,60,19742.55,2025-08-20,Paid
INV-20008,Forge Medical,2026-06-30,2026-07-30,30,8581.93,2026-08-01,Paid
INV-20009,Dynamo Motors,2026-06-06,2026-06-21,15,5802.03,2026-06-30,Paid
INV-20010,Borealis Retail,2026-07-01,2026-07-31,30,26855.73,2026-08-29,Paid
INV-20011,Gable Motors,2025-01-16,2025-03-02,45,39293.92,2025-02-28,Paid
INV-20012,Horizon Supply,2026-07-20,2026-09-18,60,25130.89,2026-09-21,Paid
INV-20013,Echo Foods,2025-10-05,2025-12-04,60,9645.06,2025-12-10,Paid
INV-20014,Jetty Supply,2026-06-14,2026-07-29,45,43734.36,2026-08-14,Paid
INV-20015,Atlas Foods,2026-01-12,2026-02-11,30,8863.56,2026-02-17,Paid
INV-20016,Dynamo Motors,2024-03-28,2024-04-12,15,32580.59,2024-04-15,Paid
INV-20017,Forge Motors,2024-07-02,2024-08-01,30,10965.35,,Open
INV-20018,Linden Foods,2026-08-26,2026-10-25,60,3946.7,,Open
INV-20019,Cascade Retail,2024-01-02,2024-02-01,30,55043.09,2024-02-17,Paid
INV-20020,Horizon Medical,2026-07-01,2026-08-15,45,6607.44,2026-09-03,Paid
INV-20021,Cascade Foods,2025-12-10,2025-12-25,15,13649.82,2026-01-18,Paid
INV-20022,Linden Motors,2024-12-01,2025-01-30,60,17727.48,2025-02-05,Paid
INV-20023,Cascade Retail,2024-06-05,2024-07-05,30,8761.55,2024-07-04,Paid
INV-20024,Gable Motors,2026-04-13,2026-05-28,45,6503.2,2026-06-05,Paid
INV-20025,Borealis Retail,2025-12-14,2026-01-13,30,5867.93,2026-01-18,Paid
INV-20026,Dynamo Supply,2024-05-19,2024-06-18,30,12590.0,2024-06-18,Paid
INV-20027,Gable Foods,2026-03-06,2026-05-05,60,39565.95,2026-05-05,Paid
INV-20028,Gable Foods,2024-03-17,2024-05-16,60,37387.94,2024-05-21,Paid
INV-20029,Cascade Medical,2024-04-07,2024-05-07,30,4642.81,2024-05-13,Paid
INV-20030,Gable Medical,2025-12-04,2026-02-02,60,8413.67,2026-02-20,Paid
INV-20031,Borealis Retail,2025-01-21,2025-02-20,30,8987.79,2025-03-18,Paid
INV-20032,Horizon Motors,2026-08-14,2026-09-13,30,2620.82,2026-09-18,Paid
INV-20033,Borealis Foods,2026-04-11,2026-04-26,15,8650.06,2026-04-23,Paid
INV-20034,Linden Retail,2024-09-16,2024-10-01,15,11992.16,2024-10-20,Paid
INV-20035,Borealis Medical,2026-01-15,2026-02-14,30,6421.76,2026-02-15,Paid
INV-20036,Gable Retail,2025-08-14,2025-10-13,60,23856.77,2025-11-11,Paid
INV-20037,Jetty Retail,2025-10-15,2025-11-14,30,33113.69,2025-11-20,Paid
INV-20038,Borealis Foods,2025-06-17,2025-07-02,15,4685.97,2025-07-18,Paid
INV-20039,Horizon Foods,2025-08-17,2025-09-16,30,7734.72,2025-09-27,Paid
INV-20040,Jetty Foods,2024-01-01,2024-02-15,45,11904.8,2024-02-26,Paid
INV-20041,Cascade Supply,2026-03-31,2026-05-15,45,12087.36,2026-05-28,Paid
INV-20042,Kestrel Motors,2025-12-12,2026-01-11,30,14272.47,2026-01-29,Paid
INV-20043,Borealis Foods,2025-09-20,2025-10-05,15,39280.66,2025-09-16,Paid
INV-20044,Jetty Supply,2026-08-14,2026-09-28,45,112056.19,,Open
INV-20045,Dynamo Motors,2024-07-13,2024-07-28,15,51161.41,2024-08-15,Paid
INV-20046,Horizon Medical,2025-12-06,2026-01-20,45,6460.58,2026-02-05,Paid
INV-20047,Borealis Medical,2025-03-08,2025-04-07,30,16985.93,2025-04-11,Paid
INV-20048,Gable Supply,2026-06-01,2026-06-16,15,13733.65,2026-06-19,Paid
INV-20049,Forge Medical,2025-02-01,2025-03-03,30,9582.3,2025-03-03,Paid
INV-20050,Gable Medical,2025-06-17,2025-08-16,60,5986.79,2025-09-10,Paid
INV-20051,Horizon Supply,2026-09-06,2026-11-05,60,43109.69,,Open
INV-20052,Horizon Retail,2024-11-01,2024-12-16,45,12099.83,2025-01-03,Paid
INV-20053,Cascade Supply,2026-03-08,2026-04-22,45,12379.48,2026-05-09,Paid
INV-20054,Forge Foods,2026-01-25,2026-02-24,30,36058.45,2026-02-21,Paid
INV-20055,Linden Supply,2026-04-01,2026-04-16,15,13515.31,2026-05-02,Paid
INV-20056,Jetty Retail,2026-02-04,2026-03-06,30,12957.36,2026-02-26,Paid
INV-20057,Horizon Motors,2024-09-07,2024-10-07,30,10920.76,2024-10-03,Paid
INV-20058,Kestrel Medical,2024-03-19,2024-04-18,30,5152.06,2024-05-02,Paid
INV-20059,Gable Motors,2025-09-05,2025-10-20,45,16608.7,2025-10-17,Paid
INV-20060,Iris Motors,2024-08-06,2024-10-05,60,19369.12,2024-10-15,Paid
INV-20061,Forge Medical,2025-12-10,2026-01-09,30,19232.6,2026-01-08,Paid
INV-20062,Borealis Foods,2024-06-28,2024-07-13,15,24966.73,2024-07-17,Paid
INV-20063,Gable Medical,2024-01-06,2024-03-06,60,37923.3,2024-03-17,Paid
INV-20064,Iris Medical,2026-01-05,2026-02-04,30,41648.49,2026-02-27,Paid
INV-20065,Atlas Motors,2025-01-13,2025-03-14,60,53942.74,2025-03-21,Paid
INV-20066,Linden Retail,2024-04-10,2024-04-25,15,18473.37,2024-05-09,Paid
INV-20067,Atlas Foods,2025-05-17,2025-06-16,30,30377.02,2025-06-29,Paid
INV-20068,Linden Medical,2026-05-05,2026-06-04,30,11959.39,2026-06-17,Paid
INV-20069,Echo Retail,2025-02-25,2025-03-27,30,5291.74,2025-04-10,Paid
INV-20070,Horizon Foods,2024-09-23,2024-10-23,30,13228.38,2024-10-25,Paid
INV-20071,Atlas Foods,2026-07-10,2026-08-09,30,8212.37,2026-08-24,Paid
INV-20072,Echo Motors,2024-08-25,2024-09-09,15,22869.28,2024-10-03,Paid
INV-20073,Forge Retail,2026-05-13,2026-05-28,15,10952.96,2026-06-23,Paid
INV-20074,Horizon Foods,2025-09-20,2025-10-20,30,27802.14,2025-10-21,Paid
INV-20075,Echo Medical,2026-04-30,2026-05-30,30,63935.54,2026-07-08,Paid
INV-20076,Kestrel Foods,2026-04-12,2026-06-11,60,1865.66,2026-05-26,Paid
INV-20077,Echo Medical,2024-09-14,2024-10-14,30,17607.75,2024-11-16,Paid
INV-20078,Forge Retail,2025-06-14,2025-06-29,15,15773.29,2025-08-04,Paid
INV-20079,Iris Motors,2026-03-20,2026-05-19,60,16101.2,,Open
INV-20080,Forge Motors,2026-05-11,2026-06-10,30,14413.57,2026-07-08,Paid
INV-20081,Kestrel Retail,2024-06-02,2024-07-02,30,6191.68,2024-07-21,Paid
INV-20082,Atlas Medical,2024-11-22,2024-12-22,30,12635.99,,Open
INV-20083,Atlas Retail,2025-03-04,2025-05-03,60,80343.51,2025-05-03,Paid
INV-20084,Gable Medical,2025-12-27,2026-02-25,60,17257.57,2026-02-25,Paid
INV-20085,Kestrel Retail,2024-11-16,2024-12-16,30,3125.38,2024-12-15,Paid
INV-20086,Borealis Motors,2025-12-05,2026-01-19,45,6470.96,2026-01-21,Paid
INV-20087,Linden Motors,2024-04-07,2024-06-06,60,2518.75,2024-06-02,Paid
INV-20088,Atlas Foods,2024-02-08,2024-03-09,30,13857.68,2024-03-27,Paid
INV-20089,Jetty Foods,2026-07-14,2026-08-28,45,19297.21,2026-08-17,Paid
INV-20090,Cascade Supply,2024-06-29,2024-08-13,45,18519.7,2024-08-22,Paid
INV-20091,Atlas Supply,2025-10-01,2025-10-16,15,11587.42,2025-11-17,Paid
INV-20092,Forge Medical,2025-11-19,2025-12-19,30,14997.56,2025-12-23,Paid
INV-20093,Atlas Retail,2025-06-18,2025-08-17,60,16003.12,2025-08-09,Paid
INV-20094,Iris Medical,2025-05-15,2025-06-14,30,84145.36,2025-07-15,Paid
INV-20095,Borealis Foods,2025-06-16,2025-07-01,15,4436.15,2025-07-01,Paid
INV-20096,Forge Motors,2024-09-06,2024-10-06,30,12311.57,2024-11-12,Paid
INV-20097,Echo Foods,2025-05-29,2025-07-28,60,16803.97,2025-08-11,Paid
INV-20098,Echo Medical,2026-05-16,2026-06-15,30,34636.64,2026-06-30,Paid
INV-20099,Linden Supply,2024-03-17,2024-04-01,15,9150.92,2024-04-14,Paid
INV-20100,Iris Retail,2024-12-22,2025-02-05,45,4791.87,2025-02-13,Paid
INV-20101,Kestrel Supply,2025-11-17,2026-01-01,45,13933.67,2026-01-08,Paid
INV-20102,Atlas Supply,2024-12-29,2025-01-13,15,3749.2,2025-02-06,Paid
INV-20103,Kestrel Medical,2025-10-17,2025-11-16,30,12464.16,,Open
INV-20104,Echo Foods,2024-02-29,2024-04-29,60,15031.49,2024-05-13,Paid
INV-20105,Dynamo Medical,2025-11-06,2025-12-21,45,23931.49,2025-12-26,Paid
INV-20106,Iris Medical,2025-12-11,2026-01-10,30,12955.27,2026-01-20,Paid
INV-20107,Gable Motors,2025-11-11,2025-12-26,45,6819.96,2025-12-13,Paid
INV-20108,Cascade Supply,2025-10-27,2025-12-11,45,16839.16,2025-12-14,Paid
INV-20109,Gable Supply,2026-08-28,2026-09-12,15,14084.82,2026-09-13,Paid
INV-20110,Linden Medical,2025-08-15,2025-09-14,30,14687.08,2025-09-21,Paid
INV-20111,Horizon Retail,2024-05-19,2024-07-03,45,28898.42,2024-06-30,Paid
INV-20112,Kestrel Retail,2025-03-24,2025-04-23,30,17189.65,2025-05-08,Paid
INV-20113,Gable Motors,2024-11-29,2025-01-13,45,19619.81,2025-01-13,Paid
INV-20114,Echo Retail,2024-11-19,2024-12-19,30,63824.85,2024-12-29,Paid
INV-20115,Atlas Motors,2026-08-20,2026-10-19,60,63735.85,,Open
INV-20116,Cascade Motors,2024-08-11,2024-09-10,30,13470.3,2024-08-28,Paid
INV-20117,Atlas Medical,2024-12-21,2025-01-20,30,19385.34,2025-01-20,Paid
INV-20118,Dynamo Supply,2024-08-16,2024-09-15,30,32762.99,2024-09-10,Paid
INV-20119,Iris Medical,2026-03-22,2026-04-21,30,17573.85,2026-05-14,Paid
INV-20120,Cascade Retail,2025-05-23,2025-06-22,30,7138.17,2025-06-23,Paid
INV-20121,Horizon Foods,2024-02-26,2024-03-27,30,22656.0,2024-03-24,Paid
INV-20122,Forge Motors,2024-07-08,2024-08-07,30,11403.29,2024-09-11,Paid
INV-20123,Kestrel Supply,2025-05-02,2025-06-16,45,11027.71,2025-06-06,Paid
INV-20124,Echo Motors,2024-09-15,2024-09-30,15,15100.01,2024-10-19,Paid
INV-20125,Dynamo Retail,2024-03-05,2024-04-04,30,11540.88,2024-04-19,Paid
INV-20126,Jetty Retail,2026-07-29,2026-08-28,30,4714.65,2026-08-28,Paid
INV-20127,Jetty Supply,2026-02-12,2026-03-29,45,11040.76,2026-04-11,Paid
INV-20128,Echo Retail,2026-05-11,2026-06-10,30,9439.68,2026-07-03,Paid
INV-20129,Horizon Motors,2025-09-22,2025-10-22,30,50883.58,2025-10-22,Paid
INV-20130,Jetty Supply,2024-07-06,2024-08-20,45,10784.17,2024-09-08,Paid
INV-20131,Horizon Retail,2024-04-26,2024-06-10,45,12304.41,2024-06-18,Paid
INV-20132,Linden Foods,2024-06-29,2024-08-28,60,18465.05,2024-09-01,Paid
INV-20133,Linden Retail,2024-01-26,2024-02-10,15,40349.42,2024-02-28,Paid
INV-20134,Iris Foods,2025-03-21,2025-05-05,45,7314.98,2025-05-14,Paid
INV-20135,Iris Foods,2026-06-14,2026-07-29,45,13382.09,2026-08-07,Paid
INV-20136,Atlas Motors,2026-06-10,2026-08-09,60,40078.99,2026-08-22,Paid
INV-20137,Atlas Motors,2025-02-04,2025-04-05,60,16395.62,2025-04-14,Paid
INV-20138,Cascade Medical,2024-03-30,2024-04-29,30,28004.99,2024-05-01,Paid
INV-20139,Borealis Motors,2025-04-28,2025-06-12,45,9893.24,2025-06-18,Paid
INV-20140,Kestrel Motors,2026-04-25,2026-05-25,30,27775.61,2026-05-31,Paid
INV-20141,Gable Supply,2025-12-11,2025-12-26,15,8089.06,2025-12-17,Paid
INV-20142,Linden Retail,2024-04-17,2024-05-02,15,3426.88,2024-05-12,Paid
INV-20143,Cascade Motors,2026-02-01,2026-03-03,30,19345.14,2026-03-06,Paid
INV-20144,Iris Foods,2024-05-26,2024-07-10,45,14254.28,2024-07-25,Paid
INV-20145,Cascade Foods,2025-03-15,2025-03-30,15,11290.46,2025-04-08,Paid
INV-20146,Iris Motors,2026-08-16,2026-10-15,60,31319.62,,Open
INV-20147,Borealis Retail,2025-12-23,2026-01-22,30,21323.06,2026-02-18,Paid
INV-20148,Iris Foods,2026-03-17,2026-05-01,45,51807.35,2026-05-23,Paid
INV-20149,Atlas Retail,2026-03-25,2026-05-24,60,6853.29,2026-05-29,Paid
INV-20150,Atlas Motors,2026-06-28,2026-08-27,60,6434.9,2026-08-22,Paid
INV-20151,Gable Foods,2024-03-16,2024-05-15,60,18770.02,2024-05-25,Paid
INV-20152,Forge Supply,2024-04-05,2024-04-20,15,13372.62,2024-06-21,Paid
INV-20153,Jetty Supply,2025-12-07,2026-01-21,45,18017.31,2026-01-23,Paid
INV-20154,Forge Supply,2024-01-24,2024-02-08,15,13332.79,2024-04-24,Paid
INV-20155,Forge Foods,2026-02-20,2026-03-22,30,13738.74,2026-03-27,Paid
INV-20156,Linden Foods,2024-07-15,2024-09-13,60,8770.2,2024-09-11,Paid
INV-20157,Linden Foods,2025-09-22,2025-11-21,60,6961.99,2025-11-21,Paid
INV-20158,Forge Supply,2024-03-24,2024-04-08,15,15325.37,2024-06-16,Paid
INV-20159,Borealis Supply,2026-02-11,2026-02-26,15,13405.45,2026-03-23,Paid
INV-20160,Horizon Supply,2026-07-20,2026-09-18,60,33948.48,2026-08-31,Paid
INV-20161,Iris Medical,2026-08-05,2026-09-04,30,8730.94,2026-09-11,Paid
INV-20162,Linden Supply,2025-09-08,2025-09-23,15,16301.55,2025-10-18,Paid
INV-20163,Borealis Retail,2026-05-06,2026-06-05,30,223239.08,2026-06-30,Paid
INV-20164,Kestrel Supply,2024-03-24,2024-05-08,45,87321.36,2024-04-26,Paid
INV-20165,Iris Motors,2024-07-11,2024-09-09,60,17790.07,2024-09-28,Paid
INV-20166,Jetty Supply,2024-04-05,2024-05-20,45,11005.54,2024-05-26,Paid
INV-20167,Echo Retail,2025-09-11,2025-10-11,30,17462.39,2025-11-07,Paid
INV-20168,Atlas Retail,2025-01-07,2025-03-08,60,57107.64,2025-03-12,Paid
INV-20169,Cascade Supply,2024-10-02,2024-11-16,45,15616.06,2024-11-24,Paid
INV-20170,Atlas Foods,2025-03-05,2025-04-04,30,985.5,2025-04-22,Paid
INV-20171,Jetty Supply,2024-10-31,2024-12-15,45,9674.28,2024-12-28,Paid
INV-20172,Iris Foods,2026-08-25,2026-10-09,45,11971.91,,Open
INV-20173,Linden Supply,2026-07-21,2026-08-05,15,75167.13,2026-08-14,Paid
INV-20174,Iris Retail,2024-10-30,2024-12-14,45,9432.9,2024-12-24,Paid
INV-20175,Forge Medical,2025-06-10,2025-07-10,30,10351.19,2025-07-01,Paid
INV-20176,Echo Medical,2024-11-09,2024-12-09,30,26300.03,2024-12-05,Paid
INV-20177,Echo Retail,2025-01-09,2025-02-08,30,4222.19,2025-02-25,Paid
INV-20178,Echo Foods,2025-06-03,2025-08-02,60,6201.16,2025-08-16,Paid
INV-20179,Iris Retail,2025-05-14,2025-06-28,45,2737.5,2025-06-24,Paid
INV-20180,Horizon Supply,2026-03-01,2026-04-30,60,31394.31,2026-04-30,Paid
INV-20181,Linden Foods,2024-09-11,2024-11-10,60,21550.83,2024-11-22,Paid
INV-20182,Atlas Retail,2025-03-20,2025-05-19,60,14432.54,2025-05-20,Paid
INV-20183,Echo Medical,2026-08-07,2026-09-06,30,5798.11,,Open
INV-20184,Iris Motors,2025-01-02,2025-03-03,60,24457.96,2025-02-28,Paid
INV-20185,Echo Supply,2025-08-29,2025-09-13,15,11695.2,2025-09-14,Paid
INV-20186,Horizon Medical,2026-04-03,2026-05-18,45,5565.04,2026-05-29,Paid
INV-20187,Iris Retail,2025-06-30,2025-08-14,45,4483.43,2025-09-10,Paid
INV-20188,Dynamo Motors,2026-04-16,2026-05-01,15,8755.45,2026-05-15,Paid
INV-20189,Jetty Foods,2025-04-11,2025-05-26,45,19600.35,2025-05-16,Paid
INV-20190,Echo Medical,2024-09-12,2024-10-12,30,6781.53,2024-11-19,Paid
INV-20191,Linden Supply,2024-04-16,2024-05-01,15,29671.02,2024-05-12,Paid
INV-20192,Linden Supply,2024-12-12,2024-12-27,15,5922.49,2024-12-31,Paid
INV-20193,Jetty Foods,2025-08-26,2025-10-10,45,20926.85,2025-10-14,Paid
INV-20194,Jetty Medical,2026-02-19,2026-03-06,15,13754.65,2026-03-16,Paid
INV-20195,Cascade Foods,2025-02-24,2025-03-11,15,3016.63,2025-04-03,Paid
INV-20196,Echo Motors,2026-09-29,2026-10-14,15,4671.39,,Open
INV-20197,Horizon Supply,2024-03-13,2024-05-12,60,28765.24,2024-05-15,Paid
INV-20198,Dynamo Medical,2025-09-02,2025-10-17,45,68359.8,2025-10-09,Paid
INV-20199,Echo Supply,2024-02-12,2024-02-27,15,46279.24,2024-02-18,Paid
INV-20200,Echo Motors,2025-07-27,2025-08-11,15,4109.1,2025-08-11,Paid
INV-20201,Echo Motors,2025-11-13,2025-11-28,15,52073.21,2025-11-26,Paid
INV-20202,Gable Supply,2025-03-15,2025-03-30,15,35408.8,2025-04-02,Paid
INV-20203,Echo Retail,2025-07-12,2025-08-11,30,14684.5,2025-08-24,Paid
INV-20204,Forge Retail,2026-04-19,2026-05-04,15,132469.67,2026-05-24,Paid
INV-20205,Dynamo Supply,2024-02-06,2024-03-07,30,7834.1,2024-03-25,Paid
INV-20206,Dynamo Medical,2025-05-29,2025-07-13,45,4266.4,2025-06-29,Paid
INV-20207,Echo Supply,2025-08-15,2025-08-30,15,8736.26,2025-09-11,Paid
INV-20208,Atlas Retail,2024-11-10,2025-01-09,60,5079.07,2025-01-15,Paid
INV-20209,Forge Supply,2025-12-18,2026-01-02,15,24137.56,2026-02-27,Paid
INV-20210,Kestrel Medical,2025-11-20,2025-12-20,30,3127.62,2025-12-20,Paid
INV-20211,Echo Motors,2026-08-18,2026-09-02,15,44225.91,2026-08-26,Paid
INV-20212,Linden Medical,2026-08-27,2026-09-26,30,35828.11,,Open
INV-20213,Kestrel Motors,2025-09-27,2025-10-27,30,6073.84,2025-11-12,Paid
INV-20214,Horizon Medical,2025-01-07,2025-02-21,45,5666.04,2025-03-14,Paid
INV-20215,Jetty Supply,2025-04-03,2025-05-18,45,4664.92,2025-05-14,Paid
INV-20216,Jetty Foods,2026-02-04,2026-03-21,45,10741.2,2026-03-20,Paid
INV-20217,Jetty Foods,2026-01-12,2026-02-26,45,27212.82,2026-03-08,Paid
INV-20218,Forge Foods,2026-02-05,2026-03-07,30,8488.53,2026-03-18,Paid
INV-20219,Horizon Supply,2025-06-03,2025-08-02,60,42133.97,2025-08-04,Paid
INV-20220,Kestrel Retail,2025-08-05,2025-09-04,30,16351.59,2025-09-04,Paid
INV-20221,Dynamo Medical,2026-07-20,2026-09-03,45,8581.71,2026-09-02,Paid
INV-20222,Borealis Medical,2026-09-13,2026-10-13,30,8522.74,,Open
INV-20223,Kestrel Supply,2025-07-02,2025-08-16,45,21976.66,2025-08-23,Paid
INV-20224,Linden Retail,2024-07-11,2024-07-26,15,15202.62,2024-08-07,Paid
INV-20225,Jetty Motors,2024-03-02,2024-04-01,30,43173.14,2024-03-31,Paid
INV-20226,Kestrel Retail,2024-04-07,2024-05-07,30,21505.45,2024-05-28,Paid
INV-20227,Borealis Motors,2025-07-05,2025-08-19,45,12429.92,2025-08-07,Paid
INV-20228,Gable Supply,2026-06-25,2026-07-10,15,56782.75,2026-07-19,Paid
INV-20229,Atlas Supply,2025-09-17,2025-10-02,15,12348.12,2025-10-27,Paid
INV-20230,Echo Motors,2025-11-23,2025-12-08,15,13805.68,2025-12-30,Paid
INV-20231,Kestrel Motors,2026-02-14,2026-03-16,30,21108.75,2026-03-24,Paid
INV-20232,Forge Motors,2025-04-11,2025-05-11,30,32076.01,2025-06-13,Paid
INV-20233,Linden Retail,2025-05-18,2025-06-02,15,8863.6,2025-06-25,Paid
INV-20234,Horizon Foods,2025-01-20,2025-02-19,30,29546.94,2025-03-06,Paid
INV-20235,Borealis Medical,2024-09-28,2024-10-28,30,4100.66,2024-11-24,Paid
INV-20236,Atlas Supply,2026-07-09,2026-07-24,15,7990.21,2026-09-05,Paid
INV-20237,Kestrel Medical,2026-03-18,2026-04-17,30,19802.87,2026-05-01,Paid
INV-20238,Cascade Medical,2024-04-30,2024-05-30,30,36350.47,2024-06-30,Paid
INV-20239,Cascade Medical,2025-12-05,2026-01-04,30,15439.82,2026-01-17,Paid
INV-20240,Cascade Retail,2025-03-15,2025-04-14,30,39195.86,2025-04-13,Paid
INV-20241,Jetty Motors,2024-02-26,2024-03-27,30,5438.2,2024-04-13,Paid
INV-20242,Kestrel Supply,2026-04-07,2026-05-22,45,15687.2,2026-05-17,Paid
INV-20243,Gable Foods,2024-08-02,2024-10-01,60,12092.52,2024-10-01,Paid
INV-20244,Gable Medical,2025-10-10,2025-12-09,60,68135.22,2025-12-19,Paid
INV-20245,Dynamo Retail,2024-08-26,2024-09-25,30,24613.4,2024-10-04,Paid
INV-20246,Atlas Medical,2024-02-22,2024-03-23,30,8326.53,2024-03-27,Paid
INV-20247,Linden Motors,2025-09-18,2025-11-17,60,9189.52,2025-12-09,Paid
INV-20248,Linden Motors,2026-04-25,2026-06-24,60,49749.86,2026-06-12,Paid
INV-20249,Borealis Supply,2025-07-07,2025-07-22,15,17009.75,2025-08-10,Paid
INV-20250,Iris Medical,2026-05-31,2026-06-30,30,14529.62,,Open
INV-20251,Dynamo Motors,2024-01-31,2024-02-15,15,44755.31,2024-02-25,Paid
INV-20252,Horizon Retail,2026-07-13,2026-08-27,45,18709.08,2026-09-12,Paid
INV-20253,Iris Motors,2026-02-05,2026-04-06,60,17989.32,2026-04-01,Paid
INV-20254,Cascade Motors,2025-06-01,2025-07-01,30,3710.51,2025-07-14,Paid
INV-20255,Cascade Retail,2026-03-17,2026-04-16,30,10709.93,2026-04-03,Paid
INV-20256,Borealis Retail,2025-05-22,2025-06-21,30,8373.28,2025-07-20,Paid
INV-20257,Kestrel Motors,2024-08-25,2024-09-24,30,13605.99,2024-09-27,Paid
INV-20258,Horizon Foods,2026-03-15,2026-04-14,30,29659.27,2026-04-14,Paid
INV-20259,Horizon Supply,2026-09-18,2026-11-17,60,8052.07,,Open
INV-20260,Iris Supply,2024-02-06,2024-02-21,15,11583.63,2024-03-05,Paid
INV-20261,Kestrel Foods,2026-03-03,2026-05-02,60,8040.74,2026-05-01,Paid
INV-20262,Iris Foods,2025-12-03,2026-01-17,45,6736.67,2026-02-07,Paid
INV-20263,Linden Retail,2025-05-09,2025-05-24,15,17735.1,2025-05-25,Paid
INV-20264,Gable Supply,2025-09-07,2025-09-22,15,4812.7,2025-10-12,Paid
INV-20265,Linden Foods,2024-10-05,2024-12-04,60,24704.99,2024-12-02,Paid
INV-20266,Gable Motors,2026-02-25,2026-04-11,45,10074.83,2026-04-16,Paid
INV-20267,Kestrel Medical,2026-03-30,2026-04-29,30,13435.04,2026-05-02,Paid
INV-20268,Borealis Motors,2025-10-01,2025-11-15,45,6110.67,2025-11-28,Paid
INV-20269,Iris Retail,2024-03-21,2024-05-05,45,20093.46,2024-05-22,Paid
INV-20270,Gable Supply,2024-06-19,2024-07-04,15,8830.09,2024-07-07,Paid
INV-20271,Linden Retail,2025-03-21,2025-04-05,15,17175.4,2025-04-02,Paid
INV-20272,Forge Medical,2026-04-16,2026-05-16,30,12543.42,2026-05-11,Paid
INV-20273,Gable Supply,2026-02-17,2026-03-04,15,7498.23,2026-03-08,Paid
INV-20274,Atlas Supply,2025-10-22,2025-11-06,15,5456.15,2025-11-29,Paid
INV-20275,Jetty Retail,2025-12-26,2026-01-25,30,23395.2,2026-01-17,Paid
INV-20276,Dynamo Foods,2025-04-26,2025-05-26,30,3209.98,2025-06-02,Paid
INV-20277,Cascade Medical,2024-01-12,2024-02-11,30,70243.07,2024-02-11,Paid
INV-20278,Iris Motors,2025-02-24,2025-04-25,60,7031.27,2025-04-16,Paid
INV-20279,Linden Supply,2025-02-13,2025-02-28,15,12525.27,2025-03-08,Paid
INV-20280,Forge Motors,2025-04-22,2025-05-22,30,9130.75,2025-06-20,Paid
INV-20281,Horizon Motors,2025-12-06,2026-01-05,30,11833.78,2026-01-19,Paid
INV-20282,Atlas Retail,2025-06-21,2025-08-20,60,51207.57,,Open
INV-20283,Gable Retail,2026-09-26,2026-11-25,60,12160.28,,Open
INV-20284,Horizon Foods,2026-09-08,2026-10-08,30,15600.13,,Open
INV-20285,Forge Retail,2024-10-28,2024-11-12,15,9346.95,2024-11-24,Paid
INV-20286,Dynamo Supply,2026-02-01,2026-03-03,30,55725.41,2026-03-11,Paid
INV-20287,Dynamo Medical,2025-07-07,2025-08-21,45,18492.71,2025-08-27,Paid
INV-20288,Borealis Retail,2026-01-18,2026-02-17,30,12243.88,2026-03-07,Paid
INV-20289,Horizon Foods,2024-09-06,2024-10-06,30,4558.89,2024-10-22,Paid
INV-20290,Jetty Retail,2026-09-21,2026-10-21,30,6671.53,,Open
INV-20291,Echo Medical,2026-01-07,2026-02-06,30,24684.27,2026-03-06,Paid
INV-20292,Atlas Foods,2025-07-29,2025-08-28,30,5967.31,2025-09-15,Paid
INV-20293,Atlas Retail,2026-09-17,2026-11-16,60,7094.07,,Open
INV-20294,Linden Foods,2024-06-05,2024-08-04,60,8332.13,2024-08-14,Paid
INV-20295,Linden Medical,2024-05-17,2024-06-16,30,9789.74,2024-06-16,Paid
INV-20296,Forge Foods,2025-12-19,2026-01-18,30,5207.34,2026-01-30,Paid
INV-20297,Linden Motors,2024-04-20,2024-06-19,60,4092.95,2024-06-23,Paid
INV-20298,Echo Supply,2026-05-01,2026-05-16,15,18778.68,2026-05-10,Paid
INV-20299,Forge Medical,2024-11-30,2024-12-30,30,19874.4,2024-12-28,Paid
INV-20300,Kestrel Supply,2024-06-16,2024-07-31,45,31955.81,2024-07-29,Paid
INV-20301,Linden Motors,2024-10-16,2024-12-15,60,36283.53,2024-12-15,Paid
INV-20302,Dynamo Medical,2025-07-12,2025-08-26,45,8903.52,2025-09-10,Paid
INV-20303,Gable Medical,2025-03-29,2025-05-28,60,55841.21,2025-05-29,Paid
INV-20304,Cascade Foods,2024-03-28,2024-04-12,15,16902.64,2024-04-22,Paid
INV-20305,Atlas Motors,2025-04-20,2025-06-19,60,88446.3,2025-06-22,Paid
INV-20306,Kestrel Motors,2026-05-07,2026-06-06,30,11557.29,2026-06-22,Paid
INV-20307,Dynamo Foods,2025-10-23,2025-11-22,30,4151.72,2025-12-08,Paid
INV-20308,Cascade Foods,2024-05-24,2024-06-08,15,18194.07,2024-06-22,Paid
INV-20309,Horizon Foods,2025-07-15,2025-08-14,30,9634.41,2025-08-14,Paid
INV-20310,Dynamo Retail,2025-03-08,2025-04-07,30,11810.14,2025-04-22,Paid
INV-20311,Atlas Supply,2026-01-14,2026-01-29,15,8960.13,2026-03-01,Paid
INV-20312,Forge Motors,2026-01-14,2026-02-13,30,11060.13,2026-03-24,Paid
INV-20313,Forge Retail,2024-05-25,2024-06-09,15,10292.86,2024-06-15,Paid
INV-20314,Linden Retail,2025-07-02,2025-07-17,15,27026.44,2025-08-07,Paid
INV-20315,Cascade Medical,2024-05-08,2024-06-07,30,24220.04,2024-06-18,Paid
INV-20316,Kestrel Motors,2026-08-03,2026-09-02,30,38219.85,2026-09-15,Paid
INV-20317,Echo Foods,2026-04-17,2026-06-16,60,7940.17,2026-06-28,Paid
INV-20318,Dynamo Motors,2025-02-13,2025-02-28,15,28793.37,2025-03-15,Paid
INV-20319,Cascade Medical,2026-06-29,2026-07-29,30,23596.29,2026-08-05,Paid
INV-20320,Forge Retail,2024-03-21,2024-04-05,15,22999.07,2024-04-26,Paid
INV-20321,Linden Retail,2024-02-18,2024-03-04,15,30161.42,2024-03-13,Paid
INV-20322,Borealis Supply,2024-03-06,2024-03-21,15,47700.94,2024-03-21,Paid
INV-20323,Kestrel Medical,2025-03-21,2025-04-20,30,9030.82,2025-04-30,Paid
INV-20324,Forge Supply,2025-03-07,2025-03-22,15,12093.63,2025-05-17,Paid
INV-20325,Horizon Retail,2025-02-23,2025-04-09,45,59967.32,2025-04-18,Paid
INV-20326,Horizon Supply,2025-04-22,2025-06-21,60,12528.01,2025-07-11,Paid
INV-20327,Horizon Retail,2026-07-19,2026-09-02,45,7637.77,2026-09-19,Paid
INV-20328,Borealis Medical,2024-12-04,2025-01-03,30,18968.66,2025-01-07,Paid
INV-20329,Jetty Motors,2024-08-13,2024-09-12,30,7776.66,2024-10-14,Paid
INV-20330,Cascade Motors,2024-09-21,2024-10-21,30,14202.95,2024-10-13,Paid
INV-20331,Borealis Foods,2024-04-14,2024-04-29,15,3357.69,2024-04-28,Paid
INV-20332,Cascade Supply,2025-03-05,2025-04-19,45,27086.13,2025-05-08,Paid
INV-20333,Gable Foods,2025-06-28,2025-08-27,60,1680.35,2025-09-08,Paid
INV-20334,Dynamo Retail,2024-12-27,2025-01-26,30,9232.55,2025-02-11,Paid
INV-20335,Linden Supply,2024-09-06,2024-09-21,15,9094.27,2024-10-06,Paid
INV-20336,Iris Retail,2026-03-14,2026-04-28,45,7886.36,2026-04-23,Paid
INV-20337,Gable Medical,2026-06-25,2026-08-24,60,18194.8,2026-09-02,Paid
INV-20338,Dynamo Retail,2024-06-17,2024-07-17,30,41499.69,2024-07-24,Paid
INV-20339,Borealis Retail,2026-03-20,2026-04-19,30,6744.16,2026-05-05,Paid
INV-20340,Iris Motors,2026-09-29,2026-11-28,60,18332.59,,Open
INV-20341,Dynamo Foods,2025-02-04,2025-03-06,30,22655.82,2025-03-20,Paid
INV-20342,Gable Supply,2026-06-17,2026-07-02,15,6250.87,2026-07-07,Paid
INV-20343,Echo Retail,2026-05-10,2026-06-09,30,22227.2,2026-06-30,Paid
INV-20344,Jetty Foods,2025-07-14,2025-08-28,45,10944.11,2025-09-02,Paid
INV-20345,Dynamo Foods,2026-06-23,2026-07-23,30,20344.7,2026-07-13,Paid
INV-20346,Echo Medical,2025-11-01,2025-12-01,30,5441.27,2025-12-17,Paid
INV-20347,Iris Foods,2024-12-30,2025-02-13,45,36488.17,2025-02-28,Paid
INV-20348,Kestrel Medical,2025-05-02,2025-06-01,30,6311.64,2025-06-25,Paid
INV-20349,Forge Medical,2024-07-03,2024-08-02,30,2643.18,2024-08-12,Paid
INV-20350,Jetty Medical,2024-03-09,2024-03-24,15,49407.35,2024-03-24,Paid
INV-20351,Kestrel Medical,2024-04-22,2024-05-22,30,32105.23,2024-06-20,Paid
INV-20352,Horizon Retail,2025-01-27,2025-03-13,45,8807.71,2025-03-10,Paid
INV-20353,Dynamo Retail,2025-01-23,2025-02-22,30,5572.2,2025-02-14,Paid
INV-20354,Atlas Supply,2024-10-14,2024-10-29,15,18796.01,2024-12-04,Paid
INV-20355,Iris Retail,2024-09-08,2024-10-23,45,29100.55,2024-10-31,Paid
INV-20356,Atlas Supply,2026-08-23,2026-09-07,15,9259.38,,Open
INV-20357,Forge Retail,2026-09-12,2026-09-27,15,13664.83,,Open
INV-20358,Atlas Medical,2025-03-25,2025-04-24,30,7627.29,2025-04-22,Paid
INV-20359,Dynamo Supply,2025-10-16,2025-11-15,30,8836.31,2025-11-10,Paid
INV-20360,Cascade Medical,2025-03-26,2025-04-25,30,21023.22,2025-05-07,Paid
INV-20361,Horizon Retail,2025-08-15,2025-09-29,45,7839.71,2025-10-14,Paid
INV-20362,Iris Foods,2024-07-02,2024-08-16,45,19353.62,2024-08-23,Paid
INV-20363,Forge Supply,2025-04-09,2025-04-24,15,7959.19,2025-06-18,Paid
INV-20364,Forge Foods,2026-02-09,2026-03-11,30,10106.27,2026-03-04,Paid
INV-20365,Dynamo Supply,2026-08-30,2026-09-29,30,34656.99,,Open
INV-20366,Forge Foods,2025-05-21,2025-06-20,30,10187.29,2025-06-22,Paid
INV-20367,Borealis Foods,2026-02-24,2026-03-11,15,5309.07,,Open
INV-20368,Horizon Retail,2026-07-08,2026-08-22,45,8337.63,2026-09-07,Paid
INV-20369,Iris Medical,2024-03-23,2024-04-22,30,37885.77,2024-04-25,Paid
INV-20370,Echo Foods,2024-06-07,2024-08-06,60,162556.22,2024-08-13,Paid
INV-20371,Jetty Retail,2026-09-29,2026-10-29,30,28882.97,,Open
INV-20372,Horizon Supply,2026-09-11,2026-11-10,60,7603.25,,Open
INV-20373,Gable Supply,2025-03-10,2025-03-25,15,15906.23,2025-03-25,Paid
INV-20374,Gable Motors,2024-05-25,2024-07-09,45,47417.24,2024-07-11,Paid
INV-20375,Dynamo Medical,2026-04-25,2026-06-09,45,11219.49,2026-06-18,Paid
INV-20376,Borealis Retail,2025-10-11,2025-11-10,30,5163.91,2025-12-14,Paid
INV-20377,Atlas Foods,2025-09-26,2025-10-26,30,15522.89,2025-11-14,Paid
INV-20378,Jetty Retail,2025-07-10,2025-08-09,30,37568.39,2025-08-09,Paid
INV-20379,Atlas Retail,2026-08-25,2026-10-24,60,25968.26,,Open
INV-20380,Horizon Medical,2025-08-07,2025-09-21,45,11445.32,2025-09-24,Paid
INV-20381,Cascade Motors,2024-09-10,2024-10-10,30,11622.04,2024-10-24,Paid
INV-20382,Gable Retail,2025-01-06,2025-03-07,60,13676.39,2025-03-30,Paid
INV-20383,Atlas Medical,2025-01-04,2025-02-03,30,35853.74,2025-01-23,Paid
INV-20384,Gable Foods,2025-07-16,2025-09-14,60,5013.32,2025-09-24,Paid
INV-20385,Dynamo Foods,2025-09-26,2025-10-26,30,21812.86,2025-10-25,Paid
INV-20386,Iris Retail,2024-02-27,2024-04-12,45,17441.81,2024-04-19,Paid
INV-20387,Kestrel Medical,2025-01-17,2025-02-16,30,46100.41,2025-03-05,Paid
INV-20388,Forge Medical,2025-11-15,2025-12-15,30,11472.84,2025-12-22,Paid
INV-20389,Dynamo Medical,2025-05-09,2025-06-23,45,18785.0,2025-07-01,Paid
INV-20390,Forge Retail,2026-02-10,2026-02-25,15,3275.17,2026-03-20,Paid
INV-20391,Dynamo Supply,2025-09-28,2025-10-28,30,9396.28,2025-10-17,Paid
INV-20392,Cascade Supply,2026-03-17,2026-05-01,45,127873.88,2026-05-14,Paid
INV-20393,Atlas Retail,2025-02-17,2025-04-18,60,19314.66,2025-04-30,Paid
INV-20394,Dynamo Foods,2024-12-12,2025-01-11,30,2955.93,2025-01-30,Paid
INV-20395,Linden Foods,2024-08-02,2024-10-01,60,16867.81,2024-10-09,Paid
INV-20396,Atlas Medical,2024-10-20,2024-11-19,30,13370.45,2024-11-14,Paid
INV-20397,Cascade Foods,2024-06-11,2024-06-26,15,5649.77,2024-07-07,Paid
INV-20398,Echo Supply,2026-01-04,2026-01-19,15,54521.75,2026-02-06,Paid
INV-20399,Atlas Motors,2025-12-31,2026-03-01,60,17422.95,2026-03-10,Paid
INV-20400,Echo Motors,2025-08-08,2025-08-23,15,26458.07,2025-08-22,Paid
INV-20401,Atlas Motors,2025-12-16,2026-02-14,60,3117.77,2026-02-23,Paid
INV-20402,Forge Foods,2025-09-20,2025-10-20,30,5308.54,2025-10-22,Paid
INV-20403,Kestrel Supply,2026-04-28,2026-06-12,45,52603.57,2026-07-01,Paid
INV-20404,Jetty Medical,2026-07-23,2026-08-07,15,10458.98,2026-08-15,Paid
INV-20405,Jetty Medical,2025-08-18,2025-09-02,15,10319.3,2025-09-11,Paid
INV-20406,Horizon Motors,2024-12-10,2025-01-09,30,19796.87,2025-01-19,Paid
INV-20407,Horizon Motors,2024-09-14,2024-10-14,30,26032.19,2024-10-17,Paid
INV-20408,Cascade Supply,2024-05-02,2024-06-16,45,28979.44,2024-06-21,Paid
INV-20409,Atlas Supply,2025-12-07,2025-12-22,15,17889.4,2026-01-24,Paid
INV-20410,Gable Motors,2026-01-02,2026-02-16,45,12806.99,2026-02-13,Paid
INV-20411,Forge Motors,2025-09-20,2025-10-20,30,36221.94,2025-12-08,Paid
INV-20412,Atlas Motors,2024-10-20,2024-12-19,60,5989.91,2024-12-28,Paid
INV-20413,Linden Retail,2025-01-29,2025-02-13,15,17955.69,2025-02-10,Paid
INV-20414,Horizon Motors,2025-10-24,2025-11-23,30,25558.17,2025-11-25,Paid
INV-20415,Borealis Medical,2026-09-19,2026-10-19,30,24287.65,,Open
INV-20416,Gable Medical,2026-01-11,2026-03-12,60,3506.83,2026-03-16,Paid
INV-20417,Echo Supply,2026-02-20,2026-03-07,15,30183.18,2026-03-01,Paid
INV-20418,Dynamo Retail,2025-11-18,2025-12-18,30,13972.53,2025-12-18,Paid
INV-20419,Linden Foods,2025-08-15,2025-10-14,60,26751.55,2025-10-14,Paid
INV-20420,Linden Supply,2024-02-16,2024-03-02,15,11564.19,2024-03-02,Paid
INV-20421,Dynamo Motors,2026-05-08,2026-05-23,15,8094.23,2026-05-22,Paid
INV-20422,Echo Foods,2025-12-04,2026-02-02,60,19172.61,2026-02-16,Paid
INV-20423,Borealis Medical,2024-05-26,2024-06-25,30,22819.01,2024-06-25,Paid
INV-20424,Atlas Foods,2024-03-07,2024-04-06,30,13927.25,2024-04-15,Paid
INV-20425,Atlas Supply,2026-09-17,2026-10-02,15,20985.87,,Open
INV-20426,Dynamo Motors,2024-07-19,2024-08-03,15,80596.52,2024-08-13,Paid
INV-20427,Forge Medical,2026-08-18,2026-09-17,30,76623.75,2026-09-26,Paid
INV-20428,Cascade Foods,2026-07-22,2026-08-06,15,24765.74,2026-08-30,Paid
INV-20429,Borealis Supply,2024-06-10,2024-06-25,15,7616.98,2024-06-30,Paid
INV-20430,Dynamo Medical,2025-08-12,2025-09-26,45,29370.44,2025-09-22,Paid
INV-20431,Forge Foods,2026-09-25,2026-10-25,30,36871.58,,Open
INV-20432,Forge Foods,2025-08-21,2025-09-20,30,12180.77,2025-09-21,Paid
INV-20433,Borealis Motors,2026-04-28,2026-06-12,45,30027.88,2026-05-27,Paid
INV-20434,Kestrel Supply,2026-05-27,2026-07-11,45,14321.29,2026-06-29,Paid
INV-20435,Cascade Foods,2026-09-26,2026-10-11,15,10728.4,,Open
INV-20436,Atlas Motors,2026-01-16,2026-03-17,60,4623.57,2026-03-25,Paid
INV-20437,Atlas Motors,2024-03-12,2024-05-11,60,6869.3,2024-05-25,Paid
INV-20438,Horizon Supply,2024-11-12,2025-01-11,60,7813.87,2024-12-29,Paid
INV-20439,Borealis Foods,2026-09-05,2026-09-20,15,17813.64,2026-09-07,Paid
INV-20440,Cascade Medical,2026-07-09,2026-08-08,30,24501.2,2026-08-22,Paid
INV-20441,Jetty Supply,2025-04-30,2025-06-14,45,8263.34,2025-06-09,Paid
INV-20442,Iris Retail,2025-06-10,2025-07-25,45,13868.03,2025-08-01,Paid
INV-20443,Dynamo Foods,2025-04-27,2025-05-27,30,11186.1,2025-06-23,Paid
INV-20444,Cascade Foods,2025-05-15,2025-05-30,15,14254.24,2025-06-18,Paid
INV-20445,Borealis Retail,2024-06-28,2024-07-28,30,30835.94,2024-08-27,Paid
INV-20446,Gable Foods,2026-03-02,2026-05-01,60,25653.02,2026-04-19,Paid
INV-20447,Horizon Retail,2026-08-03,2026-09-17,45,12570.92,2026-09-09,Paid
INV-20448,Borealis Retail,2026-07-22,2026-08-21,30,7315.58,2026-09-11,Paid
INV-20449,Linden Motors,2024-09-18,2024-11-17,60,13023.08,2024-11-09,Paid
INV-20450,Atlas Supply,2024-06-13,2024-06-28,15,5166.93,2024-07-29,Paid
INV-20451,Echo Retail,2024-05-26,2024-06-25,30,20044.34,2024-07-16,Paid
INV-20452,Echo Motors,2026-02-02,2026-02-17,15,70414.23,2026-02-12,Paid
INV-20453,Kestrel Foods,2024-12-03,2025-02-01,60,18590.78,2025-01-23,Paid
INV-20454,Iris Supply,2026-06-04,2026-06-19,15,18997.52,2026-06-20,Paid
INV-20455,Echo Supply,2024-05-19,2024-06-03,15,24408.58,2024-05-26,Paid
INV-20456,Dynamo Supply,2024-01-15,2024-02-14,30,17761.44,2024-02-11,Paid
INV-20457,Horizon Retail,2026-03-31,2026-05-15,45,21727.75,2026-05-19,Paid
INV-20458,Borealis Motors,2024-11-29,2025-01-13,45,7826.78,2025-01-07,Paid
INV-20459,Iris Retail,2024-10-11,2024-11-25,45,66292.82,2024-12-02,Paid
INV-20460,Jetty Motors,2026-07-04,2026-08-03,30,23886.7,2026-08-26,Paid
INV-20461,Atlas Retail,2025-09-12,2025-11-11,60,5445.86,2025-11-08,Paid
INV-20462,Iris Motors,2025-01-30,2025-03-31,60,4946.52,2025-04-14,Paid
INV-20463,Atlas Medical,2026-06-20,2026-07-20,30,29548.98,2026-07-10,Paid
INV-20464,Linden Retail,2025-09-26,2025-10-11,15,40785.91,2025-10-20,Paid
INV-20465,Jetty Retail,2025-01-19,2025-02-18,30,1636.32,2025-03-05,Paid
INV-20466,Horizon Retail,2024-06-25,2024-08-09,45,7367.76,2024-08-22,Paid
INV-20467,Dynamo Medical,2025-07-15,2025-08-29,45,6589.75,2025-08-23,Paid
INV-20468,Jetty Retail,2026-06-29,2026-07-29,30,12724.06,2026-07-26,Paid
INV-20469,Atlas Supply,2024-02-19,2024-03-05,15,8457.41,2024-03-31,Paid
INV-20470,Iris Motors,2025-02-26,2025-04-27,60,9333.44,2025-05-12,Paid
INV-20471,Forge Foods,2026-06-01,2026-07-01,30,3766.64,2026-06-16,Paid
INV-20472,Horizon Supply,2025-02-12,2025-04-13,60,5189.29,2025-05-03,Paid
INV-20473,Forge Foods,2026-05-30,2026-06-29,30,9667.38,2026-07-05,Paid
INV-20474,Dynamo Medical,2024-07-21,2024-09-04,45,5250.46,2024-09-05,Paid
INV-20475,Kestrel Supply,2024-08-20,2024-10-04,45,19804.15,2024-10-02,Paid
INV-20476,Horizon Retail,2025-09-03,2025-10-18,45,16393.2,2025-10-27,Paid
INV-20477,Dynamo Foods,2026-02-18,2026-03-20,30,16759.93,2026-04-15,Paid
INV-20478,Echo Retail,2026-05-18,2026-06-17,30,21999.59,2026-06-29,Paid
INV-20479,Echo Supply,2025-11-16,2025-12-01,15,7041.48,2025-12-01,Paid
INV-20480,Jetty Supply,2025-11-29,2026-01-13,45,8651.15,2026-02-11,Paid
INV-20481,Forge Motors,2024-03-11,2024-04-10,30,4449.34,2024-05-14,Paid
INV-20482,Kestrel Retail,2024-05-18,2024-06-17,30,3494.6,2024-06-27,Paid
INV-20483,Borealis Supply,2026-03-12,2026-03-27,15,19539.35,2026-04-05,Paid
INV-20484,Cascade Motors,2026-04-17,2026-05-17,30,11952.84,2026-05-15,Paid
INV-20485,Dynamo Supply,2025-03-02,2025-04-01,30,13739.66,2025-03-23,Paid
INV-20486,Borealis Foods,2024-09-02,2024-09-17,15,18856.68,2024-09-25,Paid
INV-20487,Iris Supply,2024-10-03,2024-10-18,15,10629.98,2024-11-03,Paid
INV-20488,Dynamo Retail,2024-09-15,2024-10-15,30,15244.55,2024-10-16,Paid
INV-20489,Horizon Motors,2026-07-04,2026-08-03,30,7852.17,2026-07-30,Paid
INV-20490,Gable Foods,2026-05-13,2026-07-12,60,29061.21,2026-07-31,Paid
INV-20491,Jetty Retail,2024-04-01,2024-05-01,30,23739.73,2024-05-03,Paid
INV-20492,Atlas Foods,2025-02-03,2025-03-05,30,59188.08,2025-04-11,Paid
INV-20493,Gable Foods,2026-09-07,2026-11-06,60,34386.62,,Open
INV-20494,Forge Motors,2025-03-27,2025-04-26,30,13949.64,2025-06-02,Paid
INV-20495,Linden Foods,2025-02-28,2025-04-29,60,10126.3,2025-05-06,Paid
INV-20496,Dynamo Retail,2026-05-14,2026-06-13,30,77583.73,2026-07-02,Paid
INV-20497,Kestrel Retail,2024-05-08,2024-06-07,30,11595.44,2024-06-26,Paid
INV-20498,Iris Retail,2024-12-05,2025-01-19,45,4825.06,2025-01-08,Paid
INV-20499,Atlas Motors,2025-07-04,2025-09-02,60,13908.22,2025-08-30,Paid
INV-20500,Gable Medical,2026-06-13,2026-08-12,60,5477.53,2026-08-11,Paid
INV-20501,Kestrel Supply,2026-06-29,2026-08-13,45,66622.37,2026-07-27,Paid
INV-20502,Dynamo Supply,2024-08-30,2024-09-29,30,8702.24,2024-10-02,Paid
INV-20503,Linden Foods,2024-05-23,2024-07-22,60,56490.94,2024-07-22,Paid
INV-20504,Jetty Supply,2026-04-11,2026-05-26,45,10647.93,2026-06-05,Paid
INV-20505,Kestrel Medical,2026-07-17,2026-08-16,30,21382.53,2026-08-21,Paid
INV-20506,Atlas Retail,2026-04-29,2026-06-28,60,8813.77,2026-06-30,Paid
INV-20507,Horizon Foods,2025-01-28,2025-02-27,30,19481.98,2025-02-21,Paid
INV-20508,Horizon Supply,2024-06-26,2024-08-25,60,29222.59,2024-09-03,Paid
INV-20509,Jetty Motors,2024-10-25,2024-11-24,30,5018.17,2024-12-13,Paid
INV-20510,Kestrel Supply,2026-06-21,2026-08-05,45,28402.92,2026-08-17,Paid
INV-20511,Echo Supply,2026-01-12,2026-01-27,15,34131.04,2026-02-02,Paid
INV-20512,Echo Motors,2026-04-06,2026-04-21,15,7824.21,,Open
INV-20513,Linden Retail,2024-08-13,2024-08-28,15,15378.76,2024-09-17,Paid
INV-20514,Borealis Medical,2026-05-24,2026-06-23,30,5168.69,2026-07-02,Paid
INV-20515,Cascade Motors,2026-07-04,2026-08-03,30,35600.1,2026-07-31,Paid
INV-20516,Kestrel Supply,2024-05-10,2024-06-24,45,24721.73,2024-06-24,Paid
INV-20517,Iris Motors,2024-10-27,2024-12-26,60,7742.17,2024-12-29,Paid
INV-20518,Echo Foods,2026-05-01,2026-06-30,60,8792.32,2026-06-30,Paid
INV-20519,Kestrel Supply,2024-06-22,2024-08-06,45,3910.93,2024-08-05,Paid
INV-20520,Gable Retail,2025-04-28,2025-06-27,60,8571.7,2025-07-19,Paid
INV-20521,Horizon Foods,2026-05-13,2026-06-12,30,23708.07,2026-06-20,Paid
INV-20522,Gable Retail,2024-02-07,2024-04-07,60,5884.41,2024-05-09,Paid
INV-20523,Linden Supply,2024-06-15,2024-06-30,15,11954.72,2024-07-21,Paid
INV-20524,Horizon Motors,2024-11-22,2024-12-22,30,18816.61,2024-12-16,Paid
INV-20525,Linden Supply,2024-03-22,2024-04-06,15,30984.09,2024-04-06,Paid
INV-20526,Horizon Foods,2024-04-18,2024-05-18,30,17048.73,2024-05-30,Paid
INV-20527,Linden Motors,2024-07-24,2024-09-22,60,10297.98,2024-09-22,Paid
INV-20528,Cascade Retail,2025-04-30,2025-05-30,30,18442.29,2025-05-22,Paid
INV-20529,Dynamo Medical,2024-07-09,2024-08-23,45,9352.3,2024-08-30,Paid
INV-20530,Forge Retail,2025-08-03,2025-08-18,15,21376.09,2025-09-02,Paid
INV-20531,Dynamo Retail,2025-12-12,2026-01-11,30,27386.06,2026-01-14,Paid
INV-20532,Atlas Retail,2026-09-10,2026-11-09,60,5967.14,,Open
INV-20533,Cascade Retail,2025-11-14,2025-12-14,30,4038.28,2025-12-15,Paid
INV-20534,Gable Foods,2024-03-18,2024-05-17,60,14643.2,2024-05-12,Paid
INV-20535,Atlas Motors,2025-02-17,2025-04-18,60,18341.59,2025-05-05,Paid
INV-20536,Linden Medical,2024-02-03,2024-03-04,30,26751.92,2024-03-06,Paid
INV-20537,Echo Medical,2025-12-21,2026-01-20,30,17179.94,2026-01-29,Paid
INV-20538,Jetty Motors,2026-07-05,2026-08-04,30,11840.62,2026-07-23,Paid
INV-20539,Gable Retail,2024-08-03,2024-10-02,60,3006.92,2024-10-27,Paid
INV-20540,Kestrel Supply,2025-12-18,2026-02-01,45,9343.47,,Open
INV-20541,Jetty Medical,2026-08-31,2026-09-15,15,33829.51,2026-09-07,Paid
INV-20542,Cascade Retail,2024-06-12,2024-07-12,30,21418.16,2024-08-03,Paid
INV-20543,Dynamo Supply,2024-11-02,2024-12-02,30,82837.84,2024-12-18,Paid
INV-20544,Echo Medical,2024-07-01,2024-07-31,30,10789.1,2024-08-24,Paid
INV-20545,Jetty Retail,2024-09-04,2024-10-04,30,60492.53,2024-10-14,Paid
INV-20546,Horizon Supply,2026-04-26,2026-06-25,60,42509.91,2026-07-11,Paid
INV-20547,Cascade Motors,2025-09-25,2025-10-25,30,32801.41,2025-11-07,Paid
INV-20548,Linden Medical,2024-10-08,2024-11-07,30,14295.75,2024-11-04,Paid
INV-20549,Atlas Retail,2026-09-20,2026-11-19,60,19433.62,,Open
INV-20550,Jetty Motors,2024-04-18,2024-05-18,30,73931.69,2024-05-28,Paid
INV-20551,Kestrel Foods,2024-05-15,2024-07-14,60,27168.22,2024-07-15,Paid
INV-20552,Kestrel Medical,2026-03-14,2026-04-13,30,66010.49,2026-04-25,Paid
INV-20553,Cascade Motors,2024-06-26,2024-07-26,30,17817.92,2024-07-28,Paid
INV-20554,Iris Medical,2024-11-05,2024-12-05,30,5188.56,2024-12-21,Paid
INV-20555,Echo Supply,2024-11-05,2024-11-20,15,14292.71,2024-12-05,Paid
INV-20556,Forge Motors,2025-03-19,2025-04-18,30,2763.72,2025-05-24,Paid
INV-20557,Gable Supply,2024-05-24,2024-06-08,15,29127.7,2024-06-20,Paid
INV-20558,Linden Medical,2025-04-04,2025-05-04,30,6793.5,2025-05-01,Paid
INV-20559,Iris Medical,2025-06-10,2025-07-10,30,31318.84,2025-07-06,Paid
INV-20560,Gable Motors,2024-12-09,2025-01-23,45,10925.89,2025-01-16,Paid
INV-20561,Borealis Motors,2025-03-30,2025-05-14,45,41605.1,2025-05-17,Paid
INV-20562,Linden Retail,2025-10-16,2025-10-31,15,5261.01,2025-10-31,Paid
INV-20563,Horizon Foods,2024-05-15,2024-06-14,30,23662.08,2024-06-19,Paid
INV-20564,Dynamo Foods,2026-04-06,2026-05-06,30,6180.83,2026-05-15,Paid
INV-20565,Echo Supply,2026-03-30,2026-04-14,15,64436.57,2026-04-26,Paid
INV-20566,Iris Motors,2026-07-11,2026-09-09,60,13432.54,,Open
INV-20567,Atlas Medical,2024-07-30,2024-08-29,30,8668.89,2024-09-19,Paid
INV-20568,Atlas Motors,2025-09-03,2025-11-02,60,44842.64,2025-11-15,Paid
INV-20569,Gable Supply,2024-12-07,2024-12-22,15,71464.21,2024-12-27,Paid
INV-20570,Linden Foods,2024-12-29,2025-02-27,60,13753.21,2025-03-08,Paid
INV-20571,Dynamo Supply,2024-11-12,2024-12-12,30,11527.14,2024-12-25,Paid
INV-20572,Gable Retail,2025-01-07,2025-03-08,60,5876.09,2025-04-15,Paid
INV-20573,Iris Supply,2025-05-25,2025-06-09,15,7785.43,2025-07-08,Paid
INV-20574,Horizon Supply,2025-06-09,2025-08-08,60,9586.68,2025-07-29,Paid
INV-20575,Atlas Foods,2024-09-03,2024-10-03,30,12786.33,2024-10-15,Paid
INV-20576,Echo Supply,2024-11-16,2024-12-01,15,26948.53,2024-12-14,Paid
INV-20577,Dynamo Supply,2025-01-05,2025-02-04,30,28929.02,2025-02-10,Paid
INV-20578,Echo Retail,2025-07-12,2025-08-11,30,29485.3,2025-09-09,Paid
INV-20579,Echo Medical,2024-10-15,2024-11-14,30,4889.23,2024-12-12,Paid
INV-20580,Forge Motors,2024-01-10,2024-02-09,30,30396.36,2024-03-13,Paid
INV-20581,Forge Supply,2026-06-20,2026-07-05,15,33405.69,2026-08-21,Paid
INV-20582,Forge Retail,2025-09-05,2025-09-20,15,11280.79,2025-09-26,Paid
INV-20583,Kestrel Medical,2024-02-15,2024-03-16,30,8712.72,2024-04-07,Paid
INV-20584,Gable Foods,2024-02-08,2024-04-08,60,15545.38,2024-04-06,Paid
INV-20585,Iris Foods,2026-02-19,2026-04-05,45,18403.18,2026-05-14,Paid
INV-20586,Cascade Medical,2024-04-03,2024-05-03,30,2847.59,2024-05-08,Paid
INV-20587,Iris Retail,2025-12-27,2026-02-10,45,19544.53,2026-02-07,Paid
INV-20588,Horizon Foods,2024-10-10,2024-11-09,30,17751.58,2024-11-05,Paid
INV-20589,Gable Retail,2025-04-14,2025-06-13,60,8069.78,2025-07-19,Paid
INV-20590,Horizon Motors,2025-05-15,2025-06-14,30,8480.74,2025-06-16,Paid
INV-20591,Kestrel Supply,2024-12-17,2025-01-31,45,12055.56,2025-01-30,Paid
INV-20592,Echo Motors,2026-06-28,2026-07-13,15,8225.83,2026-07-20,Paid
INV-20593,Cascade Supply,2026-09-01,2026-10-16,45,13934.52,,Open
INV-20594,Linden Supply,2025-07-14,2025-07-29,15,6949.48,2025-08-04,Paid
INV-20595,Gable Foods,2025-06-01,2025-07-31,60,22669.12,2025-08-04,Paid
INV-20596,Atlas Medical,2025-06-28,2025-07-28,30,14303.4,2025-08-07,Paid
INV-20597,Dynamo Medical,2025-07-28,2025-09-11,45,17071.5,2025-09-13,Paid
INV-20598,Horizon Motors,2025-12-30,2026-01-29,30,57216.39,2026-01-17,Paid
INV-20599,Iris Motors,2024-05-25,2024-07-24,60,14454.58,2024-07-28,Paid
INV-20600,Cascade Motors,2024-11-13,2024-12-13,30,30554.35,2024-12-16,Paid
INV-20601,Horizon Foods,2025-10-31,2025-11-30,30,10968.51,2025-11-18,Paid
INV-20602,Gable Motors,2025-12-18,2026-02-01,45,25487.73,2026-01-20,Paid
INV-20603,Jetty Foods,2026-08-12,2026-09-26,45,46067.1,2026-09-26,Paid
INV-20604,Horizon Motors,2026-07-23,2026-08-22,30,3779.58,2026-08-26,Paid
INV-20605,Iris Motors,2025-02-03,2025-04-04,60,21944.67,2025-04-09,Paid
INV-20606,Kestrel Motors,2024-09-27,2024-10-27,30,13616.08,2024-11-05,Paid
INV-20607,Horizon Motors,2024-10-23,2024-11-22,30,74925.44,2024-11-25,Paid
INV-20608,Linden Motors,2026-09-27,2026-11-26,60,16326.28,,Open
INV-20609,Gable Supply,2025-02-14,2025-03-01,15,10525.76,2025-03-10,Paid
INV-20610,Kestrel Retail,2026-09-21,2026-10-21,30,13452.81,,Open
INV-20611,Linden Foods,2025-06-06,2025-08-05,60,24180.81,2025-08-01,Paid
INV-20612,Cascade Medical,2024-03-02,2024-04-01,30,8547.27,2024-04-11,Paid
INV-20613,Atlas Motors,2024-02-28,2024-04-28,60,8746.58,2024-05-03,Paid
INV-20614,Horizon Foods,2025-10-24,2025-11-23,30,16935.71,2025-11-15,Paid
INV-20615,Horizon Motors,2024-03-27,2024-04-26,30,44001.04,2024-04-26,Paid
INV-20616,Forge Medical,2025-05-23,2025-06-22,30,8637.35,2025-06-10,Paid
INV-20617,Dynamo Retail,2024-04-30,2024-05-30,30,44229.78,2024-06-13,Paid
INV-20618,Echo Medical,2025-05-02,2025-06-01,30,10990.44,2025-06-03,Paid
INV-20619,Dynamo Supply,2025-03-01,2025-03-31,30,13855.84,2025-04-04,Paid
INV-20620,Linden Medical,2026-06-28,2026-07-28,30,5179.79,2026-07-29,Paid
INV-20621,Kestrel Foods,2024-11-16,2025-01-15,60,7554.99,2025-01-18,Paid
INV-20622,Kestrel Supply,2024-01-15,2024-02-29,45,15408.24,2024-02-29,Paid
INV-20623,Linden Medical,2025-10-12,2025-11-11,30,20473.95,2025-11-17,Paid
INV-20624,Jetty Retail,2024-03-26,2024-04-25,30,29444.42,2024-04-26,Paid
INV-20625,Echo Motors,2025-07-12,2025-07-27,15,42919.42,2025-08-09,Paid
INV-20626,Borealis Motors,2026-09-19,2026-11-03,45,11878.08,,Open
INV-20627,Forge Medical,2024-09-15,2024-10-15,30,2939.45,,Open
INV-20628,Iris Motors,2026-02-21,2026-04-22,60,20310.88,2026-05-07,Paid
INV-20629,Forge Supply,2024-07-13,2024-07-28,15,16960.86,2024-09-25,Paid
INV-20630,Gable Foods,2024-04-29,2024-06-28,60,17405.11,2024-07-21,Paid
INV-20631,Kestrel Motors,2025-06-05,2025-07-05,30,4171.48,2025-07-12,Paid
INV-20632,Atlas Motors,2026-08-01,2026-09-30,60,8474.42,,Open
INV-20633,Horizon Retail,2024-04-09,2024-05-24,45,13464.64,2024-06-01,Paid
INV-20634,Echo Medical,2024-07-19,2024-08-18,30,21243.05,2024-08-29,Paid
INV-20635,Iris Medical,2025-08-04,2025-09-03,30,18967.56,2025-09-12,Paid
INV-20636,Gable Foods,2026-01-09,2026-03-10,60,55131.79,2026-03-17,Paid
INV-20637,Jetty Medical,2026-04-28,2026-05-13,15,7060.74,2026-05-23,Paid
INV-20638,Iris Supply,2025-04-19,2025-05-04,15,9117.16,2025-05-07,Paid
INV-20639,Dynamo Motors,2026-03-11,2026-03-26,15,27638.1,2026-04-01,Paid
INV-20640,Atlas Motors,2026-08-29,2026-10-28,60,10883.0,,Open
INV-20641,Kestrel Retail,2024-04-09,2024-05-09,30,23101.23,2024-05-08,Paid
INV-20642,Cascade Motors,2026-05-11,2026-06-10,30,12837.67,2026-06-21,Paid
INV-20643,Forge Medical,2024-07-08,2024-08-07,30,10105.98,2024-08-20,Paid
INV-20644,Echo Supply,2024-11-18,2024-12-03,15,62122.95,2024-12-13,Paid
INV-20645,Iris Foods,2026-08-06,2026-09-20,45,12447.19,,Open
INV-20646,Jetty Supply,2025-05-10,2025-06-24,45,32815.07,2025-07-07,Paid
INV-20647,Iris Medical,2026-07-17,2026-08-16,30,6562.47,2026-09-02,Paid
INV-20648,Forge Foods,2025-07-15,2025-08-14,30,42049.15,2025-08-23,Paid
INV-20649,Dynamo Supply,2024-01-24,2024-02-23,30,13543.04,2024-02-18,Paid
INV-20650,Cascade Medical,2025-05-02,2025-06-01,30,43411.1,2025-06-15,Paid
INV-20651,Gable Motors,2026-06-29,2026-08-13,45,25009.69,2026-08-30,Paid
INV-20652,Cascade Motors,2026-06-22,2026-07-22,30,9401.43,2026-07-26,Paid
INV-20653,Gable Motors,2026-04-09,2026-05-24,45,29398.78,2026-06-05,Paid
INV-20654,Cascade Retail,2025-06-20,2025-07-20,30,12343.97,2025-07-05,Paid
INV-20655,Forge Medical,2025-04-20,2025-05-20,30,18868.44,2025-05-07,Paid
INV-20656,Echo Foods,2026-09-04,2026-11-03,60,30257.78,,Open
INV-20657,Iris Motors,2025-04-27,2025-06-26,60,40974.49,2025-06-08,Paid
INV-20658,Borealis Foods,2024-09-08,2024-09-23,15,5097.5,2024-09-19,Paid
INV-20659,Forge Foods,2026-07-27,2026-08-26,30,9921.09,2026-08-24,Paid
INV-20660,Gable Medical,2026-01-19,2026-03-20,60,4539.92,2026-03-22,Paid
INV-20661,Kestrel Foods,2026-02-17,2026-04-18,60,17408.94,2026-04-21,Paid
INV-20662,Gable Medical,2024-03-22,2024-05-21,60,6290.67,2024-06-03,Paid
INV-20663,Forge Motors,2026-08-23,2026-09-22,30,14217.46,,Open
INV-20664,Linden Retail,2025-01-13,2025-01-28,15,34099.87,2025-02-14,Paid
INV-20665,Cascade Retail,2024-03-03,2024-04-02,30,26122.89,2024-04-01,Paid
INV-20666,Iris Medical,2026-08-01,2026-08-31,30,22225.97,2026-09-13,Paid
INV-20667,Kestrel Medical,2025-10-31,2025-11-30,30,21219.61,2025-12-16,Paid
INV-20668,Dynamo Retail,2024-05-15,2024-06-14,30,51272.37,2024-06-30,Paid
INV-20669,Forge Foods,2024-09-24,2024-10-24,30,14980.18,2024-10-30,Paid
INV-20670,Iris Medical,2026-01-20,2026-02-19,30,19836.15,2026-02-24,Paid
INV-20671,Kestrel Motors,2024-05-20,2024-06-19,30,47335.19,,Open
INV-20672,Iris Medical,2024-10-03,2024-11-02,30,14075.41,2024-11-19,Paid
INV-20673,Borealis Motors,2026-08-03,2026-09-17,45,9660.16,2026-09-04,Paid
INV-20674,Kestrel Medical,2026-07-09,2026-08-08,30,67350.77,2026-08-14,Paid
INV-20675,Linden Medical,2026-07-06,2026-08-05,30,4379.15,2026-08-03,Paid
INV-20676,Kestrel Retail,2026-05-19,2026-06-18,30,44027.03,2026-07-12,Paid
INV-20677,Horizon Supply,2025-06-28,2025-08-27,60,15782.48,2025-08-26,Paid
INV-20678,Borealis Foods,2026-09-01,2026-09-16,15,11294.69,2026-09-01,Paid
INV-20679,Dynamo Retail,2025-10-25,2025-11-24,30,44771.08,2025-11-19,Paid
INV-20680,Echo Medical,2025-11-14,2025-12-14,30,8227.07,2026-01-08,Paid
INV-20681,Gable Supply,2026-08-01,2026-08-16,15,4809.86,2026-08-30,Paid
INV-20682,Kestrel Supply,2026-09-28,2026-11-12,45,49358.77,,Open
INV-20683,Gable Retail,2024-08-10,2024-10-09,60,9907.16,2024-11-07,Paid
INV-20684,Cascade Foods,2026-02-20,2026-03-07,15,23196.88,2026-03-20,Paid
INV-20685,Atlas Supply,2025-10-15,2025-10-30,15,12117.24,2025-12-01,Paid
INV-20686,Horizon Motors,2026-03-31,2026-04-30,30,29071.48,2026-05-02,Paid
INV-20687,Iris Supply,2026-01-23,2026-02-07,15,2782.44,2026-03-09,Paid
INV-20688,Forge Supply,2025-10-10,2025-10-25,15,8480.3,2026-01-03,Paid
INV-20689,Atlas Retail,2025-09-05,2025-11-04,60,8854.37,2025-11-11,Paid
INV-20690,Kestrel Motors,2025-08-22,2025-09-21,30,22951.14,2025-09-25,Paid
INV-20691,Borealis Supply,2024-07-14,2024-07-29,15,8659.32,2024-08-03,Paid
INV-20692,Gable Medical,2025-02-08,2025-04-09,60,30972.44,2025-04-10,Paid
INV-20693,Kestrel Retail,2025-05-01,2025-05-31,30,23241.07,2025-05-24,Paid
INV-20694,Jetty Foods,2024-03-19,2024-05-03,45,22375.14,2024-05-15,Paid
INV-20695,Linden Motors,2025-10-14,2025-12-13,60,34713.78,2026-01-09,Paid
INV-20696,Dynamo Medical,2026-06-14,2026-07-29,45,9554.82,2026-08-03,Paid
INV-20697,Kestrel Supply,2025-08-21,2025-10-05,45,31922.54,2025-10-06,Paid
INV-20698,Forge Retail,2025-12-07,2025-12-22,15,11198.68,2025-12-27,Paid
INV-20699,Borealis Foods,2024-02-13,2024-02-28,15,13860.57,2024-03-09,Paid
INV-20700,Borealis Foods,2026-05-09,2026-05-24,15,35110.98,2026-06-16,Paid
INV-20701,Gable Retail,2025-06-25,2025-08-24,60,6108.86,2025-09-19,Paid
INV-20702,Gable Retail,2025-04-18,2025-06-17,60,13692.5,2025-07-16,Paid
INV-20703,Kestrel Medical,2024-05-04,2024-06-03,30,15725.97,2024-06-22,Paid
INV-20704,Jetty Retail,2024-04-25,2024-05-25,30,12804.07,2024-06-01,Paid
INV-20705,Dynamo Medical,2026-03-19,2026-05-03,45,25826.05,2026-05-14,Paid
INV-20706,Iris Supply,2025-03-04,2025-03-19,15,52394.48,2025-03-29,Paid
INV-20707,Kestrel Foods,2026-07-26,2026-09-24,60,12571.22,2026-09-27,Paid
INV-20708,Gable Supply,2025-08-09,2025-08-24,15,27157.05,2025-09-09,Paid
INV-20709,Forge Supply,2025-05-21,2025-06-05,15,13701.83,2025-08-10,Paid
INV-20710,Gable Retail,2025-09-11,2025-11-10,60,10637.72,2025-11-30,Paid
INV-20711,Kestrel Foods,2026-06-05,2026-08-04,60,9690.34,2026-08-12,Paid
INV-20712,Borealis Retail,2024-03-14,2024-04-13,30,11021.78,2024-05-10,Paid
INV-20713,Jetty Motors,2025-12-14,2026-01-13,30,13403.69,2026-01-30,Paid
INV-20714,Borealis Retail,2026-02-16,2026-03-18,30,14413.96,2026-03-30,Paid
INV-20715,Iris Retail,2026-09-25,2026-11-09,45,8648.29,,Open
INV-20716,Forge Retail,2025-04-29,2025-05-14,15,3183.9,2025-05-22,Paid
INV-20717,Linden Motors,2024-06-02,2024-08-01,60,605.97,2024-08-04,Paid
INV-20718,Cascade Supply,2024-02-16,2024-04-01,45,12969.82,2024-04-12,Paid
INV-20719,Kestrel Retail,2025-02-16,2025-03-18,30,7208.81,2025-03-20,Paid
INV-20720,Horizon Supply,2024-01-09,2024-03-09,60,19964.07,2024-02-28,Paid
INV-20721,Cascade Medical,2025-11-11,2025-12-11,30,8514.76,2025-12-25,Paid
INV-20722,Borealis Motors,2025-12-05,2026-01-19,45,12279.77,2026-01-28,Paid
INV-20723,Jetty Foods,2024-11-30,2025-01-14,45,9722.38,2025-01-22,Paid
INV-20724,Borealis Supply,2024-02-27,2024-03-13,15,9792.59,2024-03-26,Paid
INV-20725,Forge Foods,2025-07-20,2025-08-19,30,40320.32,2025-09-01,Paid
INV-20726,Forge Foods,2026-09-03,2026-10-03,30,17198.03,,Open
INV-20727,Cascade Foods,2024-01-21,2024-02-05,15,22915.06,2024-03-07,Paid
INV-20728,Dynamo Foods,2024-12-30,2025-01-29,30,25175.25,2025-02-23,Paid
INV-20729,Linden Motors,2024-08-08,2024-10-07,60,13466.29,2024-10-07,Paid
INV-20730,Iris Retail,2024-08-20,2024-10-04,45,10726.93,2024-10-23,Paid
INV-20731,Jetty Retail,2024-02-17,2024-03-18,30,12046.41,2024-03-27,Paid
INV-20732,Kestrel Retail,2025-07-24,2025-08-23,30,90696.15,2025-09-01,Paid
INV-20733,Cascade Motors,2025-08-11,2025-09-10,30,4285.34,2025-09-13,Paid
INV-20734,Forge Retail,2025-12-14,2025-12-29,15,65532.67,2026-01-06,Paid
INV-20735,Dynamo Motors,2025-11-21,2025-12-06,15,9440.6,2026-01-02,Paid
INV-20736,Dynamo Supply,2026-01-10,2026-02-09,30,8240.66,2026-02-23,Paid
INV-20737,Echo Supply,2025-09-22,2025-10-07,15,7701.09,2025-10-03,Paid
INV-20738,Linden Motors,2024-05-20,2024-07-19,60,7687.95,2024-07-19,Paid
INV-20739,Horizon Supply,2024-04-08,2024-06-07,60,12641.25,2024-06-18,Paid
INV-20740,Cascade Medical,2025-06-08,2025-07-08,30,17017.77,2025-07-31,Paid
INV-20741,Gable Supply,2026-05-19,2026-06-03,15,40456.34,2026-06-12,Paid
INV-20742,Forge Medical,2024-04-17,2024-05-17,30,4424.44,2024-05-23,Paid
INV-20743,Forge Motors,2024-04-25,2024-05-25,30,11944.97,,Open
INV-20744,Borealis Foods,2024-04-02,2024-04-17,15,65025.66,2024-04-01,Paid
INV-20745,Cascade Foods,2024-09-17,2024-10-02,15,8288.45,2024-10-29,Paid
INV-20746,Cascade Retail,2024-11-20,2024-12-20,30,9963.6,2025-01-03,Paid
INV-20747,Borealis Supply,2026-04-03,2026-04-18,15,16705.84,2026-05-13,Paid
INV-20748,Forge Foods,2024-02-18,2024-03-19,30,17243.84,2024-03-20,Paid
INV-20749,Echo Motors,2025-03-21,2025-04-05,15,7062.84,2025-04-08,Paid
INV-20750,Forge Foods,2026-06-28,2026-07-28,30,7055.15,2026-07-22,Paid
INV-20751,Cascade Motors,2024-11-19,2024-12-19,30,11753.54,2024-12-19,Paid
INV-20752,Dynamo Foods,2026-02-06,2026-03-08,30,9494.21,2026-03-30,Paid
INV-20753,Echo Supply,2025-11-03,2025-11-18,15,11818.02,2025-12-01,Paid
INV-20754,Cascade Retail,2025-10-21,2025-11-20,30,56864.61,2025-11-25,Paid
INV-20755,Kestrel Supply,2026-09-27,2026-11-11,45,25458.3,,Open
INV-20756,Kestrel Foods,2025-04-26,2025-06-25,60,6005.27,2025-06-28,Paid
INV-20757,Cascade Retail,2026-09-13,2026-10-13,30,8926.39,,Open
INV-20758,Echo Medical,2024-07-05,2024-08-04,30,34602.21,2024-08-10,Paid
INV-20759,Borealis Supply,2024-05-15,2024-05-30,15,3218.12,2024-06-14,Paid
INV-20760,Iris Supply,2024-11-05,2024-11-20,15,15001.73,2024-12-05,Paid
INV-20761,Echo Retail,2026-02-12,2026-03-14,30,45902.36,2026-04-07,Paid
INV-20762,Borealis Supply,2024-05-22,2024-06-06,15,36585.75,2024-06-17,Paid
INV-20763,Forge Medical,2025-08-13,2025-09-12,30,16334.05,2025-09-22,Paid
INV-20764,Atlas Motors,2026-07-27,2026-09-25,60,41799.17,2026-09-26,Paid
INV-20765,Iris Retail,2026-05-06,2026-06-20,45,22020.85,2026-06-20,Paid
INV-20766,Kestrel Motors,2026-04-15,2026-05-15,30,4299.85,2026-05-03,Paid
INV-20767,Iris Retail,2024-10-02,2024-11-16,45,18245.58,2024-12-05,Paid
INV-20768,Gable Retail,2025-03-15,2025-05-14,60,12226.7,2025-06-03,Paid
INV-20769,Kestrel Retail,2024-10-05,2024-11-04,30,5530.52,2024-11-13,Paid
INV-20770,Horizon Supply,2025-12-09,2026-02-07,60,4514.38,2026-02-15,Paid
INV-20771,Gable Supply,2024-12-05,2024-12-20,15,29845.8,2024-12-13,Paid
INV-20772,Dynamo Foods,2025-12-19,2026-01-18,30,27734.26,2026-01-13,Paid
INV-20773,Linden Foods,2025-06-28,2025-08-27,60,3933.68,2025-08-23,Paid
INV-20774,Iris Retail,2024-01-10,2024-02-24,45,5127.7,2024-02-24,Paid
INV-20775,Echo Supply,2024-09-30,2024-10-15,15,8144.91,2024-10-17,Paid
INV-20776,Jetty Medical,2024-09-17,2024-10-02,15,16559.97,2024-10-28,Paid
INV-20777,Gable Medical,2024-10-09,2024-12-08,60,5028.14,2024-12-13,Paid
INV-20778,Borealis Medical,2026-02-24,2026-03-26,30,6410.23,2026-04-19,Paid
INV-20779,Cascade Retail,2024-07-05,2024-08-04,30,17362.93,2024-08-23,Paid
INV-20780,Horizon Motors,2026-01-24,2026-02-23,30,14885.25,2026-03-07,Paid
INV-20781,Horizon Retail,2024-05-18,2024-07-02,45,15542.66,2024-08-01,Paid
INV-20782,Kestrel Foods,2024-08-28,2024-10-27,60,15609.79,2024-11-07,Paid
INV-20783,Atlas Motors,2024-09-03,2024-11-02,60,25794.95,2024-11-10,Paid
INV-20784,Kestrel Foods,2024-02-01,2024-04-01,60,2361.99,2024-03-18,Paid
INV-20785,Borealis Medical,2025-07-04,2025-08-03,30,19784.6,2025-08-14,Paid
INV-20786,Echo Supply,2026-03-11,2026-03-26,15,22293.1,2026-04-02,Paid
INV-20787,Cascade Retail,2024-12-14,2025-01-13,30,34563.66,2025-01-24,Paid
INV-20788,Cascade Foods,2025-08-05,2025-08-20,15,47529.49,2025-09-16,Paid
INV-20789,Kestrel Foods,2026-08-10,2026-10-09,60,6935.21,,Open
INV-20790,Atlas Medical,2024-11-18,2024-12-18,30,46984.94,2025-01-04,Paid
INV-20791,Dynamo Foods,2025-12-26,2026-01-25,30,29630.96,2026-02-16,Paid
INV-20792,Kestrel Retail,2026-07-30,2026-08-29,30,45057.42,2026-09-06,Paid
INV-20793,Atlas Medical,2026-08-21,2026-09-20,30,7450.86,2026-09-23,Paid
INV-20794,Borealis Supply,2025-11-08,2025-11-23,15,60208.25,2025-12-09,Paid
INV-20795,Iris Supply,2025-05-16,2025-05-31,15,5982.89,2025-06-29,Paid
INV-20796,Linden Medical,2024-03-13,2024-04-12,30,14041.66,2024-04-18,Paid
INV-20797,Cascade Foods,2025-10-18,2025-11-02,15,25573.51,2025-11-20,Paid
INV-20798,Echo Retail,2025-11-12,2025-12-12,30,19416.87,2026-01-02,Paid
INV-20799,Echo Motors,2026-05-18,2026-06-02,15,8434.49,2026-05-30,Paid
INV-20800,Iris Motors,2025-07-24,2025-09-22,60,18944.3,2025-10-01,Paid
INV-20801,Forge Supply,2026-02-19,2026-03-06,15,23632.6,2026-04-24,Paid
INV-20802,Echo Motors,2025-01-12,2025-01-27,15,26363.73,2025-02-07,Paid
INV-20803,Jetty Retail,2025-02-24,2025-03-26,30,11529.24,2025-04-09,Paid
INV-20804,Cascade Foods,2026-02-21,2026-03-08,15,19147.57,2026-03-20,Paid
INV-20805,Horizon Retail,2025-05-25,2025-07-09,45,3922.09,2025-07-14,Paid
INV-20806,Horizon Retail,2024-12-05,2025-01-19,45,2182.24,2025-01-24,Paid
INV-20807,Jetty Supply,2025-07-19,2025-09-02,45,13364.68,2025-09-08,Paid
INV-20808,Jetty Motors,2024-01-21,2024-02-20,30,22486.38,2024-02-20,Paid
INV-20809,Jetty Foods,2025-10-03,2025-11-17,45,15913.28,2025-11-18,Paid
INV-20810,Forge Supply,2024-06-29,2024-07-14,15,7356.88,2024-09-20,Paid
INV-20811,Borealis Motors,2026-01-14,2026-02-28,45,10086.71,2026-02-25,Paid
INV-20812,Jetty Retail,2024-03-18,2024-04-17,30,10541.55,2024-04-20,Paid
INV-20813,Gable Foods,2024-01-27,2024-03-27,60,23145.1,2024-04-02,Paid
INV-20814,Linden Foods,2025-04-20,2025-06-19,60,16633.44,2025-06-17,Paid
INV-20815,Borealis Motors,2026-01-02,2026-02-16,45,2475.83,2026-02-14,Paid
INV-20816,Kestrel Supply,2024-04-07,2024-05-22,45,10063.85,2024-05-22,Paid
INV-20817,Borealis Foods,2026-01-31,2026-02-15,15,37478.05,2026-02-22,Paid
INV-20818,Jetty Motors,2024-01-22,2024-02-21,30,22537.11,2024-02-29,Paid
INV-20819,Forge Motors,2025-08-25,2025-09-24,30,66114.92,2025-10-09,Paid
INV-20820,Kestrel Retail,2025-01-01,2025-01-31,30,75920.63,2025-02-22,Paid
INV-20821,Iris Retail,2024-03-02,2024-04-16,45,8863.94,2024-05-03,Paid
INV-20822,Kestrel Foods,2026-02-16,2026-04-17,60,26768.25,2026-04-30,Paid
INV-20823,Borealis Foods,2025-03-27,2025-04-11,15,16686.45,2025-04-11,Paid
INV-20824,Jetty Foods,2026-05-28,2026-07-12,45,6306.71,2026-07-18,Paid
INV-20825,Dynamo Supply,2026-01-25,2026-02-24,30,36219.62,2026-02-27,Paid
INV-20826,Linden Foods,2024-05-25,2024-07-24,60,13293.8,2024-07-22,Paid
INV-20827,Cascade Retail,2026-04-21,2026-05-21,30,12394.81,2026-05-18,Paid
INV-20828,Cascade Retail,2026-04-12,2026-05-12,30,4978.8,2026-05-08,Paid
INV-20829,Cascade Foods,2025-10-15,2025-10-30,15,18552.62,2025-11-09,Paid
INV-20830,Echo Medical,2024-11-05,2024-12-05,30,25194.27,2024-12-24,Paid
INV-20831,Atlas Foods,2026-05-03,2026-06-02,30,16101.27,2026-06-11,Paid
INV-20832,Borealis Motors,2025-04-05,2025-05-20,45,19960.15,2025-05-22,Paid
INV-20833,Linden Medical,2025-12-14,2026-01-13,30,12166.07,2026-01-09,Paid
INV-20834,Dynamo Supply,2024-06-14,2024-07-14,30,30626.46,2024-07-16,Paid
INV-20835,Echo Supply,2025-02-06,2025-02-21,15,18191.48,2025-02-21,Paid
INV-20836,Linden Medical,2025-07-30,2025-08-29,30,12009.11,2025-09-02,Paid
INV-20837,Cascade Retail,2024-11-05,2024-12-05,30,19871.88,2024-12-25,Paid
INV-20838,Borealis Motors,2026-06-28,2026-08-12,45,9522.49,2026-08-10,Paid
INV-20839,Dynamo Supply,2025-08-17,2025-09-16,30,49425.47,2025-10-10,Paid
INV-20840,Atlas Supply,2024-11-07,2024-11-22,15,31255.48,2024-12-08,Paid
INV-20841,Cascade Motors,2024-01-28,2024-02-27,30,34104.87,2024-03-04,Paid
INV-20842,Gable Foods,2024-10-23,2024-12-22,60,30001.98,2024-12-13,Paid
INV-20843,Horizon Motors,2025-02-13,2025-03-15,30,4622.83,2025-03-28,Paid
INV-20844,Gable Supply,2025-03-05,2025-03-20,15,25699.74,2025-04-09,Paid
INV-20845,Atlas Retail,2024-04-10,2024-06-09,60,16751.73,2024-06-19,Paid
INV-20846,Echo Medical,2026-02-10,2026-03-12,30,10447.64,2026-04-01,Paid
INV-20847,Echo Retail,2025-02-01,2025-03-03,30,28720.32,2025-03-19,Paid
INV-20848,Forge Supply,2026-05-13,2026-05-28,15,22192.38,2026-08-04,Paid
INV-20849,Atlas Foods,2025-03-18,2025-04-17,30,3369.94,2025-05-10,Paid
INV-20850,Jetty Supply,2026-07-28,2026-09-11,45,24656.52,2026-09-21,Paid
INV-20851,Horizon Retail,2026-06-06,2026-07-21,45,10233.4,2026-07-30,Paid
INV-20852,Forge Retail,2024-06-29,2024-07-14,15,36495.63,2024-07-17,Paid
INV-20853,Cascade Medical,2026-02-18,2026-03-20,30,11309.68,2026-04-04,Paid
INV-20854,Forge Medical,2026-07-28,2026-08-27,30,24850.27,2026-08-30,Paid
INV-20855,Atlas Supply,2024-02-13,2024-02-28,15,3823.21,2024-03-29,Paid
INV-20856,Borealis Medical,2026-09-19,2026-10-19,30,14309.61,,Open
INV-20857,Dynamo Motors,2025-10-10,2025-10-25,15,5332.36,2025-10-24,Paid
INV-20858,Echo Retail,2025-02-02,2025-03-04,30,16719.5,2025-03-25,Paid
INV-20859,Cascade Foods,2026-08-11,2026-08-26,15,7233.14,,Open
INV-20860,Borealis Retail,2025-02-03,2025-03-05,30,4872.8,,Open
INV-20861,Horizon Medical,2024-11-12,2024-12-27,45,30856.78,2025-01-13,Paid
INV-20862,Forge Medical,2026-04-20,2026-05-20,30,12787.71,2026-05-22,Paid
INV-20863,Gable Supply,2025-12-28,2026-01-12,15,15027.63,2026-01-25,Paid
INV-20864,Atlas Foods,2026-01-20,2026-02-19,30,10911.16,2026-02-28,Paid
INV-20865,Cascade Retail,2024-08-07,2024-09-06,30,21537.06,2024-09-09,Paid
INV-20866,Echo Motors,2025-09-15,2025-09-30,15,22478.41,2025-10-21,Paid
INV-20867,Cascade Foods,2025-03-29,2025-04-13,15,13922.94,2025-05-14,Paid
INV-20868,Gable Motors,2025-08-26,2025-10-10,45,12300.55,2025-10-27,Paid
INV-20869,Cascade Medical,2024-06-12,2024-07-12,30,42686.26,2024-07-16,Paid
INV-20870,Forge Foods,2024-08-16,2024-09-15,30,4142.61,2024-09-24,Paid
INV-20871,Dynamo Retail,2026-07-18,2026-08-17,30,12032.49,2026-08-17,Paid
INV-20872,Iris Medical,2025-04-25,2025-05-25,30,7125.49,2025-06-16,Paid
INV-20873,Iris Motors,2026-05-29,2026-07-28,60,5614.14,2026-08-07,Paid
INV-20874,Cascade Supply,2024-07-18,2024-09-01,45,16678.6,2024-09-08,Paid
INV-20875,Cascade Motors,2024-03-04,2024-04-03,30,44252.18,2024-04-09,Paid
INV-20876,Iris Retail,2024-01-27,2024-03-12,45,98794.06,2024-03-14,Paid
INV-20877,Gable Motors,2024-12-25,2025-02-08,45,16316.37,2025-02-16,Paid
INV-20878,Borealis Motors,2026-03-20,2026-05-04,45,57120.01,2026-05-03,Paid
INV-20879,Jetty Supply,2025-09-24,2025-11-08,45,19738.6,2025-11-27,Paid
INV-20880,Echo Motors,2026-07-13,2026-07-28,15,11784.59,2026-08-10,Paid
INV-20881,Linden Medical,2026-08-20,2026-09-19,30,5757.13,2026-09-22,Paid
INV-20882,Linden Supply,2024-02-18,2024-03-04,15,6877.32,2024-03-07,Paid
INV-20883,Dynamo Foods,2024-05-17,2024-06-16,30,7966.92,2024-06-09,Paid
INV-20884,Borealis Medical,2025-12-16,2026-01-15,30,13207.2,2026-02-09,Paid
INV-20885,Linden Medical,2026-03-09,2026-04-08,30,7011.33,,Open
INV-20886,Forge Foods,2025-01-27,2025-02-26,30,14239.42,2025-03-13,Paid
INV-20887,Borealis Foods,2024-04-09,2024-04-24,15,22505.1,2024-05-01,Paid
INV-20888,Echo Motors,2025-05-20,2025-06-04,15,12139.57,2025-06-09,Paid
INV-20889,Forge Supply,2026-03-25,2026-04-09,15,25059.32,2026-06-06,Paid
INV-20890,Borealis Supply,2025-12-27,2026-01-11,15,4878.8,2026-02-04,Paid
INV-20891,Gable Medical,2026-07-18,2026-09-16,60,27592.83,2026-09-11,Paid
INV-20892,Gable Foods,2026-04-17,2026-06-16,60,18565.11,2026-06-25,Paid
INV-20893,Iris Supply,2026-05-03,2026-05-18,15,3744.06,2026-06-04,Paid
INV-20894,Linden Supply,2025-04-18,2025-05-03,15,27047.69,2025-05-21,Paid
INV-20895,Horizon Foods,2025-01-10,2025-02-09,30,24577.5,2025-02-23,Paid
INV-20896,Cascade Motors,2026-07-27,2026-08-26,30,8342.28,2026-09-01,Paid
INV-20897,Horizon Retail,2026-01-06,2026-02-20,45,14394.97,2026-02-18,Paid
INV-20898,Iris Supply,2026-01-13,2026-01-28,15,12083.05,2026-02-20,Paid
INV-20899,Jetty Supply,2026-01-12,2026-02-26,45,11171.32,2026-03-07,Paid
INV-20900,Jetty Motors,2025-11-01,2025-12-01,30,53179.23,2025-12-09,Paid
INV-20901,Kestrel Medical,2024-02-02,2024-03-03,30,10818.73,2024-03-26,Paid
INV-20902,Echo Retail,2025-04-19,2025-05-19,30,16425.95,2025-05-24,Paid
INV-20903,Borealis Retail,2025-05-27,2025-06-26,30,7088.93,2025-07-26,Paid
INV-20904,Cascade Motors,2026-06-11,2026-07-11,30,38421.68,2026-07-10,Paid
INV-20905,Kestrel Foods,2025-02-04,2025-04-05,60,49771.48,2025-04-13,Paid
INV-20906,Borealis Motors,2024-06-10,2024-07-25,45,7749.4,2024-07-21,Paid
INV-20907,Forge Foods,2026-05-31,2026-06-30,30,22951.28,2026-06-26,Paid
INV-20908,Borealis Supply,2024-12-19,2025-01-03,15,16879.89,2025-01-07,Paid
INV-20909,Cascade Motors,2026-01-08,2026-02-07,30,38423.92,2026-02-15,Paid
INV-20910,Linden Motors,2026-09-06,2026-11-05,60,8286.31,,Open
INV-20911,Echo Supply,2024-01-31,2024-02-15,15,33152.13,2024-03-14,Paid
INV-20912,Horizon Supply,2026-04-24,2026-06-23,60,4767.8,2026-06-23,Paid
INV-20913,Borealis Supply,2026-02-23,2026-03-10,15,39893.62,,Open
INV-20914,Linden Supply,2024-01-20,2024-02-04,15,10462.55,2024-02-06,Paid
INV-20915,Horizon Supply,2024-06-14,2024-08-13,60,25257.73,2024-08-17,Paid
INV-20916,Kestrel Foods,2024-02-01,2024-04-01,60,26211.44,2024-04-03,Paid
INV-20917,Horizon Motors,2024-02-14,2024-03-15,30,23939.22,2024-03-26,Paid
INV-20918,Forge Medical,2024-11-13,2024-12-13,30,8380.91,2024-12-07,Paid
INV-20919,Gable Medical,2024-08-29,2024-10-28,60,30681.76,2024-11-06,Paid
INV-20920,Jetty Retail,2024-02-15,2024-03-16,30,28432.03,2024-03-29,Paid
INV-20921,Kestrel Medical,2025-03-17,2025-04-16,30,44138.31,2025-05-01,Paid
INV-20922,Gable Medical,2024-04-02,2024-06-01,60,23245.73,2024-06-02,Paid
INV-20923,Echo Motors,2024-09-28,2024-10-13,15,5001.92,2024-11-11,Paid
INV-20924,Forge Retail,2025-06-27,2025-07-12,15,14142.08,2025-07-12,Paid
INV-20925,Atlas Foods,2024-12-14,2025-01-13,30,6169.4,2025-01-19,Paid
INV-20926,Borealis Motors,2024-10-28,2024-12-12,45,60276.71,2024-12-29,Paid
INV-20927,Cascade Medical,2026-07-17,2026-08-16,30,8197.78,2026-08-18,Paid
INV-20928,Iris Motors,2025-05-03,2025-07-02,60,4297.79,2025-07-15,Paid
INV-20929,Kestrel Motors,2025-04-29,2025-05-29,30,3296.65,2025-06-23,Paid
INV-20930,Horizon Supply,2025-01-17,2025-03-18,60,6636.39,2025-03-23,Paid
INV-20931,Linden Medical,2025-10-15,2025-11-14,30,20224.96,2025-11-19,Paid
INV-20932,Linden Medical,2025-11-29,2025-12-29,30,10039.33,2025-12-24,Paid
INV-20933,Echo Foods,2024-01-29,2024-03-29,60,31393.24,2024-04-12,Paid
INV-20934,Cascade Foods,2024-10-20,2024-11-04,15,25468.35,2024-11-24,Paid
INV-20935,Gable Motors,2025-09-13,2025-10-28,45,15730.64,2025-10-22,Paid
INV-20936,Gable Medical,2026-09-02,2026-11-01,60,164003.13,,Open
INV-20937,Horizon Motors,2026-04-10,2026-05-10,30,35453.1,2026-05-13,Paid
INV-20938,Forge Supply,2025-09-22,2025-10-07,15,2827.86,2025-12-04,Paid
INV-20939,Echo Foods,2024-08-11,2024-10-10,60,16878.18,2024-10-19,Paid
INV-20940,Cascade Retail,2024-10-28,2024-11-27,30,33382.07,2024-11-30,Paid
INV-20941,Echo Motors,2025-07-08,2025-07-23,15,18993.11,2025-07-27,Paid
INV-20942,Gable Retail,2025-09-01,2025-10-31,60,22474.43,2025-11-13,Paid
INV-20943,Horizon Retail,2025-03-03,2025-04-17,45,86142.36,2025-05-04,Paid
INV-20944,Cascade Supply,2025-10-04,2025-11-18,45,19785.07,2025-11-24,Paid
INV-20945,Linden Supply,2025-11-30,2025-12-15,15,9969.43,2025-12-21,Paid
INV-20946,Atlas Motors,2025-11-11,2026-01-10,60,54611.98,2026-01-10,Paid
INV-20947,Linden Retail,2024-11-03,2024-11-18,15,2704.96,2024-12-01,Paid
INV-20948,Iris Medical,2024-08-13,2024-09-12,30,36467.07,2024-09-15,Paid
INV-20949,Linden Medical,2026-09-22,2026-10-22,30,27138.29,,Open
INV-20950,Atlas Medical,2025-03-18,2025-04-17,30,5065.91,2025-05-03,Paid
INV-20951,Kestrel Retail,2026-03-27,2026-04-26,30,7469.3,2026-04-19,Paid
INV-20952,Kestrel Retail,2024-02-04,2024-03-05,30,18046.22,2024-03-20,Paid
INV-20953,Borealis Motors,2025-04-10,2025-05-25,45,21903.09,2025-06-18,Paid
INV-20954,Linden Retail,2024-09-24,2024-10-09,15,9329.33,2024-10-17,Paid
INV-20955,Horizon Supply,2026-01-08,2026-03-09,60,15242.5,2026-03-10,Paid
INV-20956,Borealis Motors,2024-12-06,2025-01-20,45,15775.83,2025-01-31,Paid
INV-20957,Iris Supply,2024-02-04,2024-02-19,15,5262.93,2024-02-29,Paid
INV-20958,Linden Motors,2025-01-23,2025-03-24,60,12074.19,2025-03-31,Paid
INV-20959,Horizon Retail,2024-06-22,2024-08-06,45,6704.0,2024-08-18,Paid
INV-20960,Cascade Foods,2025-03-11,2025-03-26,15,7868.35,2025-04-01,Paid
INV-20961,Atlas Motors,2024-10-09,2024-12-08,60,5644.73,2024-12-07,Paid
INV-20962,Linden Retail,2026-07-23,2026-08-07,15,21804.22,2026-08-25,Paid
INV-20963,Kestrel Foods,2026-09-28,2026-11-27,60,4583.9,,Open
INV-20964,Cascade Retail,2024-05-23,2024-06-22,30,11315.13,2024-06-22,Paid
INV-20965,Atlas Motors,2025-02-18,2025-04-19,60,7128.46,2025-04-24,Paid
INV-20966,Iris Medical,2024-11-10,2024-12-10,30,8021.03,2024-12-16,Paid
INV-20967,Iris Supply,2025-07-28,2025-08-12,15,18528.81,2025-09-01,Paid
INV-20968,Atlas Foods,2025-08-06,2025-09-05,30,9860.4,2025-10-05,Paid
INV-20969,Echo Foods,2025-11-18,2026-01-17,60,14115.26,2026-01-28,Paid
INV-20970,Gable Supply,2026-02-12,2026-02-27,15,8112.5,2026-03-12,Paid
INV-20971,Iris Motors,2026-01-22,2026-03-23,60,32314.56,2026-03-26,Paid
INV-20972,Borealis Foods,2025-09-06,2025-09-21,15,5567.35,2025-09-21,Paid
INV-20973,Kestrel Foods,2026-04-19,2026-06-18,60,14990.57,2026-06-18,Paid
INV-20974,Jetty Medical,2024-05-31,2024-06-15,15,10896.08,2024-06-17,Paid
INV-20975,Gable Supply,2025-09-20,2025-10-05,15,10320.76,2025-10-20,Paid
INV-20976,Atlas Retail,2024-07-20,2024-09-18,60,18236.38,2024-09-16,Paid
INV-20977,Linden Foods,2026-01-06,2026-03-07,60,68204.39,2026-03-15,Paid
INV-20978,Echo Foods,2025-10-12,2025-12-11,60,13776.49,2025-12-08,Paid
INV-20979,Jetty Retail,2026-07-16,2026-08-15,30,26728.26,2026-08-24,Paid
INV-20980,Forge Supply,2025-09-06,2025-09-21,15,7998.99,2025-11-22,Paid
INV-20981,Cascade Supply,2024-03-31,2024-05-15,45,22960.62,2024-05-30,Paid
INV-20982,Atlas Supply,2024-03-12,2024-03-27,15,6180.8,2024-04-18,Paid
INV-20983,Linden Motors,2026-08-20,2026-10-19,60,10180.3,,Open
INV-20984,Iris Supply,2025-06-19,2025-07-04,15,5159.4,2025-07-08,Paid
INV-20985,Dynamo Medical,2024-10-14,2024-11-28,45,12352.28,2024-11-27,Paid
INV-20986,Dynamo Foods,2025-03-18,2025-04-17,30,29547.08,2025-05-14,Paid
INV-20987,Horizon Foods,2025-11-05,2025-12-05,30,19809.17,2025-12-12,Paid
INV-20988,Borealis Foods,2025-03-01,2025-03-16,15,12262.52,2025-03-18,Paid
INV-20989,Kestrel Foods,2024-01-24,2024-03-24,60,12275.16,2024-03-25,Paid
INV-20990,Gable Medical,2025-10-14,2025-12-13,60,36859.54,2025-12-28,Paid
INV-20991,Horizon Foods,2024-08-31,2024-09-30,30,23783.86,2024-09-28,Paid
INV-20992,Atlas Motors,2024-05-03,2024-07-02,60,21329.41,2024-06-30,Paid
INV-20993,Iris Motors,2025-06-24,2025-08-23,60,2140.38,2025-09-08,Paid
INV-20994,Cascade Supply,2025-07-20,2025-09-03,45,6109.18,2025-09-21,Paid
INV-20995,Echo Supply,2024-11-06,2024-11-21,15,16487.57,2024-11-16,Paid
INV-20996,Dynamo Medical,2025-08-23,2025-10-07,45,13416.65,2025-10-16,Paid
INV-20997,Horizon Foods,2025-06-26,2025-07-26,30,32408.62,2025-08-10,Paid
INV-20998,Horizon Medical,2026-01-14,2026-02-28,45,20903.36,2026-03-13,Paid
INV-20999,Atlas Retail,2025-07-14,2025-09-12,60,15619.86,2025-09-19,Paid
INV-21000,Linden Supply,2025-07-23,2025-08-07,15,4542.91,2025-08-11,Paid
INV-21001,Echo Foods,2024-04-08,2024-06-07,60,12359.1,,Open
INV-21002,Linden Supply,2024-02-26,2024-03-12,15,6247.88,2024-03-13,Paid
INV-21003,Horizon Supply,2025-09-11,2025-11-10,60,87945.68,2025-11-16,Paid
INV-21004,Atlas Foods,2025-07-18,2025-08-17,30,19690.82,2025-08-31,Paid
INV-21005,Kestrel Retail,2026-05-06,2026-06-05,30,17357.81,2026-06-05,Paid
INV-21006,Echo Medical,2024-03-01,2024-03-31,30,16643.37,2024-04-25,Paid
INV-21007,Atlas Medical,2024-12-18,2025-01-17,30,22286.83,2025-01-20,Paid
INV-21008,Linden Motors,2026-01-14,2026-03-15,60,8246.32,2026-02-20,Paid
INV-21009,Gable Retail,2025-10-13,2025-12-12,60,8655.93,2026-01-06,Paid
INV-21010,Cascade Motors,2024-02-10,2024-03-11,30,9119.16,2024-04-02,Paid
INV-21011,Dynamo Medical,2025-10-31,2025-12-15,45,4931.57,2026-01-06,Paid
INV-21012,Jetty Motors,2025-08-07,2025-09-06,30,49371.24,2025-09-16,Paid
INV-21013,Jetty Medical,2024-01-19,2024-02-03,15,4827.05,2024-02-07,Paid
INV-21014,Jetty Retail,2025-07-31,2025-08-30,30,5278.93,2025-09-09,Paid
INV-21015,Horizon Foods,2024-08-25,2024-09-24,30,99455.5,2024-09-30,Paid
INV-21016,Jetty Retail,2024-12-03,2025-01-02,30,86349.09,2025-01-12,Paid
INV-21017,Linden Retail,2026-02-17,2026-03-04,15,24120.45,2026-03-30,Paid
INV-21018,Cascade Foods,2025-06-24,2025-07-09,15,15653.71,2025-07-21,Paid
INV-21019,Dynamo Retail,2026-08-29,2026-09-28,30,4121.7,,Open
INV-21020,Atlas Medical,2025-07-17,2025-08-16,30,10010.17,2025-09-08,Paid
INV-21021,Linden Motors,2026-08-04,2026-10-03,60,23317.71,,Open
INV-21022,Linden Foods,2025-11-23,2026-01-22,60,27551.62,2026-01-15,Paid
INV-21023,Gable Retail,2025-05-26,2025-07-25,60,14672.53,2025-08-25,Paid
INV-21024,Echo Foods,2025-12-17,2026-02-15,60,15450.04,2026-03-08,Paid
INV-21025,Forge Medical,2025-09-23,2025-10-23,30,28763.95,2025-11-12,Paid
INV-21026,Jetty Supply,2025-08-19,2025-10-03,45,17922.75,2025-10-07,Paid
INV-21027,Echo Supply,2025-05-27,2025-06-11,15,21567.55,2025-06-28,Paid
INV-21028,Jetty Foods,2024-01-31,2024-03-16,45,11073.71,2024-03-13,Paid
INV-21029,Horizon Medical,2025-05-24,2025-07-08,45,33649.72,2025-07-20,Paid
INV-21030,Kestrel Medical,2025-10-09,2025-11-08,30,4750.1,2025-11-22,Paid
INV-21031,Horizon Retail,2025-11-20,2026-01-04,45,8312.06,2026-01-07,Paid
INV-21032,Iris Foods,2025-01-20,2025-03-06,45,33636.82,2025-03-22,Paid
INV-21033,Forge Foods,2025-09-12,2025-10-12,30,8932.6,2025-10-19,Paid
INV-21034,Echo Foods,2025-05-08,2025-07-07,60,12781.98,2025-07-09,Paid
INV-21035,Gable Motors,2024-10-18,2024-12-02,45,70164.55,2024-12-10,Paid
INV-21036,Gable Supply,2025-06-08,2025-06-23,15,10135.59,2025-06-26,Paid
INV-21037,Iris Foods,2025-07-01,2025-08-15,45,22010.02,2025-08-25,Paid
INV-21038,Forge Supply,2025-08-05,2025-08-20,15,8408.76,2025-10-05,Paid
INV-21039,Atlas Foods,2026-03-06,2026-04-05,30,12738.3,,Open
INV-21040,Linden Supply,2026-09-27,2026-10-12,15,15121.55,,Open
INV-21041,Kestrel Retail,2024-04-06,2024-05-06,30,40743.23,2024-05-20,Paid
INV-21042,Iris Motors,2024-08-07,2024-10-06,60,69272.95,2024-10-09,Paid
INV-21043,Jetty Motors,2026-02-03,2026-03-05,30,25944.66,2026-03-15,Paid
INV-21044,Kestrel Medical,2025-03-16,2025-04-15,30,14695.72,2025-04-15,Paid
INV-21045,Dynamo Medical,2025-11-30,2026-01-14,45,15757.0,2026-01-12,Paid
INV-21046,Linden Medical,2024-04-04,2024-05-04,30,16627.07,2024-04-29,Paid
INV-21047,Kestrel Supply,2025-04-05,2025-05-20,45,44866.38,2025-05-07,Paid
INV-21048,Borealis Retail,2024-01-16,2024-02-15,30,71943.64,2024-03-12,Paid
INV-21049,Linden Motors,2024-01-30,2024-03-30,60,11049.78,2024-04-03,Paid
INV-21050,Forge Foods,2025-05-01,2025-05-31,30,5403.73,2025-06-08,Paid
INV-21051,Echo Motors,2024-05-03,2024-05-18,15,34682.79,2024-05-29,Paid
INV-21052,Kestrel Foods,2026-07-25,2026-09-23,60,18841.61,,Open
INV-21053,Horizon Medical,2026-07-04,2026-08-18,45,16237.07,2026-09-08,Paid
INV-21054,Echo Retail,2024-03-09,2024-04-08,30,8722.57,2024-03-31,Paid
INV-21055,Linden Supply,2025-05-04,2025-05-19,15,17168.89,2025-05-14,Paid
INV-21056,Gable Medical,2026-07-26,2026-09-24,60,53212.1,2026-09-26,Paid
INV-21057,Iris Motors,2025-07-08,2025-09-06,60,5053.81,2025-09-26,Paid
INV-21058,Borealis Retail,2025-10-18,2025-11-17,30,44695.37,2025-12-13,Paid
INV-21059,Forge Medical,2024-11-21,2024-12-21,30,8009.53,2024-12-24,Paid
INV-21060,Kestrel Foods,2026-01-02,2026-03-03,60,10146.27,2026-02-19,Paid
INV-21061,Borealis Motors,2026-09-01,2026-10-16,45,5311.7,,Open
INV-21062,Iris Medical,2024-08-02,2024-09-01,30,18304.84,2024-09-24,Paid
INV-21063,Cascade Foods,2025-03-09,2025-03-24,15,89115.14,,Open
INV-21064,Gable Motors,2024-03-19,2024-05-03,45,8530.07,2024-05-25,Paid
INV-21065,Borealis Supply,2026-06-11,2026-06-26,15,11049.2,2026-06-26,Paid
INV-21066,Cascade Supply,2026-03-22,2026-05-06,45,4238.54,2026-05-29,Paid
INV-21067,Jetty Foods,2024-03-22,2024-05-06,45,13744.98,2024-05-21,Paid
INV-21068,Jetty Foods,2026-06-05,2026-07-20,45,4069.32,2026-08-03,Paid
INV-21069,Horizon Motors,2025-10-17,2025-11-16,30,43415.37,2025-11-30,Paid
INV-21070,Borealis Motors,2026-04-26,2026-06-10,45,49930.0,2026-06-01,Paid
INV-21071,Jetty Foods,2026-04-08,2026-05-23,45,2487.9,2026-05-24,Paid
INV-21072,Iris Motors,2026-05-04,2026-07-03,60,72383.13,2026-07-02,Paid
INV-21073,Echo Supply,2026-07-06,2026-07-21,15,70597.4,2026-07-25,Paid
INV-21074,Dynamo Supply,2025-01-13,2025-02-12,30,17194.79,2025-02-06,Paid
INV-21075,Linden Retail,2026-07-18,2026-08-02,15,6409.84,2026-08-13,Paid
INV-21076,Atlas Motors,2025-07-22,2025-09-20,60,4484.77,2025-09-26,Paid
INV-21077,Dynamo Supply,2024-07-07,2024-08-06,30,8190.91,2024-08-07,Paid
INV-21078,Atlas Retail,2026-07-02,2026-08-31,60,10883.11,2026-09-09,Paid
INV-21079,Dynamo Foods,2024-04-20,2024-05-20,30,13310.42,2024-05-26,Paid
INV-21080,Borealis Motors,2025-09-02,2025-10-17,45,124429.87,2025-10-21,Paid
INV-21081,Forge Retail,2025-10-19,2025-11-03,15,8385.66,2025-11-28,Paid
INV-21082,Iris Motors,2024-04-18,2024-06-17,60,12448.96,2024-07-10,Paid
INV-21083,Dynamo Motors,2025-06-16,2025-07-01,15,23616.03,2025-07-21,Paid
INV-21084,Echo Foods,2024-10-28,2024-12-27,60,18114.7,2024-12-26,Paid
INV-21085,Kestrel Supply,2026-04-29,2026-06-13,45,18863.58,2026-06-10,Paid
INV-21086,Atlas Supply,2024-04-22,2024-05-07,15,8731.16,2024-06-04,Paid
INV-21087,Borealis Supply,2025-07-07,2025-07-22,15,14888.02,2025-08-14,Paid
INV-21088,Atlas Retail,2024-06-08,2024-08-07,60,6576.39,2024-08-23,Paid
INV-21089,Jetty Foods,2026-01-20,2026-03-06,45,7308.31,2026-03-10,Paid
INV-21090,Dynamo Medical,2025-02-10,2025-03-27,45,63398.79,2025-04-02,Paid
INV-21091,Borealis Foods,2026-06-14,2026-06-29,15,7552.77,2026-06-02,Paid
INV-21092,Forge Foods,2026-05-02,2026-06-01,30,9468.66,2026-06-03,Paid
INV-21093,Forge Motors,2026-02-28,2026-03-30,30,22492.58,2026-05-11,Paid
INV-21094,Forge Supply,2026-02-27,2026-03-14,15,10946.26,2026-05-10,Paid
INV-21095,Iris Supply,2024-05-03,2024-05-18,15,7852.41,2024-05-26,Paid
INV-21096,Jetty Supply,2025-06-16,2025-07-31,45,10549.28,2025-08-07,Paid
INV-21097,Borealis Motors,2026-01-12,2026-02-26,45,26120.07,2026-03-03,Paid
INV-21098,Borealis Foods,2026-03-19,2026-04-03,15,19186.13,2026-04-01,Paid
INV-21099,Dynamo Motors,2026-03-07,2026-03-22,15,14876.38,2026-03-26,Paid
INV-21100,Iris Supply,2024-06-30,2024-07-15,15,7566.73,2024-08-19,Paid
INV-21101,Atlas Retail,2026-07-12,2026-09-10,60,12863.07,2026-09-03,Paid
INV-21102,Echo Motors,2026-02-16,2026-03-03,15,3622.81,2026-03-10,Paid
INV-21103,Cascade Retail,2026-07-22,2026-08-21,30,3311.44,2026-08-17,Paid
INV-21104,Iris Motors,2024-12-21,2025-02-19,60,39941.2,2025-03-17,Paid
INV-21105,Borealis Supply,2024-06-19,2024-07-04,15,7985.76,2024-07-19,Paid
INV-21106,Iris Supply,2024-10-28,2024-11-12,15,42585.4,2024-11-24,Paid
INV-21107,Echo Foods,2024-04-29,2024-06-28,60,10133.45,2024-07-08,Paid
INV-21108,Borealis Motors,2025-05-31,2025-07-15,45,4395.95,2025-07-11,Paid
INV-21109,Jetty Foods,2026-08-27,2026-10-11,45,6276.77,,Open
INV-21110,Linden Motors,2025-11-01,2025-12-31,60,23661.06,2025-12-25,Paid
INV-21111,Linden Retail,2024-09-28,2024-10-13,15,41010.84,2024-10-07,Paid
INV-21112,Borealis Supply,2024-07-22,2024-08-06,15,21575.71,2024-08-05,Paid
INV-21113,Horizon Retail,2026-08-16,2026-09-30,45,15321.09,,Open
INV-21114,Echo Motors,2026-07-11,2026-07-26,15,11017.26,2026-08-01,Paid
INV-21115,Dynamo Motors,2024-02-03,2024-02-18,15,7914.59,2024-02-28,Paid
INV-21116,Gable Motors,2026-04-04,2026-05-19,45,23632.05,2026-05-30,Paid
INV-21117,Dynamo Retail,2025-01-12,2025-02-11,30,1529.65,2025-02-14,Paid
INV-21118,Dynamo Supply,2024-05-16,2024-06-15,30,5980.0,2024-06-11,Paid
INV-21119,Horizon Medical,2025-01-06,2025-02-20,45,5362.28,2025-03-03,Paid
INV-21120,Gable Supply,2025-01-20,2025-02-04,15,20030.84,2025-02-23,Paid
INV-21121,Dynamo Foods,2025-10-12,2025-11-11,30,24331.91,2025-11-19,Paid
INV-21122,Horizon Retail,2025-07-13,2025-08-27,45,15528.58,2025-09-14,Paid
INV-21123,Gable Motors,2025-06-04,2025-07-19,45,8113.37,2025-07-27,Paid
INV-21124,Jetty Foods,2025-11-18,2026-01-02,45,20887.39,2026-01-15,Paid
INV-21125,Iris Motors,2025-08-14,2025-10-13,60,16015.28,2025-10-24,Paid
INV-21126,Cascade Retail,2024-05-18,2024-06-17,30,9166.78,2024-07-01,Paid
INV-21127,Kestrel Motors,2025-09-19,2025-10-19,30,14999.39,2025-10-12,Paid
INV-21128,Linden Supply,2024-12-31,2025-01-15,15,6136.02,2025-01-19,Paid
INV-21129,Iris Motors,2025-07-13,2025-09-11,60,10340.15,2025-09-16,Paid
INV-21130,Jetty Retail,2024-11-26,2024-12-26,30,19754.68,2024-12-21,Paid
INV-21131,Kestrel Retail,2026-01-22,2026-02-21,30,4206.48,2026-02-27,Paid
INV-21132,Kestrel Retail,2025-01-03,2025-02-02,30,15314.09,,Open
INV-21133,Echo Retail,2026-07-16,2026-08-15,30,12398.05,2026-08-18,Paid
INV-21134,Atlas Retail,2024-06-16,2024-08-15,60,8718.36,2024-07-31,Paid
INV-21135,Forge Motors,2025-05-14,2025-06-13,30,16742.91,2025-07-30,Paid
INV-21136,Forge Supply,2026-03-12,2026-03-27,15,30584.44,2026-06-11,Paid
INV-21137,Linden Retail,2025-11-22,2025-12-07,15,25632.7,2025-12-30,Paid
INV-21138,Cascade Retail,2025-06-03,2025-07-03,30,19866.74,2025-06-24,Paid
INV-21139,Kestrel Retail,2026-04-17,2026-05-17,30,25283.44,2026-05-29,Paid
INV-21140,Jetty Retail,2025-08-13,2025-09-12,30,4724.27,2025-09-28,Paid
INV-21141,Echo Foods,2024-10-17,2024-12-16,60,12930.12,2024-12-10,Paid
INV-21142,Horizon Supply,2026-07-17,2026-09-15,60,16813.23,2026-09-11,Paid
INV-21143,Echo Medical,2024-06-06,2024-07-06,30,44004.61,2024-07-15,Paid
INV-21144,Echo Medical,2026-09-24,2026-10-24,30,22919.95,,Open
INV-21145,Echo Motors,2026-09-04,2026-09-19,15,5928.93,2026-09-25,Paid
INV-21146,Jetty Motors,2025-03-30,2025-04-29,30,8888.86,2025-05-02,Paid
INV-21147,Forge Foods,2026-05-31,2026-06-30,30,133353.57,2026-07-06,Paid
INV-21148,Jetty Motors,2024-03-21,2024-04-20,30,9043.06,2024-05-01,Paid
INV-21149,Gable Motors,2025-10-14,2025-11-28,45,34617.32,2025-11-27,Paid
INV-21150,Forge Medical,2024-01-01,2024-01-31,30,5276.14,2024-01-31,Paid
INV-21151,Dynamo Retail,2025-04-06,2025-05-06,30,7953.44,2025-05-04,Paid
INV-21152,Atlas Medical,2026-05-11,2026-06-10,30,9726.3,2026-06-10,Paid
INV-21153,Echo Foods,2025-05-31,2025-07-30,60,9963.17,2025-07-29,Paid
INV-21154,Cascade Supply,2025-02-23,2025-04-09,45,19973.16,2025-04-24,Paid
INV-21155,Linden Motors,2025-08-23,2025-10-22,60,6583.05,2025-10-15,Paid
INV-21156,Gable Medical,2025-05-17,2025-07-16,60,12578.6,2025-08-04,Paid
INV-21157,Borealis Retail,2025-03-25,2025-04-24,30,14853.18,2025-05-15,Paid
INV-21158,Borealis Retail,2024-03-07,2024-04-06,30,15743.41,2024-04-30,Paid
INV-21159,Atlas Motors,2026-03-01,2026-04-30,60,18838.51,2026-04-29,Paid
INV-21160,Atlas Supply,2026-05-08,2026-05-23,15,52951.36,2026-06-23,Paid
INV-21161,Linden Retail,2026-05-21,2026-06-05,15,11016.28,2026-06-10,Paid
INV-21162,Iris Foods,2025-01-23,2025-03-09,45,6846.88,2025-03-20,Paid
INV-21163,Jetty Foods,2025-09-19,2025-11-03,45,16613.8,2025-11-03,Paid
INV-21164,Atlas Foods,2024-06-08,2024-07-08,30,31330.89,2024-07-21,Paid
INV-21165,Dynamo Foods,2025-04-15,2025-05-15,30,3137.9,2025-06-11,Paid
INV-21166,Echo Retail,2025-10-22,2025-11-21,30,5632.03,2025-11-27,Paid
INV-21167,Borealis Motors,2026-03-16,2026-04-30,45,2801.29,2026-04-15,Paid
INV-21168,Atlas Medical,2024-11-03,2024-12-03,30,9134.17,2024-12-08,Paid
INV-21169,Echo Medical,2025-03-27,2025-04-26,30,50321.18,2025-05-09,Paid
INV-21170,Cascade Motors,2026-09-18,2026-10-18,30,16967.42,,Open
INV-21171,Kestrel Foods,2026-06-08,2026-08-07,60,61496.18,2026-08-03,Paid
INV-21172,Atlas Supply,2025-06-08,2025-06-23,15,20565.44,2025-07-28,Paid
INV-21173,Echo Retail,2026-07-09,2026-08-08,30,15662.17,2026-08-21,Paid
INV-21174,Forge Retail,2024-06-29,2024-07-14,15,59689.69,2024-07-19,Paid
INV-21175,Atlas Retail,2024-05-02,2024-07-01,60,87897.82,2024-07-05,Paid
INV-21176,Dynamo Foods,2024-04-17,2024-05-17,30,20785.75,2024-05-31,Paid
INV-21177,Dynamo Medical,2024-05-18,2024-07-02,45,22536.8,,Open
INV-21178,Linden Foods,2026-05-29,2026-07-28,60,9632.43,2026-08-03,Paid
INV-21179,Linden Medical,2026-05-02,2026-06-01,30,9457.37,2026-05-24,Paid
INV-21180,Borealis Motors,2025-06-05,2025-07-20,45,77104.39,2025-07-17,Paid
INV-21181,Kestrel Foods,2024-11-18,2025-01-17,60,112501.93,2025-01-30,Paid
INV-21182,Iris Medical,2026-03-09,2026-04-08,30,31753.37,2026-04-20,Paid
INV-21183,Iris Medical,2025-11-18,2025-12-18,30,56796.86,2026-01-03,Paid
INV-21184,Jetty Medical,2024-04-13,2024-04-28,15,86226.09,2024-05-08,Paid
INV-21185,Echo Foods,2024-08-12,2024-10-11,60,43610.84,2024-10-19,Paid
INV-21186,Jetty Retail,2024-02-13,2024-03-14,30,8372.07,,Open
INV-21187,Forge Supply,2024-03-21,2024-04-05,15,19633.44,2024-05-30,Paid
INV-21188,Forge Retail,2025-05-30,2025-06-14,15,16281.4,2025-06-02,Paid
INV-21189,Jetty Motors,2026-05-16,2026-06-15,30,6182.06,2026-06-26,Paid
INV-21190,Forge Motors,2024-07-11,2024-08-10,30,6442.79,2024-09-27,Paid
INV-21191,Horizon Foods,2025-12-30,2026-01-29,30,5319.24,2026-02-04,Paid
INV-21192,Kestrel Medical,2025-03-12,2025-04-11,30,27216.61,2025-04-28,Paid
INV-21193,Jetty Supply,2025-03-15,2025-04-29,45,13083.2,2025-05-24,Paid
INV-21194,Cascade Medical,2025-02-24,2025-03-26,30,36396.9,2025-03-27,Paid
INV-21195,Forge Motors,2024-08-14,2024-09-13,30,13538.04,2024-11-01,Paid
INV-21196,Forge Medical,2026-08-09,2026-09-08,30,11991.8,2026-09-12,Paid
INV-21197,Kestrel Motors,2024-08-11,2024-09-10,30,27343.0,2024-09-16,Paid
INV-21198,Gable Supply,2024-06-13,2024-06-28,15,18341.73,2024-07-09,Paid
INV-21199,Iris Foods,2025-02-24,2025-04-10,45,10953.88,2025-04-21,Paid
INV-21200,Borealis Medical,2026-06-02,2026-07-02,30,67281.07,2026-07-09,Paid
INV-21201,Echo Retail,2024-07-08,2024-08-07,30,12008.84,2024-08-13,Paid
INV-21202,Borealis Medical,2024-02-07,2024-03-08,30,16137.81,2024-03-19,Paid
INV-21203,Echo Retail,2026-01-30,2026-03-01,30,20950.51,2026-03-13,Paid
INV-21204,Borealis Supply,2025-03-12,2025-03-27,15,12693.27,2025-04-01,Paid
INV-21205,Echo Retail,2025-01-29,2025-02-28,30,28764.44,2025-03-20,Paid
INV-21206,Jetty Foods,2024-05-26,2024-07-10,45,59109.46,2024-07-12,Paid
INV-21207,Kestrel Foods,2024-08-14,2024-10-13,60,5926.1,2024-10-28,Paid
INV-21208,Kestrel Medical,2024-11-29,2024-12-29,30,7770.88,2025-01-22,Paid
INV-21209,Forge Motors,2025-10-10,2025-11-09,30,26279.43,2025-12-13,Paid
INV-21210,Jetty Motors,2024-06-08,2024-07-08,30,19699.87,2024-07-29,Paid
INV-21211,Iris Motors,2024-08-18,2024-10-17,60,126043.83,2024-11-03,Paid
INV-21212,Gable Retail,2026-02-07,2026-04-08,60,45927.85,2026-05-08,Paid
INV-21213,Horizon Motors,2024-12-16,2025-01-15,30,7346.64,2025-01-15,Paid
INV-21214,Gable Supply,2024-04-24,2024-05-09,15,16319.62,2024-05-09,Paid
INV-21215,Cascade Medical,2026-01-03,2026-02-02,30,3684.5,2026-02-02,Paid
INV-21216,Jetty Foods,2025-03-21,2025-05-05,45,9881.01,2025-05-10,Paid
INV-21217,Iris Supply,2026-07-14,2026-07-29,15,12922.36,2026-08-13,Paid
INV-21218,Gable Medical,2026-02-21,2026-04-22,60,7413.5,2026-04-17,Paid
INV-21219,Echo Foods,2026-08-04,2026-10-03,60,17442.71,,Open
INV-21220,Cascade Retail,2026-05-16,2026-06-15,30,22088.33,2026-06-17,Paid
INV-21221,Dynamo Retail,2025-09-18,2025-10-18,30,11306.38,2025-11-01,Paid
INV-21222,Forge Supply,2024-10-03,2024-10-18,15,28100.57,,Open
INV-21223,Horizon Foods,2024-11-08,2024-12-08,30,9183.48,2024-12-07,Paid
INV-21224,Borealis Medical,2025-05-17,2025-06-16,30,20662.4,2025-06-26,Paid
INV-21225,Jetty Supply,2026-05-28,2026-07-12,45,13342.62,2026-07-04,Paid
INV-21226,Gable Medical,2025-11-30,2026-01-29,60,23854.16,2026-02-04,Paid
INV-21227,Linden Motors,2025-08-01,2025-09-30,60,8320.86,2025-10-01,Paid
INV-21228,Echo Supply,2025-06-08,2025-06-23,15,11675.14,2025-06-18,Paid
INV-21229,Echo Medical,2026-08-20,2026-09-19,30,5062.43,2026-09-28,Paid
INV-21230,Atlas Medical,2024-03-22,2024-04-21,30,19910.44,2024-04-21,Paid
INV-21231,Cascade Foods,2024-11-15,2024-11-30,15,4265.07,2024-12-02,Paid
INV-21232,Atlas Supply,2024-12-28,2025-01-12,15,3989.61,2025-02-19,Paid
INV-21233,Jetty Foods,2026-06-23,2026-08-07,45,51671.81,2026-08-03,Paid
INV-21234,Gable Foods,2026-01-17,2026-03-18,60,4216.48,2026-03-22,Paid
INV-21235,Iris Retail,2026-09-24,2026-11-08,45,20234.77,,Open
INV-21236,Horizon Medical,2024-01-22,2024-03-07,45,27835.89,2024-03-14,Paid
INV-21237,Horizon Medical,2025-02-07,2025-03-24,45,26721.97,2025-04-12,Paid
INV-21238,Cascade Medical,2024-07-14,2024-08-13,30,11375.86,2024-08-14,Paid
INV-21239,Cascade Motors,2026-02-27,2026-03-29,30,25973.51,2026-04-06,Paid
INV-21240,Linden Supply,2026-03-20,2026-04-04,15,29602.36,2026-03-29,Paid
INV-21241,Dynamo Retail,2024-07-21,2024-08-20,30,26179.18,2024-09-03,Paid
INV-21242,Horizon Supply,2026-03-08,2026-05-07,60,19697.26,2026-05-13,Paid
INV-21243,Iris Supply,2025-01-02,2025-01-17,15,18524.7,2025-02-12,Paid
INV-21244,Echo Supply,2025-02-04,2025-02-19,15,7196.63,2025-02-26,Paid
INV-21245,Dynamo Supply,2026-08-23,2026-09-22,30,38997.02,2026-09-22,Paid
INV-21246,Atlas Foods,2025-01-03,2025-02-02,30,15446.07,2025-02-15,Paid
INV-21247,Iris Motors,2024-11-18,2025-01-17,60,10830.83,2025-01-27,Paid
INV-21248,Cascade Retail,2026-05-08,2026-06-07,30,8867.87,2026-06-22,Paid
INV-21249,Forge Retail,2024-12-20,2025-01-04,15,8408.55,2025-01-19,Paid
INV-21250,Echo Retail,2026-05-17,2026-06-16,30,15641.43,2026-06-22,Paid
INV-21251,Linden Foods,2026-05-29,2026-07-28,60,24886.21,2026-08-10,Paid
INV-21252,Atlas Supply,2024-10-12,2024-10-27,15,30086.05,2024-11-24,Paid
INV-21253,Atlas Motors,2025-09-14,2025-11-13,60,13119.57,2025-12-05,Paid
INV-21254,Horizon Medical,2026-07-03,2026-08-17,45,11366.42,2026-09-04,Paid
INV-21255,Kestrel Medical,2025-11-05,2025-12-05,30,14879.49,2025-12-14,Paid
INV-21256,Jetty Supply,2024-07-12,2024-08-26,45,9454.67,2024-08-29,Paid
INV-21257,Atlas Supply,2024-04-05,2024-04-20,15,26251.14,2024-05-04,Paid
INV-21258,Dynamo Motors,2025-08-08,2025-08-23,15,9786.79,2025-09-02,Paid
INV-21259,Cascade Motors,2026-04-21,2026-05-21,30,18146.14,2026-05-25,Paid
INV-21260,Dynamo Medical,2025-07-06,2025-08-20,45,15798.26,2025-09-05,Paid
INV-21261,Linden Retail,2025-04-07,2025-04-22,15,8324.65,2025-04-27,Paid
INV-21262,Kestrel Supply,2024-07-21,2024-09-04,45,18249.9,2024-09-14,Paid
INV-21263,Linden Medical,2026-08-11,2026-09-10,30,2706.96,2026-09-08,Paid
INV-21264,Horizon Foods,2024-04-18,2024-05-18,30,14796.17,2024-05-19,Paid
INV-21265,Borealis Foods,2026-09-15,2026-09-30,15,16926.96,,Open
INV-21266,Cascade Retail,2024-03-25,2024-04-24,30,3539.03,2024-05-18,Paid
INV-21267,Kestrel Supply,2026-03-06,2026-04-20,45,31005.48,,Open
INV-21268,Gable Medical,2024-08-08,2024-10-07,60,8481.72,2024-10-12,Paid
INV-21269,Dynamo Retail,2024-12-19,2025-01-18,30,15360.46,2025-01-19,Paid
INV-21270,Dynamo Medical,2024-05-21,2024-07-05,45,2717.17,2024-07-10,Paid
INV-21271,Jetty Retail,2024-07-07,2024-08-06,30,50407.32,2024-08-06,Paid
INV-21272,Dynamo Retail,2025-01-16,2025-02-15,30,4684.37,2025-02-14,Paid
INV-21273,Atlas Motors,2025-10-14,2025-12-13,60,13924.49,2025-11-27,Paid
INV-21274,Gable Supply,2024-01-26,2024-02-10,15,56754.66,2024-02-15,Paid
INV-21275,Horizon Medical,2024-12-25,2025-02-08,45,6456.67,2025-03-10,Paid
INV-21276,Borealis Motors,2025-08-12,2025-09-26,45,11117.45,2025-10-02,Paid
INV-21277,Cascade Foods,2024-02-01,2024-02-16,15,10100.65,2024-02-25,Paid
INV-21278,Iris Medical,2025-11-01,2025-12-01,30,14674.35,2025-12-13,Paid
INV-21279,Forge Supply,2024-11-19,2024-12-04,15,17284.86,2025-01-27,Paid
INV-21280,Jetty Medical,2025-09-19,2025-10-04,15,8066.31,2025-10-12,Paid
INV-21281,Jetty Foods,2024-06-11,2024-07-26,45,24249.56,2024-07-22,Paid
INV-21282,Iris Supply,2025-09-26,2025-10-11,15,60153.94,2025-10-15,Paid
INV-21283,Linden Retail,2024-06-29,2024-07-14,15,16222.72,2024-08-04,Paid
INV-21284,Atlas Motors,2024-07-28,2024-09-26,60,15558.27,2024-09-27,Paid
INV-21285,Kestrel Motors,2025-12-07,2026-01-06,30,7357.48,2026-01-05,Paid
INV-21286,Jetty Retail,2024-03-03,2024-04-02,30,9337.7,2024-04-05,Paid
INV-21287,Echo Medical,2024-01-01,2024-01-31,30,26731.74,2024-02-12,Paid
INV-21288,Iris Foods,2025-04-06,2025-05-21,45,12639.43,2025-05-27,Paid
INV-21289,Echo Medical,2024-04-30,2024-05-30,30,21647.88,2024-06-15,Paid
INV-21290,Jetty Medical,2024-08-01,2024-08-16,15,17245.36,2024-08-22,Paid
INV-21291,Dynamo Foods,2024-06-29,2024-07-29,30,12111.06,2024-07-25,Paid
INV-21292,Forge Retail,2026-04-11,2026-04-26,15,4233.98,2026-05-19,Paid
INV-21293,Cascade Medical,2026-08-23,2026-09-22,30,23938.38,,Open
INV-21294,Dynamo Foods,2025-04-01,2025-05-01,30,30119.99,2025-04-28,Paid
INV-21295,Iris Medical,2024-01-01,2024-01-31,30,20241.28,2024-02-13,Paid
INV-21296,Horizon Retail,2025-05-16,2025-06-30,45,20951.17,2025-07-15,Paid
INV-21297,Forge Retail,2024-07-19,2024-08-03,15,45620.18,2024-08-15,Paid
INV-21298,Forge Foods,2025-04-18,2025-05-18,30,15946.2,2025-05-18,Paid
INV-21299,Horizon Medical,2025-08-07,2025-09-21,45,8653.04,2025-10-19,Paid
INV-21300,Borealis Retail,2026-08-25,2026-09-24,30,20532.59,,Open
INV-21301,Horizon Foods,2025-06-30,2025-07-30,30,19319.67,2025-07-30,Paid
INV-21302,Cascade Foods,2025-02-11,2025-02-26,15,10993.29,2025-02-26,Paid
INV-21303,Atlas Supply,2025-10-23,2025-11-07,15,21816.02,2025-12-05,Paid
INV-21304,Atlas Retail,2025-06-20,2025-08-19,60,11226.81,2025-09-01,Paid
INV-21305,Dynamo Foods,2024-06-08,2024-07-08,30,34080.33,2024-07-16,Paid
INV-21306,Forge Retail,2026-01-23,2026-02-07,15,51566.75,2026-03-04,Paid
INV-21307,Linden Motors,2024-07-05,2024-09-03,60,74026.38,2024-08-29,Paid
INV-21308,Cascade Foods,2025-01-13,2025-01-28,15,43398.08,2025-02-11,Paid
INV-21309,Echo Medical,2026-06-21,2026-07-21,30,10072.13,2026-08-05,Paid
INV-21310,Echo Foods,2026-04-27,2026-06-26,60,6757.82,2026-06-09,Paid
INV-21311,Horizon Medical,2026-09-05,2026-10-20,45,11353.16,,Open
INV-21312,Iris Motors,2026-01-22,2026-03-23,60,3906.62,2026-04-04,Paid
INV-21313,Borealis Supply,2024-06-08,2024-06-23,15,25344.97,2024-06-23,Paid
INV-21314,Jetty Foods,2026-08-31,2026-10-15,45,39545.59,,Open
INV-21315,Linden Medical,2024-05-21,2024-06-20,30,2984.91,2024-06-23,Paid
INV-21316,Cascade Medical,2025-10-08,2025-11-07,30,4055.38,2025-11-23,Paid
INV-21317,Borealis Foods,2024-11-11,2024-11-26,15,12464.19,2024-11-30,Paid
INV-21318,Iris Supply,2025-10-28,2025-11-12,15,15080.66,2025-11-16,Paid
INV-21319,Iris Medical,2026-06-21,2026-07-21,30,23373.84,2026-08-13,Paid
INV-21320,Iris Retail,2025-02-14,2025-03-31,45,12027.56,2025-04-12,Paid
INV-21321,Iris Supply,2025-04-25,2025-05-10,15,16185.49,2025-05-21,Paid
INV-21322,Horizon Foods,2024-05-11,2024-06-10,30,23459.7,2024-06-10,Paid
INV-21323,Cascade Medical,2025-10-12,2025-11-11,30,15638.43,2025-11-22,Paid
INV-21324,Kestrel Foods,2024-03-09,2024-05-08,60,13499.01,2024-05-13,Paid
INV-21325,Kestrel Medical,2024-04-24,2024-05-24,30,27958.48,2024-05-25,Paid
INV-21326,Cascade Motors,2025-06-14,2025-07-14,30,14586.88,2025-07-10,Paid
INV-21327,Iris Supply,2025-04-29,2025-05-14,15,25588.59,2025-05-28,Paid
INV-21328,Horizon Supply,2025-01-21,2025-03-22,60,30487.74,2025-03-07,Paid
INV-21329,Cascade Retail,2024-09-28,2024-10-28,30,16790.47,2024-10-22,Paid
INV-21330,Dynamo Motors,2025-05-04,2025-05-19,15,7819.06,2025-05-25,Paid
INV-21331,Echo Foods,2025-12-01,2026-01-30,60,6315.95,2026-02-01,Paid
INV-21332,Dynamo Medical,2025-10-21,2025-12-05,45,27220.58,2025-11-29,Paid
INV-21333,Borealis Medical,2024-10-25,2024-11-24,30,15181.3,2024-11-22,Paid
INV-21334,Kestrel Retail,2026-02-12,2026-03-14,30,5691.24,2026-04-01,Paid
INV-21335,Cascade Supply,2024-06-08,2024-07-23,45,28773.51,2024-07-27,Paid
INV-21336,Echo Foods,2024-09-15,2024-11-14,60,46891.32,2024-12-03,Paid
INV-21337,Atlas Motors,2024-10-10,2024-12-09,60,10513.51,2024-12-18,Paid
INV-21338,Gable Medical,2025-10-17,2025-12-16,60,67261.49,2025-12-30,Paid
INV-21339,Kestrel Foods,2024-09-18,2024-11-17,60,30601.84,2024-11-17,Paid
INV-21340,Iris Supply,2026-07-09,2026-07-24,15,12740.23,2026-07-31,Paid
INV-21341,Atlas Supply,2026-01-14,2026-01-29,15,12517.98,2026-03-06,Paid
INV-21342,Cascade Retail,2026-07-02,2026-08-01,30,4018.83,2026-08-01,Paid
INV-21343,Borealis Supply,2024-07-24,2024-08-08,15,10604.23,2024-08-27,Paid
INV-21344,Cascade Medical,2025-03-18,2025-04-17,30,31071.26,2025-04-22,Paid
INV-21345,Cascade Foods,2026-09-15,2026-09-30,15,12760.69,,Open
INV-21346,Cascade Motors,2025-01-09,2025-02-08,30,16515.14,2025-02-08,Paid
INV-21347,Kestrel Supply,2025-04-10,2025-05-25,45,38364.86,2025-06-03,Paid
INV-21348,Linden Foods,2025-10-24,2025-12-23,60,8891.95,2025-12-26,Paid
INV-21349,Linden Supply,2025-11-08,2025-11-23,15,64671.65,2025-12-21,Paid
INV-21350,Linden Medical,2024-09-21,2024-10-21,30,13872.12,2024-10-22,Paid
INV-21351,Linden Medical,2024-11-07,2024-12-07,30,6189.76,2024-12-14,Paid
INV-21352,Horizon Medical,2025-07-05,2025-08-19,45,13539.36,2025-09-01,Paid
INV-21353,Jetty Motors,2025-07-13,2025-08-12,30,16586.76,2025-08-31,Paid
INV-21354,Borealis Supply,2024-01-24,2024-02-08,15,36851.85,2024-02-22,Paid
INV-21355,Cascade Supply,2025-09-19,2025-11-03,45,17395.62,2025-11-28,Paid
INV-21356,Iris Retail,2024-09-15,2024-10-30,45,40252.02,2024-11-10,Paid
INV-21357,Borealis Retail,2024-07-24,2024-08-23,30,27509.6,2024-09-14,Paid
INV-21358,Atlas Medical,2025-08-19,2025-09-18,30,15539.32,,Open
INV-21359,Dynamo Foods,2025-05-01,2025-05-31,30,11384.32,2025-05-29,Paid
INV-21360,Linden Supply,2026-05-26,2026-06-10,15,12903.87,2026-06-11,Paid
INV-21361,Kestrel Retail,2025-02-22,2025-03-24,30,12306.25,2025-03-30,Paid
INV-21362,Atlas Motors,2025-09-23,2025-11-22,60,12712.59,2025-11-16,Paid
INV-21363,Dynamo Foods,2026-05-06,2026-06-05,30,4659.7,2026-06-16,Paid
INV-21364,Jetty Motors,2026-09-25,2026-10-25,30,21826.77,,Open
INV-21365,Borealis Foods,2026-08-25,2026-09-09,15,24678.46,2026-09-10,Paid
INV-21366,Echo Retail,2024-03-17,2024-04-16,30,16660.87,2024-05-11,Paid
INV-21367,Dynamo Motors,2025-10-21,2025-11-05,15,35355.83,2025-11-07,Paid
INV-21368,Gable Supply,2024-11-19,2024-12-04,15,10732.7,2024-12-07,Paid
INV-21369,Horizon Foods,2025-11-03,2025-12-03,30,17758.6,2025-12-16,Paid
INV-21370,Borealis Supply,2024-06-15,2024-06-30,15,20787.93,2024-06-30,Paid
INV-21371,Jetty Medical,2026-08-13,2026-08-28,15,35183.7,2026-09-04,Paid
INV-21372,Forge Motors,2025-08-26,2025-09-25,30,17369.61,2025-10-18,Paid
INV-21373,Echo Supply,2024-05-08,2024-05-23,15,16371.64,2024-06-03,Paid
INV-21374,Echo Foods,2024-06-27,2024-08-26,60,20027.53,2024-09-04,Paid
INV-21375,Borealis Supply,2026-09-28,2026-10-13,15,55603.01,,Open
INV-21376,Linden Motors,2025-08-19,2025-10-18,60,13765.87,2025-10-11,Paid
INV-21377,Cascade Supply,2024-10-23,2024-12-07,45,14412.7,2024-12-20,Paid
INV-21378,Horizon Retail,2024-04-15,2024-05-30,45,7767.81,2024-06-01,Paid
INV-21379,Echo Retail,2025-11-15,2025-12-15,30,3639.32,2026-01-14,Paid
INV-21380,Cascade Foods,2025-11-26,2025-12-11,15,4569.29,2026-01-15,Paid
INV-21381,Cascade Supply,2025-10-16,2025-11-30,45,11655.72,2025-12-04,Paid
INV-21382,Linden Retail,2025-11-05,2025-11-20,15,19034.26,2025-11-28,Paid
INV-21383,Forge Retail,2024-08-01,2024-08-16,15,4266.4,2024-08-29,Paid
INV-21384,Horizon Motors,2024-11-13,2024-12-13,30,7436.25,2024-12-24,Paid
INV-21385,Horizon Motors,2024-10-26,2024-11-25,30,38936.24,2024-12-07,Paid
INV-21386,Iris Foods,2025-07-19,2025-09-02,45,5757.79,2025-09-18,Paid
INV-21387,Cascade Supply,2026-03-01,2026-04-15,45,5935.92,2026-04-30,Paid
INV-21388,Gable Motors,2024-06-19,2024-08-03,45,23137.62,2024-08-12,Paid
INV-21389,Horizon Medical,2025-10-05,2025-11-19,45,31130.59,2025-12-01,Paid
INV-21390,Forge Retail,2024-11-20,2024-12-05,15,7448.69,2024-12-23,Paid
INV-21391,Linden Supply,2024-01-15,2024-01-30,15,47098.2,2024-01-25,Paid
INV-21392,Gable Retail,2024-07-06,2024-09-04,60,16210.19,2024-10-01,Paid
INV-21393,Kestrel Retail,2024-02-04,2024-03-05,30,6779.55,2024-03-22,Paid
INV-21394,Horizon Medical,2026-03-19,2026-05-03,45,12493.36,2026-05-08,Paid
INV-21395,Cascade Medical,2026-09-14,2026-10-14,30,5611.56,,Open
INV-21396,Forge Retail,2024-11-08,2024-11-23,15,12749.16,2024-12-06,Paid
INV-21397,Dynamo Foods,2024-11-02,2024-12-02,30,27658.64,2024-11-30,Paid
INV-21398,Forge Retail,2024-07-02,2024-07-17,15,59799.18,2024-07-25,Paid
INV-21399,Linden Medical,2025-03-11,2025-04-10,30,22425.76,2025-04-13,Paid
INV-21400,Borealis Medical,2025-03-13,2025-04-12,30,13211.58,2025-04-30,Paid
INV-21401,Atlas Motors,2026-01-22,2026-03-23,60,47221.11,2026-03-22,Paid
INV-21402,Horizon Foods,2024-05-01,2024-05-31,30,6003.4,2024-05-28,Paid
INV-21403,Dynamo Foods,2024-12-06,2025-01-05,30,10866.96,2025-01-10,Paid
INV-21404,Linden Motors,2025-06-19,2025-08-18,60,13859.4,2025-08-19,Paid
INV-21405,Borealis Supply,2024-08-30,2024-09-14,15,37782.13,2024-10-01,Paid
INV-21406,Atlas Supply,2024-12-08,2024-12-23,15,15622.54,,Open
INV-21407,Jetty Retail,2026-01-11,2026-02-10,30,8115.17,2026-02-11,Paid
INV-21408,Dynamo Supply,2024-12-27,2025-01-26,30,13896.0,2025-01-25,Paid
INV-21409,Echo Medical,2024-03-15,2024-04-14,30,9570.29,2024-04-16,Paid
INV-21410,Kestrel Medical,2024-05-26,2024-06-25,30,69140.62,2024-07-03,Paid
INV-21411,Gable Foods,2025-05-15,2025-07-14,60,4346.25,2025-07-23,Paid
INV-21412,Atlas Medical,2025-03-06,2025-04-05,30,19561.53,2025-04-14,Paid
INV-21413,Linden Retail,2024-06-18,2024-07-03,15,46401.42,2024-07-16,Paid
INV-21414,Jetty Supply,2024-08-30,2024-10-14,45,19680.27,2024-11-02,Paid
INV-21415,Kestrel Retail,2025-05-08,2025-06-07,30,5842.47,2025-06-10,Paid
INV-21416,Dynamo Foods,2024-01-23,2024-02-22,30,13478.16,2024-03-11,Paid
INV-21417,Dynamo Retail,2026-09-19,2026-10-19,30,8514.33,,Open
INV-21418,Forge Foods,2024-04-01,2024-05-01,30,4266.55,2024-04-19,Paid
INV-21419,Forge Medical,2024-08-07,2024-09-06,30,25457.43,2024-09-05,Paid
INV-21420,Linden Motors,2026-06-12,2026-08-11,60,16338.35,2026-08-14,Paid
INV-21421,Forge Medical,2026-06-03,2026-07-03,30,46004.72,2026-06-26,Paid
INV-21422,Dynamo Supply,2025-06-21,2025-07-21,30,7332.29,2025-07-15,Paid
INV-21423,Gable Supply,2026-03-25,2026-04-09,15,28699.15,2026-04-04,Paid
INV-21424,Gable Foods,2025-01-16,2025-03-17,60,9801.33,2025-03-24,Paid
INV-21425,Atlas Medical,2026-05-05,2026-06-04,30,62947.2,2026-06-01,Paid
INV-21426,Echo Foods,2025-12-26,2026-02-24,60,3777.01,2026-02-23,Paid
INV-21427,Cascade Motors,2025-08-22,2025-09-21,30,2859.56,2025-09-28,Paid
INV-21428,Gable Medical,2025-10-29,2025-12-28,60,9774.9,2025-12-31,Paid
INV-21429,Atlas Medical,2024-04-23,2024-05-23,30,8495.84,2024-05-28,Paid
INV-21430,Dynamo Foods,2024-02-29,2024-03-30,30,15811.86,2024-04-08,Paid
INV-21431,Forge Retail,2026-05-09,2026-05-24,15,3735.47,2026-05-29,Paid
INV-21432,Horizon Motors,2026-09-27,2026-10-27,30,7870.53,,Open
INV-21433,Kestrel Supply,2024-12-23,2025-02-06,45,15280.44,2025-01-28,Paid
INV-21434,Forge Medical,2025-07-16,2025-08-15,30,22720.51,2025-08-06,Paid
INV-21435,Horizon Motors,2024-02-16,2024-03-17,30,59105.68,2024-03-28,Paid
INV-21436,Forge Supply,2026-07-13,2026-07-28,15,15191.87,2026-09-29,Paid
INV-21437,Jetty Retail,2024-02-07,2024-03-08,30,31132.51,2024-03-16,Paid
INV-21438,Iris Motors,2024-02-29,2024-04-29,60,13797.9,2024-05-15,Paid
INV-21439,Iris Foods,2024-09-13,2024-10-28,45,17620.45,2024-11-07,Paid
INV-21440,Jetty Medical,2025-02-19,2025-03-06,15,20436.84,2025-03-15,Paid
INV-21441,Iris Medical,2025-08-30,2025-09-29,30,43280.54,2025-11-13,Paid
INV-21442,Gable Medical,2026-06-28,2026-08-27,60,8551.89,2026-09-10,Paid
INV-21443,Echo Retail,2025-10-15,2025-11-14,30,21108.49,2025-12-07,Paid
INV-21444,Jetty Foods,2026-03-24,2026-05-08,45,10178.94,2026-05-14,Paid
INV-21445,Iris Medical,2024-03-12,2024-04-11,30,5733.29,2024-04-22,Paid
INV-21446,Dynamo Retail,2025-01-19,2025-02-18,30,23976.01,2025-02-18,Paid
INV-21447,Dynamo Motors,2026-05-24,2026-06-08,15,9920.62,2026-06-23,Paid
INV-21448,Cascade Retail,2025-01-09,2025-02-08,30,2952.73,2025-01-31,Paid
INV-21449,Dynamo Retail,2026-02-10,2026-03-12,30,3040.06,2026-03-12,Paid
INV-21450,Jetty Retail,2026-02-20,2026-03-22,30,7527.88,2026-04-03,Paid
INV-21451,Atlas Motors,2024-12-04,2025-02-02,60,21423.02,2025-02-10,Paid
INV-21452,Gable Foods,2025-06-21,2025-08-20,60,14273.95,2025-08-22,Paid
INV-21453,Horizon Supply,2024-02-06,2024-04-06,60,17049.09,2024-04-10,Paid
INV-21454,Gable Foods,2025-11-25,2026-01-24,60,47165.07,2026-02-14,Paid
INV-21455,Cascade Supply,2024-11-29,2025-01-13,45,29572.23,2025-02-06,Paid
INV-21456,Horizon Supply,2025-02-06,2025-04-07,60,16441.42,2025-04-14,Paid
INV-21457,Jetty Supply,2025-12-14,2026-01-28,45,9278.72,2026-02-08,Paid
INV-21458,Iris Motors,2025-07-04,2025-09-02,60,9332.88,2025-09-21,Paid
INV-21459,Gable Foods,2026-08-26,2026-10-25,60,6287.1,,Open
INV-21460,Borealis Medical,2024-08-28,2024-09-27,30,5007.92,2024-10-14,Paid
INV-21461,Horizon Retail,2025-09-19,2025-11-03,45,8494.51,2025-11-18,Paid
INV-21462,Gable Motors,2026-01-07,2026-02-21,45,17328.49,2026-02-16,Paid
INV-21463,Echo Retail,2026-02-10,2026-03-12,30,6279.01,2026-03-18,Paid
INV-21464,Echo Foods,2024-07-09,2024-09-07,60,32054.73,2024-09-11,Paid
INV-21465,Linden Foods,2024-12-03,2025-02-01,60,4358.06,2025-02-06,Paid
INV-21466,Forge Supply,2024-02-08,2024-02-23,15,53116.2,2024-05-03,Paid
INV-21467,Jetty Motors,2025-12-23,2026-01-22,30,9739.36,2026-01-28,Paid
INV-21468,Forge Retail,2024-12-18,2025-01-02,15,7562.5,2025-01-25,Paid
INV-21469,Jetty Motors,2026-02-10,2026-03-12,30,7667.25,2026-03-29,Paid
INV-21470,Atlas Retail,2025-02-14,2025-04-15,60,7354.46,2025-04-09,Paid
INV-21471,Borealis Retail,2025-01-16,2025-02-15,30,26617.69,2025-03-14,Paid
INV-21472,Jetty Retail,2026-02-24,2026-03-26,30,2842.29,2026-04-10,Paid
INV-21473,Echo Supply,2025-05-08,2025-05-23,15,4999.6,2025-05-28,Paid
INV-21474,Linden Retail,2025-02-15,2025-03-02,15,12528.74,2025-03-19,Paid
INV-21475,Cascade Supply,2025-01-09,2025-02-23,45,20312.73,2025-02-26,Paid
INV-21476,Cascade Retail,2025-06-11,2025-07-11,30,24064.74,2025-07-27,Paid
INV-21477,Forge Supply,2026-09-09,2026-09-24,15,21700.32,,Open
INV-21478,Cascade Retail,2026-04-16,2026-05-16,30,43429.59,2026-05-05,Paid
INV-21479,Cascade Supply,2025-09-11,2025-10-26,45,49921.1,2025-11-14,Paid
INV-21480,Echo Foods,2024-09-01,2024-10-31,60,119834.13,2024-11-13,Paid
INV-21481,Kestrel Supply,2024-01-19,2024-03-04,45,25934.19,2024-03-05,Paid
INV-21482,Dynamo Medical,2024-12-19,2025-02-02,45,14189.7,2025-02-14,Paid
INV-21483,Iris Foods,2025-11-07,2025-12-22,45,15345.47,2026-01-03,Paid
INV-21484,Dynamo Motors,2025-05-04,2025-05-19,15,32003.14,2025-05-21,Paid
INV-21485,Atlas Supply,2024-05-14,2024-05-29,15,1975.07,2024-07-01,Paid
INV-21486,Gable Supply,2024-08-09,2024-08-24,15,34014.04,2024-08-26,Paid
INV-21487,Linden Supply,2025-01-27,2025-02-11,15,81813.44,2025-02-26,Paid
INV-21488,Jetty Retail,2025-02-08,2025-03-10,30,19331.97,2025-03-13,Paid
INV-21489,Echo Foods,2025-07-12,2025-09-10,60,15269.95,2025-09-09,Paid
INV-21490,Dynamo Medical,2024-12-24,2025-02-07,45,7378.9,2025-02-08,Paid
INV-21491,Kestrel Medical,2026-04-30,2026-05-30,30,71579.65,2026-06-15,Paid
INV-21492,Forge Medical,2024-03-08,2024-04-07,30,23926.62,2024-04-13,Paid
INV-21493,Forge Motors,2024-07-05,2024-08-04,30,10491.44,,Open
INV-21494,Atlas Retail,2024-03-04,2024-05-03,60,10942.2,2024-04-29,Paid
INV-21495,Forge Foods,2025-10-18,2025-11-17,30,48062.48,2025-11-12,Paid
INV-21496,Linden Retail,2025-07-25,2025-08-09,15,7977.96,2025-08-21,Paid
INV-21497,Gable Retail,2025-07-04,2025-09-02,60,10735.41,2025-09-20,Paid
INV-21498,Atlas Retail,2026-09-03,2026-11-02,60,6125.01,,Open
INV-21499,Atlas Retail,2026-02-10,2026-04-11,60,21623.07,2026-04-26,Paid
INV-21500,Atlas Foods,2026-03-23,2026-04-22,30,12204.58,2026-05-21,Paid
INV-21501,Jetty Medical,2025-10-09,2025-10-24,15,5996.49,2025-11-20,Paid
INV-21502,Kestrel Retail,2025-07-18,2025-08-17,30,24370.25,2025-08-17,Paid
INV-21503,Gable Foods,2024-08-31,2024-10-30,60,12230.31,2024-11-16,Paid
INV-21504,Kestrel Supply,2025-01-18,2025-03-04,45,23956.2,2025-03-04,Paid
INV-21505,Forge Medical,2025-07-10,2025-08-09,30,15526.87,2025-08-18,Paid
INV-21506,Echo Supply,2025-04-10,2025-04-25,15,45801.24,2025-05-19,Paid
INV-21507,Echo Motors,2025-11-20,2025-12-05,15,22444.2,2025-12-08,Paid
INV-21508,Linden Foods,2026-09-13,2026-11-12,60,11195.3,,Open
INV-21509,Cascade Motors,2025-01-30,2025-03-01,30,10359.78,2025-03-20,Paid
INV-21510,Jetty Supply,2025-09-22,2025-11-06,45,28574.72,2025-11-01,Paid
INV-21511,Echo Motors,2024-07-20,2024-08-04,15,14962.97,2024-08-10,Paid
INV-21512,Gable Supply,2026-08-16,2026-08-31,15,46675.03,2026-09-10,Paid
INV-21513,Echo Medical,2026-09-03,2026-10-03,30,6108.41,,Open
INV-21514,Horizon Supply,2026-07-09,2026-09-07,60,7002.68,2026-09-11,Paid
INV-21515,Kestrel Foods,2025-09-05,2025-11-04,60,27886.74,2025-10-25,Paid
INV-21516,Dynamo Supply,2025-10-02,2025-11-01,30,11937.37,2025-11-01,Paid
INV-21517,Linden Motors,2026-05-01,2026-06-30,60,32954.48,2026-06-26,Paid
INV-21518,Forge Motors,2025-08-08,2025-09-07,30,27860.4,2025-10-12,Paid
INV-21519,Kestrel Foods,2026-08-09,2026-10-08,60,6865.88,,Open
INV-21520,Kestrel Motors,2024-06-03,2024-07-03,30,15680.13,2024-07-10,Paid
INV-21521,Gable Motors,2025-01-12,2025-02-26,45,15246.28,2025-02-20,Paid
INV-21522,Gable Retail,2026-03-27,2026-05-26,60,6628.09,2026-06-23,Paid
INV-21523,Dynamo Supply,2024-07-14,2024-08-13,30,14840.56,2024-08-05,Paid
INV-21524,Iris Retail,2024-10-27,2024-12-11,45,17960.28,2024-12-17,Paid
INV-21525,Jetty Foods,2024-09-16,2024-10-31,45,33421.67,2024-11-01,Paid
INV-21526,Echo Motors,2026-06-07,2026-06-22,15,53045.78,2026-06-22,Paid
INV-21527,Borealis Retail,2025-01-25,2025-02-24,30,47402.59,2025-03-19,Paid
INV-21528,Linden Retail,2025-10-23,2025-11-07,15,16829.97,,Open
INV-21529,Jetty Retail,2025-08-02,2025-09-01,30,25138.8,2025-09-14,Paid
INV-21530,Echo Motors,2024-06-13,2024-06-28,15,7493.58,,Open
INV-21531,Borealis Retail,2025-08-29,2025-09-28,30,15726.78,2025-10-17,Paid
INV-21532,Borealis Retail,2024-09-28,2024-10-28,30,11527.28,2024-11-04,Paid
INV-21533,Iris Medical,2026-05-05,2026-06-04,30,2402.58,2026-06-11,Paid
INV-21534,Atlas Motors,2026-05-12,2026-07-11,60,24227.19,2026-07-19,Paid
INV-21535,Borealis Motors,2024-09-15,2024-10-30,45,10016.08,2024-10-20,Paid
INV-21536,Jetty Medical,2026-05-26,2026-06-10,15,16205.72,2026-06-15,Paid
INV-21537,Gable Retail,2024-03-23,2024-05-22,60,44991.88,2024-06-05,Paid
INV-21538,Borealis Supply,2025-09-24,2025-10-09,15,14953.42,,Open
INV-21539,Echo Motors,2024-07-18,2024-08-02,15,16928.4,2024-08-12,Paid
INV-21540,Jetty Foods,2024-07-11,2024-08-25,45,7519.54,2024-09-06,Paid
INV-21541,Forge Medical,2025-12-12,2026-01-11,30,5568.18,2026-01-08,Paid
INV-21542,Cascade Retail,2024-12-26,2025-01-25,30,7644.25,2025-02-10,Paid
INV-21543,Atlas Medical,2025-03-08,2025-04-07,30,21972.75,2025-04-01,Paid
INV-21544,Iris Supply,2026-06-01,2026-06-16,15,6910.18,2026-06-25,Paid
INV-21545,Jetty Retail,2026-06-04,2026-07-04,30,18548.09,2026-07-25,Paid
INV-21546,Forge Motors,2024-07-27,2024-08-26,30,24917.18,2024-10-03,Paid
INV-21547,Jetty Retail,2024-08-02,2024-09-01,30,2060.73,2024-08-30,Paid
INV-21548,Dynamo Retail,2025-05-05,2025-06-04,30,26600.75,2025-06-04,Paid
INV-21549,Gable Medical,2026-08-25,2026-10-24,60,20548.71,,Open
INV-21550,Jetty Foods,2026-08-23,2026-10-07,45,26438.57,,Open
INV-21551,Jetty Foods,2026-07-08,2026-08-22,45,14465.41,2026-08-22,Paid
INV-21552,Gable Retail,2025-04-26,2025-06-25,60,15879.47,2025-07-26,Paid
INV-21553,Forge Medical,2026-04-12,2026-05-12,30,26668.42,2026-06-01,Paid
INV-21554,Borealis Retail,2025-01-07,2025-02-06,30,29203.56,2025-02-24,Paid
INV-21555,Echo Medical,2025-08-30,2025-09-29,30,15534.36,2025-11-02,Paid
INV-21556,Cascade Retail,2024-01-09,2024-02-08,30,9582.64,2024-01-27,Paid
INV-21557,Borealis Medical,2024-03-21,2024-04-20,30,16521.67,2024-05-19,Paid
INV-21558,Iris Retail,2026-03-31,2026-05-15,45,2574.6,2026-05-20,Paid
INV-21559,Borealis Medical,2024-03-23,2024-04-22,30,13008.53,,Open
INV-21560,Cascade Supply,2024-02-16,2024-04-01,45,30667.05,2024-03-31,Paid
INV-21561,Jetty Foods,2025-12-31,2026-02-14,45,4897.78,2026-02-25,Paid
INV-21562,Iris Medical,2026-05-23,2026-06-22,30,37278.05,2026-07-01,Paid
INV-21563,Dynamo Supply,2024-05-11,2024-06-10,30,4443.14,2024-06-10,Paid
INV-21564,Echo Supply,2026-03-30,2026-04-14,15,12379.22,2026-04-14,Paid
INV-21565,Horizon Foods,2024-01-21,2024-02-20,30,67357.67,2024-02-20,Paid
INV-21566,Echo Motors,2025-01-19,2025-02-03,15,40848.52,2025-02-12,Paid
INV-21567,Borealis Motors,2026-09-17,2026-11-01,45,22898.41,,Open
INV-21568,Linden Foods,2025-12-10,2026-02-08,60,16974.57,2026-02-14,Paid
INV-21569,Gable Motors,2026-06-10,2026-07-25,45,17621.58,2026-07-19,Paid
INV-21570,Kestrel Retail,2025-08-16,2025-09-15,30,8417.74,2025-09-15,Paid
INV-21571,Jetty Motors,2025-11-05,2025-12-05,30,36941.13,2025-12-21,Paid
INV-21572,Echo Supply,2026-08-07,2026-08-22,15,26981.37,2026-08-22,Paid
INV-21573,Gable Supply,2025-03-25,2025-04-09,15,17735.27,2025-04-12,Paid
INV-21574,Cascade Foods,2025-11-24,2025-12-09,15,4317.89,2026-01-02,Paid
INV-21575,Linden Supply,2025-03-10,2025-03-25,15,66486.24,2025-03-27,Paid
INV-21576,Cascade Retail,2026-04-18,2026-05-18,30,34831.39,2026-04-28,Paid
INV-21577,Forge Motors,2025-06-24,2025-07-24,30,23298.57,2025-08-15,Paid
INV-21578,Kestrel Motors,2025-10-11,2025-11-10,30,6449.33,2025-11-02,Paid
INV-21579,Iris Foods,2026-02-28,2026-04-14,45,9410.41,2026-04-30,Paid
INV-21580,Linden Medical,2026-09-18,2026-10-18,30,16491.75,,Open
INV-21581,Borealis Foods,2025-03-30,2025-04-14,15,6928.99,2025-04-21,Paid
INV-21582,Horizon Motors,2024-04-26,2024-05-26,30,5871.92,2024-05-13,Paid
INV-21583,Borealis Motors,2024-09-03,2024-10-18,45,11574.12,2024-10-19,Paid
INV-21584,Forge Motors,2024-06-07,2024-07-07,30,40988.64,2024-08-05,Paid
INV-21585,Horizon Motors,2024-10-17,2024-11-16,30,14546.5,2024-11-23,Paid
INV-21586,Echo Supply,2026-06-09,2026-06-24,15,25187.29,2026-07-01,Paid
INV-21587,Atlas Foods,2026-02-23,2026-03-25,30,3580.39,2026-04-01,Paid
INV-21588,Dynamo Motors,2024-05-02,2024-05-17,15,6500.49,2024-05-28,Paid
INV-21589,Cascade Foods,2025-02-25,2025-03-12,15,21490.8,2025-03-30,Paid
INV-21590,Iris Motors,2026-06-24,2026-08-23,60,10537.8,2026-08-17,Paid
INV-21591,Kestrel Medical,2025-07-23,2025-08-22,30,2577.48,2025-09-22,Paid
INV-21592,Atlas Retail,2025-10-30,2025-12-29,60,8875.47,2025-12-25,Paid
INV-21593,Jetty Foods,2026-03-16,2026-04-30,45,28030.16,2026-05-10,Paid
INV-21594,Cascade Motors,2025-07-20,2025-08-19,30,53206.25,2025-09-09,Paid
INV-21595,Linden Medical,2026-01-07,2026-02-06,30,8743.95,2026-02-08,Paid
INV-21596,Horizon Retail,2026-09-04,2026-10-19,45,6881.72,,Open
INV-21597,Forge Retail,2026-03-02,2026-03-17,15,6045.48,2026-03-23,Paid
INV-21598,Iris Retail,2025-12-14,2026-01-28,45,13316.75,2026-02-09,Paid
INV-21599,Iris Foods,2025-08-03,2025-09-17,45,110384.52,,Open
INV-21600,Linden Retail,2026-01-19,2026-02-03,15,7896.25,2026-03-11,Paid
INV-21601,Forge Medical,2025-07-20,2025-08-19,30,14003.58,2025-08-22,Paid
INV-21602,Borealis Medical,2026-02-06,2026-03-08,30,27287.26,2026-03-23,Paid
INV-21603,Borealis Motors,2025-12-10,2026-01-24,45,14215.65,2026-02-10,Paid
INV-21604,Forge Medical,2024-06-03,2024-07-03,30,96114.56,2024-07-10,Paid
INV-21605,Kestrel Foods,2024-05-14,2024-07-13,60,18903.0,2024-07-26,Paid
INV-21606,Linden Retail,2025-03-14,2025-03-29,15,15121.16,,Open
INV-21607,Jetty Medical,2024-06-11,2024-06-26,15,4080.46,2024-07-08,Paid
INV-21608,Kestrel Foods,2024-07-20,2024-09-18,60,4519.19,2024-09-20,Paid
INV-21609,Echo Foods,2026-02-05,2026-04-06,60,27045.78,2026-04-19,Paid
INV-21610,Atlas Retail,2025-11-18,2026-01-17,60,16333.53,2026-01-05,Paid
INV-21611,Kestrel Medical,2026-01-18,2026-02-17,30,40885.87,2026-03-10,Paid
INV-21612,Borealis Motors,2025-08-15,2025-09-29,45,15710.37,2025-09-25,Paid
INV-21613,Cascade Retail,2024-08-20,2024-09-19,30,8990.32,2024-09-12,Paid
INV-21614,Gable Medical,2025-06-28,2025-08-27,60,26532.64,2025-08-27,Paid
INV-21615,Forge Retail,2024-06-16,2024-07-01,15,9018.23,2024-07-04,Paid
INV-21616,Forge Retail,2024-02-11,2024-02-26,15,6360.96,2024-02-26,Paid
INV-21617,Linden Foods,2025-09-10,2025-11-09,60,13966.78,2025-11-26,Paid
INV-21618,Borealis Motors,2025-07-20,2025-09-03,45,5505.41,2025-09-09,Paid
INV-21619,Forge Medical,2025-08-28,2025-09-27,30,10351.8,2025-09-30,Paid
INV-21620,Gable Foods,2025-08-10,2025-10-09,60,9610.04,2025-10-21,Paid
INV-21621,Dynamo Motors,2025-10-07,2025-10-22,15,10454.67,2025-10-25,Paid
INV-21622,Jetty Retail,2026-06-17,2026-07-17,30,17966.2,2026-08-02,Paid
INV-21623,Horizon Medical,2025-08-27,2025-10-11,45,7015.68,2025-10-29,Paid
INV-21624,Atlas Supply,2024-03-10,2024-03-25,15,18870.82,2024-04-14,Paid
INV-21625,Iris Medical,2025-10-12,2025-11-11,30,11968.36,2025-11-23,Paid
INV-21626,Dynamo Retail,2025-12-04,2026-01-03,30,17085.78,2026-01-15,Paid
INV-21627,Horizon Medical,2025-09-12,2025-10-27,45,16944.63,2025-11-19,Paid
INV-21628,Kestrel Supply,2026-04-30,2026-06-14,45,19580.38,2026-06-21,Paid
INV-21629,Iris Foods,2025-08-31,2025-10-15,45,26091.65,2025-11-15,Paid
INV-21630,Horizon Supply,2026-02-18,2026-04-19,60,3263.42,2026-04-14,Paid
INV-21631,Gable Motors,2026-05-04,2026-06-18,45,11857.03,2026-06-16,Paid
INV-21632,Echo Retail,2024-06-18,2024-07-18,30,21019.9,2024-07-23,Paid
INV-21633,Horizon Supply,2026-09-11,2026-11-10,60,5615.5,,Open
INV-21634,Linden Foods,2025-08-09,2025-10-08,60,8472.22,2025-10-11,Paid
INV-21635,Atlas Foods,2025-05-02,2025-06-01,30,6903.41,2025-06-10,Paid
INV-21636,Dynamo Retail,2024-02-07,2024-03-08,30,19901.49,2024-03-11,Paid
INV-21637,Cascade Medical,2025-09-01,2025-10-01,30,47522.54,2025-10-08,Paid
INV-21638,Atlas Supply,2025-06-22,2025-07-07,15,20113.73,2025-07-22,Paid
INV-21639,Gable Supply,2025-04-19,2025-05-04,15,5549.11,2025-05-11,Paid
INV-21640,Horizon Medical,2025-04-23,2025-06-07,45,11180.05,2025-06-12,Paid
INV-21641,Jetty Medical,2024-08-03,2024-08-18,15,7101.02,2024-08-21,Paid
INV-21642,Cascade Motors,2024-03-15,2024-04-14,30,31733.13,2024-04-26,Paid
INV-21643,Echo Supply,2024-01-30,2024-02-14,15,40534.18,2024-02-11,Paid
INV-21644,Dynamo Medical,2024-10-31,2024-12-15,45,18864.03,2024-12-13,Paid
INV-21645,Cascade Retail,2026-04-23,2026-05-23,30,25919.68,2026-05-24,Paid
INV-21646,Echo Motors,2025-07-03,2025-07-18,15,34724.97,2025-07-17,Paid
INV-21647,Jetty Retail,2025-09-29,2025-10-29,30,12830.33,2025-11-10,Paid
INV-21648,Kestrel Motors,2025-12-24,2026-01-23,30,14718.84,2026-02-20,Paid
INV-21649,Forge Motors,2026-02-24,2026-03-26,30,2374.46,2026-05-02,Paid
INV-21650,Atlas Motors,2024-05-29,2024-07-28,60,14616.99,2024-07-30,Paid
INV-21651,Forge Supply,2024-06-09,2024-06-24,15,9101.4,2024-08-13,Paid
INV-21652,Borealis Medical,2026-04-15,2026-05-15,30,11221.96,2026-05-19,Paid
INV-21653,Cascade Retail,2024-12-01,2024-12-31,30,14481.72,2024-12-30,Paid
INV-21654,Dynamo Medical,2026-04-15,2026-05-30,45,8549.11,2026-06-06,Paid
INV-21655,Atlas Motors,2026-01-06,2026-03-07,60,7905.6,2026-03-11,Paid
INV-21656,Gable Supply,2024-08-07,2024-08-22,15,24920.07,2024-08-30,Paid
INV-21657,Cascade Foods,2026-02-03,2026-02-18,15,11638.29,2026-03-06,Paid
INV-21658,Echo Supply,2025-06-15,2025-06-30,15,17413.02,2025-06-27,Paid
INV-21659,Horizon Supply,2026-07-02,2026-08-31,60,20690.69,2026-09-14,Paid
INV-21660,Cascade Motors,2025-12-02,2026-01-01,30,7388.73,2026-01-13,Paid
INV-21661,Echo Foods,2026-05-28,2026-07-27,60,21923.55,2026-08-02,Paid
INV-21662,Forge Supply,2025-05-28,2025-06-12,15,16029.32,2025-08-12,Paid
INV-21663,Borealis Supply,2025-08-02,2025-08-17,15,16868.38,2025-09-15,Paid
INV-21664,Kestrel Motors,2026-01-22,2026-02-21,30,29768.76,2026-03-18,Paid
INV-21665,Dynamo Motors,2026-02-10,2026-02-25,15,43103.64,2026-03-04,Paid
INV-21666,Dynamo Motors,2025-01-24,2025-02-08,15,27007.72,2025-02-20,Paid
INV-21667,Gable Foods,2024-03-03,2024-05-02,60,23496.19,2024-05-13,Paid
INV-21668,Linden Supply,2026-01-05,2026-01-20,15,28084.75,2026-01-22,Paid
INV-21669,Iris Retail,2024-08-25,2024-10-09,45,11319.51,2024-10-08,Paid
INV-21670,Iris Retail,2026-09-18,2026-11-02,45,6101.28,,Open
INV-21671,Kestrel Retail,2025-05-07,2025-06-06,30,10783.74,2025-06-05,Paid
INV-21672,Linden Foods,2026-02-21,2026-04-22,60,9971.51,2026-05-15,Paid
INV-21673,Kestrel Foods,2024-11-27,2025-01-26,60,7303.25,2025-02-02,Paid
INV-21674,Iris Supply,2025-03-11,2025-03-26,15,8548.59,2025-04-18,Paid
INV-21675,Jetty Foods,2024-09-19,2024-11-03,45,2263.25,2024-11-18,Paid
INV-21676,Borealis Medical,2026-05-11,2026-06-10,30,19923.93,2026-06-24,Paid
INV-21677,Forge Medical,2024-11-14,2024-12-14,30,38075.79,2024-12-03,Paid
INV-21678,Atlas Retail,2024-10-01,2024-11-30,60,4908.88,2024-12-01,Paid
INV-21679,Borealis Motors,2024-07-08,2024-08-22,45,9319.53,2024-09-07,Paid
INV-21680,Echo Retail,2026-03-04,2026-04-03,30,18775.44,2026-04-12,Paid
INV-21681,Borealis Foods,2025-09-07,2025-09-22,15,27164.09,2025-09-21,Paid
INV-21682,Iris Motors,2025-12-13,2026-02-11,60,20008.87,2026-02-05,Paid
INV-21683,Borealis Foods,2024-04-13,2024-04-28,15,3145.02,2024-05-03,Paid
INV-21684,Dynamo Medical,2026-07-09,2026-08-23,45,54309.86,2026-08-19,Paid
INV-21685,Cascade Foods,2025-10-30,2025-11-14,15,24054.59,2025-11-28,Paid
INV-21686,Borealis Foods,2026-08-28,2026-09-12,15,18905.92,2026-09-24,Paid
INV-21687,Dynamo Motors,2025-01-11,2025-01-26,15,14591.62,2025-01-28,Paid
INV-21688,Forge Motors,2026-01-05,2026-02-04,30,16296.17,2026-03-04,Paid
INV-21689,Linden Retail,2024-07-21,2024-08-05,15,63564.45,2024-08-18,Paid
INV-21690,Gable Foods,2026-01-09,2026-03-10,60,19863.79,2026-03-12,Paid
INV-21691,Borealis Supply,2024-11-02,2024-11-17,15,63323.35,2024-11-22,Paid
INV-21692,Borealis Supply,2026-07-25,2026-08-09,15,21554.07,2026-09-10,Paid
INV-21693,Kestrel Motors,2024-03-22,2024-04-21,30,32066.42,2024-04-28,Paid
INV-21694,Kestrel Foods,2024-02-22,2024-04-22,60,5535.04,2024-04-22,Paid
INV-21695,Horizon Medical,2025-02-19,2025-04-05,45,18288.03,2025-04-14,Paid
INV-21696,Atlas Foods,2026-07-17,2026-08-16,30,21563.25,2026-09-09,Paid
INV-21697,Dynamo Motors,2025-08-14,2025-08-29,15,15764.84,2025-09-09,Paid
INV-21698,Iris Medical,2026-07-23,2026-08-22,30,12314.17,,Open
INV-21699,Echo Foods,2025-05-13,2025-07-12,60,9521.21,2025-07-20,Paid
INV-21700,Linden Supply,2024-06-24,2024-07-09,15,15462.57,2024-07-24,Paid
INV-21701,Kestrel Medical,2025-08-20,2025-09-19,30,22955.86,2025-09-30,Paid
INV-21702,Cascade Supply,2025-11-06,2025-12-21,45,19677.33,2025-12-21,Paid
INV-21703,Kestrel Medical,2025-07-28,2025-08-27,30,6861.69,2025-09-01,Paid
INV-21704,Dynamo Motors,2025-12-05,2025-12-20,15,9295.05,2025-12-24,Paid
INV-21705,Iris Retail,2026-07-07,2026-08-21,45,10568.02,2026-09-05,Paid
INV-21706,Borealis Supply,2025-10-28,2025-11-12,15,9435.46,2025-11-20,Paid
INV-21707,Forge Foods,2026-06-12,2026-07-12,30,11543.04,2026-07-15,Paid
INV-21708,Dynamo Foods,2025-04-10,2025-05-10,30,20644.43,2025-05-21,Paid
INV-21709,Echo Medical,2025-01-01,2025-01-31,30,5537.77,2025-02-11,Paid
INV-21710,Gable Supply,2025-01-01,2025-01-16,15,13916.3,2025-02-05,Paid
INV-21711,Jetty Motors,2024-08-28,2024-09-27,30,5131.07,2024-10-06,Paid
INV-21712,Linden Motors,2026-06-03,2026-08-02,60,5846.92,2026-08-07,Paid
INV-21713,Linden Supply,2026-02-11,2026-02-26,15,8586.09,2026-02-15,Paid
INV-21714,Linden Motors,2025-12-14,2026-02-12,60,48354.19,2026-02-08,Paid
INV-21715,Horizon Motors,2024-12-14,2025-01-13,30,26825.56,2025-01-15,Paid
INV-21716,Horizon Motors,2026-08-14,2026-09-13,30,15049.76,2026-09-01,Paid
INV-21717,Kestrel Foods,2025-07-04,2025-09-02,60,48472.91,2025-09-05,Paid
INV-21718,Dynamo Motors,2026-07-13,2026-07-28,15,7199.71,2026-07-26,Paid
INV-21719,Gable Foods,2024-01-03,2024-03-03,60,33480.68,2024-03-07,Paid
INV-21720,Dynamo Foods,2026-06-21,2026-07-21,30,8219.05,2026-08-11,Paid
INV-21721,Gable Motors,2025-02-09,2025-03-26,45,23820.14,2025-04-08,Paid
INV-21722,Iris Supply,2025-02-19,2025-03-06,15,12103.7,2025-04-06,Paid
INV-21723,Linden Motors,2025-01-24,2025-03-25,60,10311.41,2025-04-02,Paid
INV-21724,Cascade Medical,2024-11-02,2024-12-02,30,12279.96,2024-12-11,Paid
INV-21725,Gable Motors,2026-08-04,2026-09-18,45,22742.5,,Open
INV-21726,Kestrel Medical,2025-03-05,2025-04-04,30,4641.62,2025-04-05,Paid
INV-21727,Iris Motors,2025-10-27,2025-12-26,60,24626.73,2025-12-15,Paid
INV-21728,Forge Retail,2024-01-15,2024-01-30,15,6240.04,2024-02-10,Paid
INV-21729,Jetty Supply,2024-10-21,2024-12-05,45,63868.21,2024-12-17,Paid
INV-21730,Horizon Supply,2025-06-30,2025-08-29,60,22080.32,2025-08-29,Paid
INV-21731,Atlas Retail,2025-01-07,2025-03-08,60,13592.98,2025-03-20,Paid
INV-21732,Echo Foods,2026-08-07,2026-10-06,60,34113.67,,Open
INV-21733,Forge Supply,2025-07-05,2025-07-20,15,18530.53,2025-09-21,Paid
INV-21734,Kestrel Foods,2024-11-10,2025-01-09,60,40037.99,2025-01-13,Paid
INV-21735,Jetty Medical,2025-03-15,2025-03-30,15,4863.28,2025-04-12,Paid
INV-21736,Linden Retail,2026-08-10,2026-08-25,15,52660.93,2026-09-15,Paid
INV-21737,Echo Foods,2026-08-03,2026-10-02,60,11894.42,,Open
INV-21738,Atlas Medical,2024-01-25,2024-02-24,30,60494.04,2024-02-21,Paid
INV-21739,Borealis Supply,2026-03-27,2026-04-11,15,4781.69,2026-04-11,Paid
INV-21740,Borealis Retail,2026-04-24,2026-05-24,30,19087.9,2026-06-11,Paid
INV-21741,Forge Retail,2025-09-05,2025-09-20,15,8676.04,2025-10-15,Paid
INV-21742,Atlas Supply,2026-06-25,2026-07-10,15,74344.03,2026-08-03,Paid
INV-21743,Dynamo Retail,2024-08-26,2024-09-25,30,33248.76,2024-10-02,Paid
INV-21744,Jetty Motors,2024-02-09,2024-03-10,30,47126.35,2024-03-25,Paid
INV-21745,Jetty Foods,2025-06-30,2025-08-14,45,21498.51,2025-08-16,Paid
INV-21746,Dynamo Retail,2026-04-04,2026-05-04,30,3639.81,2026-05-14,Paid
INV-21747,Forge Motors,2024-09-13,2024-10-13,30,41982.21,2024-11-14,Paid
INV-21748,Dynamo Retail,2024-12-14,2025-01-13,30,12527.75,2025-01-21,Paid
INV-21749,Cascade Medical,2024-01-14,2024-02-13,30,9322.78,2024-02-17,Paid
INV-21750,Iris Foods,2025-06-18,2025-08-02,45,43742.56,2025-08-10,Paid
INV-21751,Kestrel Supply,2024-05-15,2024-06-29,45,6739.14,2024-07-09,Paid
INV-21752,Dynamo Supply,2024-07-05,2024-08-04,30,11993.49,2024-08-05,Paid
INV-21753,Cascade Foods,2024-10-24,2024-11-08,15,9027.14,2024-11-19,Paid
INV-21754,Kestrel Motors,2024-02-07,2024-03-08,30,32836.97,2024-03-08,Paid
INV-21755,Dynamo Foods,2025-11-05,2025-12-05,30,39010.76,2025-12-24,Paid
INV-21756,Kestrel Foods,2026-04-18,2026-06-17,60,7655.99,2026-06-21,Paid
INV-21757,Linden Supply,2024-05-23,2024-06-07,15,22436.14,2024-06-19,Paid
INV-21758,Atlas Medical,2025-04-03,2025-05-03,30,20865.63,2025-05-17,Paid
INV-21759,Echo Retail,2026-04-21,2026-05-21,30,5526.72,2026-05-23,Paid
INV-21760,Jetty Supply,2025-02-27,2025-04-13,45,21454.99,2025-04-26,Paid
INV-21761,Cascade Supply,2026-05-01,2026-06-15,45,11815.31,2026-06-26,Paid
INV-21762,Echo Motors,2025-06-16,2025-07-01,15,29469.96,2025-07-01,Paid
INV-21763,Atlas Foods,2026-04-30,2026-05-30,30,12165.63,2026-06-23,Paid
INV-21764,Linden Foods,2024-10-25,2024-12-24,60,10760.11,2025-01-02,Paid
INV-21765,Iris Medical,2024-04-13,2024-05-13,30,17542.67,2024-06-01,Paid
INV-21766,Borealis Medical,2025-11-29,2025-12-29,30,24624.24,2026-01-16,Paid
INV-21767,Linden Supply,2025-01-13,2025-01-28,15,110826.82,2025-01-28,Paid
INV-21768,Dynamo Foods,2026-02-04,2026-03-06,30,15200.56,2026-03-15,Paid
INV-21769,Jetty Supply,2025-12-25,2026-02-08,45,32251.11,2026-01-25,Paid
INV-21770,Iris Motors,2024-03-24,2024-05-23,60,16518.13,2024-06-02,Paid
INV-21771,Forge Motors,2025-07-17,2025-08-16,30,4827.44,2025-09-11,Paid
INV-21772,Forge Retail,2026-01-13,2026-01-28,15,3790.3,2026-02-10,Paid
INV-21773,Forge Retail,2026-02-09,2026-02-24,15,22305.38,2026-03-09,Paid
INV-21774,Borealis Motors,2025-06-13,2025-07-28,45,9360.88,,Open
INV-21775,Echo Supply,2025-02-12,2025-02-27,15,8491.7,2025-03-13,Paid
INV-21776,Cascade Medical,2026-09-07,2026-10-07,30,20142.13,,Open
INV-21777,Iris Medical,2024-04-04,2024-05-04,30,14900.25,2024-05-04,Paid
INV-21778,Dynamo Supply,2026-07-11,2026-08-10,30,10040.17,2026-08-07,Paid
INV-21779,Jetty Foods,2024-01-18,2024-03-03,45,10969.07,2024-02-28,Paid
INV-21780,Cascade Motors,2026-08-15,2026-09-14,30,3948.4,2026-09-04,Paid
INV-21781,Horizon Supply,2026-03-18,2026-05-17,60,26313.94,2026-05-14,Paid
INV-21782,Borealis Motors,2024-05-15,2024-06-29,45,6680.64,2024-07-16,Paid
INV-21783,Forge Motors,2026-08-13,2026-09-12,30,5309.34,,Open
INV-21784,Dynamo Foods,2026-03-21,2026-04-20,30,24620.64,2026-04-20,Paid
INV-21785,Cascade Retail,2026-09-12,2026-10-12,30,23678.15,,Open
INV-21786,Forge Motors,2026-01-08,2026-02-07,30,16296.11,2026-02-28,Paid
INV-21787,Horizon Supply,2024-01-29,2024-03-29,60,17170.44,2024-04-03,Paid
INV-21788,Jetty Medical,2024-02-28,2024-03-14,15,10720.27,2024-03-27,Paid
INV-21789,Jetty Retail,2026-09-06,2026-10-06,30,10739.24,2026-09-24,Paid
INV-21790,Echo Supply,2025-04-17,2025-05-02,15,10882.61,2025-05-06,Paid
INV-21791,Gable Medical,2024-12-08,2025-02-06,60,15332.7,2025-02-19,Paid
INV-21792,Iris Retail,2026-07-16,2026-08-30,45,8201.53,2026-09-04,Paid
INV-21793,Cascade Medical,2026-06-29,2026-07-29,30,10269.08,2026-07-28,Paid
INV-21794,Gable Medical,2024-11-02,2025-01-01,60,20950.45,2025-01-01,Paid
INV-21795,Borealis Retail,2024-06-28,2024-07-28,30,16109.74,2024-08-18,Paid
INV-21796,Echo Medical,2025-04-01,2025-05-01,30,13904.4,2025-05-27,Paid
INV-21797,Atlas Motors,2024-07-30,2024-09-28,60,14201.86,2024-10-15,Paid
INV-21798,Iris Medical,2025-06-08,2025-07-08,30,7010.35,2025-07-24,Paid
INV-21799,Linden Motors,2026-07-14,2026-09-12,60,6670.97,2026-09-07,Paid
INV-21800,Horizon Motors,2024-03-22,2024-04-21,30,22485.76,2024-04-20,Paid
INV-21801,Forge Foods,2026-03-04,2026-04-03,30,18770.39,2026-03-29,Paid
INV-21802,Atlas Retail,2026-09-22,2026-11-21,60,32163.75,,Open
INV-21803,Borealis Medical,2025-06-15,2025-07-15,30,27195.7,2025-07-23,Paid
INV-21804,Iris Medical,2026-09-28,2026-10-28,30,11784.1,,Open
INV-21805,Linden Supply,2025-03-01,2025-03-16,15,25903.17,2025-04-04,Paid
INV-21806,Linden Supply,2025-01-31,2025-02-15,15,7097.74,2025-02-06,Paid
INV-21807,Forge Supply,2026-08-27,2026-09-11,15,39584.63,,Open
INV-21808,Gable Foods,2024-11-02,2025-01-01,60,3914.06,2024-12-26,Paid
INV-21809,Jetty Motors,2025-04-12,2025-05-12,30,23639.7,2025-05-10,Paid
INV-21810,Jetty Motors,2026-05-28,2026-06-27,30,22868.65,2026-07-13,Paid
INV-21811,Borealis Foods,2024-03-14,2024-03-29,15,20748.13,2024-03-28,Paid
INV-21812,Linden Supply,2025-12-04,2025-12-19,15,7992.31,2025-12-29,Paid
INV-21813,Dynamo Foods,2025-10-28,2025-11-27,30,16427.65,2025-12-13,Paid
INV-21814,Linden Medical,2026-05-01,2026-05-31,30,28843.61,2026-05-30,Paid
INV-21815,Jetty Motors,2025-04-08,2025-05-08,30,24186.01,2025-05-27,Paid
INV-21816,Horizon Retail,2024-04-06,2024-05-21,45,26434.51,2024-06-04,Paid
INV-21817,Dynamo Medical,2025-11-24,2026-01-08,45,5065.12,2025-12-20,Paid
INV-21818,Linden Foods,2026-09-28,2026-11-27,60,36034.63,,Open
INV-21819,Atlas Medical,2024-09-09,2024-10-09,30,19741.05,2024-10-12,Paid
INV-21820,Horizon Foods,2025-03-06,2025-04-05,30,38819.56,2025-04-02,Paid
INV-21821,Iris Supply,2024-08-01,2024-08-16,15,10882.19,2024-08-22,Paid
INV-21822,Iris Foods,2026-01-03,2026-02-17,45,7220.56,2026-03-11,Paid
INV-21823,Borealis Supply,2025-01-29,2025-02-13,15,62152.42,2025-02-28,Paid
INV-21824,Linden Motors,2024-03-08,2024-05-07,60,11137.34,2024-05-12,Paid
INV-21825,Atlas Motors,2026-03-22,2026-05-21,60,68776.67,2026-06-02,Paid
INV-21826,Forge Foods,2026-08-31,2026-09-30,30,27922.6,,Open
INV-21827,Borealis Medical,2025-12-24,2026-01-23,30,5735.37,2026-01-29,Paid
INV-21828,Horizon Supply,2024-05-29,2024-07-28,60,15250.66,2024-07-20,Paid
INV-21829,Horizon Retail,2026-03-18,2026-05-02,45,21638.25,2026-05-14,Paid
INV-21830,Borealis Foods,2025-06-15,2025-06-30,15,7488.56,2025-06-24,Paid
INV-21831,Borealis Retail,2026-02-13,2026-03-15,30,25110.51,2026-04-04,Paid
INV-21832,Horizon Retail,2024-02-28,2024-04-13,45,40426.47,2024-04-15,Paid
INV-21833,Dynamo Foods,2026-07-02,2026-08-01,30,8564.55,2026-08-23,Paid
INV-21834,Jetty Supply,2025-12-14,2026-01-28,45,17248.29,2026-02-11,Paid
INV-21835,Borealis Medical,2025-03-04,2025-04-03,30,31314.82,2025-04-15,Paid
INV-21836,Iris Medical,2026-01-16,2026-02-15,30,14494.9,2026-03-07,Paid
INV-21837,Borealis Foods,2026-09-29,2026-10-14,15,15991.15,,Open
INV-21838,Dynamo Medical,2025-03-25,2025-05-09,45,14724.68,2025-05-17,Paid
INV-21839,Jetty Retail,2025-07-20,2025-08-19,30,15301.43,2025-08-22,Paid
INV-21840,Horizon Retail,2026-05-08,2026-06-22,45,15448.18,2026-07-11,Paid
INV-21841,Borealis Foods,2024-01-20,2024-02-04,15,6318.85,2024-01-31,Paid
INV-21842,Atlas Medical,2025-01-26,2025-02-25,30,11274.85,2025-02-25,Paid
INV-21843,Iris Supply,2024-11-03,2024-11-18,15,27345.12,2024-12-05,Paid
INV-21844,Atlas Foods,2026-04-23,2026-05-23,30,3005.92,2026-05-25,Paid
INV-21845,Dynamo Retail,2026-07-27,2026-08-26,30,52569.83,2026-08-20,Paid
INV-21846,Iris Supply,2025-07-21,2025-08-05,15,14241.97,2025-08-14,Paid
INV-21847,Horizon Retail,2026-01-06,2026-02-20,45,7415.13,2026-03-08,Paid
INV-21848,Forge Supply,2024-12-25,2025-01-09,15,17267.3,2025-03-10,Paid
INV-21849,Borealis Foods,2024-08-23,2024-09-07,15,10450.62,2024-08-31,Paid
INV-21850,Borealis Supply,2025-04-19,2025-05-04,15,133004.5,2025-04-29,Paid
INV-21851,Cascade Foods,2024-09-10,2024-09-25,15,12807.34,2024-09-16,Paid
INV-21852,Echo Supply,2025-04-23,2025-05-08,15,12382.06,2025-05-01,Paid
INV-21853,Linden Motors,2025-06-07,2025-08-06,60,8585.64,2025-08-04,Paid
INV-21854,Horizon Supply,2025-06-17,2025-08-16,60,4428.98,2025-08-23,Paid
INV-21855,Dynamo Foods,2025-09-20,2025-10-20,30,19950.11,2025-11-02,Paid
INV-21856,Cascade Medical,2024-07-01,2024-07-31,30,26224.05,2024-08-19,Paid
INV-21857,Atlas Motors,2024-07-26,2024-09-24,60,34584.34,2024-09-27,Paid
INV-21858,Iris Motors,2025-05-31,2025-07-30,60,5303.17,2025-08-07,Paid
INV-21859,Gable Medical,2025-07-06,2025-09-04,60,42931.64,2025-09-18,Paid
INV-21860,Gable Foods,2024-12-22,2025-02-20,60,38648.94,2025-02-24,Paid
INV-21861,Gable Medical,2025-07-17,2025-09-15,60,8283.93,2025-09-19,Paid
INV-21862,Cascade Foods,2025-05-07,2025-05-22,15,6550.12,2025-06-14,Paid
INV-21863,Cascade Retail,2024-01-07,2024-02-06,30,9861.57,2024-02-06,Paid
INV-21864,Jetty Motors,2024-07-03,2024-08-02,30,6917.22,2024-08-16,Paid
INV-21865,Iris Motors,2026-01-29,2026-03-30,60,23602.09,2026-04-14,Paid
INV-21866,Linden Supply,2026-08-29,2026-09-13,15,30794.67,2026-09-13,Paid
INV-21867,Cascade Medical,2025-03-14,2025-04-13,30,14130.2,2025-05-02,Paid
INV-21868,Jetty Foods,2026-01-03,2026-02-17,45,17849.7,2026-02-04,Paid
INV-21869,Kestrel Motors,2025-05-30,2025-06-29,30,33567.53,2025-07-09,Paid
INV-21870,Gable Foods,2025-02-21,2025-04-22,60,31340.4,2025-05-10,Paid
INV-21871,Linden Supply,2025-09-20,2025-10-05,15,1880.63,2025-10-01,Paid
INV-21872,Cascade Medical,2024-08-05,2024-09-04,30,10834.9,2024-08-30,Paid
INV-21873,Kestrel Medical,2024-02-17,2024-03-18,30,26563.3,2024-04-10,Paid
INV-21874,Iris Medical,2024-08-14,2024-09-13,30,8739.33,2024-09-18,Paid
INV-21875,Jetty Medical,2025-06-05,2025-06-20,15,5446.28,2025-07-16,Paid
INV-21876,Linden Motors,2025-07-26,2025-09-24,60,12668.56,2025-09-24,Paid
INV-21877,Kestrel Retail,2026-04-20,2026-05-20,30,3654.58,2026-05-21,Paid
INV-21878,Gable Motors,2025-06-27,2025-08-11,45,33716.11,2025-08-06,Paid
INV-21879,Kestrel Retail,2026-02-14,2026-03-16,30,87477.15,2026-04-01,Paid
INV-21880,Atlas Motors,2025-02-26,2025-04-27,60,6228.26,2025-04-13,Paid
INV-21881,Jetty Retail,2025-06-02,2025-07-02,30,3602.25,2025-07-17,Paid
INV-21882,Kestrel Retail,2024-01-30,2024-02-29,30,30940.52,2024-03-10,Paid
INV-21883,Forge Supply,2026-08-11,2026-08-26,15,18877.7,,Open
INV-21884,Linden Retail,2025-01-15,2025-01-30,15,15222.72,2025-02-16,Paid
INV-21885,Jetty Supply,2026-09-17,2026-11-01,45,12831.23,,Open
INV-21886,Iris Medical,2026-05-12,2026-06-11,30,57788.75,2026-07-03,Paid
INV-21887,Gable Supply,2024-08-12,2024-08-27,15,13703.74,2024-09-09,Paid
INV-21888,Linden Medical,2025-04-13,2025-05-13,30,43901.98,2025-05-14,Paid
INV-21889,Gable Medical,2026-02-14,2026-04-15,60,5771.23,2026-04-15,Paid
INV-21890,Dynamo Retail,2024-03-07,2024-04-06,30,10706.83,2024-04-08,Paid
INV-21891,Atlas Medical,2025-12-06,2026-01-05,30,8075.58,2026-01-18,Paid
INV-21892,Cascade Medical,2024-12-21,2025-01-20,30,8900.09,2025-01-18,Paid
INV-21893,Echo Foods,2025-03-09,2025-05-08,60,8518.5,2025-05-22,Paid
INV-21894,Dynamo Retail,2024-10-13,2024-11-12,30,9092.14,2024-11-09,Paid
INV-21895,Atlas Retail,2026-07-24,2026-09-22,60,11960.69,2026-09-23,Paid
INV-21896,Kestrel Foods,2024-08-07,2024-10-06,60,15044.65,2024-10-20,Paid
INV-21897,Cascade Medical,2024-06-03,2024-07-03,30,26515.75,2024-07-12,Paid
INV-21898,Dynamo Foods,2024-05-25,2024-06-24,30,7287.1,2024-07-15,Paid
INV-21899,Linden Supply,2024-11-03,2024-11-18,15,14528.27,2024-11-06,Paid
INV-21900,Horizon Retail,2026-03-18,2026-05-02,45,4425.7,2026-05-20,Paid
INV-21901,Atlas Medical,2024-01-26,2024-02-25,30,21683.55,2024-02-16,Paid
INV-21902,Linden Foods,2025-03-30,2025-05-29,60,8489.01,2025-05-20,Paid
INV-21903,Linden Retail,2026-05-31,2026-06-15,15,38299.42,2026-07-06,Paid
INV-21904,Horizon Medical,2025-11-15,2025-12-30,45,37919.11,2026-01-21,Paid
INV-21905,Gable Medical,2024-02-27,2024-04-27,60,34722.26,2024-05-02,Paid
INV-21906,Jetty Retail,2024-02-29,2024-03-30,30,8478.84,2024-03-27,Paid
INV-21907,Horizon Medical,2024-06-27,2024-08-11,45,30521.79,2024-08-30,Paid
INV-21908,Gable Foods,2024-05-20,2024-07-19,60,20796.31,2024-07-20,Paid
INV-21909,Horizon Medical,2024-12-25,2025-02-08,45,17801.73,2025-02-26,Paid
INV-21910,Dynamo Foods,2025-04-02,2025-05-02,30,20226.08,2025-05-13,Paid
INV-21911,Jetty Foods,2026-01-01,2026-02-15,45,8414.47,2026-02-24,Paid
INV-21912,Cascade Foods,2025-06-15,2025-06-30,15,4808.03,2025-07-28,Paid
INV-21913,Gable Medical,2025-05-29,2025-07-28,60,10967.48,2025-07-14,Paid
INV-21914,Kestrel Motors,2025-06-27,2025-07-27,30,6164.37,2025-08-03,Paid
INV-21915,Gable Retail,2024-01-14,2024-03-14,60,21212.51,2024-04-01,Paid
INV-21916,Jetty Foods,2025-11-12,2025-12-27,45,9033.85,2025-12-26,Paid
INV-21917,Atlas Motors,2024-01-12,2024-03-12,60,20535.03,2024-03-12,Paid
INV-21918,Iris Medical,2025-05-07,2025-06-06,30,42484.63,2025-06-12,Paid
INV-21919,Dynamo Retail,2025-09-28,2025-10-28,30,15625.54,2025-11-02,Paid
INV-21920,Echo Medical,2024-09-05,2024-10-05,30,11297.83,2024-11-01,Paid
INV-21921,Linden Supply,2026-06-02,2026-06-17,15,34649.08,2026-06-20,Paid
INV-21922,Forge Retail,2024-05-05,2024-05-20,15,13513.16,2024-06-08,Paid
INV-21923,Linden Retail,2024-04-05,2024-04-20,15,7342.76,2024-05-17,Paid
INV-21924,Echo Retail,2025-07-14,2025-08-13,30,23147.9,2025-08-19,Paid
INV-21925,Jetty Motors,2025-10-24,2025-11-23,30,30580.21,2025-11-29,Paid
INV-21926,Kestrel Retail,2024-09-13,2024-10-13,30,23703.06,2024-10-21,Paid
INV-21927,Dynamo Medical,2025-05-23,2025-07-07,45,8410.11,2025-06-30,Paid
INV-21928,Borealis Motors,2026-02-13,2026-03-30,45,31641.45,2026-04-07,Paid
INV-21929,Iris Medical,2024-08-21,2024-09-20,30,12650.62,2024-09-30,Paid
INV-21930,Kestrel Medical,2026-01-12,2026-02-11,30,20477.62,2026-03-03,Paid
INV-21931,Forge Medical,2025-09-23,2025-10-23,30,10258.67,2025-10-16,Paid
INV-21932,Atlas Medical,2025-12-15,2026-01-14,30,6892.06,2026-01-18,Paid
INV-21933,Iris Retail,2025-09-09,2025-10-24,45,5103.8,2025-11-14,Paid
INV-21934,Cascade Medical,2025-06-18,2025-07-18,30,11103.6,2025-08-02,Paid
INV-21935,Kestrel Motors,2026-01-31,2026-03-02,30,12004.14,2026-03-15,Paid
INV-21936,Echo Medical,2025-09-23,2025-10-23,30,9450.56,2025-11-15,Paid
INV-21937,Atlas Supply,2026-06-05,2026-06-20,15,4843.86,2026-07-18,Paid
INV-21938,Gable Motors,2025-03-15,2025-04-29,45,56388.14,2025-05-11,Paid
INV-21939,Echo Supply,2024-01-30,2024-02-14,15,11735.64,2024-02-11,Paid
INV-21940,Gable Motors,2026-05-15,2026-06-29,45,4536.6,2026-07-15,Paid
INV-21941,Borealis Supply,2025-06-15,2025-06-30,15,12166.8,2025-07-15,Paid
INV-21942,Forge Retail,2025-08-20,2025-09-04,15,2993.97,2025-09-20,Paid
INV-21943,Borealis Medical,2026-01-31,2026-03-02,30,31901.54,2026-03-05,Paid
INV-21944,Horizon Supply,2025-11-02,2026-01-01,60,10023.72,2026-01-01,Paid
INV-21945,Forge Retail,2025-06-09,2025-06-24,15,21055.27,2025-07-05,Paid
INV-21946,Borealis Medical,2026-09-09,2026-10-09,30,34834.15,2026-09-29,Paid
INV-21947,Horizon Supply,2025-05-11,2025-07-10,60,14262.78,2025-07-07,Paid
INV-21948,Echo Retail,2025-01-04,2025-02-03,30,3661.07,2025-02-28,Paid
INV-21949,Iris Medical,2026-09-14,2026-10-14,30,21981.42,,Open
INV-21950,Kestrel Medical,2024-01-16,2024-02-15,30,5425.16,2024-02-24,Paid
INV-21951,Gable Medical,2024-08-06,2024-10-05,60,16196.27,2024-10-04,Paid
INV-21952,Cascade Foods,2024-11-06,2024-11-21,15,35048.28,2024-12-01,Paid
INV-21953,Atlas Foods,2025-08-11,2025-09-10,30,7272.82,2025-09-20,Paid
INV-21954,Iris Supply,2025-10-22,2025-11-06,15,18706.42,2025-11-29,Paid
INV-21955,Dynamo Retail,2025-07-03,2025-08-02,30,6320.62,2025-08-01,Paid
INV-21956,Kestrel Medical,2025-01-28,2025-02-27,30,8625.67,2025-03-16,Paid
INV-21957,Horizon Retail,2024-11-02,2024-12-17,45,64889.73,2024-12-27,Paid
INV-21958,Iris Retail,2026-08-03,2026-09-17,45,10418.61,,Open
INV-21959,Forge Supply,2024-01-12,2024-01-27,15,22644.37,2024-03-17,Paid
INV-21960,Borealis Supply,2024-06-03,2024-06-18,15,14338.49,2024-07-03,Paid
INV-21961,Iris Foods,2025-05-11,2025-06-25,45,28748.37,2025-07-03,Paid
INV-21962,Jetty Supply,2024-09-23,2024-11-07,45,28681.54,2024-11-12,Paid
INV-21963,Forge Motors,2026-02-16,2026-03-18,30,15651.59,2026-04-19,Paid
INV-21964,Jetty Medical,2025-01-01,2025-01-16,15,31338.98,2025-01-15,Paid
INV-21965,Iris Supply,2025-02-04,2025-02-19,15,61232.17,2025-03-05,Paid
INV-21966,Atlas Retail,2024-11-28,2025-01-27,60,6407.0,2025-02-19,Paid
INV-21967,Dynamo Retail,2025-08-21,2025-09-20,30,7957.65,2025-09-28,Paid
INV-21968,Jetty Supply,2025-03-18,2025-05-02,45,21158.47,2025-05-16,Paid
INV-21969,Dynamo Retail,2025-09-18,2025-10-18,30,8431.31,2025-10-18,Paid
INV-21970,Atlas Supply,2024-08-30,2024-09-14,15,5221.37,2024-10-12,Paid
INV-21971,Echo Motors,2026-01-23,2026-02-07,15,4059.61,2026-01-25,Paid
INV-21972,Dynamo Motors,2025-03-20,2025-04-04,15,3581.54,2025-04-08,Paid
INV-21973,Dynamo Motors,2026-01-28,2026-02-12,15,23779.85,2026-02-25,Paid
INV-21974,Echo Motors,2026-01-30,2026-02-14,15,12455.19,2026-02-09,Paid
INV-21975,Kestrel Retail,2024-07-03,2024-08-02,30,19148.25,2024-08-06,Paid
INV-21976,Iris Foods,2026-06-10,2026-07-25,45,7115.5,2026-07-31,Paid
INV-21977,Atlas Motors,2025-03-26,2025-05-25,60,31545.42,2025-05-29,Paid
INV-21978,Linden Supply,2024-10-19,2024-11-03,15,22463.72,2024-10-26,Paid
INV-21979,Gable Retail,2024-09-22,2024-11-21,60,24559.49,2024-12-14,Paid
INV-21980,Iris Retail,2024-04-16,2024-05-31,45,2732.81,2024-06-12,Paid
INV-21981,Horizon Supply,2025-04-11,2025-06-10,60,10996.93,2025-06-09,Paid
INV-21982,Atlas Foods,2026-05-30,2026-06-29,30,22604.39,2026-07-15,Paid
INV-21983,Dynamo Medical,2024-08-03,2024-09-17,45,4320.78,2024-09-12,Paid
INV-21984,Iris Medical,2024-11-22,2024-12-22,30,14604.82,2025-01-03,Paid
INV-21985,Horizon Motors,2025-06-01,2025-07-01,30,2216.39,2025-07-13,Paid
INV-21986,Horizon Foods,2024-11-09,2024-12-09,30,7296.03,2024-12-09,Paid
INV-21987,Linden Foods,2024-08-26,2024-10-25,60,32291.73,2024-10-26,Paid
INV-21988,Echo Medical,2026-03-19,2026-04-18,30,13147.75,2026-05-02,Paid
INV-21989,Horizon Retail,2026-08-17,2026-10-01,45,12190.7,,Open
INV-21990,Jetty Medical,2026-06-18,2026-07-03,15,2799.96,2026-07-07,Paid
INV-21991,Atlas Supply,2024-07-06,2024-07-21,15,18661.78,2024-08-08,Paid
INV-21992,Echo Foods,2024-06-03,2024-08-02,60,11084.2,2024-07-18,Paid
INV-21993,Atlas Retail,2026-06-16,2026-08-15,60,24822.0,2026-08-08,Paid
INV-21994,Linden Medical,2024-11-18,2024-12-18,30,9742.5,2025-01-14,Paid
INV-21995,Iris Retail,2025-01-04,2025-02-18,45,15266.26,2025-02-16,Paid
INV-21996,Linden Retail,2025-10-22,2025-11-06,15,18791.77,2025-11-24,Paid
INV-21997,Jetty Medical,2025-05-08,2025-05-23,15,26006.44,2025-06-03,Paid
INV-21998,Forge Retail,2024-09-15,2024-09-30,15,25373.6,2024-10-01,Paid
INV-21999,Horizon Medical,2026-08-09,2026-09-23,45,10241.0,,Open
INV-22000,Echo Motors,2024-08-10,2024-08-25,15,4607.32,2024-09-07,Paid
INV-22001,Dynamo Motors,2026-05-20,2026-06-04,15,4476.99,2026-06-20,Paid
INV-22002,Gable Medical,2025-11-27,2026-01-26,60,101429.28,2026-02-11,Paid
INV-22003,Cascade Medical,2026-06-20,2026-07-20,30,52741.15,2026-08-08,Paid
INV-22004,Linden Motors,2024-08-17,2024-10-16,60,6772.85,2024-10-20,Paid
INV-22005,Linden Retail,2025-04-28,2025-05-13,15,6278.68,2025-05-29,Paid
INV-22006,Echo Supply,2026-04-28,2026-05-13,15,9673.93,2026-05-12,Paid
INV-22007,Jetty Retail,2024-05-22,2024-06-21,30,9721.59,2024-06-22,Paid
INV-22008,Echo Supply,2024-09-13,2024-09-28,15,50621.05,2024-10-15,Paid
INV-22009,Echo Motors,2025-10-19,2025-11-03,15,7742.79,2025-11-04,Paid
INV-22010,Horizon Medical,2026-04-22,2026-06-06,45,6060.62,2026-06-20,Paid
INV-22011,Gable Supply,2026-06-15,2026-06-30,15,15272.09,2026-06-28,Paid
INV-22012,Dynamo Motors,2025-08-05,2025-08-20,15,8480.61,2025-09-04,Paid
INV-22013,Iris Foods,2024-08-28,2024-10-12,45,91631.18,2024-10-25,Paid
INV-22014,Borealis Foods,2025-03-05,2025-03-20,15,3209.4,2025-04-01,Paid
INV-22015,Echo Retail,2025-10-06,2025-11-05,30,8219.99,2025-11-06,Paid
INV-22016,Iris Medical,2026-03-11,2026-04-10,30,10485.33,2026-05-05,Paid
INV-22017,Forge Retail,2024-10-08,2024-10-23,15,19960.85,2024-11-02,Paid
INV-22018,Dynamo Medical,2025-04-22,2025-06-06,45,18905.59,2025-06-11,Paid
INV-22019,Forge Retail,2026-06-17,2026-07-02,15,1421.96,2026-07-03,Paid
INV-22020,Iris Retail,2024-01-24,2024-03-09,45,4880.9,2024-03-10,Paid
INV-22021,Horizon Medical,2024-10-18,2024-12-02,45,11187.93,2024-12-18,Paid
INV-22022,Kestrel Foods,2026-07-07,2026-09-05,60,17445.61,2026-08-28,Paid
INV-22023,Kestrel Supply,2025-04-05,2025-05-20,45,43574.45,2025-05-07,Paid
INV-22024,Atlas Supply,2024-03-18,2024-04-02,15,7932.54,2024-04-26,Paid
INV-22025,Gable Supply,2026-05-14,2026-05-29,15,6512.39,2026-06-14,Paid
INV-22026,Atlas Retail,2024-05-01,2024-06-30,60,27316.73,2024-07-03,Paid
INV-22027,Iris Retail,2024-10-19,2024-12-03,45,26855.35,2024-11-20,Paid
INV-22028,Cascade Foods,2025-04-15,2025-04-30,15,27114.34,2025-05-15,Paid
INV-22029,Linden Foods,2024-12-07,2025-02-05,60,3539.35,2025-02-08,Paid
INV-22030,Borealis Foods,2025-12-24,2026-01-08,15,12772.88,2026-01-09,Paid
INV-22031,Forge Motors,2025-07-20,2025-08-19,30,16089.27,2025-10-04,Paid
INV-22032,Echo Medical,2024-05-18,2024-06-17,30,55359.15,2024-07-06,Paid
INV-22033,Dynamo Foods,2026-09-28,2026-10-28,30,34860.13,,Open
INV-22034,Jetty Supply,2026-05-01,2026-06-15,45,19215.83,2026-06-21,Paid
INV-22035,Dynamo Retail,2024-03-05,2024-04-04,30,83295.22,2024-04-07,Paid
INV-22036,Iris Supply,2025-04-26,2025-05-11,15,22453.14,2025-05-11,Paid
INV-22037,Echo Foods,2024-12-16,2025-02-14,60,7146.11,2025-02-24,Paid
INV-22038,Kestrel Supply,2025-05-27,2025-07-11,45,27521.45,2025-07-03,Paid
INV-22039,Horizon Foods,2024-02-18,2024-03-19,30,31631.53,2024-03-27,Paid
INV-22040,Forge Medical,2025-04-19,2025-05-19,30,17427.38,2025-05-14,Paid
INV-22041,Gable Supply,2024-09-05,2024-09-20,15,9082.29,2024-09-25,Paid
INV-22042,Gable Retail,2025-12-13,2026-02-11,60,33754.6,2026-03-08,Paid
INV-22043,Borealis Retail,2024-02-10,2024-03-11,30,5178.88,2024-03-27,Paid
INV-22044,Echo Medical,2025-11-03,2025-12-03,30,73037.53,2025-12-07,Paid
INV-22045,Cascade Motors,2025-11-06,2025-12-06,30,8171.43,2025-12-14,Paid
INV-22046,Forge Motors,2025-05-25,2025-06-24,30,19694.74,2025-08-08,Paid
INV-22047,Horizon Foods,2024-07-20,2024-08-19,30,12935.34,2024-08-28,Paid
INV-22048,Forge Supply,2026-06-16,2026-07-01,15,7210.36,2026-08-24,Paid
INV-22049,Iris Motors,2025-11-04,2026-01-03,60,14031.95,2026-01-21,Paid
INV-22050,Jetty Medical,2024-02-03,2024-02-18,15,11490.88,2024-03-03,Paid
INV-22051,Linden Supply,2024-09-18,2024-10-03,15,12802.95,2024-10-16,Paid
INV-22052,Forge Medical,2025-11-20,2025-12-20,30,13576.15,2025-12-21,Paid
INV-22053,Cascade Motors,2024-03-01,2024-03-31,30,14109.67,2024-04-08,Paid
INV-22054,Atlas Supply,2025-04-11,2025-04-26,15,26821.81,2025-05-25,Paid
INV-22055,Linden Foods,2024-10-11,2024-12-10,60,2495.46,2024-12-04,Paid
INV-22056,Forge Foods,2024-05-02,2024-06-01,30,12902.52,2024-06-03,Paid
INV-22057,Linden Supply,2025-09-19,2025-10-04,15,19098.73,2025-10-16,Paid
INV-22058,Echo Foods,2025-05-07,2025-07-06,60,82999.42,2025-07-18,Paid
INV-22059,Linden Medical,2025-02-20,2025-03-22,30,10693.37,2025-04-04,Paid
INV-22060,Horizon Supply,2025-08-20,2025-10-19,60,5759.89,2025-10-15,Paid
INV-22061,Linden Motors,2026-03-22,2026-05-21,60,15716.48,2026-05-24,Paid
INV-22062,Kestrel Supply,2025-01-18,2025-03-04,45,12510.14,2025-03-04,Paid
INV-22063,Dynamo Retail,2024-09-28,2024-10-28,30,37486.03,2024-11-02,Paid
INV-22064,Iris Foods,2025-03-05,2025-04-19,45,3318.51,,Open
INV-22065,Kestrel Retail,2026-06-30,2026-07-30,30,31191.09,2026-07-31,Paid
INV-22066,Horizon Medical,2025-03-04,2025-04-18,45,32109.42,2025-05-14,Paid
INV-22067,Echo Medical,2025-09-02,2025-10-02,30,26452.47,2025-10-14,Paid
INV-22068,Cascade Retail,2024-11-14,2024-12-14,30,56864.13,2024-12-16,Paid
INV-22069,Kestrel Medical,2025-04-13,2025-05-13,30,36517.67,2025-06-05,Paid
INV-22070,Forge Foods,2024-11-27,2024-12-27,30,4764.43,2025-01-18,Paid
INV-22071,Horizon Supply,2026-01-13,2026-03-14,60,65038.85,2026-03-03,Paid
INV-22072,Jetty Supply,2024-06-05,2024-07-20,45,6724.29,2024-07-06,Paid
INV-22073,Horizon Medical,2025-11-04,2025-12-19,45,19337.57,2025-12-16,Paid
INV-22074,Gable Motors,2025-01-19,2025-03-05,45,49623.85,2025-03-10,Paid
INV-22075,Cascade Motors,2025-05-31,2025-06-30,30,16002.27,2025-07-02,Paid
INV-22076,Forge Foods,2026-05-06,2026-06-05,30,9497.49,2026-06-02,Paid
INV-22077,Borealis Foods,2024-07-27,2024-08-11,15,9099.05,2024-08-15,Paid
INV-22078,Echo Supply,2025-02-24,2025-03-11,15,8063.9,2025-03-18,Paid
INV-22079,Atlas Retail,2024-04-08,2024-06-07,60,70034.42,2024-05-30,Paid
INV-22080,Cascade Foods,2025-02-03,2025-02-18,15,22570.89,2025-02-18,Paid
INV-22081,Horizon Medical,2024-07-27,2024-09-10,45,13212.43,2024-09-26,Paid
INV-22082,Linden Foods,2024-02-11,2024-04-11,60,11598.4,2024-04-12,Paid
INV-22083,Forge Foods,2024-05-06,2024-06-05,30,14704.47,2024-06-17,Paid
INV-22084,Echo Motors,2026-09-23,2026-10-08,15,6885.36,,Open
INV-22085,Linden Motors,2025-09-28,2025-11-27,60,5327.7,2025-12-12,Paid
INV-22086,Iris Retail,2025-12-19,2026-02-02,45,17303.85,2026-01-28,Paid
INV-22087,Horizon Retail,2026-02-12,2026-03-29,45,15799.46,2026-04-13,Paid
INV-22088,Horizon Foods,2024-12-14,2025-01-13,30,38191.92,2025-01-23,Paid
INV-22089,Echo Motors,2025-09-28,2025-10-13,15,25526.72,,Open
INV-22090,Jetty Retail,2024-10-30,2024-11-29,30,23742.65,2024-11-28,Paid
INV-22091,Cascade Retail,2025-07-12,2025-08-11,30,9933.57,2025-08-26,Paid
INV-22092,Gable Retail,2025-01-05,2025-03-06,60,43538.66,2025-03-26,Paid
INV-22093,Iris Motors,2026-03-26,2026-05-25,60,15748.2,2026-06-17,Paid
INV-22094,Borealis Supply,2025-08-08,2025-08-23,15,12796.94,2025-09-01,Paid
INV-22095,Forge Medical,2025-03-08,2025-04-07,30,11913.61,2025-04-10,Paid
INV-22096,Borealis Motors,2024-07-27,2024-09-10,45,17832.68,2024-08-30,Paid
INV-22097,Kestrel Motors,2024-02-23,2024-03-24,30,10764.12,2024-04-02,Paid
INV-22098,Linden Medical,2024-10-22,2024-11-21,30,5722.01,2024-11-28,Paid
INV-22099,Forge Foods,2025-01-05,2025-02-04,30,22365.61,2025-02-19,Paid
INV-22100,Gable Retail,2024-08-11,2024-10-10,60,74648.17,2024-11-01,Paid
INV-22101,Borealis Retail,2025-08-12,2025-09-11,30,3973.99,2025-10-06,Paid
INV-22102,Dynamo Motors,2024-08-30,2024-09-14,15,24233.08,2024-09-30,Paid
INV-22103,Jetty Medical,2024-04-07,2024-04-22,15,8020.53,2024-05-07,Paid
INV-22104,Dynamo Foods,2026-06-26,2026-07-26,30,16058.6,2026-08-08,Paid
INV-22105,Forge Foods,2024-08-20,2024-09-19,30,52904.93,2024-09-23,Paid
INV-22106,Atlas Medical,2025-04-26,2025-05-26,30,6514.42,2025-06-02,Paid
INV-22107,Cascade Foods,2024-06-18,2024-07-03,15,83387.8,2024-07-03,Paid
INV-22108,Iris Supply,2024-06-24,2024-07-09,15,8559.35,2024-07-29,Paid
INV-22109,Horizon Motors,2025-03-19,2025-04-18,30,50070.72,2025-04-22,Paid
INV-22110,Iris Medical,2024-12-25,2025-01-24,30,15578.75,2025-01-27,Paid
INV-22111,Atlas Medical,2024-07-18,2024-08-17,30,6636.55,2024-09-05,Paid
INV-22112,Dynamo Motors,2024-02-23,2024-03-09,15,12763.68,2024-03-25,Paid
INV-22113,Atlas Supply,2025-03-10,2025-03-25,15,8655.26,2025-04-11,Paid
INV-22114,Cascade Foods,2025-08-31,2025-09-15,15,34764.34,2025-09-18,Paid
INV-22115,Borealis Medical,2026-01-07,2026-02-06,30,32424.46,2026-03-01,Paid
INV-22116,Linden Supply,2025-04-09,2025-04-24,15,17512.29,2025-04-23,Paid
INV-22117,Horizon Supply,2024-02-21,2024-04-21,60,31249.65,2024-04-30,Paid
INV-22118,Cascade Medical,2025-01-20,2025-02-19,30,12394.39,2025-03-11,Paid
INV-22119,Atlas Foods,2025-03-22,2025-04-21,30,40557.78,2025-05-05,Paid
INV-22120,Horizon Motors,2025-01-11,2025-02-10,30,7667.23,2025-02-12,Paid
INV-22121,Jetty Foods,2025-08-04,2025-09-18,45,6930.4,2025-09-23,Paid
INV-22122,Echo Medical,2026-01-09,2026-02-08,30,5803.83,2026-03-10,Paid
INV-22123,Atlas Medical,2025-10-11,2025-11-10,30,9533.6,2025-11-16,Paid
INV-22124,Forge Medical,2026-02-21,2026-03-23,30,24692.61,2026-04-12,Paid
INV-22125,Gable Medical,2025-10-18,2025-12-17,60,16574.45,2025-12-25,Paid
INV-22126,Borealis Motors,2025-07-24,2025-09-07,45,14866.57,2025-09-06,Paid
INV-22127,Gable Retail,2025-11-18,2026-01-17,60,53974.96,2026-02-26,Paid
INV-22128,Forge Retail,2026-03-10,2026-03-25,15,22765.73,2026-04-12,Paid
INV-22129,Kestrel Motors,2024-11-27,2024-12-27,30,70358.73,2025-01-01,Paid
INV-22130,Linden Foods,2026-08-31,2026-10-30,60,21507.97,,Open
INV-22131,Gable Foods,2024-11-16,2025-01-15,60,24844.54,2025-01-18,Paid
INV-22132,Linden Supply,2026-06-07,2026-06-22,15,11085.15,2026-06-23,Paid
INV-22133,Echo Motors,2024-02-21,2024-03-07,15,28343.44,2024-03-21,Paid
INV-22134,Echo Retail,2026-02-01,2026-03-03,30,15790.26,2026-03-18,Paid
INV-22135,Jetty Retail,2024-08-12,2024-09-11,30,11261.77,2024-09-30,Paid
INV-22136,Horizon Medical,2024-04-06,2024-05-21,45,35857.19,2024-06-03,Paid
INV-22137,Atlas Medical,2025-04-21,2025-05-21,30,12041.63,2025-05-30,Paid
INV-22138,Gable Motors,2025-04-10,2025-05-25,45,10007.02,2025-05-30,Paid
INV-22139,Echo Motors,2024-10-03,2024-10-18,15,25424.97,2024-10-18,Paid
INV-22140,Iris Supply,2025-02-20,2025-03-07,15,18496.31,2025-03-23,Paid
INV-22141,Cascade Retail,2025-03-12,2025-04-11,30,32694.75,2025-04-25,Paid
INV-22142,Iris Foods,2025-08-07,2025-09-21,45,12381.63,2025-10-22,Paid
INV-22143,Jetty Medical,2025-03-31,2025-04-15,15,13919.43,2025-04-28,Paid
INV-22144,Forge Motors,2024-01-31,2024-03-01,30,31040.66,2024-03-30,Paid
INV-22145,Linden Motors,2024-02-21,2024-04-21,60,23219.07,2024-04-14,Paid
INV-22146,Forge Supply,2024-07-20,2024-08-04,15,9244.21,2024-10-05,Paid
INV-22147,Horizon Retail,2024-12-16,2025-01-30,45,13987.98,2025-01-30,Paid
INV-22148,Forge Motors,2024-01-01,2024-01-31,30,11975.12,2024-03-12,Paid
INV-22149,Echo Foods,2024-07-05,2024-09-03,60,11166.38,2024-09-08,Paid
INV-22150,Echo Medical,2025-07-09,2025-08-08,30,29048.56,2025-08-15,Paid
INV-22151,Echo Medical,2026-03-16,2026-04-15,30,8872.95,2026-05-09,Paid
INV-22152,Forge Motors,2025-03-17,2025-04-16,30,23649.11,2025-05-10,Paid
INV-22153,Borealis Medical,2026-07-16,2026-08-15,30,1783.38,2026-09-01,Paid
INV-22154,Jetty Supply,2025-02-18,2025-04-04,45,2962.09,2025-04-21,Paid
INV-22155,Forge Motors,2025-06-07,2025-07-07,30,4399.95,2025-08-18,Paid
INV-22156,Jetty Medical,2025-06-29,2025-07-14,15,13031.58,2025-08-19,Paid
INV-22157,Echo Retail,2024-12-12,2025-01-11,30,19797.12,2025-02-06,Paid
INV-22158,Dynamo Foods,2026-07-05,2026-08-04,30,4473.53,2026-08-13,Paid
INV-22159,Atlas Foods,2026-01-02,2026-02-01,30,3156.27,2026-02-07,Paid
INV-22160,Echo Supply,2025-02-03,2025-02-18,15,34704.92,2025-03-07,Paid
INV-22161,Linden Foods,2024-03-12,2024-05-11,60,18966.59,2024-05-13,Paid
INV-22162,Forge Motors,2024-09-21,2024-10-21,30,8693.11,2024-11-11,Paid
INV-22163,Cascade Supply,2025-09-18,2025-11-02,45,20974.55,2025-11-11,Paid
INV-22164,Gable Retail,2025-01-04,2025-03-05,60,15028.16,2025-04-10,Paid
INV-22165,Iris Foods,2025-02-08,2025-03-25,45,18342.0,2025-04-13,Paid
INV-22166,Forge Retail,2024-11-19,2024-12-04,15,16668.11,2024-12-16,Paid
INV-22167,Jetty Motors,2024-06-07,2024-07-07,30,12456.4,2024-07-21,Paid
INV-22168,Iris Motors,2024-02-01,2024-04-01,60,15619.34,2024-04-28,Paid
INV-22169,Atlas Medical,2025-11-23,2025-12-23,30,21399.22,2025-12-25,Paid
INV-22170,Dynamo Medical,2025-06-30,2025-08-14,45,6135.73,2025-08-12,Paid
INV-22171,Kestrel Medical,2025-08-19,2025-09-18,30,5497.44,2025-10-12,Paid
INV-22172,Borealis Supply,2024-11-04,2024-11-19,15,25600.16,2024-12-10,Paid
INV-22173,Jetty Retail,2025-01-28,2025-02-27,30,7862.83,2025-03-15,Paid
INV-22174,Jetty Supply,2025-07-06,2025-08-20,45,5982.24,2025-09-08,Paid
INV-22175,Iris Foods,2025-03-24,2025-05-08,45,8417.57,2025-06-07,Paid
INV-22176,Kestrel Medical,2026-01-26,2026-02-25,30,18434.52,2026-03-30,Paid
INV-22177,Echo Motors,2026-09-19,2026-10-04,15,26365.58,,Open
INV-22178,Borealis Motors,2024-09-08,2024-10-23,45,26336.79,2024-10-23,Paid
INV-22179,Cascade Medical,2024-03-19,2024-04-18,30,3256.46,2024-05-11,Paid
INV-22180,Iris Motors,2026-06-14,2026-08-13,60,14453.92,2026-08-19,Paid
INV-22181,Gable Foods,2025-11-01,2025-12-31,60,15547.69,2026-01-04,Paid
INV-22182,Dynamo Foods,2025-05-01,2025-05-31,30,5755.05,2025-06-07,Paid
INV-22183,Kestrel Medical,2026-08-24,2026-09-23,30,9875.42,,Open
INV-22184,Jetty Retail,2025-10-14,2025-11-13,30,3388.64,2025-11-21,Paid
INV-22185,Iris Motors,2026-04-16,2026-06-15,60,30833.21,2026-06-19,Paid
INV-22186,Kestrel Motors,2025-05-20,2025-06-19,30,22907.78,2025-07-05,Paid
INV-22187,Jetty Motors,2025-05-22,2025-06-21,30,10013.9,2025-07-11,Paid
INV-22188,Atlas Supply,2024-07-29,2024-08-13,15,6684.31,2024-09-25,Paid
INV-22189,Horizon Supply,2024-06-06,2024-08-05,60,12974.96,2024-07-13,Paid
INV-22190,Borealis Motors,2026-08-02,2026-09-16,45,8227.03,2026-09-12,Paid
INV-22191,Borealis Motors,2026-05-11,2026-06-25,45,50049.3,2026-06-28,Paid
INV-22192,Borealis Medical,2025-07-20,2025-08-19,30,7988.36,2025-09-11,Paid
INV-22193,Forge Supply,2026-05-14,2026-05-29,15,2245.68,2026-07-23,Paid
INV-22194,Iris Supply,2024-10-01,2024-10-16,15,24368.92,2024-11-09,Paid
INV-22195,Kestrel Retail,2025-11-09,2025-12-09,30,38208.74,2025-12-09,Paid
INV-22196,Gable Foods,2025-06-28,2025-08-27,60,52886.48,2025-09-09,Paid
INV-22197,Dynamo Motors,2024-09-07,2024-09-22,15,37885.82,2024-10-23,Paid
INV-22198,Atlas Motors,2024-02-25,2024-04-25,60,3591.77,2024-05-13,Paid
INV-22199,Echo Supply,2026-05-12,2026-05-27,15,21706.02,2026-05-31,Paid
INV-22200,Kestrel Foods,2025-07-11,2025-09-09,60,18061.23,2025-09-13,Paid
INV-22201,Atlas Foods,2024-11-18,2024-12-18,30,35223.86,2025-01-03,Paid
INV-22202,Dynamo Supply,2025-11-23,2025-12-23,30,9220.19,2025-12-28,Paid
INV-22203,Echo Foods,2025-07-16,2025-09-14,60,12749.92,2025-09-28,Paid
INV-22204,Borealis Supply,2026-05-28,2026-06-12,15,15643.99,2026-07-10,Paid
INV-22205,Forge Motors,2024-11-15,2024-12-15,30,16815.67,2025-01-25,Paid
INV-22206,Iris Retail,2025-10-11,2025-11-25,45,7814.62,2025-12-06,Paid
INV-22207,Iris Medical,2025-01-02,2025-02-01,30,3360.11,2025-02-19,Paid
INV-22208,Iris Supply,2025-01-24,2025-02-08,15,11894.91,2025-03-06,Paid
INV-22209,Linden Supply,2024-02-07,2024-02-22,15,70471.61,2024-03-03,Paid
INV-22210,Borealis Foods,2024-12-31,2025-01-15,15,2109.25,2025-01-21,Paid
INV-22211,Atlas Retail,2024-07-22,2024-09-20,60,10185.05,2024-09-20,Paid
INV-22212,Linden Motors,2026-07-17,2026-09-15,60,14457.43,2026-09-18,Paid
INV-22213,Echo Foods,2024-04-16,2024-06-15,60,25013.46,2024-06-24,Paid
INV-22214,Gable Retail,2025-12-19,2026-02-17,60,15400.5,2026-03-04,Paid
INV-22215,Kestrel Motors,2024-10-23,2024-11-22,30,8730.56,2024-11-18,Paid
INV-22216,Forge Foods,2026-09-05,2026-10-05,30,17202.24,,Open
INV-22217,Horizon Supply,2025-07-25,2025-09-23,60,10307.68,2025-10-01,Paid
INV-22218,Horizon Retail,2025-07-30,2025-09-13,45,4213.94,2025-09-15,Paid
INV-22219,Iris Supply,2026-08-27,2026-09-11,15,42001.0,,Open
INV-22220,Kestrel Retail,2024-05-08,2024-06-07,30,7745.35,2024-06-19,Paid
INV-22221,Borealis Supply,2026-04-27,2026-05-12,15,12613.69,2026-05-18,Paid
INV-22222,Cascade Motors,2024-12-29,2025-01-28,30,6556.2,2025-01-27,Paid
INV-22223,Gable Motors,2026-06-23,2026-08-07,45,6047.28,2026-07-30,Paid
INV-22224,Iris Retail,2025-05-27,2025-07-11,45,8376.54,2025-07-12,Paid
INV-22225,Horizon Supply,2025-09-19,2025-11-18,60,12749.1,2025-11-17,Paid
INV-22226,Gable Foods,2026-01-31,2026-04-01,60,23028.09,2026-04-16,Paid
INV-22227,Echo Supply,2024-02-21,2024-03-07,15,29523.7,2024-03-18,Paid
INV-22228,Jetty Medical,2026-03-18,2026-04-02,15,43887.18,2026-04-22,Paid
INV-22229,Cascade Motors,2024-08-25,2024-09-24,30,12049.85,2024-09-19,Paid
INV-22230,Iris Motors,2024-11-05,2025-01-04,60,16321.76,2025-01-22,Paid
INV-22231,Kestrel Supply,2026-09-22,2026-11-06,45,16296.6,,Open
INV-22232,Gable Medical,2024-01-10,2024-03-10,60,37461.37,2024-03-18,Paid
INV-22233,Linden Supply,2024-03-26,2024-04-10,15,29734.18,2024-03-27,Paid
INV-22234,Iris Retail,2025-08-06,2025-09-20,45,3161.86,2025-09-22,Paid
INV-22235,Iris Medical,2025-07-30,2025-08-29,30,6376.23,2025-09-12,Paid
INV-22236,Linden Foods,2025-02-25,2025-04-26,60,27687.77,2025-05-01,Paid
INV-22237,Gable Motors,2024-03-16,2024-04-30,45,13014.83,2024-05-05,Paid
INV-22238,Iris Motors,2025-12-25,2026-02-23,60,15616.27,2026-03-02,Paid
INV-22239,Gable Supply,2024-12-07,2024-12-22,15,28695.36,2024-12-31,Paid
INV-22240,Horizon Motors,2025-04-26,2025-05-26,30,5528.82,2025-05-31,Paid
INV-22241,Dynamo Medical,2026-02-28,2026-04-14,45,27188.06,2026-03-31,Paid
INV-22242,Iris Retail,2026-09-15,2026-10-30,45,6572.91,,Open
INV-22243,Cascade Retail,2025-04-26,2025-05-26,30,5848.71,2025-06-06,Paid
INV-22244,Borealis Medical,2025-11-24,2025-12-24,30,8114.87,2026-01-03,Paid
INV-22245,Forge Motors,2026-08-12,2026-09-11,30,6586.12,,Open
INV-22246,Atlas Supply,2024-05-30,2024-06-14,15,20096.07,2024-07-08,Paid
INV-22247,Jetty Retail,2024-10-16,2024-11-15,30,13975.83,2024-12-12,Paid
INV-22248,Dynamo Motors,2025-08-02,2025-08-17,15,10927.53,2025-09-07,Paid
INV-22249,Gable Foods,2025-02-10,2025-04-11,60,33232.91,2025-04-06,Paid
INV-22250,Iris Foods,2025-10-23,2025-12-07,45,5060.32,2025-12-23,Paid
INV-22251,Horizon Motors,2025-08-18,2025-09-17,30,24795.29,,Open
INV-22252,Borealis Motors,2024-10-15,2024-11-29,45,26146.57,2024-12-04,Paid
INV-22253,Gable Supply,2024-10-07,2024-10-22,15,37826.27,2024-10-16,Paid
INV-22254,Horizon Foods,2024-01-15,2024-02-14,30,20461.49,2024-02-27,Paid
INV-22255,Jetty Foods,2025-01-24,2025-03-10,45,7899.73,2025-03-17,Paid
INV-22256,Horizon Supply,2025-01-25,2025-03-26,60,17775.95,2025-03-26,Paid
INV-22257,Echo Supply,2025-04-24,2025-05-09,15,17227.44,2025-05-05,Paid
INV-22258,Borealis Retail,2024-01-17,2024-02-16,30,2732.48,2024-03-09,Paid
INV-22259,Echo Foods,2025-01-24,2025-03-25,60,15145.19,2025-04-12,Paid
INV-22260,Linden Foods,2025-12-30,2026-02-28,60,24906.18,2026-03-01,Paid
INV-22261,Linden Foods,2025-08-15,2025-10-14,60,6200.8,2025-10-17,Paid
INV-22262,Borealis Supply,2026-08-08,2026-08-23,15,3229.37,2026-09-18,Paid
INV-22263,Kestrel Retail,2025-03-29,2025-04-28,30,24367.9,2025-05-05,Paid
INV-22264,Kestrel Supply,2024-11-24,2025-01-08,45,23399.74,2025-01-22,Paid
INV-22265,Jetty Medical,2026-09-07,2026-09-22,15,43133.96,2026-09-20,Paid
INV-22266,Horizon Foods,2024-07-04,2024-08-03,30,15704.66,2024-08-03,Paid
INV-22267,Iris Medical,2024-10-22,2024-11-21,30,17715.98,2024-11-27,Paid
INV-22268,Atlas Motors,2026-03-06,2026-05-05,60,17474.82,2026-05-11,Paid
INV-22269,Gable Motors,2024-11-30,2025-01-14,45,7176.32,2025-01-14,Paid
INV-22270,Cascade Motors,2026-05-13,2026-06-12,30,10124.46,2026-06-16,Paid
INV-22271,Echo Retail,2024-12-12,2025-01-11,30,52097.41,2025-01-22,Paid
INV-22272,Jetty Foods,2024-11-21,2025-01-05,45,8189.12,2025-01-20,Paid
INV-22273,Echo Retail,2024-11-16,2024-12-16,30,8941.43,2024-12-21,Paid
INV-22274,Borealis Supply,2024-04-27,2024-05-12,15,10445.56,2024-05-16,Paid
INV-22275,Iris Foods,2026-05-17,2026-07-01,45,29855.04,2026-07-16,Paid
INV-22276,Linden Foods,2026-02-06,2026-04-07,60,29891.05,2026-04-13,Paid
INV-22277,Kestrel Motors,2024-05-18,2024-06-17,30,8700.58,2024-06-23,Paid
INV-22278,Borealis Retail,2026-02-16,2026-03-18,30,14612.13,2026-04-12,Paid
INV-22279,Gable Foods,2025-12-20,2026-02-18,60,9809.13,2026-02-08,Paid
INV-22280,Iris Foods,2024-09-09,2024-10-24,45,17990.19,2024-11-07,Paid
INV-22281,Horizon Supply,2025-12-03,2026-02-01,60,22692.04,2026-02-01,Paid
INV-22282,Atlas Medical,2026-02-19,2026-03-21,30,6060.28,2026-03-29,Paid
INV-22283,Gable Motors,2026-05-02,2026-06-16,45,9515.91,2026-06-10,Paid
INV-22284,Dynamo Supply,2024-09-06,2024-10-06,30,17636.38,2024-09-21,Paid
INV-22285,Cascade Retail,2025-04-18,2025-05-18,30,35313.35,2025-06-04,Paid
INV-22286,Gable Supply,2025-12-11,2025-12-26,15,52846.66,2026-01-01,Paid
INV-22287,Dynamo Supply,2025-02-12,2025-03-14,30,3826.3,2025-03-04,Paid
INV-22288,Atlas Motors,2026-01-31,2026-04-01,60,17173.42,2026-04-17,Paid
INV-22289,Jetty Foods,2024-03-10,2024-04-24,45,11010.53,2024-05-16,Paid
INV-22290,Dynamo Retail,2025-03-23,2025-04-22,30,68337.05,2025-04-23,Paid
INV-22291,Cascade Foods,2026-02-15,2026-03-02,15,8314.45,2026-03-06,Paid
INV-22292,Iris Supply,2026-02-08,2026-02-23,15,22743.46,2026-03-11,Paid
INV-22293,Horizon Retail,2024-09-23,2024-11-07,45,36217.64,2024-11-22,Paid
INV-22294,Forge Retail,2024-10-07,2024-10-22,15,9817.93,2024-10-26,Paid
INV-22295,Cascade Motors,2024-12-24,2025-01-23,30,25171.16,2025-02-10,Paid
INV-22296,Iris Retail,2024-08-25,2024-10-09,45,14429.57,2024-10-22,Paid
INV-22297,Cascade Retail,2025-12-28,2026-01-27,30,2354.62,2026-01-29,Paid
INV-22298,Kestrel Supply,2025-09-24,2025-11-08,45,76379.49,2025-11-20,Paid
INV-22299,Gable Medical,2026-05-25,2026-07-24,60,16603.92,2026-07-14,Paid
INV-22300,Echo Medical,2026-06-13,2026-07-13,30,11091.71,2026-07-20,Paid
INV-22301,Horizon Retail,2025-04-20,2025-06-04,45,29987.04,2025-05-26,Paid
INV-22302,Forge Foods,2025-03-23,2025-04-22,30,21930.86,2025-04-26,Paid
INV-22303,Gable Foods,2024-01-13,2024-03-13,60,5895.29,2024-03-24,Paid
INV-22304,Atlas Retail,2025-05-31,2025-07-30,60,7898.06,2025-08-02,Paid
INV-22305,Cascade Retail,2025-04-15,2025-05-15,30,31088.01,2025-05-28,Paid
INV-22306,Forge Foods,2024-11-28,2024-12-28,30,11442.0,2024-12-30,Paid
INV-22307,Atlas Motors,2025-10-10,2025-12-09,60,31834.44,2025-12-19,Paid
INV-22308,Echo Retail,2026-03-28,2026-04-27,30,41072.48,2026-05-11,Paid
INV-22309,Dynamo Medical,2024-08-15,2024-09-29,45,2199.8,2024-10-25,Paid
INV-22310,Atlas Supply,2024-11-02,2024-11-17,15,9769.76,2024-12-08,Paid
INV-22311,Horizon Motors,2025-12-16,2026-01-15,30,15922.67,2026-01-15,Paid
INV-22312,Cascade Supply,2024-04-02,2024-05-17,45,17930.59,2024-06-03,Paid
INV-22313,Cascade Medical,2024-06-07,2024-07-07,30,22710.57,2024-07-19,Paid
INV-22314,Jetty Foods,2025-05-31,2025-07-15,45,7483.55,2025-08-02,Paid
INV-22315,Borealis Retail,2024-07-05,2024-08-04,30,21862.94,2024-08-25,Paid
INV-22316,Gable Foods,2025-09-02,2025-11-01,60,6751.01,2025-11-12,Paid
INV-22317,Cascade Motors,2025-06-05,2025-07-05,30,17712.09,2025-06-18,Paid
INV-22318,Echo Medical,2024-05-12,2024-06-11,30,17488.46,2024-06-27,Paid
INV-22319,Iris Supply,2026-07-15,2026-07-30,15,9934.2,2026-08-07,Paid
INV-22320,Atlas Motors,2025-06-01,2025-07-31,60,15294.35,2025-07-25,Paid
INV-22321,Linden Supply,2024-12-17,2025-01-01,15,16668.47,2024-12-30,Paid
INV-22322,Echo Motors,2025-08-27,2025-09-11,15,33947.29,2025-09-02,Paid
INV-22323,Atlas Motors,2025-08-22,2025-10-21,60,20511.93,2025-10-31,Paid
INV-22324,Forge Medical,2026-05-14,2026-06-13,30,12621.98,2026-06-10,Paid
INV-22325,Borealis Foods,2025-07-08,2025-07-23,15,32123.29,2025-08-05,Paid
INV-22326,Kestrel Motors,2025-10-27,2025-11-26,30,17501.55,2025-11-30,Paid
INV-22327,Iris Foods,2025-04-07,2025-05-22,45,13089.01,2025-06-02,Paid
INV-22328,Kestrel Foods,2024-01-21,2024-03-21,60,2866.55,2024-04-03,Paid
INV-22329,Gable Foods,2026-05-28,2026-07-27,60,47518.06,2026-08-09,Paid
INV-22330,Borealis Supply,2024-06-26,2024-07-11,15,3765.44,2024-08-05,Paid
INV-22331,Dynamo Retail,2025-04-22,2025-05-22,30,23093.02,2025-05-22,Paid
INV-22332,Gable Motors,2024-04-30,2024-06-14,45,7213.45,2024-06-14,Paid
INV-22333,Iris Retail,2024-07-24,2024-09-07,45,10327.2,2024-09-12,Paid
INV-22334,Kestrel Foods,2025-04-04,2025-06-03,60,6659.8,2025-06-15,Paid
INV-22335,Dynamo Medical,2026-05-19,2026-07-03,45,8604.62,2026-07-04,Paid
INV-22336,Jetty Medical,2024-01-09,2024-01-24,15,14728.55,2024-02-04,Paid
INV-22337,Gable Motors,2024-06-06,2024-07-21,45,18095.27,2024-07-31,Paid
INV-22338,Borealis Motors,2024-07-14,2024-08-28,45,13095.28,2024-09-05,Paid
INV-22339,Borealis Foods,2024-12-07,2024-12-22,15,32869.13,2024-12-20,Paid
INV-22340,Dynamo Medical,2025-08-28,2025-10-12,45,11606.61,2025-10-12,Paid
INV-22341,Dynamo Foods,2025-12-26,2026-01-25,30,29448.07,2026-02-18,Paid
INV-22342,Gable Motors,2026-08-20,2026-10-04,45,12942.52,,Open
INV-22343,Linden Supply,2024-12-31,2025-01-15,15,15056.93,2025-01-14,Paid
INV-22344,Gable Retail,2026-04-05,2026-06-04,60,17975.41,2026-06-23,Paid
INV-22345,Jetty Medical,2024-11-24,2024-12-09,15,36101.86,2024-12-18,Paid
INV-22346,Forge Foods,2024-05-13,2024-06-12,30,84097.15,2024-06-21,Paid
INV-22347,Iris Supply,2025-03-15,2025-03-30,15,18520.0,2025-04-25,Paid
INV-22348,Cascade Supply,2024-01-24,2024-03-09,45,11102.29,2024-03-11,Paid
INV-22349,Linden Medical,2024-10-08,2024-11-07,30,9983.6,2024-11-12,Paid
INV-22350,Linden Retail,2024-12-04,2024-12-19,15,22599.53,2025-01-08,Paid
INV-22351,Linden Supply,2024-01-27,2024-02-11,15,20341.78,2024-02-20,Paid
INV-22352,Echo Motors,2026-04-12,2026-04-27,15,12570.19,2026-04-27,Paid
INV-22353,Cascade Retail,2024-08-21,2024-09-20,30,19712.7,2024-10-02,Paid
INV-22354,Gable Medical,2026-05-20,2026-07-19,60,18488.49,2026-07-06,Paid
INV-22355,Iris Motors,2025-02-05,2025-04-06,60,13757.22,2025-04-11,Paid
INV-22356,Forge Supply,2024-04-03,2024-04-18,15,22495.13,2024-06-25,Paid
INV-22357,Atlas Motors,2025-12-29,2026-02-27,60,5154.53,2026-03-03,Paid
INV-22358,Cascade Foods,2024-12-14,2024-12-29,15,11631.65,2025-01-22,Paid
INV-22359,Horizon Foods,2026-07-14,2026-08-13,30,9972.7,2026-08-03,Paid
INV-22360,Dynamo Motors,2025-08-12,2025-08-27,15,15935.85,2025-09-03,Paid
INV-22361,Forge Supply,2025-04-20,2025-05-05,15,25503.48,2025-07-24,Paid
INV-22362,Kestrel Foods,2024-09-29,2024-11-28,60,20399.51,2024-11-20,Paid
INV-22363,Gable Supply,2024-03-16,2024-03-31,15,12365.59,2024-04-12,Paid
INV-22364,Cascade Medical,2024-12-02,2025-01-01,30,15575.24,2025-01-20,Paid
INV-22365,Gable Retail,2024-06-15,2024-08-14,60,10008.81,2024-09-12,Paid
INV-22366,Borealis Supply,2025-03-15,2025-03-30,15,25265.71,2025-04-26,Paid
INV-22367,Forge Medical,2026-05-06,2026-06-05,30,4041.87,2026-05-25,Paid
INV-22368,Borealis Supply,2026-07-11,2026-07-26,15,7072.76,2026-08-08,Paid
INV-22369,Cascade Supply,2026-01-21,2026-03-07,45,88408.79,2026-03-16,Paid
INV-22370,Horizon Retail,2025-05-07,2025-06-21,45,18462.56,2025-07-09,Paid
INV-22371,Iris Supply,2024-09-22,2024-10-07,15,21264.45,2024-10-19,Paid
INV-22372,Atlas Retail,2024-09-18,2024-11-17,60,29763.91,2024-11-15,Paid
INV-22373,Borealis Retail,2024-12-08,2025-01-07,30,27876.49,2025-01-30,Paid
INV-22374,Echo Foods,2025-08-05,2025-10-04,60,917.54,2025-10-08,Paid
INV-22375,Borealis Medical,2025-08-27,2025-09-26,30,10965.93,2025-09-27,Paid
INV-22376,Echo Motors,2025-01-07,2025-01-22,15,10670.01,2025-01-25,Paid
INV-22377,Linden Supply,2024-09-29,2024-10-14,15,17298.37,2024-10-12,Paid
INV-22378,Forge Medical,2026-05-15,2026-06-14,30,24930.24,2026-06-21,Paid
INV-22379,Horizon Medical,2024-01-23,2024-03-08,45,32156.41,2024-03-16,Paid
INV-22380,Gable Motors,2024-04-23,2024-06-07,45,9467.92,2024-06-06,Paid
INV-22381,Borealis Medical,2024-04-13,2024-05-13,30,6385.88,2024-06-09,Paid
INV-22382,Cascade Retail,2024-08-14,2024-09-13,30,18705.25,2024-09-17,Paid
INV-22383,Kestrel Motors,2024-05-08,2024-06-07,30,22422.73,2024-06-10,Paid
INV-22384,Echo Retail,2026-03-21,2026-04-20,30,6283.58,2026-05-03,Paid
INV-22385,Atlas Motors,2024-01-03,2024-03-03,60,43991.09,2024-03-13,Paid
INV-22386,Linden Foods,2024-04-02,2024-06-01,60,22092.79,2024-06-01,Paid
INV-22387,Cascade Foods,2024-07-27,2024-08-11,15,58104.95,2024-08-04,Paid
INV-22388,Dynamo Motors,2026-01-23,2026-02-07,15,18312.55,2026-02-12,Paid
INV-22389,Horizon Foods,2026-04-07,2026-05-07,30,38413.92,2026-05-23,Paid
INV-22390,Echo Medical,2025-02-19,2025-03-21,30,20690.26,2025-04-09,Paid
INV-22391,Horizon Foods,2024-01-27,2024-02-26,30,65004.87,2024-02-28,Paid
INV-22392,Dynamo Motors,2026-02-19,2026-03-06,15,10241.73,2026-03-09,Paid
INV-22393,Linden Supply,2026-07-17,2026-08-01,15,16203.02,2026-08-09,Paid
INV-22394,Forge Medical,2026-01-05,2026-02-04,30,30298.6,2026-01-27,Paid
INV-22395,Kestrel Supply,2024-08-04,2024-09-18,45,10044.62,2024-09-18,Paid
INV-22396,Dynamo Motors,2026-02-21,2026-03-08,15,6210.92,,Open
INV-22397,Cascade Supply,2025-12-07,2026-01-21,45,16855.78,2026-02-19,Paid
INV-22398,Forge Retail,2024-01-06,2024-01-21,15,58381.35,2024-01-27,Paid
INV-22399,Jetty Foods,2025-11-10,2025-12-25,45,23349.19,2025-12-25,Paid
INV-22400,Forge Foods,2025-02-25,2025-03-27,30,6578.21,2025-04-03,Paid
INV-22401,Cascade Retail,2026-04-12,2026-05-12,30,13601.17,2026-05-05,Paid
INV-22402,Gable Motors,2025-09-15,2025-10-30,45,12784.05,2025-10-24,Paid
INV-22403,Echo Medical,2025-11-12,2025-12-12,30,46428.27,2026-01-04,Paid
INV-22404,Iris Medical,2024-11-11,2024-12-11,30,9433.27,2025-01-05,Paid
INV-22405,Borealis Retail,2024-04-26,2024-05-26,30,17840.01,2024-07-07,Paid
INV-22406,Horizon Foods,2026-08-31,2026-09-30,30,29204.2,,Open
INV-22407,Atlas Medical,2026-02-22,2026-03-24,30,8442.05,2026-03-24,Paid
INV-22408,Linden Medical,2026-09-18,2026-10-18,30,9105.36,,Open
INV-22409,Kestrel Retail,2024-05-14,2024-06-13,30,31734.29,2024-06-22,Paid
INV-22410,Kestrel Supply,2026-05-28,2026-07-12,45,14136.36,2026-07-12,Paid
INV-22411,Dynamo Supply,2025-10-26,2025-11-25,30,4505.23,2025-12-03,Paid
INV-22412,Jetty Foods,2024-11-07,2024-12-22,45,15548.95,2024-12-12,Paid
INV-22413,Gable Foods,2026-08-13,2026-10-12,60,11374.55,,Open
INV-22414,Atlas Foods,2025-09-22,2025-10-22,30,11333.74,2025-11-05,Paid
INV-22415,Kestrel Medical,2025-02-11,2025-03-13,30,86314.6,2025-04-06,Paid
INV-22416,Dynamo Foods,2024-11-15,2024-12-15,30,19550.89,2024-12-27,Paid
INV-22417,Cascade Supply,2024-10-29,2024-12-13,45,13939.84,2024-12-26,Paid
INV-22418,Atlas Motors,2026-01-01,2026-03-02,60,19006.53,2026-03-09,Paid
INV-22419,Kestrel Motors,2024-11-18,2024-12-18,30,5080.22,2024-12-30,Paid
INV-22420,Iris Supply,2025-11-29,2025-12-14,15,15338.09,2026-01-08,Paid
INV-22421,Atlas Supply,2024-11-17,2024-12-02,15,8740.11,2024-12-26,Paid
INV-22422,Horizon Motors,2025-09-04,2025-10-04,30,7044.47,2025-10-13,Paid
INV-22423,Linden Supply,2024-10-24,2024-11-08,15,13308.75,2024-11-13,Paid
INV-22424,Jetty Medical,2025-08-30,2025-09-14,15,19427.56,2025-09-20,Paid
INV-22425,Iris Supply,2024-07-09,2024-07-24,15,14825.36,2024-08-07,Paid
INV-22426,Linden Supply,2025-08-21,2025-09-05,15,18098.59,2025-08-28,Paid
INV-22427,Dynamo Motors,2025-12-26,2026-01-10,15,31776.23,2026-01-21,Paid
INV-22428,Horizon Foods,2025-08-30,2025-09-29,30,5869.72,2025-10-04,Paid
INV-22429,Kestrel Motors,2024-04-04,2024-05-04,30,13155.71,2024-05-27,Paid
INV-22430,Jetty Medical,2024-05-23,2024-06-07,15,11580.69,2024-06-12,Paid
INV-22431,Gable Supply,2026-03-18,2026-04-02,15,58553.9,2026-04-02,Paid
INV-22432,Forge Supply,2026-05-06,2026-05-21,15,14500.29,2026-07-21,Paid
INV-22433,Linden Medical,2026-03-04,2026-04-03,30,50963.44,2026-03-24,Paid
INV-22434,Forge Foods,2026-04-20,2026-05-20,30,18786.84,2026-05-28,Paid
INV-22435,Horizon Retail,2026-07-06,2026-08-20,45,12137.26,2026-09-07,Paid
INV-22436,Dynamo Foods,2025-10-30,2025-11-29,30,13239.85,2025-11-29,Paid
INV-22437,Kestrel Motors,2025-04-28,2025-05-28,30,26243.62,2025-05-27,Paid
INV-22438,Gable Motors,2024-08-23,2024-10-07,45,7869.75,2024-10-22,Paid
INV-22439,Echo Foods,2024-01-25,2024-03-25,60,7957.34,2024-04-11,Paid
INV-22440,Atlas Supply,2024-03-03,2024-03-18,15,18578.58,2024-04-17,Paid
INV-22441,Kestrel Foods,2024-02-24,2024-04-24,60,5958.28,2024-05-09,Paid
INV-22442,Linden Supply,2025-06-18,2025-07-03,15,11030.44,2025-07-03,Paid
INV-22443,Atlas Foods,2025-12-07,2026-01-06,30,6065.18,2026-01-27,Paid
INV-22444,Jetty Medical,2025-09-03,2025-09-18,15,5855.87,2025-10-12,Paid
INV-22445,Kestrel Foods,2026-06-01,2026-07-31,60,7802.1,2026-08-17,Paid
INV-22446,Echo Foods,2024-03-27,2024-05-26,60,24395.71,2024-06-08,Paid
INV-22447,Dynamo Motors,2026-07-30,2026-08-14,15,9054.96,2026-08-29,Paid
INV-22448,Iris Foods,2026-05-04,2026-06-18,45,10497.86,2026-07-01,Paid
INV-22449,Gable Foods,2025-12-01,2026-01-30,60,15145.14,2026-01-23,Paid
INV-22450,Gable Motors,2024-03-12,2024-04-26,45,3936.92,2024-05-01,Paid
INV-22451,Dynamo Motors,2024-12-11,2024-12-26,15,24600.37,2025-01-13,Paid
INV-22452,Atlas Supply,2024-05-15,2024-05-30,15,12559.68,2024-06-25,Paid
INV-22453,Linden Foods,2026-05-23,2026-07-22,60,4097.14,2026-07-24,Paid
INV-22454,Echo Retail,2024-12-14,2025-01-13,30,4451.01,2025-02-06,Paid
INV-22455,Borealis Supply,2024-10-30,2024-11-14,15,16732.93,2024-11-09,Paid
INV-22456,Borealis Foods,2026-05-13,2026-05-28,15,107771.09,2026-05-19,Paid
INV-22457,Iris Supply,2024-08-05,2024-08-20,15,4525.66,2024-09-07,Paid
INV-22458,Forge Motors,2025-06-02,2025-07-02,30,15997.8,2025-07-17,Paid
INV-22459,Dynamo Foods,2024-10-24,2024-11-23,30,26394.03,2024-12-02,Paid
INV-22460,Forge Motors,2025-09-23,2025-10-23,30,1303.77,2025-11-29,Paid
INV-22461,Borealis Medical,2025-05-04,2025-06-03,30,38121.86,2025-06-17,Paid
INV-22462,Linden Retail,2026-08-16,2026-08-31,15,41706.49,,Open
INV-22463,Jetty Retail,2024-06-20,2024-07-20,30,7248.75,2024-07-24,Paid
INV-22464,Jetty Supply,2024-05-16,2024-06-30,45,34306.1,2024-06-19,Paid
INV-22465,Horizon Foods,2025-09-20,2025-10-20,30,29117.37,2025-10-19,Paid
INV-22466,Kestrel Retail,2024-12-22,2025-01-21,30,3283.75,2025-02-07,Paid
INV-22467,Horizon Foods,2024-02-25,2024-03-26,30,5031.85,2024-04-04,Paid
INV-22468,Cascade Medical,2026-09-17,2026-10-17,30,11071.21,,Open
INV-22469,Borealis Motors,2024-03-06,2024-04-20,45,16313.63,2024-04-27,Paid
INV-22470,Linden Foods,2024-08-08,2024-10-07,60,52411.73,2024-10-27,Paid
INV-22471,Horizon Supply,2025-05-10,2025-07-09,60,10071.72,2025-07-09,Paid
INV-22472,Kestrel Motors,2024-10-03,2024-11-02,30,16222.21,2024-11-26,Paid
INV-22473,Echo Retail,2025-07-25,2025-08-24,30,42104.38,2025-09-05,Paid
INV-22474,Jetty Foods,2024-10-24,2024-12-08,45,24843.36,2024-12-05,Paid
INV-22475,Forge Motors,2024-07-25,2024-08-24,30,34237.76,2024-10-02,Paid
INV-22476,Jetty Retail,2026-02-09,2026-03-11,30,5313.04,2026-02-21,Paid
INV-22477,Dynamo Medical,2024-08-29,2024-10-13,45,43938.63,2024-10-07,Paid
INV-22478,Gable Medical,2024-11-19,2025-01-18,60,9222.57,2025-01-14,Paid
INV-22479,Cascade Retail,2026-07-22,2026-08-21,30,5754.39,2026-08-20,Paid
INV-22480,Cascade Foods,2024-05-05,2024-05-20,15,17003.75,,Open
INV-22481,Borealis Foods,2026-09-13,2026-09-28,15,22518.2,2026-09-26,Paid
INV-22482,Jetty Foods,2024-06-12,2024-07-27,45,101755.02,2024-07-24,Paid
INV-22483,Echo Retail,2026-05-05,2026-06-04,30,13020.68,2026-06-15,Paid
INV-22484,Echo Supply,2024-11-18,2024-12-03,15,9653.37,2024-12-23,Paid
INV-22485,Gable Retail,2026-04-04,2026-06-03,60,37341.76,2026-06-25,Paid
INV-22486,Linden Foods,2026-09-04,2026-11-03,60,36376.79,,Open
INV-22487,Kestrel Medical,2024-03-31,2024-04-30,30,9629.09,2024-05-28,Paid
INV-22488,Atlas Foods,2026-09-25,2026-10-25,30,10832.61,,Open
INV-22489,Borealis Motors,2024-10-17,2024-12-01,45,2291.34,2024-12-12,Paid
INV-22490,Linden Motors,2024-09-23,2024-11-22,60,62053.51,2024-11-19,Paid
INV-22491,Kestrel Motors,2026-03-21,2026-04-20,30,5599.32,2026-04-28,Paid
INV-22492,Iris Supply,2025-09-28,2025-10-13,15,9439.93,2025-10-23,Paid
INV-22493,Jetty Foods,2025-06-13,2025-07-28,45,35681.43,2025-07-22,Paid
INV-22494,Forge Foods,2026-04-26,2026-05-26,30,12766.04,2026-05-31,Paid
INV-22495,Dynamo Motors,2025-10-01,2025-10-16,15,31387.51,2025-10-17,Paid
INV-22496,Iris Motors,2025-02-22,2025-04-23,60,89310.15,2025-04-30,Paid
INV-22497,Linden Foods,2024-05-03,2024-07-02,60,12208.62,2024-07-05,Paid
INV-22498,Borealis Motors,2024-10-27,2024-12-11,45,9581.33,2024-12-11,Paid
INV-22499,Jetty Supply,2024-11-13,2024-12-28,45,47839.72,2024-12-30,Paid
INV-22500,Borealis Supply,2025-03-04,2025-03-19,15,13869.39,2025-04-10,Paid
INV-22501,Dynamo Retail,2024-11-04,2024-12-04,30,15525.8,2024-12-03,Paid
INV-22502,Gable Motors,2025-07-15,2025-08-29,45,12011.36,2025-08-28,Paid
INV-22503,Borealis Medical,2026-06-15,2026-07-15,30,22295.27,2026-08-02,Paid
INV-22504,Atlas Medical,2024-02-03,2024-03-04,30,7834.76,2024-03-14,Paid
INV-22505,Echo Retail,2025-04-23,2025-05-23,30,26656.4,2025-06-22,Paid
INV-22506,Borealis Motors,2024-11-07,2024-12-22,45,36002.26,2024-12-29,Paid
INV-22507,Jetty Foods,2024-03-30,2024-05-14,45,21288.65,2024-05-15,Paid
INV-22508,Cascade Supply,2026-09-06,2026-10-21,45,28218.62,,Open
INV-22509,Forge Supply,2025-07-31,2025-08-15,15,4701.21,2025-10-05,Paid
INV-22510,Iris Medical,2026-08-30,2026-09-29,30,170217.39,,Open
INV-22511,Dynamo Retail,2026-09-12,2026-10-12,30,21488.53,,Open
INV-22512,Horizon Foods,2026-05-13,2026-06-12,30,5539.84,2026-06-05,Paid
INV-22513,Jetty Medical,2026-01-18,2026-02-02,15,22333.05,2026-02-28,Paid
INV-22514,Cascade Retail,2025-08-19,2025-09-18,30,25328.05,2025-09-20,Paid
INV-22515,Dynamo Foods,2025-07-17,2025-08-16,30,8186.94,2025-08-16,Paid
INV-22516,Atlas Foods,2024-02-19,2024-03-20,30,14238.96,2024-04-03,Paid
INV-22517,Dynamo Foods,2025-09-25,2025-10-25,30,7098.2,2025-10-29,Paid
INV-22518,Iris Motors,2025-09-06,2025-11-05,60,21658.14,2025-11-14,Paid
INV-22519,Cascade Motors,2024-11-12,2024-12-12,30,12590.21,2024-11-30,Paid
INV-22520,Gable Foods,2024-10-05,2024-12-04,60,6484.85,2024-12-04,Paid
INV-22521,Linden Foods,2025-05-15,2025-07-14,60,17165.96,2025-07-17,Paid
INV-22522,Echo Foods,2024-12-26,2025-02-24,60,5581.06,2025-02-21,Paid
INV-22523,Linden Foods,2024-02-20,2024-04-20,60,19486.52,2024-04-23,Paid
INV-22524,Iris Medical,2024-03-07,2024-04-06,30,5479.48,2024-04-21,Paid
INV-22525,Iris Supply,2025-05-09,2025-05-24,15,5824.97,2025-06-25,Paid
INV-22526,Atlas Foods,2026-06-15,2026-07-15,30,2882.27,2026-07-22,Paid
INV-22527,Jetty Foods,2024-09-26,2024-11-10,45,46480.68,2024-11-12,Paid
INV-22528,Gable Foods,2026-08-07,2026-10-06,60,13332.66,,Open
INV-22529,Forge Retail,2024-07-07,2024-07-22,15,5425.22,2024-08-18,Paid
INV-22530,Atlas Foods,2024-10-22,2024-11-21,30,16369.75,2024-12-06,Paid
INV-22531,Kestrel Motors,2024-12-29,2025-01-28,30,18774.56,2025-02-09,Paid
INV-22532,Cascade Retail,2025-04-28,2025-05-28,30,15791.87,2025-06-07,Paid
INV-22533,Dynamo Medical,2025-01-09,2025-02-23,45,6005.09,2025-02-23,Paid
INV-22534,Gable Foods,2024-07-13,2024-09-11,60,74372.12,2024-09-11,Paid
INV-22535,Jetty Retail,2024-08-23,2024-09-22,30,18370.23,2024-10-04,Paid
INV-22536,Dynamo Supply,2024-05-17,2024-06-16,30,9285.21,2024-07-01,Paid
INV-22537,Gable Supply,2026-03-22,2026-04-06,15,18754.97,2026-04-12,Paid
INV-22538,Linden Motors,2024-12-03,2025-02-01,60,11907.45,2025-01-15,Paid
INV-22539,Horizon Foods,2024-07-02,2024-08-01,30,46401.51,2024-07-22,Paid
INV-22540,Linden Medical,2024-07-24,2024-08-23,30,10976.9,2024-08-26,Paid
INV-22541,Kestrel Medical,2025-06-18,2025-07-18,30,11279.47,2025-07-25,Paid
INV-22542,Jetty Motors,2025-08-30,2025-09-29,30,9029.93,2025-10-17,Paid
INV-22543,Cascade Supply,2026-02-27,2026-04-13,45,14770.64,2026-05-02,Paid
INV-22544,Gable Motors,2025-06-25,2025-08-09,45,4824.38,2025-08-08,Paid
INV-22545,Horizon Foods,2026-01-01,2026-01-31,30,22921.21,,Open
INV-22546,Echo Supply,2024-04-21,2024-05-06,15,13492.69,2024-05-09,Paid
INV-22547,Gable Motors,2025-03-26,2025-05-10,45,42594.22,2025-05-25,Paid
INV-22548,Echo Medical,2025-01-30,2025-03-01,30,15796.87,2025-03-25,Paid
INV-22549,Dynamo Supply,2025-04-10,2025-05-10,30,22365.31,2025-04-27,Paid
INV-22550,Horizon Supply,2024-07-07,2024-09-05,60,11164.7,2024-09-01,Paid
INV-22551,Linden Supply,2024-09-12,2024-09-27,15,21430.38,2024-10-09,Paid
INV-22552,Gable Foods,2024-03-07,2024-05-06,60,6018.6,2024-05-08,Paid
INV-22553,Gable Supply,2025-01-30,2025-02-14,15,8924.48,2025-03-02,Paid
INV-22554,Forge Motors,2025-02-05,2025-03-07,30,17060.89,2025-04-25,Paid
INV-22555,Linden Motors,2026-02-25,2026-04-26,60,7916.96,2026-05-02,Paid
INV-22556,Borealis Motors,2024-09-08,2024-10-23,45,27382.5,2024-10-23,Paid
INV-22557,Forge Supply,2024-11-26,2024-12-11,15,8968.88,2025-02-05,Paid
INV-22558,Iris Medical,2024-04-02,2024-05-02,30,6315.76,2024-05-28,Paid
INV-22559,Cascade Medical,2024-01-27,2024-02-26,30,4773.43,2024-03-14,Paid
INV-22560,Jetty Medical,2026-09-12,2026-09-27,15,36794.96,,Open
INV-22561,Jetty Foods,2024-10-16,2024-11-30,45,4282.25,2024-12-13,Paid
INV-22562,Horizon Medical,2025-03-23,2025-05-07,45,3794.93,2025-05-13,Paid
INV-22563,Cascade Motors,2025-04-17,2025-05-17,30,126027.8,2025-05-26,Paid
INV-22564,Iris Retail,2026-02-12,2026-03-29,45,12487.84,2026-03-28,Paid
INV-22565,Gable Foods,2025-11-08,2026-01-07,60,3473.05,2025-12-23,Paid
INV-22566,Jetty Motors,2026-05-01,2026-05-31,30,9951.74,2026-06-17,Paid
INV-22567,Jetty Supply,2024-12-14,2025-01-28,45,13569.47,2025-02-10,Paid
INV-22568,Gable Supply,2026-05-20,2026-06-04,15,15395.33,2026-07-01,Paid
INV-22569,Cascade Motors,2026-04-04,2026-05-04,30,10636.96,2026-05-11,Paid
INV-22570,Borealis Foods,2024-03-21,2024-04-05,15,6907.73,2024-03-15,Paid
INV-22571,Horizon Medical,2024-07-27,2024-09-10,45,7345.94,2024-10-15,Paid
INV-22572,Jetty Motors,2026-07-28,2026-08-27,30,11449.92,2026-09-06,Paid
INV-22573,Echo Motors,2024-05-13,2024-05-28,15,5671.22,2024-05-25,Paid
INV-22574,Echo Supply,2025-12-05,2025-12-20,15,49647.29,2025-12-30,Paid
INV-22575,Atlas Foods,2024-04-14,2024-05-14,30,14376.76,2024-06-18,Paid
INV-22576,Borealis Foods,2026-07-16,2026-07-31,15,20119.68,2026-08-06,Paid
INV-22577,Horizon Foods,2025-03-23,2025-04-22,30,28573.78,2025-04-26,Paid
INV-22578,Iris Retail,2025-09-27,2025-11-11,45,30747.98,2025-11-20,Paid
INV-22579,Borealis Medical,2024-01-09,2024-02-08,30,13733.66,2024-03-03,Paid
INV-22580,Jetty Supply,2026-05-15,2026-06-29,45,8419.6,2026-07-23,Paid
INV-22581,Borealis Foods,2026-09-22,2026-10-07,15,4953.61,,Open
INV-22582,Cascade Retail,2024-10-07,2024-11-06,30,5733.8,2024-11-09,Paid
INV-22583,Kestrel Supply,2024-05-07,2024-06-21,45,11268.43,2024-06-20,Paid
INV-22584,Forge Supply,2024-06-08,2024-06-23,15,7669.03,2024-08-29,Paid
INV-22585,Iris Foods,2025-09-21,2025-11-05,45,2730.04,2025-11-10,Paid
INV-22586,Jetty Foods,2024-12-21,2025-02-04,45,50432.52,2025-02-05,Paid
INV-22587,Gable Motors,2026-03-31,2026-05-15,45,6862.39,2026-05-22,Paid
INV-22588,Cascade Motors,2025-03-18,2025-04-17,30,21083.62,2025-04-19,Paid
INV-22589,Cascade Motors,2025-06-28,2025-07-28,30,28673.19,2025-07-27,Paid
INV-22590,Linden Medical,2024-12-14,2025-01-13,30,10829.82,2025-01-13,Paid
INV-22591,Jetty Medical,2026-06-03,2026-06-18,15,13340.75,2026-07-15,Paid
INV-22592,Atlas Motors,2024-05-12,2024-07-11,60,20977.43,2024-07-15,Paid
INV-22593,Horizon Retail,2025-01-22,2025-03-08,45,21499.69,2025-03-22,Paid
INV-22594,Kestrel Motors,2024-10-03,2024-11-02,30,13380.62,2024-10-24,Paid
INV-22595,Jetty Medical,2026-01-28,2026-02-12,15,17637.23,2026-02-21,Paid
INV-22596,Cascade Retail,2025-11-20,2025-12-20,30,6109.42,2025-12-28,Paid
INV-22597,Dynamo Motors,2024-07-16,2024-07-31,15,10899.97,2024-08-24,Paid
INV-22598,Forge Foods,2026-03-04,2026-04-03,30,17064.13,2026-04-25,Paid
INV-22599,Horizon Foods,2025-04-27,2025-05-27,30,28201.8,2025-06-05,Paid
INV-22600,Cascade Supply,2026-06-22,2026-08-06,45,16011.38,2026-08-04,Paid
INV-22601,Gable Foods,2024-12-16,2025-02-14,60,74788.2,2025-02-22,Paid
INV-22602,Gable Medical,2024-04-17,2024-06-16,60,18796.89,2024-06-06,Paid
INV-22603,Horizon Supply,2024-12-26,2025-02-24,60,42578.04,2025-02-18,Paid
INV-22604,Atlas Supply,2025-03-05,2025-03-20,15,6691.47,2025-04-25,Paid
INV-22605,Echo Motors,2024-09-13,2024-09-28,15,6343.38,2024-10-04,Paid
INV-22606,Horizon Foods,2024-06-14,2024-07-14,30,26215.76,2024-06-29,Paid
INV-22607,Horizon Motors,2026-03-12,2026-04-11,30,12320.05,2026-04-06,Paid
INV-22608,Echo Motors,2025-10-05,2025-10-20,15,33915.55,2025-10-29,Paid
INV-22609,Dynamo Foods,2026-06-17,2026-07-17,30,38067.09,2026-07-24,Paid
INV-22610,Linden Supply,2026-09-04,2026-09-19,15,8628.8,,Open
INV-22611,Cascade Retail,2026-01-11,2026-02-10,30,55180.22,2026-02-15,Paid
INV-22612,Dynamo Supply,2025-10-21,2025-11-20,30,5948.92,2025-12-12,Paid
INV-22613,Cascade Medical,2024-11-22,2024-12-22,30,4315.91,2024-12-29,Paid
INV-22614,Atlas Retail,2026-01-19,2026-03-20,60,3427.97,2026-03-27,Paid
INV-22615,Atlas Supply,2024-03-02,2024-03-17,15,36567.0,,Open
INV-22616,Kestrel Medical,2025-05-06,2025-06-05,30,17342.04,2025-06-09,Paid
INV-22617,Iris Supply,2026-05-06,2026-05-21,15,9510.95,2026-06-12,Paid
INV-22618,Linden Retail,2024-07-17,2024-08-01,15,14081.2,2024-08-12,Paid
INV-22619,Jetty Medical,2025-12-17,2026-01-01,15,3510.65,2026-01-11,Paid
INV-22620,Gable Retail,2024-11-13,2025-01-12,60,11388.57,2025-02-08,Paid
INV-22621,Gable Retail,2025-05-05,2025-07-04,60,20283.77,2025-08-06,Paid
INV-22622,Atlas Supply,2024-05-20,2024-06-04,15,8600.25,2024-06-22,Paid
INV-22623,Borealis Motors,2026-07-14,2026-08-28,45,13303.04,2026-08-28,Paid
INV-22624,Jetty Retail,2024-12-16,2025-01-15,30,8576.18,2025-01-26,Paid
INV-22625,Iris Motors,2025-02-27,2025-04-28,60,4411.74,2025-04-26,Paid
INV-22626,Borealis Foods,2024-07-15,2024-07-30,15,35086.5,2024-08-06,Paid
INV-22627,Cascade Medical,2024-12-08,2025-01-07,30,4186.86,2025-01-23,Paid
INV-22628,Dynamo Motors,2024-01-21,2024-02-05,15,35031.8,2024-02-27,Paid
INV-22629,Atlas Foods,2024-04-25,2024-05-25,30,11425.55,2024-06-03,Paid
INV-22630,Forge Retail,2024-02-03,2024-02-18,15,28959.04,2024-02-24,Paid
INV-22631,Forge Foods,2024-07-14,2024-08-13,30,8949.52,2024-08-22,Paid
INV-22632,Atlas Motors,2024-07-03,2024-09-01,60,8234.93,2024-08-29,Paid
INV-22633,Linden Medical,2025-09-06,2025-10-06,30,53008.34,2025-10-04,Paid
INV-22634,Jetty Foods,2026-03-03,2026-04-17,45,22170.12,2026-04-23,Paid
INV-22635,Atlas Retail,2026-02-28,2026-04-29,60,13850.43,2026-04-20,Paid
INV-22636,Horizon Supply,2025-12-30,2026-02-28,60,4839.95,2026-02-26,Paid
INV-22637,Atlas Foods,2025-07-27,2025-08-26,30,17517.15,2025-08-26,Paid
INV-22638,Atlas Foods,2026-02-03,2026-03-05,30,31645.71,2026-03-08,Paid
INV-22639,Dynamo Motors,2024-07-15,2024-07-30,15,21854.19,2024-08-12,Paid
INV-22640,Iris Foods,2025-03-02,2025-04-16,45,11518.84,2025-05-03,Paid
INV-22641,Horizon Retail,2026-03-03,2026-04-17,45,18661.33,2026-05-08,Paid
INV-22642,Atlas Medical,2025-01-31,2025-03-02,30,54218.49,,Open
INV-22643,Linden Retail,2026-09-16,2026-10-01,15,18607.02,,Open
INV-22644,Echo Medical,2026-07-25,2026-08-24,30,11172.72,2026-09-05,Paid
INV-22645,Echo Medical,2025-09-13,2025-10-13,30,8258.66,2025-11-06,Paid
INV-22646,Borealis Motors,2026-05-01,2026-06-15,45,79267.82,2026-06-07,Paid
INV-22647,Borealis Supply,2026-05-27,2026-06-11,15,10231.2,2026-06-20,Paid
INV-22648,Dynamo Retail,2024-08-29,2024-09-28,30,32008.56,2024-09-30,Paid
INV-22649,Gable Foods,2026-07-02,2026-08-31,60,7813.91,2026-08-31,Paid
INV-22650,Borealis Medical,2024-03-16,2024-04-15,30,7534.86,2024-04-22,Paid
INV-22651,Forge Supply,2024-06-18,2024-07-03,15,8887.66,2024-09-03,Paid
INV-22652,Horizon Motors,2024-03-19,2024-04-18,30,53906.0,2024-04-19,Paid
INV-22653,Dynamo Supply,2024-08-02,2024-09-01,30,17339.01,2024-09-08,Paid
INV-22654,Gable Motors,2026-06-25,2026-08-09,45,8862.19,2026-08-02,Paid
INV-22655,Jetty Retail,2025-02-13,2025-03-15,30,8016.66,2025-03-10,Paid
INV-22656,Jetty Supply,2025-03-04,2025-04-18,45,4807.16,2025-04-15,Paid
INV-22657,Linden Foods,2025-11-12,2026-01-11,60,30856.33,2026-01-10,Paid
INV-22658,Kestrel Motors,2026-07-19,2026-08-18,30,19887.19,2026-08-14,Paid
INV-22659,Dynamo Foods,2026-06-18,2026-07-18,30,8818.02,2026-07-24,Paid
INV-22660,Cascade Medical,2024-11-10,2024-12-10,30,11580.22,2024-12-10,Paid
INV-22661,Jetty Motors,2025-05-09,2025-06-08,30,10035.06,2025-07-07,Paid
INV-22662,Echo Foods,2025-04-18,2025-06-17,60,11558.54,2025-06-28,Paid
INV-22663,Cascade Foods,2024-09-27,2024-10-12,15,7423.11,2024-10-17,Paid
INV-22664,Gable Supply,2025-05-09,2025-05-24,15,28481.89,2025-05-22,Paid
INV-22665,Kestrel Supply,2024-08-15,2024-09-29,45,19947.43,2024-09-09,Paid
INV-22666,Iris Medical,2024-12-22,2025-01-21,30,13919.38,2025-01-27,Paid
INV-22667,Atlas Motors,2025-05-10,2025-07-09,60,5719.24,2025-07-14,Paid
INV-22668,Forge Foods,2026-07-18,2026-08-17,30,6812.9,2026-08-19,Paid
INV-22669,Echo Medical,2026-09-19,2026-10-19,30,13121.36,,Open
INV-22670,Forge Foods,2025-04-11,2025-05-11,30,11025.58,2025-05-07,Paid
INV-22671,Horizon Foods,2024-11-07,2024-12-07,30,11079.74,2024-11-22,Paid
INV-22672,Gable Retail,2024-12-25,2025-02-23,60,5355.43,2025-03-30,Paid
INV-22673,Cascade Medical,2026-04-08,2026-05-08,30,19098.16,2026-05-22,Paid
INV-22674,Dynamo Medical,2024-07-24,2024-09-07,45,9776.19,2024-09-19,Paid
INV-22675,Atlas Supply,2026-07-05,2026-07-20,15,65077.33,2026-08-01,Paid
INV-22676,Cascade Retail,2024-05-11,2024-06-10,30,6735.7,2024-06-30,Paid
INV-22677,Cascade Retail,2026-06-11,2026-07-11,30,20256.72,2026-08-03,Paid
INV-22678,Atlas Motors,2025-05-27,2025-07-26,60,14500.5,2025-07-27,Paid
INV-22679,Jetty Motors,2025-04-02,2025-05-02,30,19665.17,2025-05-26,Paid
INV-22680,Borealis Foods,2026-02-10,2026-02-25,15,10210.72,2026-02-23,Paid
INV-22681,Horizon Foods,2024-10-24,2024-11-23,30,32212.98,2024-12-01,Paid
INV-22682,Borealis Supply,2024-09-10,2024-09-25,15,19854.23,2024-09-28,Paid
INV-22683,Forge Supply,2025-07-02,2025-07-17,15,25325.93,2025-09-15,Paid
INV-22684,Cascade Retail,2025-04-12,2025-05-12,30,17852.29,2025-05-09,Paid
INV-22685,Atlas Retail,2025-10-28,2025-12-27,60,5200.89,2025-12-27,Paid
INV-22686,Forge Motors,2026-04-12,2026-05-12,30,38941.85,2026-06-24,Paid
INV-22687,Jetty Motors,2024-02-25,2024-03-26,30,8598.93,2024-03-28,Paid
INV-22688,Forge Retail,2025-02-05,2025-02-20,15,5989.28,2025-03-10,Paid
INV-22689,Dynamo Supply,2024-03-05,2024-04-04,30,14485.02,2024-03-24,Paid
INV-22690,Iris Medical,2026-07-11,2026-08-10,30,6174.63,2026-08-26,Paid
INV-22691,Cascade Medical,2025-03-28,2025-04-27,30,24398.98,2025-05-13,Paid
INV-22692,Kestrel Motors,2026-08-21,2026-09-20,30,3486.96,,Open
INV-22693,Cascade Medical,2024-05-04,2024-06-03,30,18113.67,2024-06-08,Paid
INV-22694,Atlas Retail,2024-03-22,2024-05-21,60,6883.07,2024-05-16,Paid
INV-22695,Gable Supply,2025-05-25,2025-06-09,15,10659.53,2025-06-26,Paid
INV-22696,Borealis Foods,2026-07-17,2026-08-01,15,25526.0,2026-08-22,Paid
INV-22697,Forge Retail,2024-06-05,2024-06-20,15,19873.9,2024-06-10,Paid
INV-22698,Iris Supply,2026-03-25,2026-04-09,15,3059.44,2026-05-12,Paid
INV-22699,Echo Supply,2025-01-04,2025-01-19,15,11579.39,2025-02-21,Paid
INV-22700,Gable Medical,2025-07-20,2025-09-18,60,84810.79,2025-09-24,Paid
INV-22701,Horizon Supply,2026-02-12,2026-04-13,60,38417.4,2026-04-25,Paid
INV-22702,Atlas Medical,2026-05-27,2026-06-26,30,48252.25,2026-06-17,Paid
INV-22703,Echo Motors,2024-07-06,2024-07-21,15,28049.08,2024-08-09,Paid
INV-22704,Kestrel Medical,2025-05-23,2025-06-22,30,13020.33,2025-06-30,Paid
INV-22705,Jetty Medical,2024-01-03,2024-01-18,15,8226.6,2024-01-29,Paid
INV-22706,Jetty Retail,2025-08-12,2025-09-11,30,37181.0,2025-09-12,Paid
INV-22707,Dynamo Medical,2025-03-06,2025-04-20,45,6754.22,2025-04-21,Paid
INV-22708,Jetty Supply,2026-08-01,2026-09-15,45,27992.33,2026-09-20,Paid
INV-22709,Dynamo Medical,2024-04-24,2024-06-08,45,4789.11,2024-06-02,Paid
INV-22710,Echo Supply,2025-09-13,2025-09-28,15,10091.05,2025-10-07,Paid
INV-22711,Gable Medical,2024-01-30,2024-03-30,60,14833.52,2024-03-29,Paid
INV-22712,Atlas Motors,2024-07-21,2024-09-19,60,42212.37,2024-09-18,Paid
INV-22713,Gable Retail,2026-02-22,2026-04-23,60,15344.67,2026-05-20,Paid
INV-22714,Cascade Supply,2025-04-02,2025-05-17,45,30055.69,2025-05-28,Paid
INV-22715,Borealis Medical,2025-01-29,2025-02-28,30,5491.24,2025-03-07,Paid
INV-22716,Jetty Supply,2026-05-03,2026-06-17,45,6480.11,2026-07-01,Paid
INV-22717,Gable Medical,2024-10-07,2024-12-06,60,8882.76,2024-12-23,Paid
INV-22718,Iris Motors,2026-02-21,2026-04-22,60,23661.58,2026-04-23,Paid
INV-22719,Echo Retail,2025-09-04,2025-10-04,30,19761.82,2025-10-21,Paid
INV-22720,Horizon Retail,2026-05-17,2026-07-01,45,22979.93,2026-07-20,Paid
INV-22721,Jetty Retail,2025-05-21,2025-06-20,30,7284.57,2025-07-08,Paid
INV-22722,Cascade Motors,2024-03-26,2024-04-25,30,12584.22,2024-04-29,Paid
INV-22723,Atlas Supply,2024-05-20,2024-06-04,15,11563.12,2024-06-27,Paid
INV-22724,Cascade Medical,2024-02-19,2024-03-20,30,9620.45,2024-04-03,Paid
INV-22725,Borealis Medical,2024-07-16,2024-08-15,30,21193.72,2024-09-14,Paid
INV-22726,Gable Supply,2026-07-29,2026-08-13,15,19327.04,2026-08-31,Paid
INV-22727,Echo Retail,2024-10-15,2024-11-14,30,68733.4,2024-11-14,Paid
INV-22728,Gable Supply,2024-06-10,2024-06-25,15,25082.01,2024-06-22,Paid
INV-22729,Cascade Motors,2024-02-09,2024-03-10,30,43972.56,2024-03-15,Paid
INV-22730,Iris Foods,2025-10-02,2025-11-16,45,31154.39,2025-11-26,Paid
INV-22731,Linden Foods,2025-09-18,2025-11-17,60,88299.03,2025-11-27,Paid
INV-22732,Borealis Retail,2024-06-11,2024-07-11,30,43259.09,2024-07-26,Paid
INV-22733,Cascade Retail,2025-06-12,2025-07-12,30,15542.62,2025-07-16,Paid
INV-22734,Gable Motors,2024-10-19,2024-12-03,45,23233.24,2024-12-11,Paid
INV-22735,Dynamo Supply,2026-09-27,2026-10-27,30,3548.25,,Open
INV-22736,Iris Foods,2026-05-21,2026-07-05,45,48978.01,2026-07-21,Paid
INV-22737,Borealis Foods,2026-02-22,2026-03-09,15,1531.5,2026-03-10,Paid
INV-22738,Jetty Motors,2024-09-20,2024-10-20,30,18609.98,2024-11-15,Paid
INV-22739,Cascade Foods,2025-12-30,2026-01-14,15,10825.09,2026-02-02,Paid
INV-22740,Linden Supply,2024-07-19,2024-08-03,15,28223.27,2024-07-19,Paid
INV-22741,Linden Foods,2026-01-14,2026-03-15,60,4990.11,2026-04-02,Paid
INV-22742,Horizon Foods,2026-05-08,2026-06-07,30,7870.95,2026-06-13,Paid
INV-22743,Gable Retail,2026-06-15,2026-08-14,60,33233.62,2026-09-10,Paid
INV-22744,Borealis Supply,2026-05-15,2026-05-30,15,6529.46,2026-06-12,Paid
INV-22745,Jetty Retail,2024-04-02,2024-05-02,30,14218.77,2024-05-09,Paid
INV-22746,Horizon Medical,2024-06-01,2024-07-16,45,50478.61,2024-07-16,Paid
INV-22747,Linden Motors,2024-10-12,2024-12-11,60,15894.39,2024-12-14,Paid
INV-22748,Gable Supply,2024-01-15,2024-01-30,15,23895.74,2024-02-04,Paid
INV-22749,Linden Supply,2025-12-11,2025-12-26,15,1205.84,2025-12-26,Paid
INV-22750,Cascade Foods,2025-09-15,2025-09-30,15,9083.99,2025-10-03,Paid
INV-22751,Horizon Medical,2025-11-30,2026-01-14,45,6357.56,2026-01-29,Paid
INV-22752,Jetty Medical,2024-01-26,2024-02-10,15,10927.73,2024-02-17,Paid
INV-22753,Jetty Retail,2024-05-05,2024-06-04,30,15610.0,2024-06-11,Paid
INV-22754,Linden Medical,2026-09-01,2026-10-01,30,49285.83,,Open
INV-22755,Horizon Supply,2026-05-23,2026-07-22,60,8535.83,2026-07-25,Paid
INV-22756,Atlas Medical,2025-05-29,2025-06-28,30,29151.65,2025-07-19,Paid
INV-22757,Iris Supply,2026-05-30,2026-06-14,15,11728.09,2026-06-27,Paid
INV-22758,Gable Medical,2026-07-08,2026-09-06,60,1747.86,2026-09-10,Paid
INV-22759,Horizon Retail,2026-06-03,2026-07-18,45,8984.92,2026-07-23,Paid
INV-22760,Jetty Medical,2024-11-22,2024-12-07,15,11637.84,2024-12-30,Paid
INV-22761,Horizon Supply,2026-07-05,2026-09-03,60,11601.05,2026-08-11,Paid
INV-22762,Dynamo Supply,2025-05-04,2025-06-03,30,6666.2,2025-05-29,Paid
INV-22763,Iris Foods,2025-03-14,2025-04-28,45,13567.57,2025-05-15,Paid
INV-22764,Echo Foods,2025-02-16,2025-04-17,60,62788.02,2025-04-17,Paid
INV-22765,Cascade Medical,2024-01-13,2024-02-12,30,14744.15,2024-03-07,Paid
INV-22766,Echo Supply,2025-08-14,2025-08-29,15,7053.99,2025-09-08,Paid
INV-22767,Borealis Foods,2024-01-02,2024-01-17,15,21679.73,2024-02-06,Paid
INV-22768,Linden Foods,2024-09-12,2024-11-11,60,15456.69,2024-11-14,Paid
INV-22769,Forge Medical,2024-05-29,2024-06-28,30,79606.3,2024-07-05,Paid
INV-22770,Horizon Supply,2025-11-05,2026-01-04,60,4586.29,2026-01-01,Paid
INV-22771,Jetty Medical,2025-05-31,2025-06-15,15,2609.77,2025-06-16,Paid
INV-22772,Jetty Supply,2024-04-25,2024-06-09,45,18881.11,2024-06-14,Paid
INV-22773,Horizon Supply,2025-08-23,2025-10-22,60,12099.49,2025-11-01,Paid
INV-22774,Cascade Supply,2024-07-02,2024-08-16,45,3975.19,2024-08-25,Paid
INV-22775,Cascade Retail,2024-07-26,2024-08-25,30,19343.29,2024-09-04,Paid
INV-22776,Forge Medical,2025-10-01,2025-10-31,30,43919.47,2025-10-31,Paid
INV-22777,Iris Foods,2026-07-05,2026-08-19,45,23353.15,2026-08-21,Paid
INV-22778,Gable Retail,2024-07-05,2024-09-03,60,29858.32,2024-09-13,Paid
INV-22779,Linden Retail,2025-12-24,2026-01-08,15,23421.65,2026-01-28,Paid
INV-22780,Cascade Medical,2025-03-09,2025-04-08,30,13744.13,2025-04-18,Paid
INV-22781,Dynamo Medical,2024-01-03,2024-02-17,45,52645.89,2024-02-25,Paid
INV-22782,Linden Retail,2026-04-17,2026-05-02,15,57373.16,2026-05-16,Paid
INV-22783,Kestrel Motors,2026-03-20,2026-04-19,30,2529.05,2026-04-26,Paid
INV-22784,Horizon Retail,2024-04-09,2024-05-24,45,11175.41,2024-06-17,Paid
INV-22785,Borealis Medical,2024-11-23,2024-12-23,30,10077.72,2024-12-22,Paid
INV-22786,Borealis Motors,2026-04-19,2026-06-03,45,9266.17,2026-06-09,Paid
INV-22787,Cascade Medical,2024-03-09,2024-04-08,30,9270.03,2024-04-28,Paid
INV-22788,Gable Retail,2025-06-08,2025-08-07,60,11892.41,2025-09-08,Paid
INV-22789,Forge Motors,2025-05-18,2025-06-17,30,23326.88,2025-07-23,Paid
INV-22790,Atlas Medical,2026-06-24,2026-07-24,30,5560.21,2026-08-06,Paid
INV-22791,Kestrel Supply,2026-02-21,2026-04-07,45,4339.8,2026-03-25,Paid
INV-22792,Atlas Retail,2025-04-15,2025-06-14,60,12779.62,2025-06-24,Paid
INV-22793,Atlas Supply,2024-04-14,2024-04-29,15,11645.84,2024-05-29,Paid
INV-22794,Borealis Foods,2025-11-23,2025-12-08,15,33274.91,2025-12-11,Paid
INV-22795,Kestrel Retail,2024-07-19,2024-08-18,30,10239.8,2024-08-25,Paid
INV-22796,Borealis Foods,2026-07-12,2026-07-27,15,18809.93,2026-08-09,Paid
INV-22797,Horizon Foods,2026-09-27,2026-10-27,30,19549.57,,Open
INV-22798,Borealis Retail,2025-02-18,2025-03-20,30,33654.01,2025-04-15,Paid
INV-22799,Cascade Retail,2024-04-09,2024-05-09,30,8690.68,2024-05-02,Paid
INV-22800,Horizon Medical,2026-01-17,2026-03-03,45,4053.99,2026-03-23,Paid
INV-22801,Borealis Foods,2024-12-27,2025-01-11,15,3095.39,2025-01-24,Paid
INV-22802,Echo Retail,2024-02-05,2024-03-06,30,11324.58,2024-03-24,Paid
INV-22803,Forge Medical,2024-11-15,2024-12-15,30,42730.64,2024-12-23,Paid
INV-22804,Cascade Retail,2025-05-09,2025-06-08,30,6067.63,2025-06-08,Paid
INV-22805,Iris Retail,2025-08-08,2025-09-22,45,5798.22,2025-09-24,Paid
INV-22806,Forge Retail,2024-06-07,2024-06-22,15,27240.91,2024-07-05,Paid
INV-22807,Borealis Medical,2025-07-15,2025-08-14,30,25721.61,2025-08-28,Paid
INV-22808,Jetty Medical,2025-07-02,2025-07-17,15,60152.78,2025-07-29,Paid
INV-22809,Forge Supply,2025-09-19,2025-10-04,15,13095.82,2025-12-04,Paid
INV-22810,Dynamo Retail,2025-08-03,2025-09-02,30,28382.05,2025-09-08,Paid
INV-22811,Horizon Medical,2024-02-09,2024-03-25,45,40500.92,2024-04-20,Paid
INV-22812,Linden Supply,2025-12-23,2026-01-07,15,27955.86,2026-01-09,Paid
INV-22813,Echo Motors,2024-01-30,2024-02-14,15,29019.71,2024-03-13,Paid
INV-22814,Kestrel Motors,2026-08-05,2026-09-04,30,35062.89,2026-09-17,Paid
INV-22815,Linden Motors,2024-04-27,2024-06-26,60,8958.55,2024-06-19,Paid
INV-22816,Jetty Motors,2024-12-01,2024-12-31,30,21491.14,2025-01-24,Paid
INV-22817,Atlas Foods,2024-02-11,2024-03-12,30,11793.7,2024-03-26,Paid
INV-22818,Cascade Retail,2026-08-23,2026-09-22,30,13457.53,2026-09-21,Paid
INV-22819,Linden Motors,2025-02-05,2025-04-06,60,15305.09,2025-04-20,Paid
INV-22820,Gable Supply,2026-01-15,2026-01-30,15,4289.43,2026-02-01,Paid
INV-22821,Horizon Motors,2026-06-17,2026-07-17,30,5104.64,2026-07-21,Paid
INV-22822,Borealis Supply,2026-07-15,2026-07-30,15,10866.33,2026-08-11,Paid
INV-22823,Echo Medical,2026-05-05,2026-06-04,30,5394.29,2026-06-20,Paid
INV-22824,Cascade Medical,2024-05-23,2024-06-22,30,5951.22,2024-07-06,Paid
INV-22825,Gable Medical,2025-08-17,2025-10-16,60,9648.82,2025-10-23,Paid
INV-22826,Gable Supply,2026-06-30,2026-07-15,15,12497.87,2026-07-18,Paid
INV-22827,Gable Retail,2024-01-22,2024-03-22,60,3016.8,2024-04-08,Paid
INV-22828,Atlas Foods,2024-05-23,2024-06-22,30,59141.41,2024-07-11,Paid
INV-22829,Borealis Retail,2026-09-03,2026-10-03,30,42631.82,,Open
INV-22830,Jetty Medical,2024-10-01,2024-10-16,15,17249.29,2024-11-04,Paid
INV-22831,Dynamo Foods,2025-01-21,2025-02-20,30,5957.07,2025-03-02,Paid
INV-22832,Borealis Supply,2026-03-01,2026-03-16,15,4428.74,2026-04-02,Paid
INV-22833,Gable Foods,2026-09-10,2026-11-09,60,67853.67,,Open
INV-22834,Horizon Supply,2024-09-30,2024-11-29,60,4426.21,2024-11-23,Paid
INV-22835,Borealis Supply,2026-03-16,2026-03-31,15,28625.76,2026-03-31,Paid
INV-22836,Horizon Motors,2025-07-17,2025-08-16,30,4868.45,2025-08-13,Paid
INV-22837,Dynamo Motors,2025-10-06,2025-10-21,15,4574.96,2025-11-12,Paid
INV-22838,Borealis Supply,2024-02-13,2024-02-28,15,35195.73,2024-03-19,Paid
INV-22839,Cascade Retail,2025-08-19,2025-09-18,30,17104.42,2025-09-30,Paid
INV-22840,Jetty Retail,2024-04-19,2024-05-19,30,23933.21,2024-06-01,Paid
INV-22841,Horizon Foods,2024-01-29,2024-02-28,30,7287.6,2024-03-12,Paid
INV-22842,Borealis Motors,2024-10-29,2024-12-13,45,7174.1,2024-12-19,Paid
INV-22843,Gable Retail,2024-12-21,2025-02-19,60,38562.27,2025-03-01,Paid
INV-22844,Borealis Retail,2025-05-14,2025-06-13,30,4780.32,2025-07-01,Paid
INV-22845,Dynamo Retail,2025-02-13,2025-03-15,30,30797.16,2025-04-05,Paid
INV-22846,Horizon Medical,2026-03-25,2026-05-09,45,170860.95,2026-05-22,Paid
INV-22847,Forge Supply,2026-07-13,2026-07-28,15,31513.03,,Open
INV-22848,Gable Foods,2025-12-12,2026-02-10,60,8850.73,2026-02-09,Paid
INV-22849,Jetty Retail,2025-01-16,2025-02-15,30,19573.64,2025-02-20,Paid
INV-22850,Kestrel Motors,2025-03-09,2025-04-08,30,5204.38,2025-04-23,Paid
INV-22851,Forge Supply,2024-01-12,2024-01-27,15,10058.05,2024-03-21,Paid
INV-22852,Iris Motors,2025-10-25,2025-12-24,60,17534.09,2025-12-27,Paid
INV-22853,Forge Motors,2024-04-11,2024-05-11,30,31905.6,2024-06-23,Paid
INV-22854,Forge Foods,2024-08-22,2024-09-21,30,13333.94,2024-09-12,Paid
INV-22855,Linden Retail,2026-03-17,2026-04-01,15,12444.48,2026-04-22,Paid
INV-22856,Iris Retail,2026-06-04,2026-07-19,45,8133.42,2026-07-23,Paid
INV-22857,Linden Supply,2026-01-08,2026-01-23,15,12781.31,2026-01-13,Paid
INV-22858,Kestrel Retail,2024-11-26,2024-12-26,30,10019.9,2025-01-17,Paid
INV-22859,Dynamo Supply,2025-10-24,2025-11-23,30,7446.22,2025-11-13,Paid
INV-22860,Forge Foods,2025-04-26,2025-05-26,30,31152.62,2025-05-31,Paid
INV-22861,Cascade Motors,2025-12-04,2026-01-03,30,14694.7,2026-01-16,Paid
INV-22862,Echo Motors,2026-04-06,2026-04-21,15,7790.32,2026-04-18,Paid
INV-22863,Gable Medical,2024-02-09,2024-04-09,60,11159.06,2024-04-11,Paid
INV-22864,Borealis Supply,2025-10-25,2025-11-09,15,18862.57,2025-11-17,Paid
INV-22865,Gable Foods,2025-06-19,2025-08-18,60,13540.02,2025-08-16,Paid
INV-22866,Atlas Motors,2024-03-22,2024-05-21,60,15018.16,2024-06-05,Paid
INV-22867,Borealis Supply,2026-01-07,2026-01-22,15,14561.09,2026-02-17,Paid
INV-22868,Horizon Foods,2024-12-07,2025-01-06,30,15469.25,2025-01-17,Paid
INV-22869,Borealis Retail,2024-07-02,2024-08-01,30,6835.35,2024-08-22,Paid
INV-22870,Kestrel Foods,2026-07-14,2026-09-12,60,14255.81,2026-09-13,Paid
INV-22871,Atlas Foods,2026-05-10,2026-06-09,30,40976.44,2026-07-10,Paid
INV-22872,Linden Medical,2026-01-08,2026-02-07,30,15438.87,2026-01-19,Paid
INV-22873,Borealis Retail,2024-01-03,2024-02-02,30,7489.83,2024-03-13,Paid
INV-22874,Iris Supply,2024-01-27,2024-02-11,15,21526.52,2024-02-14,Paid
INV-22875,Linden Medical,2025-10-08,2025-11-07,30,3492.2,2025-11-05,Paid
INV-22876,Borealis Retail,2025-03-26,2025-04-25,30,47346.95,2025-06-03,Paid
INV-22877,Borealis Motors,2024-06-17,2024-08-01,45,15222.09,2024-07-21,Paid
INV-22878,Echo Supply,2025-09-18,2025-10-03,15,28595.38,2025-10-03,Paid
INV-22879,Iris Motors,2025-10-08,2025-12-07,60,21976.15,2025-12-16,Paid
INV-22880,Iris Supply,2025-10-16,2025-10-31,15,2697.7,2025-11-22,Paid
INV-22881,Cascade Supply,2026-02-16,2026-04-02,45,13156.24,2026-03-28,Paid
INV-22882,Cascade Medical,2025-11-08,2025-12-08,30,10437.35,2025-12-30,Paid
INV-22883,Gable Retail,2024-11-17,2025-01-16,60,15157.97,2025-02-09,Paid
INV-22884,Iris Medical,2024-07-27,2024-08-26,30,10071.02,2024-08-28,Paid
INV-22885,Iris Foods,2025-06-16,2025-07-31,45,6182.21,2025-08-17,Paid
INV-22886,Forge Foods,2026-05-18,2026-06-17,30,9656.76,2026-07-04,Paid
INV-22887,Jetty Supply,2026-04-12,2026-05-27,45,29705.41,2026-06-17,Paid
INV-22888,Kestrel Medical,2024-03-19,2024-04-18,30,31737.94,2024-05-11,Paid
INV-22889,Echo Medical,2025-04-10,2025-05-10,30,16230.14,2025-05-26,Paid
INV-22890,Dynamo Motors,2025-01-11,2025-01-26,15,20541.99,2025-02-17,Paid
INV-22891,Iris Retail,2025-08-10,2025-09-24,45,16041.19,2025-10-20,Paid
INV-22892,Cascade Motors,2025-01-20,2025-02-19,30,68103.12,2025-02-16,Paid
INV-22893,Dynamo Medical,2025-01-23,2025-03-09,45,4350.69,2025-03-09,Paid
INV-22894,Kestrel Medical,2026-04-29,2026-05-29,30,2059.07,2026-06-11,Paid
INV-22895,Kestrel Foods,2024-04-20,2024-06-19,60,4365.52,2024-07-02,Paid
INV-22896,Forge Supply,2024-01-10,2024-01-25,15,26343.77,2024-03-29,Paid
INV-22897,Atlas Foods,2026-01-29,2026-02-28,30,10786.73,2026-03-10,Paid
INV-22898,Gable Retail,2025-05-20,2025-07-19,60,9348.42,2025-08-13,Paid
INV-22899,Forge Foods,2026-03-02,2026-04-01,30,30418.21,2026-03-22,Paid
INV-22900,Horizon Supply,2025-10-24,2025-12-23,60,2981.33,2026-01-01,Paid
INV-22901,Kestrel Foods,2026-04-05,2026-06-04,60,20656.36,2026-06-19,Paid
INV-22902,Horizon Motors,2024-09-24,2024-10-24,30,4328.84,2024-10-29,Paid
INV-22903,Forge Retail,2025-08-01,2025-08-16,15,48425.55,2025-08-31,Paid
INV-22904,Forge Foods,2024-12-22,2025-01-21,30,6162.4,2025-01-21,Paid
INV-22905,Iris Foods,2026-07-31,2026-09-14,45,18475.52,,Open
INV-22906,Forge Medical,2025-09-15,2025-10-15,30,25087.22,2025-10-12,Paid
INV-22907,Cascade Medical,2025-03-18,2025-04-17,30,7326.73,2025-04-17,Paid
INV-22908,Borealis Medical,2024-05-12,2024-06-11,30,12230.77,2024-06-14,Paid
INV-22909,Linden Retail,2024-06-20,2024-07-05,15,31356.49,2024-07-26,Paid
INV-22910,Gable Motors,2024-07-05,2024-08-19,45,16679.59,2024-08-15,Paid
INV-22911,Borealis Motors,2025-07-24,2025-09-07,45,8075.25,2025-09-13,Paid
INV-22912,Dynamo Motors,2025-05-19,2025-06-03,15,14411.4,2025-05-30,Paid
INV-22913,Borealis Foods,2024-11-08,2024-11-23,15,9673.02,2024-12-06,Paid
INV-22914,Forge Supply,2025-09-24,2025-10-09,15,2516.65,2025-12-01,Paid
INV-22915,Cascade Motors,2025-04-24,2025-05-24,30,12308.63,2025-06-03,Paid
INV-22916,Kestrel Supply,2026-07-10,2026-08-24,45,3235.66,2026-08-30,Paid
INV-22917,Iris Supply,2026-07-19,2026-08-03,15,23967.61,2026-08-27,Paid
INV-22918,Kestrel Medical,2024-01-17,2024-02-16,30,8627.96,2024-03-10,Paid
INV-22919,Forge Foods,2026-09-05,2026-10-05,30,44133.22,,Open
INV-22920,Jetty Retail,2026-05-21,2026-06-20,30,17010.07,2026-07-12,Paid
INV-22921,Iris Supply,2025-04-24,2025-05-09,15,51998.54,2025-05-18,Paid
INV-22922,Atlas Foods,2025-12-31,2026-01-30,30,16044.93,2026-02-14,Paid
INV-22923,Atlas Retail,2025-12-03,2026-02-01,60,7779.34,2026-02-13,Paid
INV-22924,Jetty Retail,2026-04-13,2026-05-13,30,9669.71,2026-05-08,Paid
INV-22925,Horizon Foods,2026-04-18,2026-05-18,30,24119.86,2026-05-20,Paid
INV-22926,Dynamo Retail,2025-11-03,2025-12-03,30,22803.39,2025-12-02,Paid
INV-22927,Gable Medical,2026-07-20,2026-09-18,60,17022.06,,Open
INV-22928,Cascade Medical,2025-07-19,2025-08-18,30,36323.0,2025-09-12,Paid
INV-22929,Linden Motors,2025-06-02,2025-08-01,60,12307.21,2025-07-28,Paid
INV-22930,Linden Foods,2025-12-02,2026-01-31,60,15679.56,2026-02-07,Paid
INV-22931,Dynamo Foods,2024-08-28,2024-09-27,30,7007.71,2024-10-13,Paid
INV-22932,Echo Supply,2024-01-25,2024-02-09,15,46989.52,2024-02-10,Paid
INV-22933,Linden Motors,2026-07-05,2026-09-03,60,9105.71,2026-09-09,Paid
INV-22934,Linden Supply,2024-03-23,2024-04-07,15,35025.92,2024-04-08,Paid
INV-22935,Gable Foods,2025-08-06,2025-10-05,60,12999.12,2025-10-11,Paid
INV-22936,Jetty Supply,2024-03-28,2024-05-12,45,26095.1,2024-05-22,Paid
INV-22937,Linden Foods,2024-04-04,2024-06-03,60,14883.12,2024-05-17,Paid
INV-22938,Forge Medical,2024-06-08,2024-07-08,30,19979.84,2024-07-06,Paid
INV-22939,Echo Foods,2024-11-26,2025-01-25,60,3980.67,2025-01-26,Paid
INV-22940,Gable Retail,2024-02-16,2024-04-16,60,8167.03,2024-05-06,Paid
INV-22941,Jetty Medical,2025-09-29,2025-10-14,15,6065.28,2025-11-01,Paid
INV-22942,Echo Foods,2025-04-17,2025-06-16,60,37309.63,2025-06-15,Paid
INV-22943,Kestrel Medical,2024-04-01,2024-05-01,30,32436.14,2024-05-09,Paid
INV-22944,Echo Motors,2024-10-23,2024-11-07,15,13708.24,2024-11-18,Paid
INV-22945,Jetty Medical,2026-02-22,2026-03-09,15,21708.1,2026-03-17,Paid
INV-22946,Echo Foods,2026-04-21,2026-06-20,60,7501.78,2026-06-26,Paid
INV-22947,Horizon Retail,2026-02-04,2026-03-21,45,16183.77,2026-04-03,Paid
INV-22948,Cascade Retail,2025-08-30,2025-09-29,30,26588.84,2025-10-19,Paid
INV-22949,Jetty Motors,2024-02-02,2024-03-03,30,24608.87,2024-03-12,Paid
INV-22950,Atlas Motors,2026-08-29,2026-10-28,60,15475.99,,Open
INV-22951,Echo Supply,2024-07-07,2024-07-22,15,60428.28,2024-07-25,Paid
INV-22952,Echo Motors,2024-01-02,2024-01-17,15,52514.21,2024-01-24,Paid
INV-22953,Echo Foods,2025-12-08,2026-02-06,60,48614.81,2026-02-11,Paid
INV-22954,Linden Retail,2026-05-03,2026-05-18,15,20442.91,2026-06-06,Paid
INV-22955,Gable Retail,2026-07-19,2026-09-17,60,14129.6,,Open
INV-22956,Forge Supply,2024-12-07,2024-12-22,15,27784.55,2025-02-21,Paid
INV-22957,Borealis Motors,2026-01-09,2026-02-23,45,7237.99,2026-02-27,Paid
INV-22958,Echo Retail,2025-05-28,2025-06-27,30,8142.1,2025-07-22,Paid
INV-22959,Borealis Medical,2024-10-04,2024-11-03,30,19751.78,2024-11-16,Paid
INV-22960,Echo Retail,2026-04-21,2026-05-21,30,13162.44,2026-05-27,Paid
INV-22961,Atlas Medical,2025-08-23,2025-09-22,30,3179.74,2025-09-21,Paid
INV-22962,Cascade Medical,2025-03-05,2025-04-04,30,17860.6,2025-04-20,Paid
INV-22963,Dynamo Motors,2024-03-16,2024-03-31,15,9253.24,2024-04-05,Paid
INV-22964,Jetty Motors,2025-05-09,2025-06-08,30,34301.18,2025-06-09,Paid
INV-22965,Atlas Retail,2024-06-03,2024-08-02,60,16811.52,2024-08-04,Paid
INV-22966,Iris Retail,2026-09-19,2026-11-03,45,21318.31,,Open
INV-22967,Atlas Medical,2026-05-30,2026-06-29,30,3029.7,2026-06-27,Paid
INV-22968,Echo Motors,2025-10-15,2025-10-30,15,44681.73,2025-11-10,Paid
INV-22969,Atlas Foods,2024-02-03,2024-03-04,30,12002.54,2024-03-05,Paid
INV-22970,Dynamo Retail,2025-11-23,2025-12-23,30,17912.78,2026-01-03,Paid
INV-22971,Atlas Medical,2026-02-01,2026-03-03,30,45886.94,2026-03-11,Paid
INV-22972,Kestrel Supply,2025-09-23,2025-11-07,45,12460.24,2025-11-17,Paid
INV-22973,Dynamo Supply,2024-07-11,2024-08-10,30,30340.53,2024-08-17,Paid
INV-22974,Echo Motors,2024-09-26,2024-10-11,15,16026.23,2024-10-30,Paid
INV-22975,Iris Foods,2024-02-20,2024-04-05,45,13210.36,2024-04-16,Paid
INV-22976,Gable Motors,2025-08-06,2025-09-20,45,2351.51,2025-09-17,Paid
INV-22977,Horizon Motors,2026-04-22,2026-05-22,30,12572.27,2026-05-05,Paid
INV-22978,Cascade Foods,2025-12-29,2026-01-13,15,2505.77,2026-02-02,Paid
INV-22979,Linden Retail,2024-12-13,2024-12-28,15,6589.11,2025-01-18,Paid
INV-22980,Iris Motors,2026-06-28,2026-08-27,60,15686.13,2026-08-16,Paid
INV-22981,Borealis Supply,2025-01-03,2025-01-18,15,18487.98,2025-02-16,Paid
INV-22982,Borealis Foods,2025-03-28,2025-04-12,15,80637.81,2025-04-08,Paid
INV-22983,Atlas Retail,2024-11-05,2025-01-04,60,5020.75,2025-01-08,Paid
INV-22984,Atlas Motors,2026-07-12,2026-09-10,60,13412.36,2026-09-13,Paid
INV-22985,Echo Supply,2024-10-24,2024-11-08,15,9686.36,2024-11-13,Paid
INV-22986,Jetty Foods,2026-08-20,2026-10-04,45,18611.73,,Open
INV-22987,Atlas Medical,2025-12-24,2026-01-23,30,60607.09,2026-01-23,Paid
INV-22988,Horizon Motors,2026-05-04,2026-06-03,30,5547.31,2026-06-07,Paid
INV-22989,Echo Foods,2026-05-13,2026-07-12,60,46849.18,2026-07-23,Paid
INV-22990,Cascade Medical,2026-01-17,2026-02-16,30,15172.93,2026-02-09,Paid
INV-22991,Jetty Motors,2024-10-24,2024-11-23,30,34291.21,2024-12-14,Paid
INV-22992,Horizon Medical,2026-03-06,2026-04-20,45,33337.53,2026-05-07,Paid
INV-22993,Kestrel Foods,2024-06-17,2024-08-16,60,7500.96,2024-08-09,Paid
INV-22994,Echo Foods,2025-12-03,2026-02-01,60,10313.15,2026-01-21,Paid
INV-22995,Gable Retail,2025-05-08,2025-07-07,60,22827.99,2025-08-17,Paid
INV-22996,Echo Supply,2024-01-23,2024-02-07,15,48545.58,2024-02-19,Paid
INV-22997,Gable Supply,2025-02-02,2025-02-17,15,26109.76,2025-03-02,Paid
INV-22998,Jetty Motors,2024-09-04,2024-10-04,30,19747.96,2024-10-28,Paid
INV-22999,Iris Medical,2024-02-10,2024-03-11,30,31523.47,2024-03-17,Paid
INV-23000,Iris Foods,2025-09-11,2025-10-26,45,2134.3,2025-11-19,Paid
INV-23001,Jetty Medical,2025-03-07,2025-03-22,15,17798.5,2025-04-04,Paid
INV-23002,Kestrel Supply,2024-03-20,2024-05-04,45,6652.34,2024-05-02,Paid
INV-23003,Kestrel Retail,2024-04-24,2024-05-24,30,38377.47,2024-05-22,Paid
INV-23004,Iris Motors,2025-09-11,2025-11-10,60,22222.25,2025-11-19,Paid
INV-23005,Iris Retail,2026-09-29,2026-11-13,45,32220.69,,Open
INV-23006,Horizon Motors,2024-02-05,2024-03-06,30,21076.75,2024-03-06,Paid
INV-23007,Cascade Retail,2026-02-13,2026-03-15,30,33682.47,2026-03-20,Paid
INV-23008,Echo Foods,2025-04-17,2025-06-16,60,45994.35,,Open
INV-23009,Forge Motors,2024-09-27,2024-10-27,30,9839.36,2024-12-07,Paid
INV-23010,Borealis Retail,2025-05-02,2025-06-01,30,6087.5,2025-07-13,Paid
INV-23011,Jetty Supply,2024-09-30,2024-11-14,45,10748.5,2024-11-20,Paid
INV-23012,Gable Foods,2026-04-15,2026-06-14,60,9453.83,2026-06-15,Paid
INV-23013,Iris Supply,2024-10-13,2024-10-28,15,48114.93,2024-11-13,Paid
INV-23014,Horizon Motors,2025-08-29,2025-09-28,30,5003.46,2025-10-10,Paid
INV-23015,Jetty Retail,2024-04-30,2024-05-30,30,44403.1,2024-06-01,Paid
INV-23016,Kestrel Supply,2026-01-05,2026-02-19,45,33362.53,2026-02-01,Paid
INV-23017,Jetty Medical,2024-04-05,2024-04-20,15,15739.79,2024-05-01,Paid
INV-23018,Dynamo Medical,2025-05-15,2025-06-29,45,13249.63,2025-06-27,Paid
INV-23019,Horizon Retail,2026-07-31,2026-09-14,45,32050.84,,Open
INV-23020,Iris Retail,2024-11-28,2025-01-12,45,18421.59,2025-01-09,Paid
INV-23021,Jetty Retail,2025-08-30,2025-09-29,30,26176.17,2025-10-05,Paid
INV-23022,Jetty Retail,2024-06-01,2024-07-01,30,10520.68,2024-07-03,Paid
INV-23023,Cascade Supply,2025-05-18,2025-07-02,45,28051.23,2025-06-23,Paid
INV-23024,Gable Retail,2025-11-16,2026-01-15,60,41059.31,2026-02-13,Paid
INV-23025,Cascade Foods,2026-06-10,2026-06-25,15,5616.46,2026-06-25,Paid
INV-23026,Cascade Motors,2025-01-09,2025-02-08,30,22536.0,2025-02-13,Paid
INV-23027,Cascade Foods,2026-04-24,2026-05-09,15,21939.17,2026-05-19,Paid
INV-23028,Gable Motors,2024-11-08,2024-12-23,45,11615.12,2024-12-23,Paid
INV-23029,Horizon Supply,2024-08-29,2024-10-28,60,12160.48,,Open
INV-23030,Jetty Medical,2026-03-14,2026-03-29,15,7679.7,2026-04-17,Paid
INV-23031,Kestrel Medical,2024-09-11,2024-10-11,30,39367.61,2024-10-19,Paid
INV-23032,Kestrel Foods,2025-02-24,2025-04-25,60,15062.06,2025-04-27,Paid
INV-23033,Echo Motors,2025-04-13,2025-04-28,15,44144.15,2025-05-09,Paid
INV-23034,Horizon Foods,2026-04-14,2026-05-14,30,6370.34,2026-05-19,Paid
INV-23035,Echo Medical,2025-10-11,2025-11-10,30,13780.74,2025-11-05,Paid
INV-23036,Kestrel Supply,2025-04-26,2025-06-10,45,5975.97,2025-06-04,Paid
INV-23037,Gable Supply,2024-10-15,2024-10-30,15,55041.68,2024-11-06,Paid
INV-23038,Jetty Supply,2024-07-03,2024-08-17,45,33718.19,2024-08-19,Paid
INV-23039,Jetty Foods,2026-08-11,2026-09-25,45,7671.9,2026-09-27,Paid
INV-23040,Forge Retail,2024-10-16,2024-10-31,15,33476.61,2024-10-22,Paid
INV-23041,Forge Retail,2024-03-05,2024-03-20,15,39351.1,2024-03-18,Paid
INV-23042,Cascade Foods,2026-08-24,2026-09-08,15,7018.17,2026-09-19,Paid
INV-23043,Gable Foods,2025-03-15,2025-05-14,60,5642.99,2025-05-28,Paid
INV-23044,Echo Medical,2024-12-31,2025-01-30,30,9251.52,2025-02-21,Paid
INV-23045,Forge Supply,2025-04-17,2025-05-02,15,47318.44,2025-06-22,Paid
INV-23046,Gable Supply,2025-06-19,2025-07-04,15,14118.68,2025-07-15,Paid
INV-23047,Gable Foods,2024-08-06,2024-10-05,60,17003.11,2024-10-16,Paid
INV-23048,Forge Foods,2024-08-25,2024-09-24,30,32625.42,2024-09-27,Paid
INV-23049,Dynamo Foods,2024-05-21,2024-06-20,30,10266.15,2024-07-02,Paid
INV-23050,Forge Supply,2024-12-06,2024-12-21,15,13389.45,2025-02-24,Paid
INV-23051,Atlas Motors,2024-05-15,2024-07-14,60,11616.12,2024-07-20,Paid
INV-23052,Jetty Supply,2026-05-05,2026-06-19,45,23754.92,2026-06-24,Paid
INV-23053,Horizon Medical,2024-09-12,2024-10-27,45,29048.09,2024-11-02,Paid
INV-23054,Linden Motors,2024-06-15,2024-08-14,60,18089.41,2024-08-06,Paid
INV-23055,Atlas Foods,2025-08-04,2025-09-03,30,15721.91,2025-10-02,Paid
INV-23056,Echo Medical,2026-05-30,2026-06-29,30,15242.73,2026-07-20,Paid
INV-23057,Atlas Foods,2024-12-21,2025-01-20,30,20811.95,2025-02-09,Paid
INV-23058,Cascade Retail,2024-08-31,2024-09-30,30,14471.01,2024-10-07,Paid
INV-23059,Dynamo Retail,2024-10-29,2024-11-28,30,5246.9,2024-12-03,Paid
INV-23060,Gable Retail,2025-10-25,2025-12-24,60,86709.9,2026-01-25,Paid
INV-23061,Cascade Medical,2026-06-04,2026-07-04,30,15222.44,2026-07-24,Paid
INV-23062,Atlas Retail,2024-07-09,2024-09-07,60,35380.64,2024-09-03,Paid
INV-23063,Jetty Retail,2024-09-24,2024-10-24,30,40866.08,2024-10-26,Paid
INV-23064,Iris Motors,2024-04-13,2024-06-12,60,36627.61,2024-06-12,Paid
INV-23065,Echo Supply,2024-01-15,2024-01-30,15,15985.47,2024-02-06,Paid
INV-23066,Gable Foods,2026-04-20,2026-06-19,60,21834.15,2026-06-16,Paid
INV-23067,Jetty Foods,2026-01-17,2026-03-03,45,18134.59,2026-03-06,Paid
INV-23068,Gable Retail,2026-07-14,2026-09-12,60,21157.93,,Open
INV-23069,Dynamo Supply,2026-01-30,2026-03-01,30,12562.23,2026-03-03,Paid
INV-23070,Jetty Supply,2024-12-12,2025-01-26,45,29386.93,2025-02-09,Paid
INV-23071,Atlas Retail,2025-02-02,2025-04-03,60,12536.64,2025-03-25,Paid
INV-23072,Cascade Foods,2025-03-28,2025-04-12,15,12169.39,2025-04-17,Paid
INV-23073,Jetty Supply,2026-06-04,2026-07-19,45,29498.57,2026-08-14,Paid
INV-23074,Jetty Supply,2025-12-19,2026-02-02,45,9707.42,2026-02-02,Paid
INV-23075,Forge Retail,2025-11-27,2025-12-12,15,4212.21,2025-12-15,Paid
INV-23076,Gable Motors,2024-06-09,2024-07-24,45,18546.99,2024-07-31,Paid
INV-23077,Dynamo Motors,2025-07-22,2025-08-06,15,14474.8,2025-08-30,Paid
INV-23078,Forge Foods,2024-06-03,2024-07-03,30,7210.5,2024-07-05,Paid
INV-23079,Dynamo Foods,2024-02-02,2024-03-03,30,32611.36,,Open
INV-23080,Atlas Motors,2024-06-16,2024-08-15,60,14788.06,2024-08-13,Paid
INV-23081,Forge Motors,2026-07-10,2026-08-09,30,5682.02,2026-09-12,Paid
INV-23082,Atlas Motors,2024-11-10,2025-01-09,60,11501.55,2025-01-12,Paid
INV-23083,Borealis Motors,2024-11-25,2025-01-09,45,105914.54,2025-01-17,Paid
INV-23084,Jetty Supply,2025-10-22,2025-12-06,45,5344.71,2025-12-04,Paid
INV-23085,Kestrel Retail,2025-11-26,2025-12-26,30,3992.32,2025-12-17,Paid
INV-23086,Iris Foods,2025-12-31,2026-02-14,45,32696.79,2026-02-21,Paid
INV-23087,Horizon Retail,2025-01-04,2025-02-18,45,15471.88,2025-03-09,Paid
INV-23088,Forge Retail,2026-02-18,2026-03-05,15,59513.53,2026-03-08,Paid
INV-23089,Horizon Supply,2024-06-16,2024-08-15,60,4267.74,2024-08-25,Paid
INV-23090,Gable Medical,2024-10-28,2024-12-27,60,2434.68,2024-12-20,Paid
INV-23091,Forge Supply,2025-05-10,2025-05-25,15,6309.15,2025-07-26,Paid
INV-23092,Borealis Medical,2025-08-31,2025-09-30,30,40502.24,2025-10-11,Paid
INV-23093,Gable Retail,2025-03-01,2025-04-30,60,12391.17,2025-05-26,Paid
INV-23094,Cascade Medical,2025-12-27,2026-01-26,30,23107.15,2026-01-25,Paid
INV-23095,Cascade Foods,2024-12-17,2025-01-01,15,12364.24,2025-01-04,Paid
INV-23096,Atlas Retail,2024-10-25,2024-12-24,60,9469.19,2025-01-04,Paid
INV-23097,Iris Foods,2024-01-06,2024-02-20,45,18000.06,2024-03-08,Paid
INV-23098,Forge Motors,2024-02-23,2024-03-24,30,5954.4,2024-05-09,Paid
INV-23099,Forge Foods,2026-05-21,2026-06-20,30,9044.86,2026-06-24,Paid
INV-23100,Echo Supply,2024-05-30,2024-06-14,15,8574.55,2024-07-02,Paid
INV-23101,Atlas Retail,2026-03-11,2026-05-10,60,16465.23,2026-04-28,Paid
INV-23102,Horizon Supply,2025-01-14,2025-03-15,60,4707.82,2025-03-06,Paid
INV-23103,Gable Retail,2025-03-01,2025-04-30,60,18055.32,2025-05-26,Paid
INV-23104,Atlas Supply,2026-09-24,2026-10-09,15,5080.95,,Open
INV-23105,Atlas Retail,2025-07-18,2025-09-16,60,17267.37,2025-09-23,Paid
INV-23106,Cascade Motors,2025-03-09,2025-04-08,30,69226.24,2025-04-08,Paid
INV-23107,Linden Foods,2025-02-28,2025-04-29,60,5075.71,2025-05-02,Paid
INV-23108,Borealis Supply,2024-02-13,2024-02-28,15,8608.23,2024-03-14,Paid
INV-23109,Kestrel Medical,2024-01-09,2024-02-08,30,51031.67,2024-02-18,Paid
INV-23110,Cascade Foods,2026-05-14,2026-05-29,15,3467.42,2026-06-05,Paid
INV-23111,Horizon Motors,2026-04-20,2026-05-20,30,8707.41,2026-05-25,Paid
INV-23112,Horizon Medical,2024-08-29,2024-10-13,45,56710.49,2024-10-25,Paid
INV-23113,Gable Foods,2025-05-27,2025-07-26,60,13469.74,2025-08-05,Paid
INV-23114,Borealis Medical,2025-06-28,2025-07-28,30,16156.69,2025-08-31,Paid
INV-23115,Borealis Medical,2026-03-28,2026-04-27,30,5955.6,2026-05-19,Paid
INV-23116,Borealis Supply,2025-04-23,2025-05-08,15,11076.85,2025-05-16,Paid
INV-23117,Jetty Foods,2024-02-26,2024-04-11,45,19970.19,2024-04-29,Paid
INV-23118,Jetty Supply,2025-08-18,2025-10-02,45,14613.11,2025-10-18,Paid
INV-23119,Horizon Supply,2025-01-27,2025-03-28,60,44036.71,2025-03-22,Paid
INV-23120,Kestrel Medical,2025-07-17,2025-08-16,30,6619.91,2025-08-24,Paid
INV-23121,Atlas Supply,2026-07-11,2026-07-26,15,58403.91,2026-08-28,Paid
INV-23122,Iris Supply,2024-05-13,2024-05-28,15,19625.74,2024-06-13,Paid
INV-23123,Linden Retail,2025-10-09,2025-10-24,15,15007.69,2025-11-22,Paid
INV-23124,Cascade Supply,2025-07-31,2025-09-14,45,15572.96,,Open
INV-23125,Atlas Medical,2025-07-14,2025-08-13,30,18017.65,2025-08-24,Paid
INV-23126,Horizon Supply,2026-03-02,2026-05-01,60,5944.11,2026-05-05,Paid
INV-23127,Gable Motors,2024-09-03,2024-10-18,45,5124.73,2024-10-25,Paid
INV-23128,Iris Supply,2026-09-24,2026-10-09,15,46620.62,,Open
INV-23129,Atlas Medical,2025-04-07,2025-05-07,30,16073.13,2025-05-07,Paid
INV-23130,Cascade Foods,2024-04-08,2024-04-23,15,17725.58,2024-05-02,Paid
INV-23131,Jetty Motors,2024-09-30,2024-10-30,30,15456.96,2024-11-03,Paid
INV-23132,Atlas Medical,2026-05-23,2026-06-22,30,207915.14,2026-06-22,Paid
INV-23133,Dynamo Medical,2025-10-22,2025-12-06,45,29006.23,2025-12-18,Paid
INV-23134,Linden Medical,2026-04-23,2026-05-23,30,13369.27,2026-05-23,Paid
INV-23135,Linden Supply,2025-12-26,2026-01-10,15,35066.92,2025-12-26,Paid
INV-23136,Gable Retail,2024-08-09,2024-10-08,60,15381.71,,Open
INV-23137,Horizon Medical,2024-09-28,2024-11-12,45,70584.49,2024-11-28,Paid
INV-23138,Kestrel Retail,2025-11-18,2025-12-18,30,12021.91,2025-12-27,Paid
INV-23139,Kestrel Retail,2026-05-18,2026-06-17,30,14655.36,2026-06-20,Paid
INV-23140,Gable Supply,2024-01-20,2024-02-04,15,27996.62,2024-02-13,Paid
INV-23141,Gable Medical,2024-06-29,2024-08-28,60,28254.63,2024-09-06,Paid
INV-23142,Linden Motors,2025-12-09,2026-02-07,60,22080.51,2026-02-07,Paid
INV-23143,Dynamo Medical,2024-12-30,2025-02-13,45,10985.52,2025-02-24,Paid
INV-23144,Linden Motors,2024-02-26,2024-04-26,60,8425.36,2024-04-26,Paid
INV-23145,Borealis Medical,2024-05-29,2024-06-28,30,3660.83,2024-07-14,Paid
INV-23146,Borealis Foods,2025-06-06,2025-06-21,15,6925.77,2025-06-02,Paid
INV-23147,Dynamo Foods,2024-04-05,2024-05-05,30,13932.97,2024-05-17,Paid
INV-23148,Cascade Motors,2024-02-11,2024-03-12,30,21692.41,2024-03-23,Paid
INV-23149,Atlas Foods,2025-02-08,2025-03-10,30,21507.98,2025-04-03,Paid
INV-23150,Borealis Motors,2025-02-15,2025-04-01,45,4332.46,2025-04-01,Paid
INV-23151,Cascade Motors,2025-01-10,2025-02-09,30,9387.78,2025-02-07,Paid
INV-23152,Iris Medical,2026-08-12,2026-09-11,30,12684.28,2026-09-29,Paid
INV-23153,Forge Supply,2026-07-02,2026-07-17,15,33578.29,2026-09-04,Paid
INV-23154,Horizon Foods,2025-08-08,2025-09-07,30,13112.98,2025-09-05,Paid
INV-23155,Echo Foods,2025-04-28,2025-06-27,60,12778.41,2025-06-17,Paid
INV-23156,Jetty Motors,2025-08-19,2025-09-18,30,18011.73,2025-10-09,Paid
INV-23157,Gable Motors,2026-04-07,2026-05-22,45,9829.12,2026-06-01,Paid
INV-23158,Forge Retail,2025-07-14,2025-07-29,15,17419.98,2025-08-03,Paid
INV-23159,Iris Retail,2025-01-05,2025-02-19,45,9526.12,2025-02-27,Paid
INV-23160,Iris Foods,2024-04-29,2024-06-13,45,15867.27,2024-07-01,Paid
INV-23161,Borealis Foods,2025-02-18,2025-03-05,15,9930.05,2025-03-05,Paid
INV-23162,Atlas Medical,2024-09-18,2024-10-18,30,44069.59,2024-10-24,Paid
INV-23163,Iris Supply,2025-05-18,2025-06-02,15,13089.07,2025-06-25,Paid
INV-23164,Horizon Retail,2026-07-12,2026-08-26,45,27021.82,2026-09-13,Paid
INV-23165,Kestrel Retail,2025-03-07,2025-04-06,30,20575.61,2025-04-08,Paid
INV-23166,Gable Retail,2024-01-22,2024-03-22,60,9819.67,2024-04-10,Paid
INV-23167,Forge Foods,2024-05-12,2024-06-11,30,17006.1,2024-06-18,Paid
INV-23168,Gable Medical,2024-12-08,2025-02-06,60,21003.35,2025-02-27,Paid
INV-23169,Jetty Motors,2024-08-13,2024-09-12,30,2359.68,2024-10-01,Paid
INV-23170,Atlas Medical,2025-04-01,2025-05-01,30,7722.87,2025-05-04,Paid
INV-23171,Atlas Retail,2024-01-19,2024-03-19,60,7697.05,2024-03-15,Paid
INV-23172,Horizon Supply,2025-11-26,2026-01-25,60,15207.45,2026-01-28,Paid
INV-23173,Dynamo Foods,2025-11-21,2025-12-21,30,4485.16,2025-12-28,Paid
INV-23174,Dynamo Supply,2025-02-10,2025-03-12,30,21874.03,2025-03-21,Paid
INV-23175,Kestrel Retail,2025-06-19,2025-07-19,30,14216.21,2025-08-08,Paid
INV-23176,Cascade Motors,2025-10-10,2025-11-09,30,5585.65,2025-10-27,Paid
INV-23177,Horizon Foods,2025-04-24,2025-05-24,30,35859.19,2025-06-01,Paid
INV-23178,Kestrel Supply,2026-05-08,2026-06-22,45,32470.06,2026-06-17,Paid
INV-23179,Linden Motors,2024-06-07,2024-08-06,60,10473.18,2024-08-12,Paid
INV-23180,Dynamo Motors,2024-10-23,2024-11-07,15,17140.22,2024-11-27,Paid
INV-23181,Forge Medical,2024-01-11,2024-02-10,30,3623.17,2024-02-02,Paid
INV-23182,Cascade Retail,2024-06-06,2024-07-06,30,3392.94,2024-07-16,Paid
INV-23183,Borealis Supply,2024-11-28,2024-12-13,15,145649.66,2024-12-22,Paid
INV-23184,Jetty Foods,2026-01-14,2026-02-28,45,6427.76,2026-03-05,Paid
INV-23185,Horizon Retail,2026-01-01,2026-02-15,45,22010.6,2026-02-12,Paid
INV-23186,Kestrel Medical,2024-07-31,2024-08-30,30,8009.73,2024-08-30,Paid
INV-23187,Linden Retail,2024-10-26,2024-11-10,15,23936.16,2024-11-25,Paid
INV-23188,Kestrel Retail,2026-03-07,2026-04-06,30,9175.58,2026-04-21,Paid
INV-23189,Echo Foods,2026-05-13,2026-07-12,60,15947.18,2026-07-22,Paid
INV-23190,Dynamo Retail,2025-04-01,2025-05-01,30,20991.34,2025-05-01,Paid
INV-23191,Linden Supply,2025-04-30,2025-05-15,15,3827.83,2025-04-30,Paid
INV-23192,Cascade Retail,2025-05-05,2025-06-04,30,40384.72,2025-06-11,Paid
INV-23193,Dynamo Retail,2024-11-12,2024-12-12,30,68300.62,2024-12-12,Paid
INV-23194,Echo Foods,2026-06-14,2026-08-13,60,12916.63,2026-08-20,Paid
INV-23195,Gable Supply,2024-02-17,2024-03-03,15,2894.76,2024-03-05,Paid
INV-23196,Iris Retail,2026-06-19,2026-08-03,45,12410.26,2026-07-31,Paid
INV-23197,Linden Medical,2025-11-10,2025-12-10,30,7957.73,2025-12-25,Paid
INV-23198,Echo Foods,2024-05-20,2024-07-19,60,25850.31,2024-08-04,Paid
INV-23199,Horizon Medical,2025-12-26,2026-02-09,45,8702.87,2026-03-06,Paid
INV-23200,Cascade Medical,2025-09-13,2025-10-13,30,4811.53,2025-10-16,Paid
INV-23201,Atlas Medical,2025-12-25,2026-01-24,30,4864.35,2026-02-12,Paid
INV-23202,Iris Foods,2026-04-05,2026-05-20,45,9588.08,2026-06-03,Paid
INV-23203,Dynamo Motors,2026-01-21,2026-02-05,15,7846.08,2026-02-14,Paid
INV-23204,Horizon Medical,2026-06-24,2026-08-08,45,111793.53,2026-08-13,Paid
INV-23205,Forge Retail,2025-02-10,2025-02-25,15,29902.93,2025-03-16,Paid
INV-23206,Jetty Retail,2024-11-18,2024-12-18,30,4018.47,2024-12-08,Paid
INV-23207,Atlas Retail,2025-11-28,2026-01-27,60,4672.04,2026-01-14,Paid
INV-23208,Dynamo Retail,2024-05-20,2024-06-19,30,4574.57,2024-06-19,Paid
INV-23209,Echo Foods,2026-09-21,2026-11-20,60,15316.14,,Open
INV-23210,Kestrel Retail,2025-09-09,2025-10-09,30,11385.94,2025-10-22,Paid
INV-23211,Dynamo Supply,2026-04-07,2026-05-07,30,19596.13,2026-05-15,Paid
INV-23212,Borealis Supply,2025-11-06,2025-11-21,15,29857.05,2025-11-26,Paid
INV-23213,Kestrel Foods,2024-07-19,2024-09-17,60,11505.53,2024-09-12,Paid
INV-23214,Atlas Retail,2026-02-06,2026-04-07,60,10587.63,2026-04-07,Paid
INV-23215,Gable Supply,2024-07-29,2024-08-13,15,13493.25,2024-08-18,Paid
INV-23216,Atlas Medical,2024-10-08,2024-11-07,30,16819.83,2024-11-27,Paid
INV-23217,Echo Motors,2025-12-07,2025-12-22,15,12968.25,2026-01-05,Paid
INV-23218,Forge Supply,2024-09-06,2024-09-21,15,79472.46,2024-12-11,Paid
INV-23219,Borealis Retail,2024-03-11,2024-04-10,30,25170.06,2024-05-03,Paid
INV-23220,Kestrel Medical,2024-09-19,2024-10-19,30,8614.67,2024-11-09,Paid
INV-23221,Atlas Medical,2025-04-08,2025-05-08,30,8486.23,2025-05-23,Paid
INV-23222,Dynamo Foods,2025-07-01,2025-07-31,30,7723.39,2025-08-14,Paid
INV-23223,Forge Supply,2024-07-02,2024-07-17,15,3481.78,2024-09-20,Paid
INV-23224,Kestrel Foods,2025-07-28,2025-09-26,60,17432.06,2025-10-16,Paid
INV-23225,Gable Foods,2026-09-23,2026-11-22,60,31059.51,,Open
INV-23226,Borealis Retail,2026-02-12,2026-03-14,30,23233.0,2026-04-02,Paid
INV-23227,Atlas Retail,2025-03-03,2025-05-02,60,16883.97,2025-05-09,Paid
INV-23228,Gable Supply,2025-06-24,2025-07-09,15,44600.56,2025-07-17,Paid
INV-23229,Linden Retail,2026-04-07,2026-04-22,15,28766.82,2026-05-12,Paid
INV-23230,Cascade Motors,2024-11-05,2024-12-05,30,4872.99,2024-11-20,Paid
INV-23231,Atlas Medical,2025-01-10,2025-02-09,30,7788.39,2025-02-24,Paid
INV-23232,Atlas Medical,2025-12-27,2026-01-26,30,25021.09,2026-02-19,Paid
INV-23233,Atlas Supply,2026-04-27,2026-05-12,15,17846.87,2026-06-04,Paid
INV-23234,Kestrel Motors,2024-07-18,2024-08-17,30,15696.87,2024-08-18,Paid
INV-23235,Horizon Foods,2025-02-12,2025-03-14,30,14779.05,2025-03-12,Paid
INV-23236,Gable Foods,2025-12-29,2026-02-27,60,9656.16,2026-03-05,Paid
INV-23237,Jetty Motors,2026-07-26,2026-08-25,30,8303.58,2026-09-07,Paid
INV-23238,Forge Retail,2025-04-16,2025-05-01,15,54483.14,2025-05-14,Paid
INV-23239,Cascade Motors,2025-03-06,2025-04-05,30,11050.64,2025-03-24,Paid
INV-23240,Linden Medical,2025-08-21,2025-09-20,30,11049.77,2025-09-24,Paid
INV-23241,Linden Supply,2024-09-12,2024-09-27,15,5662.8,2024-09-20,Paid
INV-23242,Jetty Retail,2026-06-18,2026-07-18,30,2600.56,2026-07-21,Paid
INV-23243,Atlas Retail,2024-07-05,2024-09-03,60,25299.49,2024-08-26,Paid
INV-23244,Atlas Motors,2024-09-19,2024-11-18,60,6365.37,2024-11-25,Paid
INV-23245,Borealis Foods,2026-02-25,2026-03-12,15,12609.86,2026-03-28,Paid
INV-23246,Horizon Supply,2025-10-25,2025-12-24,60,12380.67,2025-12-24,Paid
INV-23247,Jetty Medical,2026-07-12,2026-07-27,15,40084.38,2026-08-04,Paid
INV-23248,Atlas Medical,2026-01-18,2026-02-17,30,12139.27,2026-02-28,Paid
INV-23249,Kestrel Medical,2024-06-25,2024-07-25,30,20348.69,2024-08-01,Paid
INV-23250,Jetty Retail,2025-05-20,2025-06-19,30,12001.19,2025-06-24,Paid
INV-23251,Iris Supply,2026-05-14,2026-05-29,15,20428.55,2026-06-08,Paid
INV-23252,Horizon Foods,2025-08-16,2025-09-15,30,38883.16,2025-09-15,Paid
INV-23253,Iris Medical,2024-04-01,2024-05-01,30,7247.55,2024-05-18,Paid
INV-23254,Dynamo Motors,2024-03-02,2024-03-17,15,14326.31,2024-03-29,Paid
INV-23255,Forge Motors,2025-08-28,2025-09-27,30,19501.53,2025-11-05,Paid
INV-23256,Forge Foods,2024-05-16,2024-06-15,30,27531.62,2024-06-30,Paid
INV-23257,Cascade Supply,2025-02-09,2025-03-26,45,11398.26,2025-04-29,Paid
INV-23258,Echo Retail,2025-05-10,2025-06-09,30,30538.25,2025-06-27,Paid
INV-23259,Echo Foods,2024-11-18,2025-01-17,60,12404.24,2025-01-17,Paid
INV-23260,Borealis Supply,2026-09-21,2026-10-06,15,12913.75,,Open
INV-23261,Kestrel Medical,2024-07-08,2024-08-07,30,7573.21,2024-08-21,Paid
INV-23262,Jetty Foods,2025-05-27,2025-07-11,45,22959.38,2025-07-17,Paid
INV-23263,Jetty Supply,2025-09-04,2025-10-19,45,9554.16,2025-10-21,Paid
INV-23264,Linden Supply,2026-09-01,2026-09-16,15,14919.04,2026-08-29,Paid
INV-23265,Cascade Supply,2025-02-24,2025-04-10,45,13759.42,2025-04-11,Paid
INV-23266,Kestrel Retail,2026-04-11,2026-05-11,30,18265.75,2026-05-26,Paid
INV-23267,Linden Medical,2025-12-15,2026-01-14,30,27813.02,2026-01-14,Paid
INV-23268,Atlas Retail,2026-01-13,2026-03-14,60,14278.95,2026-03-06,Paid
INV-23269,Jetty Supply,2025-06-20,2025-08-04,45,6933.3,2025-08-08,Paid
INV-23270,Borealis Foods,2024-06-19,2024-07-04,15,18996.67,2024-07-04,Paid
INV-23271,Gable Motors,2026-05-13,2026-06-27,45,58008.3,2026-07-09,Paid
INV-23272,Linden Foods,2026-09-29,2026-11-28,60,4981.94,,Open
INV-23273,Iris Medical,2025-06-14,2025-07-14,30,53169.94,2025-07-25,Paid
INV-23274,Jetty Supply,2025-06-04,2025-07-19,45,28030.86,2025-07-24,Paid
INV-23275,Atlas Foods,2026-01-20,2026-02-19,30,26977.69,2026-02-24,Paid
INV-23276,Kestrel Supply,2025-03-25,2025-05-09,45,9635.46,2025-05-08,Paid
INV-23277,Forge Motors,2025-04-20,2025-05-20,30,9590.66,2025-07-06,Paid
INV-23278,Forge Retail,2024-05-31,2024-06-15,15,11096.53,2024-06-24,Paid
INV-23279,Cascade Motors,2025-09-24,2025-10-24,30,7198.2,2025-10-31,Paid
INV-23280,Borealis Supply,2025-11-27,2025-12-12,15,8124.41,2025-12-11,Paid
INV-23281,Gable Motors,2024-06-24,2024-08-08,45,10084.67,2024-07-30,Paid
INV-23282,Echo Foods,2025-01-23,2025-03-24,60,18644.34,2025-04-07,Paid
INV-23283,Cascade Foods,2026-08-14,2026-08-29,15,11708.01,2026-09-19,Paid
INV-23284,Atlas Medical,2025-08-01,2025-08-31,30,50804.87,2025-08-22,Paid
INV-23285,Echo Medical,2024-12-08,2025-01-07,30,19089.77,2025-01-16,Paid
INV-23286,Forge Motors,2025-06-04,2025-07-04,30,6246.8,2025-08-13,Paid
INV-23287,Linden Motors,2026-05-04,2026-07-03,60,9262.36,2026-06-25,Paid
INV-23288,Borealis Retail,2024-04-24,2024-05-24,30,26660.74,2024-06-20,Paid
INV-23289,Linden Retail,2025-01-17,2025-02-01,15,133162.14,2025-02-12,Paid
INV-23290,Horizon Supply,2025-04-13,2025-06-12,60,27594.31,2025-06-05,Paid
INV-23291,Atlas Foods,2025-03-06,2025-04-05,30,31468.77,2025-04-22,Paid
INV-23292,Jetty Foods,2024-06-14,2024-07-29,45,38203.21,2024-08-10,Paid
INV-23293,Gable Retail,2024-08-07,2024-10-06,60,14836.7,2024-11-08,Paid
INV-23294,Cascade Motors,2026-05-23,2026-06-22,30,17135.41,2026-07-02,Paid
INV-23295,Dynamo Retail,2024-03-19,2024-04-18,30,12820.91,2024-04-27,Paid
INV-23296,Cascade Medical,2025-10-29,2025-11-28,30,8161.34,2025-12-24,Paid
INV-23297,Iris Foods,2024-08-15,2024-09-29,45,18530.3,2024-10-11,Paid
INV-23298,Cascade Motors,2024-08-12,2024-09-11,30,20045.13,2024-09-02,Paid
INV-23299,Gable Foods,2026-05-16,2026-07-15,60,9906.62,2026-07-18,Paid
INV-23300,Linden Foods,2025-03-20,2025-05-19,60,11315.36,2025-05-19,Paid
INV-23301,Echo Medical,2026-07-12,2026-08-11,30,36495.51,2026-08-25,Paid
INV-23302,Linden Medical,2025-11-28,2025-12-28,30,18265.41,2026-01-04,Paid
INV-23303,Dynamo Motors,2024-03-23,2024-04-07,15,2585.43,2024-05-13,Paid
INV-23304,Linden Supply,2026-06-24,2026-07-09,15,20353.33,2026-07-27,Paid
INV-23305,Horizon Supply,2024-07-05,2024-09-03,60,23950.74,2024-09-08,Paid
INV-23306,Kestrel Retail,2025-08-16,2025-09-15,30,110854.02,2025-09-22,Paid
INV-23307,Borealis Supply,2026-06-12,2026-06-27,15,20691.68,2026-07-09,Paid
INV-23308,Dynamo Motors,2024-11-23,2024-12-08,15,13030.35,2024-12-17,Paid
INV-23309,Echo Supply,2024-07-11,2024-07-26,15,23334.13,2024-07-11,Paid
INV-23310,Forge Motors,2025-01-05,2025-02-04,30,8702.92,2025-03-15,Paid
INV-23311,Dynamo Foods,2024-06-29,2024-07-29,30,10782.13,2024-08-09,Paid
INV-23312,Linden Motors,2025-09-29,2025-11-28,60,8642.66,2025-11-26,Paid
INV-23313,Kestrel Foods,2024-02-28,2024-04-28,60,4353.8,2024-05-15,Paid
INV-23314,Linden Motors,2026-08-19,2026-10-18,60,38731.64,,Open
INV-23315,Dynamo Retail,2025-11-25,2025-12-25,30,18982.28,2025-12-18,Paid
INV-23316,Forge Foods,2025-07-28,2025-08-27,30,2602.84,2025-08-26,Paid
INV-23317,Forge Medical,2024-06-02,2024-07-02,30,14044.99,2024-07-03,Paid
INV-23318,Jetty Motors,2026-05-14,2026-06-13,30,4002.46,2026-06-21,Paid
INV-23319,Gable Foods,2025-09-23,2025-11-22,60,21080.14,2025-11-25,Paid
INV-23320,Dynamo Medical,2025-09-26,2025-11-10,45,18988.56,2025-11-08,Paid
INV-23321,Cascade Retail,2024-12-02,2025-01-01,30,20685.22,,Open
INV-23322,Iris Medical,2025-03-04,2025-04-03,30,9592.01,2025-04-10,Paid
INV-23323,Atlas Retail,2025-03-02,2025-05-01,60,23815.37,2025-04-30,Paid
INV-23324,Atlas Supply,2025-11-27,2025-12-12,15,22304.78,2026-01-22,Paid
INV-23325,Dynamo Medical,2025-07-28,2025-09-11,45,24348.54,2025-09-07,Paid
INV-23326,Jetty Foods,2024-08-23,2024-10-07,45,7803.72,2024-10-11,Paid
INV-23327,Atlas Retail,2026-05-15,2026-07-14,60,60342.57,2026-07-02,Paid
INV-23328,Echo Foods,2025-01-10,2025-03-11,60,3508.23,2025-03-18,Paid
INV-23329,Gable Supply,2026-05-06,2026-05-21,15,12056.31,2026-05-11,Paid
INV-23330,Echo Medical,2025-06-12,2025-07-12,30,42027.54,2025-08-05,Paid
INV-23331,Iris Motors,2026-09-13,2026-11-12,60,10472.76,,Open
INV-23332,Linden Motors,2025-02-22,2025-04-23,60,65802.6,2025-04-23,Paid
INV-23333,Echo Foods,2024-03-18,2024-05-17,60,11155.05,,Open
INV-23334,Horizon Supply,2026-09-04,2026-11-03,60,3366.14,,Open
INV-23335,Horizon Motors,2024-10-12,2024-11-11,30,19747.78,2024-11-08,Paid
INV-23336,Borealis Medical,2025-09-04,2025-10-04,30,11266.54,2025-10-24,Paid
INV-23337,Atlas Supply,2025-07-11,2025-07-26,15,35023.75,2025-08-16,Paid
INV-23338,Echo Medical,2025-04-14,2025-05-14,30,22927.35,2025-05-25,Paid
INV-23339,Dynamo Motors,2025-05-31,2025-06-15,15,8790.09,2025-06-23,Paid
INV-23340,Kestrel Foods,2025-07-18,2025-09-16,60,9573.73,2025-09-20,Paid
INV-23341,Borealis Supply,2024-09-21,2024-10-06,15,16861.33,2024-10-14,Paid
INV-23342,Dynamo Medical,2025-09-07,2025-10-22,45,40763.43,2025-10-18,Paid
INV-23343,Forge Retail,2024-07-06,2024-07-21,15,39375.51,2024-08-12,Paid
INV-23344,Jetty Retail,2026-06-13,2026-07-13,30,37579.1,2026-07-26,Paid
INV-23345,Horizon Medical,2024-01-05,2024-02-19,45,27185.1,2024-03-02,Paid
INV-23346,Iris Foods,2024-08-18,2024-10-02,45,4923.44,2024-10-13,Paid
INV-23347,Forge Foods,2026-04-20,2026-05-20,30,45726.5,2026-06-18,Paid
INV-23348,Gable Supply,2025-08-03,2025-08-18,15,22384.88,2025-08-14,Paid
INV-23349,Forge Retail,2026-09-29,2026-10-14,15,15196.82,,Open
INV-23350,Iris Medical,2024-04-08,2024-05-08,30,21617.65,2024-05-22,Paid
INV-23351,Atlas Medical,2025-11-17,2025-12-17,30,4829.22,2025-12-21,Paid
INV-23352,Cascade Supply,2025-04-25,2025-06-09,45,15724.68,2025-06-12,Paid
INV-23353,Cascade Medical,2025-12-08,2026-01-07,30,28992.95,2026-01-11,Paid
INV-23354,Iris Retail,2024-06-26,2024-08-10,45,15727.24,2024-08-18,Paid
INV-23355,Gable Motors,2026-01-28,2026-03-14,45,16198.78,2026-03-02,Paid
INV-23356,Dynamo Motors,2024-04-30,2024-05-15,15,7496.04,2024-05-27,Paid
INV-23357,Cascade Retail,2024-07-12,2024-08-11,30,10929.25,2024-08-08,Paid
INV-23358,Forge Motors,2025-11-11,2025-12-11,30,18252.79,2026-01-12,Paid
INV-23359,Dynamo Supply,2025-02-21,2025-03-23,30,11787.09,2025-04-01,Paid
INV-23360,Borealis Medical,2024-04-09,2024-05-09,30,31276.23,2024-05-13,Paid
INV-23361,Cascade Foods,2025-08-30,2025-09-14,15,13314.24,2025-10-15,Paid
INV-23362,Dynamo Motors,2024-10-20,2024-11-04,15,3155.15,2024-11-15,Paid
INV-23363,Jetty Retail,2025-03-08,2025-04-07,30,4435.96,2025-04-10,Paid
INV-23364,Iris Foods,2025-07-04,2025-08-18,45,19092.69,2025-09-12,Paid
INV-23365,Atlas Medical,2024-03-26,2024-04-25,30,14574.91,2024-04-23,Paid
INV-23366,Linden Motors,2024-06-09,2024-08-08,60,6812.02,2024-08-05,Paid
INV-23367,Dynamo Medical,2026-02-09,2026-03-26,45,12017.98,2026-04-07,Paid
INV-23368,Kestrel Medical,2026-07-19,2026-08-18,30,4468.74,2026-09-09,Paid
INV-23369,Kestrel Medical,2025-01-14,2025-02-13,30,6011.02,2025-02-14,Paid
INV-23370,Horizon Retail,2024-06-04,2024-07-19,45,101268.18,2024-07-19,Paid
INV-23371,Kestrel Medical,2025-07-28,2025-08-27,30,30225.63,2025-09-02,Paid
INV-23372,Borealis Medical,2026-06-24,2026-07-24,30,15842.26,2026-08-17,Paid
INV-23373,Gable Foods,2026-03-08,2026-05-07,60,6354.61,2026-05-19,Paid
INV-23374,Dynamo Foods,2026-09-26,2026-10-26,30,16779.74,,Open
INV-23375,Linden Retail,2024-08-05,2024-08-20,15,4723.55,2024-09-11,Paid
INV-23376,Dynamo Supply,2026-04-06,2026-05-06,30,18735.49,2026-04-29,Paid
INV-23377,Echo Retail,2024-02-24,2024-03-25,30,19946.41,2024-04-10,Paid
INV-23378,Dynamo Medical,2024-08-24,2024-10-08,45,9376.72,2024-09-28,Paid
INV-23379,Iris Foods,2026-05-12,2026-06-26,45,9960.08,2026-07-20,Paid
INV-23380,Atlas Supply,2025-06-26,2025-07-11,15,32501.01,2025-08-26,Paid
INV-23381,Borealis Supply,2024-02-26,2024-03-12,15,23673.59,2024-03-29,Paid
INV-23382,Borealis Supply,2025-05-13,2025-05-28,15,36129.42,2025-06-07,Paid
INV-23383,Kestrel Medical,2024-01-07,2024-02-06,30,6362.61,2024-02-17,Paid
INV-23384,Horizon Medical,2024-03-31,2024-05-15,45,4109.78,2024-05-26,Paid
INV-23385,Atlas Medical,2025-08-10,2025-09-09,30,19135.93,2025-09-15,Paid
INV-23386,Borealis Medical,2025-04-26,2025-05-26,30,16948.27,2025-06-04,Paid
INV-23387,Horizon Foods,2024-11-19,2024-12-19,30,25078.19,2024-12-20,Paid
INV-23388,Dynamo Supply,2024-11-29,2024-12-29,30,23654.84,2025-01-15,Paid
INV-23389,Jetty Medical,2024-04-12,2024-04-27,15,31420.69,2024-05-01,Paid
INV-23390,Echo Retail,2026-02-16,2026-03-18,30,27316.14,2026-04-19,Paid
INV-23391,Cascade Motors,2025-09-11,2025-10-11,30,23751.0,2025-10-17,Paid
INV-23392,Horizon Foods,2025-08-08,2025-09-07,30,18259.3,2025-09-01,Paid
INV-23393,Atlas Foods,2026-09-10,2026-10-10,30,33894.13,,Open
INV-23394,Borealis Medical,2026-07-03,2026-08-02,30,5654.83,2026-08-09,Paid
INV-23395,Forge Medical,2025-02-11,2025-03-13,30,7927.08,2025-03-20,Paid
INV-23396,Iris Retail,2025-08-14,2025-09-28,45,14598.11,2025-09-28,Paid
INV-23397,Borealis Medical,2025-03-28,2025-04-27,30,23282.07,2025-04-23,Paid
INV-23398,Horizon Supply,2026-02-20,2026-04-21,60,35609.49,,Open
INV-23399,Kestrel Foods,2026-01-30,2026-03-31,60,4423.66,2026-04-07,Paid
INV-23400,Dynamo Motors,2026-02-13,2026-02-28,15,10939.23,2026-03-20,Paid
INV-23401,Echo Motors,2026-05-21,2026-06-05,15,9701.36,2026-06-12,Paid
INV-23402,Jetty Foods,2026-06-02,2026-07-17,45,57712.74,2026-07-11,Paid
INV-23403,Forge Motors,2025-03-03,2025-04-02,30,18237.98,2025-05-04,Paid
INV-23404,Atlas Medical,2026-06-28,2026-07-28,30,17054.09,2026-08-13,Paid
INV-23405,Linden Supply,2024-06-02,2024-06-17,15,72115.94,2024-06-17,Paid
INV-23406,Forge Motors,2024-12-13,2025-01-12,30,20753.38,2025-02-06,Paid
INV-23407,Horizon Supply,2026-09-28,2026-11-27,60,24601.3,,Open
INV-23408,Atlas Medical,2025-05-03,2025-06-02,30,13073.11,2025-06-20,Paid
INV-23409,Dynamo Motors,2024-06-13,2024-06-28,15,14061.07,2024-07-16,Paid
INV-23410,Iris Medical,2025-01-15,2025-02-14,30,7943.76,2025-03-05,Paid
INV-23411,Linden Retail,2024-04-26,2024-05-11,15,25389.1,2024-05-19,Paid
INV-23412,Jetty Supply,2025-10-27,2025-12-11,45,13440.82,2025-12-11,Paid
INV-23413,Gable Retail,2025-11-10,2026-01-09,60,7079.53,2026-02-22,Paid
INV-23414,Atlas Medical,2025-03-27,2025-04-26,30,18701.51,2025-05-08,Paid
INV-23415,Linden Medical,2024-10-06,2024-11-05,30,2822.43,2024-11-11,Paid
INV-23416,Atlas Foods,2025-11-28,2025-12-28,30,19146.54,2026-01-24,Paid
INV-23417,Atlas Motors,2026-05-20,2026-07-19,60,3618.02,2026-07-19,Paid
INV-23418,Dynamo Motors,2024-08-21,2024-09-05,15,12684.02,2024-09-19,Paid
INV-23419,Forge Medical,2025-09-02,2025-10-02,30,59476.82,2025-09-27,Paid
INV-23420,Echo Retail,2024-09-29,2024-10-29,30,7257.16,2024-11-02,Paid
INV-23421,Gable Medical,2025-07-15,2025-09-13,60,2315.56,2025-09-25,Paid
INV-23422,Jetty Supply,2026-06-09,2026-07-24,45,18206.87,2026-07-24,Paid
INV-23423,Dynamo Medical,2026-02-21,2026-04-07,45,25234.44,2026-04-03,Paid
INV-23424,Atlas Medical,2024-10-19,2024-11-18,30,15572.7,2024-11-17,Paid
INV-23425,Echo Retail,2025-01-10,2025-02-09,30,17387.48,2025-02-15,Paid
INV-23426,Linden Medical,2025-01-25,2025-02-24,30,13068.26,2025-03-16,Paid
INV-23427,Forge Medical,2025-09-01,2025-10-01,30,20291.82,2025-10-10,Paid
INV-23428,Iris Retail,2024-01-11,2024-02-25,45,19301.03,2024-03-09,Paid
INV-23429,Forge Medical,2025-12-22,2026-01-21,30,14315.54,2026-01-16,Paid
INV-23430,Iris Motors,2024-05-11,2024-07-10,60,4945.11,2024-07-09,Paid
INV-23431,Echo Medical,2025-10-12,2025-11-11,30,8676.38,2025-11-18,Paid
INV-23432,Cascade Foods,2025-10-19,2025-11-03,15,34202.61,2025-10-29,Paid
INV-23433,Cascade Medical,2026-06-24,2026-07-24,30,2834.42,2026-07-17,Paid
INV-23434,Iris Foods,2026-03-01,2026-04-15,45,20985.8,2026-05-08,Paid
INV-23435,Cascade Supply,2026-07-06,2026-08-20,45,32119.18,2026-08-29,Paid
INV-23436,Atlas Motors,2024-10-19,2024-12-18,60,15343.73,2024-12-16,Paid
INV-23437,Cascade Retail,2025-09-25,2025-10-25,30,6488.42,2025-10-25,Paid
INV-23438,Iris Medical,2024-02-09,2024-03-10,30,15604.96,2024-03-27,Paid
INV-23439,Horizon Medical,2026-09-20,2026-11-04,45,12381.2,,Open
INV-23440,Gable Retail,2024-05-28,2024-07-27,60,5601.81,2024-08-23,Paid
INV-23441,Iris Foods,2025-04-01,2025-05-16,45,5439.48,2025-06-04,Paid
INV-23442,Kestrel Foods,2025-11-27,2026-01-26,60,18565.17,2026-02-08,Paid
INV-23443,Linden Foods,2025-06-18,2025-08-17,60,37313.83,2025-08-08,Paid
INV-23444,Horizon Medical,2024-10-05,2024-11-19,45,11393.8,2024-11-30,Paid
INV-23445,Echo Foods,2024-10-11,2024-12-10,60,42474.33,2024-12-29,Paid
INV-23446,Linden Medical,2024-10-24,2024-11-23,30,20328.25,2024-11-08,Paid
INV-23447,Kestrel Retail,2025-12-26,2026-01-25,30,9619.83,2026-01-21,Paid
INV-23448,Jetty Retail,2025-06-18,2025-07-18,30,11847.53,2025-07-22,Paid
INV-23449,Kestrel Foods,2024-05-16,2024-07-15,60,4416.65,2024-07-18,Paid
INV-23450,Atlas Retail,2025-12-04,2026-02-02,60,6663.81,2026-02-06,Paid
INV-23451,Iris Supply,2026-03-04,2026-03-19,15,20920.91,2026-03-29,Paid
INV-23452,Dynamo Foods,2024-04-30,2024-05-30,30,9594.68,2024-06-05,Paid
INV-23453,Forge Motors,2024-03-02,2024-04-01,30,5150.67,2024-05-02,Paid
INV-23454,Echo Medical,2025-12-30,2026-01-29,30,28091.43,2026-02-10,Paid
INV-23455,Jetty Supply,2025-10-12,2025-11-26,45,16452.16,2025-11-22,Paid
INV-23456,Atlas Retail,2024-01-17,2024-03-17,60,8563.88,2024-03-19,Paid
INV-23457,Borealis Foods,2026-08-14,2026-08-29,15,8937.95,2026-08-24,Paid
INV-23458,Dynamo Motors,2024-03-21,2024-04-05,15,23541.98,2024-04-23,Paid
INV-23459,Gable Medical,2025-01-09,2025-03-10,60,28140.53,2025-03-10,Paid
INV-23460,Echo Supply,2024-02-15,2024-03-01,15,30147.55,2024-03-09,Paid
INV-23461,Jetty Retail,2024-08-31,2024-09-30,30,4508.82,2024-10-14,Paid
INV-23462,Atlas Foods,2024-09-28,2024-10-28,30,28084.15,2024-11-23,Paid
INV-23463,Linden Foods,2025-09-28,2025-11-27,60,5542.59,2025-11-27,Paid
INV-23464,Cascade Retail,2025-09-11,2025-10-11,30,7104.42,2025-10-08,Paid
INV-23465,Iris Medical,2025-08-23,2025-09-22,30,35557.7,2025-10-09,Paid
INV-23466,Atlas Retail,2025-11-05,2026-01-04,60,16427.89,2026-01-14,Paid
INV-23467,Kestrel Retail,2025-06-07,2025-07-07,30,39630.83,2025-07-20,Paid
INV-23468,Linden Supply,2024-03-15,2024-03-30,15,5899.89,2024-04-02,Paid
INV-23469,Borealis Foods,2024-04-15,2024-04-30,15,16435.55,2024-05-05,Paid
INV-23470,Cascade Retail,2026-05-27,2026-06-26,30,14304.56,2026-07-06,Paid
INV-23471,Horizon Foods,2026-08-30,2026-09-29,30,14720.28,,Open
INV-23472,Borealis Supply,2024-03-01,2024-03-16,15,51093.57,2024-04-04,Paid
INV-23473,Jetty Motors,2025-06-05,2025-07-05,30,9471.63,2025-07-22,Paid
INV-23474,Cascade Retail,2025-10-25,2025-11-24,30,6877.11,2025-12-13,Paid
INV-23475,Kestrel Motors,2025-10-10,2025-11-09,30,19750.0,2025-11-09,Paid
INV-23476,Borealis Medical,2025-11-29,2025-12-29,30,18475.62,2026-01-08,Paid
INV-23477,Dynamo Foods,2024-02-23,2024-03-24,30,10368.24,2024-03-27,Paid
INV-23478,Horizon Retail,2025-09-22,2025-11-06,45,25792.95,2025-11-10,Paid
INV-23479,Cascade Supply,2024-02-17,2024-04-02,45,26368.62,2024-04-06,Paid
INV-23480,Linden Motors,2026-03-12,2026-05-11,60,4952.99,2026-04-21,Paid
INV-23481,Gable Foods,2025-10-11,2025-12-10,60,6745.64,2025-12-27,Paid
INV-23482,Echo Medical,2024-03-11,2024-04-10,30,22137.23,2024-05-12,Paid
INV-23483,Cascade Supply,2026-05-08,2026-06-22,45,7789.11,2026-07-09,Paid
INV-23484,Linden Retail,2025-08-11,2025-08-26,15,25676.56,2025-09-01,Paid
INV-23485,Horizon Foods,2025-06-02,2025-07-02,30,36906.86,2025-06-12,Paid
INV-23486,Gable Foods,2024-09-09,2024-11-08,60,10389.82,2024-10-29,Paid
INV-23487,Echo Medical,2026-02-02,2026-03-04,30,14487.71,2026-03-14,Paid
INV-23488,Echo Foods,2025-07-08,2025-09-06,60,37278.48,2025-09-19,Paid
INV-23489,Kestrel Retail,2025-12-30,2026-01-29,30,9156.86,2026-02-04,Paid
INV-23490,Dynamo Medical,2024-05-27,2024-07-11,45,15796.25,2024-07-12,Paid
INV-23491,Gable Medical,2025-12-11,2026-02-09,60,95821.42,2026-02-21,Paid
INV-23492,Gable Foods,2024-10-23,2024-12-22,60,19112.33,2024-12-14,Paid
INV-23493,Dynamo Motors,2024-11-16,2024-12-01,15,9841.48,2024-12-11,Paid
INV-23494,Forge Motors,2025-12-21,2026-01-20,30,15520.58,,Open
INV-23495,Forge Medical,2024-04-11,2024-05-11,30,12187.95,2024-04-25,Paid
INV-23496,Atlas Motors,2024-02-12,2024-04-12,60,17775.12,2024-04-05,Paid
INV-23497,Dynamo Retail,2026-04-25,2026-05-25,30,6503.42,2026-05-25,Paid
INV-23498,Gable Motors,2026-03-26,2026-05-10,45,17670.12,2026-05-10,Paid
INV-23499,Horizon Medical,2024-02-25,2024-04-10,45,17224.03,2024-04-22,Paid
INV-23500,Echo Medical,2026-04-06,2026-05-06,30,19321.19,2026-05-15,Paid
INV-23501,Atlas Motors,2026-04-18,2026-06-17,60,14569.85,2026-07-07,Paid
INV-23502,Echo Foods,2024-06-11,2024-08-10,60,8211.84,2024-08-05,Paid
INV-23503,Dynamo Medical,2024-11-30,2025-01-14,45,46719.12,2025-01-24,Paid
INV-23504,Kestrel Foods,2025-11-20,2026-01-19,60,25478.81,2026-01-19,Paid
INV-23505,Linden Supply,2025-08-30,2025-09-14,15,2706.9,2025-09-28,Paid
INV-23506,Forge Retail,2026-01-12,2026-01-27,15,13639.44,2026-02-06,Paid
INV-23507,Echo Retail,2026-09-07,2026-10-07,30,16683.28,,Open
INV-23508,Cascade Medical,2025-02-04,2025-03-06,30,16763.17,2025-03-30,Paid
INV-23509,Atlas Retail,2026-08-13,2026-10-12,60,24827.38,,Open
INV-23510,Gable Motors,2024-04-11,2024-05-26,45,79282.93,2024-05-17,Paid
INV-23511,Linden Retail,2025-09-23,2025-10-08,15,43155.45,2025-10-17,Paid
INV-23512,Gable Medical,2024-05-26,2024-07-25,60,42157.48,2024-07-16,Paid
INV-23513,Jetty Supply,2026-02-21,2026-04-07,45,6535.83,2026-04-02,Paid
INV-23514,Kestrel Supply,2025-10-30,2025-12-14,45,45393.27,2025-12-21,Paid
INV-23515,Echo Supply,2025-12-10,2025-12-25,15,28626.65,2026-01-18,Paid
INV-23516,Linden Supply,2024-01-30,2024-02-14,15,6050.26,2024-01-29,Paid
INV-23517,Atlas Motors,2026-01-16,2026-03-17,60,6494.02,2026-03-19,Paid
INV-23518,Iris Retail,2025-05-10,2025-06-24,45,19007.65,2025-06-30,Paid
INV-23519,Horizon Retail,2026-04-20,2026-06-04,45,13213.71,2026-07-03,Paid
INV-23520,Linden Motors,2025-04-17,2025-06-16,60,27143.38,2025-06-07,Paid
INV-23521,Iris Foods,2026-07-20,2026-09-03,45,9396.59,2026-09-22,Paid
INV-23522,Horizon Supply,2026-09-21,2026-11-20,60,11274.02,,Open
INV-23523,Horizon Medical,2025-03-29,2025-05-13,45,11528.26,2025-05-30,Paid
INV-23524,Dynamo Retail,2024-08-01,2024-08-31,30,26183.54,2024-08-31,Paid
INV-23525,Iris Supply,2026-01-27,2026-02-11,15,20183.72,2026-02-13,Paid
INV-23526,Atlas Foods,2024-09-22,2024-10-22,30,10575.07,2024-11-22,Paid
INV-23527,Borealis Foods,2025-11-29,2025-12-14,15,23924.23,2025-12-03,Paid
INV-23528,Iris Medical,2024-09-12,2024-10-12,30,20258.4,2024-10-16,Paid
INV-23529,Borealis Medical,2026-07-09,2026-08-08,30,32180.66,2026-08-20,Paid
INV-23530,Gable Retail,2025-08-20,2025-10-19,60,17260.63,2025-11-17,Paid
INV-23531,Jetty Foods,2024-01-15,2024-02-29,45,10435.05,2024-02-25,Paid
INV-23532,Cascade Medical,2026-03-09,2026-04-08,30,5319.28,2026-04-21,Paid
INV-23533,Horizon Supply,2026-05-30,2026-07-29,60,15817.02,2026-07-30,Paid
INV-23534,Gable Motors,2025-11-13,2025-12-28,45,31655.2,2026-01-05,Paid
INV-23535,Forge Foods,2024-05-24,2024-06-23,30,16268.5,2024-06-16,Paid
INV-23536,Horizon Medical,2025-05-17,2025-07-01,45,34157.28,2025-07-28,Paid
INV-23537,Cascade Foods,2025-10-19,2025-11-03,15,16651.38,2025-11-08,Paid
INV-23538,Cascade Foods,2026-04-25,2026-05-10,15,17947.45,2026-05-27,Paid
INV-23539,Gable Medical,2024-06-05,2024-08-04,60,27969.89,2024-08-26,Paid
INV-23540,Linden Supply,2025-01-12,2025-01-27,15,6713.69,,Open
INV-23541,Jetty Foods,2025-06-05,2025-07-20,45,6774.4,2025-07-22,Paid
INV-23542,Gable Foods,2024-07-14,2024-09-12,60,54786.8,2024-09-27,Paid
INV-23543,Gable Motors,2025-05-25,2025-07-09,45,47085.37,2025-07-06,Paid
INV-23544,Borealis Foods,2024-03-02,2024-03-17,15,25016.55,2024-03-12,Paid
INV-23545,Gable Foods,2026-07-20,2026-09-18,60,31166.99,2026-09-27,Paid
INV-23546,Horizon Retail,2024-09-07,2024-10-22,45,31300.88,2024-11-11,Paid
INV-23547,Borealis Retail,2026-08-24,2026-09-23,30,11974.66,,Open
INV-23548,Dynamo Motors,2025-05-11,2025-05-26,15,2106.39,2025-06-08,Paid
INV-23549,Gable Foods,2025-04-16,2025-06-15,60,15886.04,2025-06-11,Paid
INV-23550,Iris Medical,2025-04-12,2025-05-12,30,7133.96,2025-05-24,Paid
INV-23551,Forge Motors,2025-12-02,2026-01-01,30,18343.18,2026-02-01,Paid
INV-23552,Forge Medical,2025-04-16,2025-05-16,30,10543.33,2025-05-17,Paid
INV-23553,Iris Medical,2025-03-26,2025-04-25,30,17780.0,2025-05-12,Paid
INV-23554,Linden Motors,2026-06-01,2026-07-31,60,93181.15,2026-07-26,Paid
INV-23555,Horizon Motors,2025-04-02,2025-05-02,30,9883.7,2025-05-07,Paid
INV-23556,Echo Motors,2024-07-10,2024-07-25,15,8518.1,2024-08-01,Paid
INV-23557,Atlas Motors,2024-11-03,2025-01-02,60,14879.17,2025-01-09,Paid
INV-23558,Borealis Motors,2026-05-10,2026-06-24,45,4747.37,2026-07-03,Paid
INV-23559,Cascade Motors,2026-04-27,2026-05-27,30,24965.12,2026-06-01,Paid
INV-23560,Jetty Medical,2024-10-25,2024-11-09,15,4001.82,2024-11-15,Paid
INV-23561,Forge Foods,2024-11-08,2024-12-08,30,4763.72,2024-12-09,Paid
INV-23562,Borealis Supply,2025-03-16,2025-03-31,15,125181.92,2025-03-26,Paid
INV-23563,Echo Retail,2024-04-04,2024-05-04,30,6173.21,2024-05-15,Paid
INV-23564,Jetty Motors,2026-03-03,2026-04-02,30,24150.47,2026-04-30,Paid
INV-23565,Linden Motors,2024-06-01,2024-07-31,60,51499.47,2024-07-14,Paid
INV-23566,Forge Supply,2024-08-28,2024-09-12,15,7848.44,2024-11-11,Paid
INV-23567,Iris Supply,2026-03-06,2026-03-21,15,11393.14,2026-04-05,Paid
INV-23568,Iris Supply,2024-11-03,2024-11-18,15,11484.18,2024-12-07,Paid
INV-23569,Kestrel Foods,2026-06-05,2026-08-04,60,23703.95,2026-07-23,Paid
INV-23570,Atlas Foods,2024-10-20,2024-11-19,30,18711.57,2024-12-11,Paid
INV-23571,Horizon Motors,2026-04-17,2026-05-17,30,5406.03,2026-04-29,Paid
INV-23572,Cascade Supply,2024-02-05,2024-03-21,45,22846.17,2024-03-29,Paid
INV-23573,Horizon Foods,2026-04-04,2026-05-04,30,7131.82,2026-05-14,Paid
INV-23574,Jetty Medical,2025-09-11,2025-09-26,15,32945.74,2025-10-13,Paid
INV-23575,Kestrel Retail,2025-11-18,2025-12-18,30,4882.14,2025-12-31,Paid
INV-23576,Dynamo Foods,2024-10-09,2024-11-08,30,18004.95,2024-11-10,Paid
INV-23577,Cascade Medical,2026-06-26,2026-07-26,30,5824.01,2026-08-12,Paid
INV-23578,Borealis Motors,2026-09-21,2026-11-05,45,116952.75,,Open
INV-23579,Cascade Foods,2025-10-18,2025-11-02,15,3246.16,2025-11-06,Paid
INV-23580,Dynamo Retail,2026-05-22,2026-06-21,30,6432.25,2026-07-04,Paid
INV-23581,Borealis Medical,2024-10-19,2024-11-18,30,13602.64,2024-12-05,Paid
INV-23582,Gable Medical,2024-06-26,2024-08-25,60,8970.04,2024-08-22,Paid
INV-23583,Borealis Medical,2024-08-28,2024-09-27,30,19896.94,2024-10-12,Paid
INV-23584,Gable Medical,2026-01-14,2026-03-15,60,10781.92,2026-03-31,Paid
INV-23585,Horizon Motors,2024-12-22,2025-01-21,30,12789.39,2025-01-11,Paid
INV-23586,Borealis Foods,2025-06-08,2025-06-23,15,7371.03,2025-06-23,Paid
INV-23587,Iris Supply,2025-05-05,2025-05-20,15,41332.66,2025-05-20,Paid
INV-23588,Borealis Motors,2026-05-18,2026-07-02,45,4138.77,2026-06-30,Paid
INV-23589,Linden Foods,2025-06-21,2025-08-20,60,10990.53,2025-08-15,Paid
INV-23590,Gable Foods,2026-05-01,2026-06-30,60,1197.35,2026-07-09,Paid
INV-23591,Gable Medical,2025-09-15,2025-11-14,60,4642.38,2025-11-05,Paid
INV-23592,Gable Supply,2025-02-19,2025-03-06,15,20551.2,2025-03-22,Paid
INV-23593,Jetty Supply,2024-10-15,2024-11-29,45,5309.13,2024-12-09,Paid
INV-23594,Linden Supply,2024-03-17,2024-04-01,15,50315.96,2024-04-05,Paid
INV-23595,Atlas Retail,2025-04-02,2025-06-01,60,62551.09,2025-06-07,Paid
INV-23596,Dynamo Motors,2025-02-27,2025-03-14,15,27778.35,2025-03-27,Paid
INV-23597,Forge Supply,2024-08-27,2024-09-11,15,5643.56,2024-11-25,Paid
INV-23598,Horizon Foods,2025-11-29,2025-12-29,30,25067.77,2025-12-12,Paid
INV-23599,Iris Motors,2025-11-28,2026-01-27,60,8600.81,2026-01-31,Paid
INV-23600,Jetty Foods,2025-04-01,2025-05-16,45,13075.78,2025-05-25,Paid
