LeaseKey,UnitKey,PropertyKey,Tenant,StartDate,EndDate,MonthlyRent,SecurityDeposit,Status
1,1,1,Taylor Foster,2023-07-21,2024-07-20,2420.0,2420.0,Expired
2,1,1,Alex Evans,2024-07-25,2025-07-24,2480.0,2480.0,Expired
3,1,1,Quinn Cruz,2025-09-23,2027-03-22,2610.0,2610.0,Active
4,2,1,Quinn Jensen,2023-07-23,2024-01-22,1880.0,1880.0,Expired
5,2,1,Morgan Foster,2024-03-24,2025-03-23,1930.0,1930.0,Expired
6,2,1,Drew Diaz,2025-03-24,2025-09-23,2040.0,2040.0,Expired
7,2,1,Quinn Klein,2025-09-24,2027-03-23,2120.0,2120.0,Active
8,3,1,Reese Irwin,2023-03-06,2024-03-05,3060.0,3060.0,Expired
9,3,1,Alex Foster,2024-03-06,2024-09-05,3260.0,3260.0,Expired
10,3,1,Quinn Gray,2024-09-15,2025-09-14,3410.0,3410.0,Expired
11,3,1,Sam Cruz,2025-09-21,2026-09-20,3510.0,3510.0,Expired
12,3,1,Alex Jensen,2026-09-21,2027-03-20,3630.0,3630.0,Active
13,4,1,Quinn Foster,2023-10-08,2024-10-07,2580.0,2580.0,Expired
14,4,1,Drew Brooks,2024-10-08,2025-10-07,2690.0,2690.0,Expired
15,4,1,Avery Evans,2025-10-08,2026-10-07,2840.0,2840.0,Active
16,5,1,Casey Jensen,2023-07-16,2024-07-15,3030.0,3030.0,Expired
17,5,1,Morgan Foster,2024-07-16,2025-07-15,3230.0,3230.0,Expired
18,5,1,Sam Irwin,2025-07-16,2027-01-15,3410.0,3410.0,Active
19,6,1,Jordan Gray,2023-10-30,2024-10-29,2140.0,2140.0,Expired
20,6,1,Quinn Diaz,2024-11-26,2025-11-25,2240.0,2240.0,Expired
21,6,1,Taylor Brooks,2025-11-26,2026-11-25,2380.0,2380.0,Active
22,7,1,Jordan Diaz,2023-12-05,2024-12-04,2400.0,2400.0,Expired
23,7,1,Sam Diaz,2025-01-09,2026-01-08,2490.0,2490.0,Expired
24,7,1,Casey Cruz,2026-02-07,2027-02-06,2550.0,2550.0,Active
25,8,1,Sam Irwin,2023-03-22,2023-09-21,1370.0,1370.0,Expired
26,8,1,Drew Lopez,2023-09-22,2024-09-21,1420.0,1420.0,Expired
27,8,1,Alex Gray,2024-10-23,2025-04-22,1500.0,1500.0,Expired
28,8,1,Quinn Diaz,2025-04-23,2026-04-22,1590.0,1590.0,Expired
29,8,1,Jamie Irwin,2026-05-23,2027-05-22,1670.0,1670.0,Active
30,9,1,Alex Evans,2023-05-10,2024-05-09,3240.0,3240.0,Expired
31,9,1,Sam Diaz,2024-05-10,2025-05-09,3350.0,3350.0,Expired
32,9,1,Alex Adams,2025-05-10,2026-11-09,3450.0,3450.0,Active
33,10,1,Quinn Jensen,2023-05-19,2024-05-18,2110.0,2110.0,Expired
34,10,1,Quinn Lopez,2024-05-19,2024-11-18,2200.0,2200.0,Expired
35,10,1,Riley Klein,2025-01-19,2025-07-18,2340.0,2340.0,Expired
36,10,1,Riley Klein,2025-09-09,2026-09-08,2420.0,2420.0,Expired
37,10,1,Casey Cruz,2026-09-09,2028-03-08,2540.0,2540.0,Active
38,11,1,Casey Adams,2023-04-19,2024-04-18,3200.0,3200.0,Expired
39,11,1,Avery Cruz,2024-06-19,2024-12-18,3290.0,3290.0,Expired
40,11,1,Reese Cruz,2024-12-19,2025-12-18,3440.0,3440.0,Expired
41,11,1,Riley Lopez,2025-12-19,2026-12-18,3610.0,3610.0,Active
42,12,1,Riley Irwin,2023-06-22,2024-06-21,2270.0,2270.0,Expired
43,12,1,Reese Brooks,2024-07-25,2025-01-24,2360.0,2360.0,Expired
44,12,1,Reese Klein,2025-02-27,2025-08-26,2440.0,2440.0,Expired
45,12,1,Reese Adams,2025-08-27,2026-02-26,2600.0,2600.0,Expired
46,12,1,Casey Brooks,2026-02-27,2027-02-26,2700.0,2700.0,Active
47,13,1,Jordan Hayes,2023-04-30,2024-04-29,3550.0,3550.0,Expired
48,13,1,Jamie Brooks,2024-05-06,2025-05-05,3770.0,3770.0,Expired
49,13,1,Sam Jensen,2025-05-17,2026-05-16,3860.0,3860.0,Expired
50,13,1,Drew Lopez,2026-05-24,2027-05-23,3940.0,3940.0,Active
51,14,1,Reese Jensen,2023-08-05,2024-08-04,2280.0,2280.0,Expired
52,14,1,Alex Brooks,2024-08-05,2025-02-04,2380.0,2380.0,Expired
53,14,1,Alex Hayes,2025-04-01,2026-03-31,2540.0,2540.0,Expired
54,14,1,Jordan Brooks,2026-04-17,2026-10-16,2610.0,2610.0,Active
55,15,1,Avery Adams,2023-08-05,2024-08-04,2030.0,2030.0,Expired
56,15,1,Avery Foster,2024-08-05,2025-08-04,2080.0,2080.0,Expired
57,15,1,Morgan Hayes,2025-10-10,2026-10-09,2130.0,2130.0,Active
58,16,1,Morgan Brooks,2023-10-31,2024-10-30,2920.0,2920.0,Expired
59,16,1,Reese Cruz,2024-10-31,2026-04-29,3030.0,3030.0,Expired
60,16,1,Sam Adams,2026-04-30,2026-10-29,3240.0,3240.0,Active
61,17,1,Reese Jensen,2023-05-19,2024-05-18,1940.0,1940.0,Expired
62,17,1,Taylor Diaz,2024-06-30,2025-06-29,2030.0,2030.0,Expired
63,17,1,Sam Klein,2025-06-30,2026-06-29,2160.0,2160.0,Expired
64,17,1,Quinn Cruz,2026-08-10,2027-08-09,2220.0,2220.0,Active
65,18,1,Jordan Lopez,2023-05-22,2024-05-21,2940.0,2940.0,Expired
66,18,1,Jordan Jensen,2024-07-02,2025-01-01,3050.0,3050.0,Expired
67,18,1,Drew Lopez,2025-01-02,2026-01-01,3190.0,3190.0,Expired
68,18,1,Riley Evans,2026-01-02,2027-01-01,3260.0,3260.0,Active
69,19,1,Alex Adams,2023-11-21,2025-05-20,1230.0,1230.0,Expired
70,19,1,Alex Hayes,2025-05-21,2026-05-20,1260.0,1260.0,Expired
71,19,1,Morgan Brooks,2026-07-18,2027-07-17,1300.0,1300.0,Active
72,20,1,Riley Brooks,2023-07-28,2024-01-27,2560.0,2560.0,Expired
73,20,1,Drew Hayes,2024-03-07,2025-03-06,2710.0,2710.0,Expired
74,20,1,Avery Gray,2025-03-07,2026-03-06,2850.0,2850.0,Expired
75,20,1,Casey Diaz,2026-05-05,2027-05-04,2910.0,2910.0,Active
76,21,1,Morgan Irwin,2023-06-23,2023-12-22,2870.0,2870.0,Expired
77,21,1,Drew Adams,2023-12-23,2024-12-22,2960.0,2960.0,Expired
78,21,1,Jordan Irwin,2024-12-23,2025-12-22,3060.0,3060.0,Expired
79,21,1,Jamie Irwin,2025-12-23,2027-06-22,3190.0,3190.0,Active
80,22,1,Jordan Lopez,2023-12-06,2024-12-05,2800.0,2800.0,Expired
81,22,1,Riley Gray,2024-12-06,2025-12-05,2930.0,2930.0,Expired
82,22,1,Avery Gray,2025-12-06,2026-12-05,3080.0,3080.0,Active
83,23,1,Jamie Irwin,2023-09-20,2025-03-19,4120.0,4120.0,Expired
84,23,1,Alex Hayes,2025-03-20,2026-03-19,4240.0,4240.0,Expired
85,23,1,Reese Jensen,2026-05-20,2027-11-19,4510.0,4510.0,Active
86,24,1,Riley Cruz,2023-03-19,2024-03-18,2200.0,2200.0,Expired
87,24,1,Reese Hayes,2024-03-19,2025-03-18,2280.0,2280.0,Expired
88,24,1,Jamie Jensen,2025-03-19,2025-09-18,2380.0,2380.0,Expired
89,24,1,Casey Gray,2025-11-16,2026-11-15,2550.0,2550.0,Active
90,25,1,Morgan Diaz,2023-11-09,2024-11-08,3860.0,3860.0,Expired
91,25,1,Sam Foster,2024-12-11,2025-12-10,4050.0,4050.0,Expired
92,25,1,Sam Lopez,2026-01-05,2027-01-04,4250.0,4250.0,Active
93,26,1,Jamie Brooks,2023-08-12,2025-02-11,2870.0,2870.0,Expired
94,26,1,Jordan Klein,2025-03-16,2026-03-15,2940.0,2940.0,Expired
95,26,1,Quinn Brooks,2026-06-01,2026-11-30,3130.0,3130.0,Active
96,27,1,Sam Lopez,2023-11-16,2024-11-15,3380.0,3380.0,Expired
97,27,1,Reese Adams,2025-01-19,2026-07-18,3550.0,3550.0,Expired
98,27,1,Casey Gray,2026-07-19,2028-01-18,3660.0,3660.0,Active
99,28,1,Riley Irwin,2023-09-26,2025-03-25,2180.0,2180.0,Expired
100,28,1,Jamie Klein,2025-04-11,2025-10-10,2310.0,2310.0,Expired
101,28,1,Reese Diaz,2025-10-11,2026-10-10,2420.0,2420.0,Active
102,29,1,Quinn Evans,2023-02-13,2023-08-12,2880.0,2880.0,Expired
103,29,1,Casey Klein,2023-08-13,2024-08-12,3070.0,3070.0,Expired
104,29,1,Taylor Cruz,2024-08-13,2025-08-12,3160.0,3160.0,Expired
105,29,1,Avery Evans,2025-10-04,2026-04-03,3270.0,3270.0,Expired
106,29,1,Drew Brooks,2026-04-04,2027-04-03,3450.0,3450.0,Active
107,30,1,Alex Jensen,2023-12-10,2024-12-09,1740.0,1740.0,Expired
108,30,1,Morgan Gray,2024-12-10,2025-06-09,1790.0,1790.0,Expired
109,30,1,Jamie Diaz,2025-06-10,2026-06-09,1880.0,1880.0,Expired
110,30,1,Sam Foster,2026-07-05,2027-01-04,1980.0,1980.0,Active
111,31,1,Reese Irwin,2023-02-26,2024-02-25,2110.0,2110.0,Expired
112,31,1,Jordan Adams,2024-03-11,2025-03-10,2230.0,2230.0,Expired
113,31,1,Morgan Gray,2025-04-23,2026-10-22,2320.0,2320.0,Active
114,32,1,Alex Hayes,2023-09-12,2024-03-11,2240.0,2240.0,Expired
115,32,1,Alex Foster,2024-04-12,2024-10-11,2400.0,2400.0,Expired
116,32,1,Taylor Irwin,2024-12-01,2025-11-30,2480.0,2480.0,Expired
117,32,1,Jamie Adams,2026-02-05,2026-08-04,2560.0,2560.0,Expired
118,32,1,Morgan Jensen,2026-08-05,2027-08-04,2700.0,2700.0,Active
119,33,1,Morgan Diaz,2023-02-10,2024-08-09,2370.0,2370.0,Expired
120,33,1,Casey Evans,2024-08-10,2026-02-09,2430.0,2430.0,Expired
121,33,1,Quinn Irwin,2026-02-17,2027-02-16,2540.0,2540.0,Active
122,34,1,Quinn Brooks,2023-09-30,2024-09-29,2160.0,2160.0,Expired
123,34,1,Avery Foster,2024-09-30,2025-09-29,2250.0,2250.0,Expired
124,34,1,Riley Cruz,2025-10-15,2026-10-14,2380.0,2380.0,Active
125,35,1,Casey Foster,2023-03-02,2024-03-01,2010.0,2010.0,Expired
126,35,1,Alex Evans,2024-03-02,2025-03-01,2110.0,2110.0,Expired
127,35,1,Jamie Gray,2025-04-13,2026-10-12,2200.0,2200.0,Active
128,36,1,Avery Hayes,2023-07-10,2024-07-09,1820.0,1820.0,Expired
129,36,1,Casey Evans,2024-08-09,2025-02-08,1950.0,1950.0,Expired
130,36,1,Taylor Brooks,2025-02-09,2026-02-08,2040.0,2040.0,Expired
131,36,1,Sam Diaz,2026-03-30,2027-03-29,2160.0,2160.0,Active
132,37,1,Alex Gray,2023-08-17,2024-08-16,2960.0,2960.0,Expired
133,37,1,Jordan Jensen,2024-08-17,2026-02-16,3120.0,3120.0,Expired
134,37,1,Quinn Adams,2026-03-12,2027-09-11,3260.0,3260.0,Active
135,38,1,Quinn Gray,2023-07-12,2024-07-11,2280.0,2280.0,Expired
136,38,1,Avery Foster,2024-07-12,2025-01-11,2340.0,2340.0,Expired
137,38,1,Morgan Foster,2025-02-15,2025-08-14,2490.0,2490.0,Expired
138,38,1,Morgan Brooks,2025-08-15,2026-02-14,2600.0,2600.0,Expired
139,38,1,Jamie Foster,2026-02-15,2026-08-14,2720.0,2720.0,Expired
140,38,1,Avery Lopez,2026-09-20,2027-03-19,2880.0,2880.0,Active
141,39,1,Alex Gray,2023-05-31,2024-05-30,2450.0,2450.0,Expired
142,39,1,Alex Brooks,2024-05-31,2025-05-30,2560.0,2560.0,Expired
143,39,1,Alex Brooks,2025-05-31,2026-11-29,2670.0,2670.0,Active
144,40,1,Alex Irwin,2023-05-04,2024-05-03,3670.0,3670.0,Expired
145,40,1,Jamie Klein,2024-08-21,2025-08-20,3880.0,3880.0,Expired
146,40,1,Sam Gray,2025-09-19,2027-03-18,4010.0,4010.0,Active
147,41,1,Jordan Brooks,2023-05-28,2023-11-27,2200.0,2200.0,Expired
148,41,1,Alex Irwin,2023-12-18,2024-12-17,2270.0,2270.0,Expired
149,41,1,Alex Jensen,2025-03-01,2026-02-28,2390.0,2390.0,Expired
150,41,1,Avery Diaz,2026-03-01,2026-08-31,2480.0,2480.0,Expired
151,41,1,Riley Irwin,2026-09-01,2027-08-31,2650.0,2650.0,Active
152,42,1,Casey Jensen,2023-08-14,2024-08-13,1510.0,1510.0,Expired
153,42,1,Drew Brooks,2024-08-14,2025-02-13,1590.0,1590.0,Expired
154,42,1,Morgan Lopez,2025-02-14,2026-02-13,1680.0,1680.0,Expired
155,42,1,Quinn Irwin,2026-02-14,2026-08-13,1720.0,1720.0,Expired
156,42,1,Riley Klein,2026-09-15,2027-09-14,1820.0,1820.0,Active
157,43,1,Alex Lopez,2023-09-14,2024-09-13,3150.0,3150.0,Expired
158,43,1,Riley Lopez,2024-11-04,2025-05-03,3210.0,3210.0,Expired
159,43,1,Avery Diaz,2025-06-10,2026-12-09,3310.0,3310.0,Active
160,44,1,Taylor Klein,2023-10-26,2024-10-25,1740.0,1740.0,Expired
161,44,1,Jordan Gray,2024-10-26,2025-04-25,1820.0,1820.0,Expired
162,44,1,Jordan Gray,2025-04-26,2026-10-25,1890.0,1890.0,Active
163,45,1,Jordan Adams,2023-08-31,2024-08-30,2260.0,2260.0,Expired
164,45,1,Alex Klein,2024-11-14,2025-11-13,2350.0,2350.0,Expired
165,45,1,Jordan Jensen,2026-01-02,2027-01-01,2400.0,2400.0,Active
166,46,1,Riley Lopez,2023-05-01,2024-04-30,3330.0,3330.0,Expired
167,46,1,Quinn Cruz,2024-05-01,2025-04-30,3520.0,3520.0,Expired
168,46,1,Morgan Brooks,2025-06-23,2026-06-22,3630.0,3630.0,Expired
169,46,1,Jamie Diaz,2026-06-23,2027-12-22,3820.0,3820.0,Active
170,47,1,Alex Cruz,2023-12-03,2024-12-02,3070.0,3070.0,Expired
171,47,1,Quinn Brooks,2024-12-03,2025-12-02,3250.0,3250.0,Expired
172,47,1,Reese Brooks,2026-02-13,2027-08-12,3420.0,3420.0,Active
173,48,1,Casey Evans,2023-11-17,2024-11-16,3650.0,3650.0,Expired
174,48,1,Taylor Foster,2025-01-02,2025-07-01,3880.0,3880.0,Expired
175,48,1,Reese Foster,2025-07-22,2026-07-21,4050.0,4050.0,Expired
176,48,1,Alex Cruz,2026-09-02,2028-03-01,4160.0,4160.0,Active
177,49,1,Jamie Jensen,2023-10-24,2024-10-23,2930.0,2930.0,Expired
178,49,1,Sam Brooks,2024-10-24,2025-10-23,3010.0,3010.0,Expired
179,49,1,Jamie Hayes,2025-11-16,2026-05-15,3220.0,3220.0,Expired
180,49,1,Jordan Brooks,2026-05-27,2027-05-26,3390.0,3390.0,Active
181,50,1,Taylor Evans,2023-10-15,2025-04-14,3700.0,3700.0,Expired
182,50,1,Sam Evans,2025-04-15,2026-04-14,3850.0,3850.0,Expired
183,50,1,Sam Jensen,2026-04-15,2027-10-14,4020.0,4020.0,Active
184,51,1,Reese Klein,2023-06-23,2024-06-22,3570.0,3570.0,Expired
185,51,1,Jordan Foster,2024-06-23,2025-06-22,3790.0,3790.0,Expired
186,51,1,Riley Irwin,2025-06-23,2026-06-22,3990.0,3990.0,Expired
187,51,1,Jamie Jensen,2026-07-25,2027-07-24,4120.0,4120.0,Active
188,52,1,Avery Gray,2023-02-08,2024-02-07,2090.0,2090.0,Expired
189,52,1,Taylor Cruz,2024-02-08,2025-02-07,2180.0,2180.0,Expired
190,52,1,Riley Lopez,2025-02-08,2026-02-07,2290.0,2290.0,Expired
191,52,1,Riley Hayes,2026-02-08,2027-08-07,2450.0,2450.0,Active
192,53,1,Quinn Gray,2023-06-08,2024-06-07,1360.0,1360.0,Expired
193,53,1,Drew Adams,2024-06-08,2025-12-07,1420.0,1420.0,Expired
194,53,1,Avery Brooks,2025-12-08,2026-12-07,1470.0,1470.0,Active
195,54,1,Taylor Klein,2023-06-17,2024-06-16,1960.0,1960.0,Expired
196,54,1,Sam Foster,2024-06-17,2025-12-16,2040.0,2040.0,Expired
197,54,1,Riley Adams,2025-12-17,2026-12-16,2100.0,2100.0,Active
198,55,1,Sam Adams,2023-09-03,2024-03-02,1920.0,1920.0,Expired
199,55,1,Riley Adams,2024-05-02,2025-05-01,1990.0,1990.0,Expired
200,55,1,Quinn Evans,2025-05-19,2026-05-18,2050.0,2050.0,Expired
201,55,1,Reese Cruz,2026-05-19,2027-05-18,2170.0,2170.0,Active
202,56,1,Avery Hayes,2023-02-17,2023-08-16,2940.0,2940.0,Expired
203,56,1,Casey Cruz,2023-09-30,2024-09-29,3080.0,3080.0,Expired
204,56,1,Morgan Cruz,2024-09-30,2025-03-29,3160.0,3160.0,Expired
205,56,1,Alex Evans,2025-04-28,2026-04-27,3230.0,3230.0,Expired
206,56,1,Jamie Evans,2026-06-02,2027-06-01,3400.0,3400.0,Active
207,57,1,Quinn Hayes,2023-02-07,2024-02-06,3120.0,3120.0,Expired
208,57,1,Alex Jensen,2024-02-07,2025-02-06,3340.0,3340.0,Expired
209,57,1,Avery Brooks,2025-02-23,2026-02-22,3550.0,3550.0,Expired
210,57,1,Casey Foster,2026-02-23,2027-02-22,3700.0,3700.0,Active
211,58,1,Drew Adams,2023-04-07,2024-10-06,1940.0,1940.0,Expired
212,58,1,Avery Irwin,2024-10-07,2025-10-06,2040.0,2040.0,Expired
213,58,1,Alex Adams,2025-10-07,2026-10-06,2090.0,2090.0,Active
214,59,1,Morgan Irwin,2023-03-27,2024-03-26,2020.0,2020.0,Expired
215,59,1,Jamie Diaz,2024-03-27,2025-03-26,2130.0,2130.0,Expired
216,59,1,Jordan Brooks,2025-05-21,2026-05-20,2230.0,2230.0,Expired
217,59,1,Jordan Diaz,2026-06-22,2027-12-21,2280.0,2280.0,Active
218,60,1,Riley Adams,2023-12-27,2024-12-26,2920.0,2920.0,Expired
219,60,1,Reese Jensen,2025-01-15,2026-07-14,2980.0,2980.0,Expired
220,60,1,Reese Jensen,2026-07-22,2027-07-21,3090.0,3090.0,Active
221,61,1,Riley Evans,2023-08-13,2024-02-12,2750.0,2750.0,Expired
222,61,1,Jamie Lopez,2024-02-13,2024-08-12,2810.0,2810.0,Expired
223,61,1,Morgan Foster,2024-11-02,2025-11-01,2950.0,2950.0,Expired
224,61,1,Morgan Klein,2025-11-02,2026-11-01,3110.0,3110.0,Active
225,62,1,Drew Brooks,2023-08-10,2024-08-09,2820.0,2820.0,Expired
226,62,1,Taylor Gray,2024-09-06,2025-09-05,2960.0,2960.0,Expired
227,62,1,Taylor Irwin,2025-10-22,2026-04-21,3040.0,3040.0,Expired
228,62,1,Jamie Adams,2026-04-22,2027-10-21,3230.0,3230.0,Active
229,63,1,Drew Adams,2023-07-29,2024-07-28,1230.0,1230.0,Expired
230,63,1,Casey Gray,2024-07-29,2025-07-28,1300.0,1300.0,Expired
231,63,1,Jamie Irwin,2025-07-29,2026-07-28,1380.0,1380.0,Expired
232,63,1,Riley Gray,2026-09-03,2027-03-02,1450.0,1450.0,Active
233,64,1,Sam Klein,2023-04-23,2024-04-22,3280.0,3280.0,Expired
234,64,1,Jordan Gray,2024-05-30,2025-05-29,3420.0,3420.0,Expired
235,64,1,Riley Adams,2025-05-30,2026-05-29,3530.0,3530.0,Expired
236,64,1,Jordan Jensen,2026-05-30,2027-11-29,3650.0,3650.0,Active
237,65,1,Drew Klein,2023-04-03,2023-10-02,1180.0,1180.0,Expired
238,65,1,Jamie Evans,2023-10-03,2024-10-02,1230.0,1230.0,Expired
239,65,1,Avery Brooks,2024-10-22,2025-04-21,1300.0,1300.0,Expired
240,65,1,Quinn Jensen,2025-05-29,2026-05-28,1380.0,1380.0,Expired
241,65,1,Jamie Hayes,2026-05-29,2026-11-28,1470.0,1470.0,Active
242,66,1,Casey Hayes,2023-12-07,2025-06-06,2360.0,2360.0,Expired
243,66,1,Taylor Adams,2025-09-13,2026-03-12,2520.0,2520.0,Expired
244,66,1,Quinn Klein,2026-03-13,2026-09-12,2600.0,2600.0,Expired
245,67,1,Riley Hayes,2023-07-31,2025-01-30,3530.0,3530.0,Expired
246,67,1,Avery Evans,2025-02-04,2026-02-03,3690.0,3690.0,Expired
247,67,1,Taylor Evans,2026-02-14,2026-08-13,3940.0,3940.0,Expired
248,67,1,Casey Jensen,2026-08-14,2028-02-13,4110.0,4110.0,Active
249,68,1,Jamie Diaz,2023-03-04,2024-03-03,2070.0,2070.0,Expired
250,68,1,Alex Gray,2024-04-20,2025-10-19,2170.0,2170.0,Expired
251,68,1,Jordan Foster,2025-10-20,2026-10-19,2290.0,2290.0,Active
252,69,1,Jamie Adams,2023-07-26,2024-07-25,2820.0,2820.0,Expired
253,69,1,Jordan Gray,2024-07-26,2025-07-25,3000.0,3000.0,Expired
254,69,1,Avery Foster,2025-07-26,2027-01-25,3060.0,3060.0,Active
255,70,1,Sam Hayes,2023-04-03,2024-04-02,2610.0,2610.0,Expired
256,70,1,Drew Jensen,2024-05-02,2025-11-01,2760.0,2760.0,Expired
257,70,1,Taylor Klein,2025-12-05,2027-06-04,2810.0,2810.0,Active
258,71,1,Sam Adams,2023-07-05,2025-01-04,1250.0,1250.0,Expired
259,71,1,Sam Brooks,2025-01-27,2026-01-26,1280.0,1280.0,Expired
260,71,1,Alex Evans,2026-01-27,2027-01-26,1310.0,1310.0,Active
261,72,1,Sam Brooks,2023-07-10,2024-01-09,1830.0,1830.0,Expired
262,72,1,Jordan Cruz,2024-04-01,2025-03-31,1900.0,1900.0,Expired
263,72,1,Jordan Cruz,2025-04-01,2026-03-31,1950.0,1950.0,Expired
264,72,1,Casey Foster,2026-04-12,2027-04-11,2080.0,2080.0,Active
265,73,1,Jamie Jensen,2023-04-09,2024-04-08,2980.0,2980.0,Expired
266,73,1,Casey Lopez,2024-05-13,2025-05-12,3060.0,3060.0,Expired
267,73,1,Reese Brooks,2025-05-19,2025-11-18,3270.0,3270.0,Expired
268,73,1,Taylor Adams,2025-11-19,2026-11-18,3340.0,3340.0,Active
269,74,1,Avery Irwin,2023-11-13,2025-05-12,2080.0,2080.0,Expired
270,74,1,Jordan Jensen,2025-05-13,2025-11-12,2170.0,2170.0,Expired
271,74,1,Jamie Lopez,2025-11-13,2026-11-12,2320.0,2320.0,Active
272,75,1,Jamie Lopez,2023-03-09,2023-09-08,3140.0,3140.0,Expired
273,75,1,Riley Evans,2023-12-08,2025-06-07,3300.0,3300.0,Expired
274,75,1,Jamie Lopez,2025-06-08,2026-12-07,3410.0,3410.0,Active
275,76,1,Taylor Gray,2023-09-26,2025-03-25,2210.0,2210.0,Expired
276,76,1,Morgan Hayes,2025-03-26,2026-03-25,2270.0,2270.0,Expired
277,76,1,Taylor Klein,2026-03-26,2027-03-25,2340.0,2340.0,Active
278,77,1,Quinn Evans,2023-10-02,2024-10-01,3140.0,3140.0,Expired
279,77,1,Casey Brooks,2024-10-30,2025-10-29,3360.0,3360.0,Expired
280,77,1,Jamie Klein,2025-10-30,2026-04-29,3540.0,3540.0,Expired
281,77,1,Avery Jensen,2026-04-30,2027-04-29,3710.0,3710.0,Active
282,78,1,Avery Hayes,2023-11-27,2024-05-26,3000.0,3000.0,Expired
283,78,1,Casey Hayes,2024-06-19,2025-12-18,3120.0,3120.0,Expired
284,78,1,Casey Evans,2025-12-19,2027-06-18,3300.0,3300.0,Active
285,79,1,Drew Cruz,2023-08-15,2025-02-14,3090.0,3090.0,Expired
286,79,1,Taylor Evans,2025-03-14,2026-03-13,3240.0,3240.0,Expired
287,79,1,Avery Hayes,2026-04-07,2027-04-06,3400.0,3400.0,Active
288,80,1,Reese Jensen,2023-07-29,2024-01-28,4450.0,4450.0,Expired
289,80,1,Reese Irwin,2024-04-15,2025-10-14,4600.0,4600.0,Expired
290,80,1,Jamie Cruz,2025-11-14,2026-05-13,4760.0,4760.0,Expired
291,80,1,Quinn Klein,2026-05-14,2027-05-13,4910.0,4910.0,Active
292,81,1,Casey Klein,2023-09-26,2024-03-25,1240.0,1240.0,Expired
293,81,1,Riley Diaz,2024-04-04,2025-04-03,1300.0,1300.0,Expired
294,81,1,Morgan Jensen,2025-04-30,2026-04-29,1340.0,1340.0,Expired
295,81,1,Casey Lopez,2026-04-30,2027-04-29,1380.0,1380.0,Active
296,82,1,Taylor Evans,2023-07-29,2025-01-28,2160.0,2160.0,Expired
297,82,1,Alex Hayes,2025-03-17,2026-03-16,2270.0,2270.0,Expired
298,82,1,Sam Gray,2026-04-11,2027-04-10,2430.0,2430.0,Active
299,83,1,Taylor Gray,2023-08-18,2024-08-17,3490.0,3490.0,Expired
300,83,1,Casey Gray,2024-08-18,2025-08-17,3560.0,3560.0,Expired
301,83,1,Alex Jensen,2025-09-20,2026-09-19,3800.0,3800.0,Expired
302,83,1,Jamie Diaz,2026-09-20,2027-09-19,3920.0,3920.0,Active
303,84,1,Drew Klein,2023-09-24,2024-09-23,2870.0,2870.0,Expired
304,84,1,Reese Gray,2024-09-24,2026-03-23,3040.0,3040.0,Expired
305,84,1,Reese Adams,2026-03-24,2026-09-23,3210.0,3210.0,Expired
306,84,1,Sam Foster,2026-09-24,2028-03-23,3390.0,3390.0,Active
307,85,1,Avery Irwin,2023-08-28,2025-02-27,1960.0,1960.0,Expired
308,85,1,Alex Jensen,2025-02-28,2026-08-27,2070.0,2070.0,Expired
309,85,1,Quinn Diaz,2026-08-28,2027-02-27,2180.0,2180.0,Active
310,86,1,Quinn Diaz,2023-12-17,2024-12-16,1270.0,1270.0,Expired
311,86,1,Morgan Gray,2024-12-17,2025-12-16,1340.0,1340.0,Expired
312,86,1,Riley Hayes,2025-12-17,2026-12-16,1360.0,1360.0,Active
313,87,1,Riley Gray,2023-10-29,2024-10-28,3860.0,3860.0,Expired
314,87,1,Jordan Adams,2024-11-28,2025-11-27,4030.0,4030.0,Expired
315,87,1,Sam Gray,2026-01-28,2027-01-27,4120.0,4120.0,Active
316,88,1,Reese Lopez,2023-09-21,2024-09-20,2320.0,2320.0,Expired
317,88,1,Drew Diaz,2024-12-07,2026-06-06,2430.0,2430.0,Expired
318,88,1,Morgan Foster,2026-09-22,2028-03-21,2510.0,2510.0,Active
319,89,1,Avery Hayes,2023-08-25,2024-02-24,3100.0,3100.0,Expired
320,89,1,Drew Gray,2024-02-25,2024-08-24,3160.0,3160.0,Expired
321,89,1,Jamie Evans,2024-09-13,2025-03-12,3330.0,3330.0,Expired
322,89,1,Drew Irwin,2025-03-13,2026-03-12,3500.0,3500.0,Expired
323,89,1,Riley Adams,2026-03-13,2027-03-12,3660.0,3660.0,Active
324,90,1,Alex Foster,2023-08-21,2024-08-20,2520.0,2520.0,Expired
325,90,1,Casey Hayes,2024-08-21,2026-02-20,2620.0,2620.0,Expired
326,90,1,Morgan Klein,2026-02-21,2027-02-20,2710.0,2710.0,Active
327,91,1,Jordan Jensen,2023-09-30,2024-09-29,3040.0,3040.0,Expired
328,91,1,Casey Diaz,2024-11-05,2025-11-04,3210.0,3210.0,Expired
329,91,1,Quinn Foster,2025-11-05,2026-11-04,3390.0,3390.0,Active
330,92,1,Jordan Diaz,2023-03-09,2024-03-08,1390.0,1390.0,Expired
331,92,1,Jordan Hayes,2024-03-09,2025-09-08,1480.0,1480.0,Expired
332,92,1,Drew Lopez,2025-11-28,2026-05-27,1570.0,1570.0,Expired
333,92,1,Jamie Hayes,2026-07-17,2027-07-16,1640.0,1640.0,Active
334,93,1,Riley Lopez,2023-11-07,2024-05-06,2890.0,2890.0,Expired
335,93,1,Sam Adams,2024-05-07,2025-05-06,3050.0,3050.0,Expired
336,93,1,Morgan Adams,2025-05-07,2026-11-06,3200.0,3200.0,Active
337,94,1,Sam Adams,2023-10-19,2025-04-18,2600.0,2600.0,Expired
338,94,1,Morgan Adams,2025-04-19,2025-10-18,2740.0,2740.0,Expired
339,94,1,Reese Irwin,2025-11-28,2026-11-27,2840.0,2840.0,Active
340,95,1,Riley Adams,2023-11-22,2024-11-21,2050.0,2050.0,Expired
341,95,1,Casey Irwin,2024-11-22,2025-11-21,2110.0,2110.0,Expired
342,95,1,Taylor Foster,2026-01-13,2027-01-12,2180.0,2180.0,Active
343,96,1,Reese Irwin,2023-09-17,2024-09-16,2190.0,2190.0,Expired
344,96,1,Reese Hayes,2024-10-04,2025-10-03,2270.0,2270.0,Expired
345,96,1,Sam Evans,2026-01-06,2027-01-05,2370.0,2370.0,Active
346,97,1,Morgan Adams,2023-09-14,2024-09-13,1570.0,1570.0,Expired
347,97,1,Morgan Brooks,2024-09-14,2025-09-13,1660.0,1660.0,Expired
348,97,1,Alex Klein,2025-09-14,2026-09-13,1750.0,1750.0,Expired
349,98,1,Quinn Hayes,2023-11-29,2025-05-28,4220.0,4220.0,Expired
350,98,1,Casey Adams,2025-05-29,2025-11-28,4500.0,4500.0,Expired
351,98,1,Riley Cruz,2025-11-29,2027-05-28,4760.0,4760.0,Active
352,99,1,Jamie Irwin,2023-08-31,2024-08-30,3090.0,3090.0,Expired
353,99,1,Quinn Hayes,2024-10-18,2026-04-17,3200.0,3200.0,Expired
354,99,1,Reese Cruz,2026-04-18,2026-10-17,3390.0,3390.0,Active
355,100,1,Morgan Diaz,2023-09-28,2024-03-27,3220.0,3220.0,Expired
356,100,1,Jamie Irwin,2024-03-28,2025-03-27,3380.0,3380.0,Expired
357,100,1,Reese Diaz,2025-03-28,2026-03-27,3490.0,3490.0,Expired
358,100,1,Jamie Cruz,2026-05-14,2027-05-13,3670.0,3670.0,Active
359,101,1,Jamie Klein,2023-03-06,2024-03-05,2590.0,2590.0,Expired
360,101,1,Alex Cruz,2024-03-06,2025-09-05,2670.0,2670.0,Expired
361,101,1,Avery Lopez,2025-09-06,2026-03-05,2730.0,2730.0,Expired
362,101,1,Alex Lopez,2026-03-06,2026-09-05,2890.0,2890.0,Expired
363,102,2,Sam Diaz,2023-09-29,2024-09-28,1610.0,1610.0,Expired
364,102,2,Jordan Irwin,2024-09-29,2026-03-28,1660.0,1660.0,Expired
365,102,2,Morgan Hayes,2026-03-29,2026-09-28,1720.0,1720.0,Expired
366,102,2,Jordan Adams,2026-09-29,2027-09-28,1820.0,1820.0,Active
367,103,2,Drew Foster,2023-05-13,2024-05-12,1270.0,1270.0,Expired
368,103,2,Taylor Brooks,2024-06-05,2024-12-04,1310.0,1310.0,Expired
369,103,2,Reese Adams,2024-12-05,2026-06-04,1370.0,1370.0,Expired
370,103,2,Reese Jensen,2026-06-05,2027-06-04,1470.0,1470.0,Active
371,104,2,Reese Gray,2023-08-02,2025-02-01,670.0,670.0,Expired
372,104,2,Alex Irwin,2025-03-26,2026-03-25,710.0,710.0,Expired
373,104,2,Casey Evans,2026-03-26,2026-09-25,760.0,760.0,Expired
374,104,2,Jamie Evans,2026-09-26,2027-03-25,800.0,800.0,Active
375,105,2,Drew Gray,2023-07-28,2025-01-27,1090.0,1090.0,Expired
376,105,2,Quinn Gray,2025-01-28,2026-07-27,1150.0,1150.0,Expired
377,106,2,Reese Gray,2023-04-03,2024-04-02,1360.0,1360.0,Expired
378,106,2,Avery Irwin,2024-04-03,2025-04-02,1390.0,1390.0,Expired
379,106,2,Morgan Gray,2025-04-03,2025-10-02,1430.0,1430.0,Expired
380,106,2,Sam Klein,2025-10-20,2026-10-19,1510.0,1510.0,Active
381,107,2,Quinn Foster,2023-10-15,2024-10-14,1440.0,1440.0,Expired
382,107,2,Alex Gray,2024-10-15,2025-10-14,1490.0,1490.0,Expired
383,107,2,Jordan Foster,2026-02-25,2027-02-24,1590.0,1590.0,Active
384,108,2,Reese Lopez,2023-12-03,2024-06-02,1350.0,1350.0,Expired
385,108,2,Avery Evans,2025-04-11,2026-04-10,1380.0,1380.0,Expired
386,108,2,Reese Jensen,2026-04-11,2027-10-10,1480.0,1480.0,Active
387,109,2,Drew Evans,2023-07-12,2025-01-11,1060.0,1060.0,Expired
388,109,2,Sam Irwin,2025-09-06,2026-09-05,1090.0,1090.0,Expired
389,109,2,Quinn Foster,2026-09-06,2028-03-05,1150.0,1150.0,Active
390,110,2,Avery Jensen,2023-09-01,2024-08-31,1050.0,1050.0,Expired
391,110,2,Jordan Diaz,2025-01-25,2026-01-24,1090.0,1090.0,Expired
392,110,2,Jamie Evans,2026-01-25,2026-07-24,1150.0,1150.0,Expired
393,110,2,Avery Foster,2026-08-29,2028-02-28,1200.0,1200.0,Active
394,111,2,Alex Brooks,2023-05-09,2023-11-08,1040.0,1040.0,Expired
395,111,2,Quinn Cruz,2024-09-02,2026-03-01,1080.0,1080.0,Expired
396,112,2,Quinn Evans,2023-06-25,2024-06-24,590.0,590.0,Expired
397,112,2,Avery Gray,2024-06-25,2025-06-24,600.0,600.0,Expired
398,112,2,Drew Diaz,2025-07-17,2027-01-16,630.0,630.0,Active
399,113,2,Avery Evans,2023-09-30,2024-03-29,2130.0,2130.0,Expired
400,113,2,Alex Hayes,2024-05-12,2025-05-11,2220.0,2220.0,Expired
401,113,2,Morgan Brooks,2025-06-06,2026-06-05,2370.0,2370.0,Expired
402,114,2,Sam Foster,2023-03-31,2024-03-30,1420.0,1420.0,Expired
403,114,2,Casey Klein,2024-09-02,2025-09-01,1480.0,1480.0,Expired
404,114,2,Morgan Klein,2025-09-02,2026-09-01,1530.0,1530.0,Expired
405,115,2,Alex Foster,2023-12-05,2025-06-04,1520.0,1520.0,Expired
406,115,2,Reese Cruz,2025-09-25,2027-03-24,1590.0,1590.0,Active
407,116,2,Reese Foster,2023-11-28,2024-05-27,1420.0,1420.0,Expired
408,116,2,Casey Lopez,2024-11-09,2025-11-08,1470.0,1470.0,Expired
409,116,2,Jamie Evans,2026-05-16,2027-05-15,1520.0,1520.0,Active
410,117,2,Quinn Brooks,2023-03-27,2024-03-26,1480.0,1480.0,Expired
411,117,2,Morgan Jensen,2024-03-27,2025-03-26,1550.0,1550.0,Expired
412,117,2,Drew Lopez,2025-06-04,2026-06-03,1590.0,1590.0,Expired
413,117,2,Quinn Brooks,2026-06-04,2027-06-03,1630.0,1630.0,Active
414,118,2,Casey Gray,2023-06-12,2024-06-11,680.0,680.0,Expired
415,118,2,Avery Brooks,2024-06-12,2025-06-11,700.0,700.0,Expired
416,118,2,Riley Irwin,2025-06-12,2026-12-11,740.0,740.0,Active
417,119,2,Quinn Foster,2023-05-08,2024-11-07,1490.0,1490.0,Expired
418,119,2,Jamie Irwin,2025-05-16,2026-11-15,1530.0,1530.0,Active
419,120,2,Morgan Foster,2023-04-23,2024-04-22,1200.0,1200.0,Expired
420,120,2,Alex Hayes,2024-04-23,2025-04-22,1280.0,1280.0,Expired
421,120,2,Taylor Foster,2025-09-06,2027-03-05,1320.0,1320.0,Active
422,121,2,Taylor Hayes,2023-05-16,2023-11-15,1750.0,1750.0,Expired
423,121,2,Avery Cruz,2024-10-01,2025-09-30,1820.0,1820.0,Expired
424,121,2,Reese Foster,2025-12-27,2027-06-26,1940.0,1940.0,Active
425,122,2,Jamie Brooks,2023-08-13,2024-02-12,2010.0,2010.0,Expired
426,122,2,Reese Diaz,2024-02-13,2025-02-12,2090.0,2090.0,Expired
427,122,2,Riley Lopez,2025-02-13,2026-02-12,2200.0,2200.0,Expired
428,122,2,Sam Adams,2026-02-13,2027-08-12,2330.0,2330.0,Active
429,123,2,Drew Evans,2023-06-26,2024-06-25,1040.0,1040.0,Expired
430,123,2,Taylor Cruz,2024-06-26,2025-12-25,1080.0,1080.0,Expired
431,123,2,Casey Cruz,2026-01-02,2027-01-01,1110.0,1110.0,Active
432,124,2,Drew Cruz,2023-04-26,2024-04-25,1130.0,1130.0,Expired
433,124,2,Taylor Evans,2024-04-26,2025-04-25,1180.0,1180.0,Expired
434,124,2,Avery Diaz,2025-10-08,2026-10-07,1230.0,1230.0,Active
435,125,2,Jamie Evans,2023-08-20,2025-02-19,1010.0,1010.0,Expired
436,125,2,Reese Evans,2025-02-20,2025-08-19,1050.0,1050.0,Expired
437,125,2,Sam Jensen,2026-09-25,2028-03-24,1100.0,1100.0,Active
438,126,2,Taylor Irwin,2023-04-05,2023-10-04,1930.0,1930.0,Expired
439,126,2,Avery Cruz,2023-12-18,2024-12-17,2010.0,2010.0,Expired
440,126,2,Jamie Jensen,2024-12-18,2025-06-17,2140.0,2140.0,Expired
441,126,2,Alex Foster,2025-06-18,2026-12-17,2210.0,2210.0,Active
442,127,2,Avery Lopez,2023-10-19,2024-10-18,1490.0,1490.0,Expired
443,127,2,Riley Diaz,2025-04-24,2026-04-23,1560.0,1560.0,Expired
444,127,2,Drew Evans,2026-04-24,2026-10-23,1620.0,1620.0,Active
445,128,2,Drew Hayes,2023-05-25,2024-11-24,640.0,640.0,Expired
446,128,2,Taylor Adams,2025-05-06,2026-05-05,670.0,670.0,Expired
447,128,2,Reese Cruz,2026-05-06,2027-11-05,700.0,700.0,Active
448,129,2,Riley Gray,2023-06-19,2024-06-18,1030.0,1030.0,Expired
449,129,2,Avery Jensen,2025-05-20,2025-11-19,1080.0,1080.0,Expired
450,129,2,Riley Evans,2026-06-12,2027-12-11,1110.0,1110.0,Active
451,130,2,Alex Hayes,2023-03-23,2024-03-22,1450.0,1450.0,Expired
452,130,2,Avery Cruz,2024-06-19,2025-12-18,1490.0,1490.0,Expired
453,130,2,Jamie Cruz,2025-12-19,2026-06-18,1550.0,1550.0,Expired
454,130,2,Quinn Cruz,2026-06-19,2027-06-18,1610.0,1610.0,Active
455,131,2,Reese Foster,2023-06-15,2024-06-14,1110.0,1110.0,Expired
456,131,2,Drew Irwin,2024-12-25,2025-12-24,1180.0,1180.0,Expired
457,131,2,Morgan Gray,2025-12-25,2026-12-24,1230.0,1230.0,Active
458,132,2,Avery Brooks,2023-05-05,2024-05-04,1740.0,1740.0,Expired
459,132,2,Alex Irwin,2024-05-05,2025-05-04,1840.0,1840.0,Expired
460,132,2,Alex Klein,2025-07-06,2026-07-05,1900.0,1900.0,Expired
461,133,2,Casey Evans,2023-10-02,2024-10-01,1410.0,1410.0,Expired
462,133,2,Avery Irwin,2024-10-02,2025-10-01,1480.0,1480.0,Expired
463,133,2,Jordan Diaz,2025-10-02,2027-04-01,1550.0,1550.0,Active
464,134,2,Quinn Foster,2023-10-31,2025-04-29,1280.0,1280.0,Expired
465,134,2,Reese Jensen,2025-04-30,2026-04-29,1360.0,1360.0,Expired
466,134,2,Avery Diaz,2026-06-26,2027-06-25,1430.0,1430.0,Active
467,135,2,Sam Cruz,2023-04-24,2023-10-23,1020.0,1020.0,Expired
468,135,2,Jordan Jensen,2023-10-24,2024-04-23,1090.0,1090.0,Expired
469,135,2,Reese Adams,2024-06-24,2025-06-23,1110.0,1110.0,Expired
470,135,2,Jamie Jensen,2025-11-27,2026-11-26,1180.0,1180.0,Active
471,136,2,Quinn Klein,2023-03-20,2024-03-19,1330.0,1330.0,Expired
472,136,2,Jordan Evans,2024-05-19,2025-05-18,1420.0,1420.0,Expired
473,136,2,Reese Jensen,2025-08-20,2026-08-19,1510.0,1510.0,Expired
474,137,2,Quinn Irwin,2023-08-20,2024-08-19,1020.0,1020.0,Expired
475,137,2,Jamie Irwin,2024-08-20,2025-08-19,1070.0,1070.0,Expired
476,137,2,Reese Cruz,2025-08-20,2026-08-19,1110.0,1110.0,Expired
477,137,2,Avery Hayes,2026-08-20,2027-08-19,1190.0,1190.0,Active
478,138,2,Morgan Cruz,2023-10-30,2024-10-29,960.0,960.0,Expired
479,138,2,Reese Diaz,2024-10-30,2026-04-29,990.0,990.0,Expired
480,138,2,Alex Foster,2026-04-30,2027-04-29,1020.0,1020.0,Active
481,139,2,Sam Gray,2023-11-30,2024-05-29,1170.0,1170.0,Expired
482,139,2,Drew Foster,2024-05-30,2025-05-29,1200.0,1200.0,Expired
483,139,2,Drew Lopez,2025-08-04,2026-08-03,1230.0,1230.0,Expired
484,139,2,Jordan Adams,2026-09-05,2027-09-04,1270.0,1270.0,Active
485,140,2,Taylor Diaz,2023-09-26,2024-09-25,1110.0,1110.0,Expired
486,140,2,Taylor Evans,2025-05-24,2026-05-23,1190.0,1190.0,Expired
487,140,2,Jamie Irwin,2026-05-24,2027-11-23,1260.0,1260.0,Active
488,141,2,Taylor Foster,2023-08-18,2025-02-17,1380.0,1380.0,Expired
489,141,2,Sam Klein,2025-06-07,2026-06-06,1460.0,1460.0,Expired
490,141,2,Casey Evans,2026-06-07,2027-06-06,1490.0,1490.0,Active
491,142,2,Jamie Hayes,2023-11-29,2024-11-28,1080.0,1080.0,Expired
492,142,2,Alex Foster,2024-11-29,2025-11-28,1130.0,1130.0,Expired
493,142,2,Avery Hayes,2026-08-26,2028-02-25,1150.0,1150.0,Active
494,143,2,Avery Cruz,2023-03-18,2024-09-17,2060.0,2060.0,Expired
495,143,2,Reese Irwin,2024-10-19,2025-10-18,2130.0,2130.0,Expired
496,143,2,Reese Irwin,2025-10-19,2026-04-18,2240.0,2240.0,Expired
497,143,2,Quinn Brooks,2026-05-28,2026-11-27,2330.0,2330.0,Active
498,144,2,Drew Hayes,2023-12-20,2024-12-19,1500.0,1500.0,Expired
499,144,2,Reese Evans,2025-05-17,2026-05-16,1550.0,1550.0,Expired
500,144,2,Reese Hayes,2026-07-26,2028-01-25,1620.0,1620.0,Active
501,145,2,Jamie Jensen,2023-04-05,2024-04-04,1490.0,1490.0,Expired
502,145,2,Quinn Klein,2024-04-24,2025-04-23,1520.0,1520.0,Expired
503,145,2,Morgan Gray,2025-05-24,2026-05-23,1560.0,1560.0,Expired
504,145,2,Taylor Irwin,2026-05-24,2026-11-23,1640.0,1640.0,Active
505,146,2,Taylor Cruz,2023-03-25,2024-03-24,1610.0,1610.0,Expired
506,146,2,Jordan Evans,2024-03-25,2025-03-24,1690.0,1690.0,Expired
507,146,2,Drew Evans,2025-03-25,2025-09-24,1730.0,1730.0,Expired
508,146,2,Taylor Hayes,2025-09-25,2026-09-24,1780.0,1780.0,Expired
509,146,2,Sam Lopez,2026-09-25,2028-03-24,1890.0,1890.0,Active
510,147,2,Sam Jensen,2023-05-15,2024-05-14,1280.0,1280.0,Expired
511,147,2,Jamie Adams,2024-10-20,2026-04-19,1330.0,1330.0,Expired
512,147,2,Riley Evans,2026-05-05,2027-11-04,1420.0,1420.0,Active
513,148,2,Avery Foster,2023-04-22,2024-04-21,1390.0,1390.0,Expired
514,148,2,Reese Gray,2024-04-22,2024-10-21,1440.0,1440.0,Expired
515,148,2,Morgan Foster,2025-07-02,2026-01-01,1500.0,1500.0,Expired
516,148,2,Jordan Hayes,2026-03-11,2027-09-10,1590.0,1590.0,Active
517,149,2,Casey Klein,2023-06-06,2023-12-05,1910.0,1910.0,Expired
518,149,2,Drew Evans,2024-10-26,2025-10-25,1980.0,1980.0,Expired
519,149,2,Alex Gray,2025-10-26,2027-04-25,2090.0,2090.0,Active
520,150,2,Alex Evans,2023-07-10,2024-07-09,1080.0,1080.0,Expired
521,150,2,Avery Brooks,2024-11-12,2025-11-11,1110.0,1110.0,Expired
522,150,2,Reese Irwin,2026-02-07,2027-02-06,1160.0,1160.0,Active
523,151,2,Taylor Adams,2023-05-11,2024-11-10,1160.0,1160.0,Expired
524,151,2,Taylor Lopez,2024-11-11,2025-05-10,1240.0,1240.0,Expired
525,151,2,Avery Evans,2025-05-11,2026-05-10,1310.0,1310.0,Expired
526,151,2,Morgan Lopez,2026-05-11,2027-05-10,1350.0,1350.0,Active
527,152,2,Taylor Lopez,2023-11-28,2025-05-27,1170.0,1170.0,Expired
528,152,2,Casey Gray,2025-05-28,2026-05-27,1220.0,1220.0,Expired
529,152,2,Sam Adams,2026-06-20,2027-06-19,1260.0,1260.0,Active
530,153,2,Sam Diaz,2023-12-26,2024-12-25,1480.0,1480.0,Expired
531,153,2,Jordan Adams,2025-07-20,2026-07-19,1520.0,1520.0,Expired
532,153,2,Alex Lopez,2026-07-20,2027-07-19,1600.0,1600.0,Active
533,154,2,Sam Klein,2023-10-09,2025-04-08,1560.0,1560.0,Expired
534,154,2,Jamie Foster,2025-04-09,2026-04-08,1620.0,1620.0,Expired
535,154,2,Casey Diaz,2026-04-09,2027-04-08,1720.0,1720.0,Active
536,155,2,Riley Adams,2023-08-24,2024-08-23,670.0,670.0,Expired
537,155,2,Quinn Lopez,2024-08-24,2025-08-23,690.0,690.0,Expired
538,155,2,Alex Brooks,2025-11-08,2026-11-07,740.0,740.0,Active
539,156,2,Quinn Lopez,2023-09-27,2024-09-26,1760.0,1760.0,Expired
540,156,2,Casey Cruz,2024-09-27,2025-09-26,1810.0,1810.0,Expired
541,156,2,Drew Jensen,2025-09-27,2026-09-26,1920.0,1920.0,Expired
542,156,2,Jordan Klein,2026-09-27,2027-03-26,1980.0,1980.0,Active
543,157,2,Jordan Jensen,2023-03-14,2024-03-13,1030.0,1030.0,Expired
544,157,2,Riley Jensen,2024-08-14,2025-08-13,1080.0,1080.0,Expired
545,157,2,Reese Hayes,2025-08-14,2026-08-13,1110.0,1110.0,Expired
546,158,2,Quinn Irwin,2023-10-15,2024-04-14,1120.0,1120.0,Expired
547,158,2,Drew Foster,2024-05-29,2025-05-28,1140.0,1140.0,Expired
548,158,2,Taylor Lopez,2025-11-23,2026-11-22,1200.0,1200.0,Active
549,159,2,Reese Jensen,2023-08-22,2024-08-21,1050.0,1050.0,Expired
550,159,2,Riley Adams,2024-10-08,2026-04-07,1120.0,1120.0,Expired
551,159,2,Reese Jensen,2026-04-08,2027-04-07,1160.0,1160.0,Active
552,160,2,Drew Cruz,2023-04-25,2023-10-24,630.0,630.0,Expired
553,160,2,Morgan Cruz,2023-12-17,2024-06-16,650.0,650.0,Expired
554,160,2,Avery Cruz,2024-06-17,2025-06-16,690.0,690.0,Expired
555,160,2,Alex Adams,2026-04-17,2027-04-16,710.0,710.0,Active
556,161,2,Reese Diaz,2023-10-01,2024-09-30,1070.0,1070.0,Expired
557,161,2,Jordan Irwin,2025-02-22,2026-08-21,1120.0,1120.0,Expired
558,161,2,Taylor Foster,2026-08-22,2027-08-21,1170.0,1170.0,Active
559,162,2,Drew Hayes,2023-04-30,2024-04-29,1940.0,1940.0,Expired
560,162,2,Drew Gray,2024-04-30,2025-04-29,2050.0,2050.0,Expired
561,162,2,Quinn Adams,2025-04-30,2026-10-29,2130.0,2130.0,Active
562,163,2,Casey Brooks,2023-07-27,2024-01-26,2060.0,2060.0,Expired
563,163,2,Drew Hayes,2024-10-10,2025-10-09,2210.0,2210.0,Expired
564,163,2,Jordan Lopez,2026-03-12,2027-03-11,2300.0,2300.0,Active
565,164,2,Reese Klein,2023-09-06,2025-03-05,1390.0,1390.0,Expired
566,164,2,Drew Evans,2025-03-06,2026-03-05,1450.0,1450.0,Expired
567,164,2,Sam Evans,2026-03-06,2027-03-05,1530.0,1530.0,Active
568,165,2,Casey Irwin,2023-07-25,2024-07-24,950.0,950.0,Expired
569,165,2,Casey Hayes,2025-02-21,2026-08-20,1010.0,1010.0,Expired
570,166,2,Jordan Evans,2023-10-11,2024-10-10,940.0,940.0,Expired
571,166,2,Riley Brooks,2024-10-11,2026-04-10,970.0,970.0,Expired
572,167,2,Casey Foster,2023-04-02,2024-04-01,1580.0,1580.0,Expired
573,167,2,Avery Gray,2024-04-02,2025-04-01,1680.0,1680.0,Expired
574,167,2,Reese Gray,2025-04-02,2025-10-01,1720.0,1720.0,Expired
575,167,2,Reese Klein,2026-08-06,2028-02-05,1800.0,1800.0,Active
576,168,2,Reese Jensen,2023-04-22,2024-04-21,1390.0,1390.0,Expired
577,168,2,Sam Brooks,2024-04-22,2024-10-21,1480.0,1480.0,Expired
578,168,2,Reese Adams,2025-08-04,2027-02-03,1520.0,1520.0,Active
579,169,3,Taylor Irwin,2023-03-20,2023-09-19,910.0,910.0,Expired
580,169,3,Riley Klein,2023-09-20,2024-09-19,950.0,950.0,Expired
581,169,3,Sam Gray,2024-09-20,2026-03-19,970.0,970.0,Expired
582,169,3,Avery Gray,2026-03-20,2027-03-19,1030.0,1030.0,Active
583,170,3,Jordan Jensen,2023-10-29,2024-04-28,460.0,460.0,Expired
584,170,3,Sam Evans,2024-04-29,2024-10-28,480.0,480.0,Expired
585,170,3,Jordan Adams,2025-03-23,2026-03-22,490.0,490.0,Expired
586,170,3,Sam Irwin,2026-03-23,2027-03-22,530.0,530.0,Active
587,171,3,Casey Diaz,2023-06-27,2024-06-26,1510.0,1510.0,Expired
588,171,3,Sam Lopez,2024-06-27,2024-12-26,1600.0,1600.0,Expired
589,171,3,Sam Jensen,2025-08-04,2026-08-03,1670.0,1670.0,Expired
590,171,3,Quinn Gray,2026-08-04,2028-02-03,1780.0,1780.0,Active
591,172,3,Riley Jensen,2023-02-23,2023-08-22,1000.0,1000.0,Expired
592,172,3,Taylor Lopez,2023-08-23,2024-02-22,1040.0,1040.0,Expired
593,172,3,Riley Irwin,2024-12-24,2025-12-23,1060.0,1060.0,Expired
594,172,3,Riley Adams,2025-12-24,2026-12-23,1100.0,1100.0,Active
595,173,3,Avery Jensen,2023-12-04,2024-12-03,950.0,950.0,Expired
596,173,3,Quinn Foster,2024-12-04,2025-12-03,990.0,990.0,Expired
597,173,3,Avery Klein,2025-12-04,2026-12-03,1040.0,1040.0,Active
598,174,3,Riley Klein,2023-04-07,2024-10-06,1160.0,1160.0,Expired
599,174,3,Jamie Klein,2024-10-07,2025-04-06,1240.0,1240.0,Expired
600,174,3,Reese Adams,2026-03-24,2027-03-23,1260.0,1260.0,Active
601,175,3,Quinn Foster,2023-03-30,2024-03-29,880.0,880.0,Expired
602,175,3,Casey Diaz,2024-06-29,2024-12-28,920.0,920.0,Expired
603,175,3,Riley Brooks,2025-04-30,2026-10-29,940.0,940.0,Active
604,176,3,Jamie Gray,2023-06-25,2024-06-24,540.0,540.0,Expired
605,176,3,Morgan Irwin,2024-06-25,2025-06-24,550.0,550.0,Expired
606,176,3,Riley Lopez,2025-06-25,2026-06-24,570.0,570.0,Expired
607,176,3,Drew Cruz,2026-06-25,2027-12-24,590.0,590.0,Active
608,177,3,Jordan Foster,2023-08-16,2025-02-15,890.0,890.0,Expired
609,177,3,Alex Lopez,2025-08-11,2026-08-10,920.0,920.0,Expired
610,178,3,Casey Adams,2023-11-03,2024-11-02,780.0,780.0,Expired
611,178,3,Jamie Lopez,2024-11-03,2025-11-02,800.0,800.0,Expired
612,178,3,Riley Gray,2025-11-03,2026-11-02,860.0,860.0,Active
613,179,3,Sam Irwin,2023-07-02,2024-07-01,1260.0,1260.0,Expired
614,179,3,Reese Evans,2024-07-02,2026-01-01,1320.0,1320.0,Expired
615,179,3,Reese Lopez,2026-01-02,2027-01-01,1380.0,1380.0,Active
616,180,3,Casey Irwin,2023-06-24,2024-06-23,780.0,780.0,Expired
617,180,3,Drew Gray,2024-06-24,2025-06-23,810.0,810.0,Expired
618,180,3,Reese Jensen,2025-10-11,2027-04-10,840.0,840.0,Active
619,181,3,Taylor Foster,2023-09-24,2024-03-23,540.0,540.0,Expired
620,181,3,Jamie Brooks,2024-03-24,2024-09-23,560.0,560.0,Expired
621,181,3,Avery Klein,2024-09-24,2025-09-23,600.0,600.0,Expired
622,181,3,Casey Cruz,2025-09-24,2027-03-23,620.0,620.0,Active
623,182,3,Riley Diaz,2023-08-20,2024-08-19,1030.0,1030.0,Expired
624,182,3,Jordan Cruz,2024-08-20,2026-02-19,1070.0,1070.0,Expired
625,182,3,Jamie Brooks,2026-02-20,2027-08-19,1140.0,1140.0,Active
626,183,3,Taylor Jensen,2023-06-16,2024-06-15,540.0,540.0,Expired
627,183,3,Drew Foster,2024-06-16,2025-12-15,570.0,570.0,Expired
628,183,3,Quinn Adams,2025-12-16,2026-06-15,590.0,590.0,Expired
629,183,3,Jamie Gray,2026-06-16,2027-06-15,600.0,600.0,Active
630,184,3,Jordan Foster,2023-11-23,2024-11-22,1150.0,1150.0,Expired
631,184,3,Jordan Adams,2024-11-23,2025-11-22,1230.0,1230.0,Expired
632,184,3,Jordan Evans,2025-11-23,2027-05-22,1260.0,1260.0,Active
633,185,3,Quinn Klein,2023-05-08,2024-05-07,920.0,920.0,Expired
634,185,3,Taylor Jensen,2024-07-07,2026-01-06,990.0,990.0,Expired
635,185,3,Jordan Foster,2026-01-07,2027-01-06,1030.0,1030.0,Active
636,186,3,Casey Jensen,2023-05-14,2024-05-13,1600.0,1600.0,Expired
637,186,3,Reese Irwin,2024-05-14,2025-05-13,1680.0,1680.0,Expired
638,186,3,Sam Brooks,2025-09-20,2026-03-19,1790.0,1790.0,Expired
639,186,3,Morgan Adams,2026-03-20,2027-03-19,1920.0,1920.0,Active
640,187,3,Avery Foster,2023-12-15,2024-12-14,830.0,830.0,Expired
641,187,3,Riley Hayes,2024-12-15,2025-12-14,890.0,890.0,Expired
642,187,3,Casey Evans,2026-02-12,2026-08-11,940.0,940.0,Expired
643,188,3,Avery Diaz,2023-08-07,2024-08-06,610.0,610.0,Expired
644,188,3,Jordan Cruz,2025-05-17,2026-05-16,620.0,620.0,Expired
645,188,3,Jamie Klein,2026-05-17,2027-05-16,640.0,640.0,Active
646,189,3,Jamie Lopez,2023-10-20,2025-04-19,1650.0,1650.0,Expired
647,189,3,Jamie Brooks,2025-04-20,2026-04-19,1700.0,1700.0,Expired
648,190,3,Quinn Cruz,2023-09-30,2024-03-29,870.0,870.0,Expired
649,190,3,Alex Klein,2024-03-30,2025-03-29,920.0,920.0,Expired
650,190,3,Avery Lopez,2025-06-21,2026-06-20,970.0,970.0,Expired
651,190,3,Morgan Foster,2026-06-21,2027-06-20,1000.0,1000.0,Active
652,191,3,Taylor Lopez,2023-10-01,2024-03-31,1570.0,1570.0,Expired
653,191,3,Jordan Hayes,2024-05-16,2025-05-15,1610.0,1610.0,Expired
654,191,3,Reese Evans,2025-05-26,2026-05-25,1660.0,1660.0,Expired
655,191,3,Quinn Adams,2026-07-03,2027-07-02,1700.0,1700.0,Active
656,192,3,Riley Gray,2023-07-06,2024-07-05,1220.0,1220.0,Expired
657,192,3,Riley Jensen,2024-07-06,2025-01-05,1290.0,1290.0,Expired
658,192,3,Sam Hayes,2025-01-06,2026-01-05,1320.0,1320.0,Expired
659,192,3,Riley Jensen,2026-09-27,2027-09-26,1390.0,1390.0,Active
660,193,3,Reese Irwin,2023-09-29,2024-09-28,1510.0,1510.0,Expired
661,193,3,Sam Diaz,2025-03-12,2025-09-11,1600.0,1600.0,Expired
662,193,3,Taylor Evans,2025-09-20,2026-03-19,1680.0,1680.0,Expired
663,193,3,Alex Gray,2026-03-20,2027-03-19,1770.0,1770.0,Active
664,194,3,Riley Brooks,2023-08-20,2024-08-19,880.0,880.0,Expired
665,194,3,Riley Klein,2024-12-08,2025-12-07,910.0,910.0,Expired
666,194,3,Riley Irwin,2026-02-05,2027-08-04,950.0,950.0,Active
667,195,3,Quinn Foster,2023-03-17,2023-09-16,850.0,850.0,Expired
668,195,3,Riley Foster,2023-09-17,2024-03-16,890.0,890.0,Expired
669,195,3,Quinn Cruz,2024-03-17,2025-03-16,920.0,920.0,Expired
670,195,3,Sam Evans,2025-03-17,2025-09-16,980.0,980.0,Expired
671,195,3,Taylor Klein,2025-09-17,2026-03-16,1010.0,1010.0,Expired
672,195,3,Reese Diaz,2026-03-18,2027-03-17,1030.0,1030.0,Active
673,196,3,Alex Hayes,2023-11-09,2024-11-08,1130.0,1130.0,Expired
674,196,3,Quinn Irwin,2025-03-25,2026-03-24,1190.0,1190.0,Expired
675,196,3,Alex Lopez,2026-03-25,2027-03-24,1270.0,1270.0,Active
676,197,3,Sam Hayes,2023-09-07,2024-09-06,1050.0,1050.0,Expired
677,197,3,Sam Hayes,2024-10-02,2025-10-01,1120.0,1120.0,Expired
678,197,3,Casey Evans,2025-10-02,2026-04-01,1160.0,1160.0,Expired
679,197,3,Jamie Diaz,2026-04-02,2027-04-01,1190.0,1190.0,Active
680,198,3,Avery Gray,2023-03-28,2024-03-27,530.0,530.0,Expired
681,198,3,Reese Lopez,2025-01-22,2026-01-21,570.0,570.0,Expired
682,198,3,Taylor Hayes,2026-01-22,2027-01-21,590.0,590.0,Active
683,199,3,Riley Klein,2023-12-18,2024-12-17,880.0,880.0,Expired
684,199,3,Quinn Gray,2024-12-18,2025-12-17,910.0,910.0,Expired
685,199,3,Alex Hayes,2025-12-18,2026-12-17,940.0,940.0,Active
686,200,3,Reese Adams,2023-06-23,2024-06-22,1190.0,1190.0,Expired
687,200,3,Quinn Hayes,2024-06-23,2025-06-22,1230.0,1230.0,Expired
688,200,3,Morgan Klein,2025-10-02,2027-04-01,1280.0,1280.0,Active
689,201,3,Alex Foster,2023-09-23,2025-03-22,760.0,760.0,Expired
690,201,3,Avery Adams,2025-05-31,2026-05-30,780.0,780.0,Expired
691,201,3,Taylor Cruz,2026-08-07,2027-02-06,810.0,810.0,Active
692,202,3,Taylor Cruz,2023-07-28,2024-07-27,570.0,570.0,Expired
693,202,3,Alex Gray,2024-07-28,2025-07-27,600.0,600.0,Expired
694,202,3,Jamie Klein,2025-09-01,2027-02-28,620.0,620.0,Active
695,203,3,Taylor Foster,2023-04-03,2024-04-02,1180.0,1180.0,Expired
696,203,3,Avery Hayes,2024-04-03,2025-04-02,1270.0,1270.0,Expired
697,203,3,Drew Klein,2025-04-03,2025-10-02,1340.0,1340.0,Expired
698,203,3,Jordan Diaz,2026-03-02,2027-09-01,1410.0,1410.0,Active
699,204,3,Casey Diaz,2023-09-01,2025-02-28,560.0,560.0,Expired
700,204,3,Jordan Gray,2025-10-16,2026-04-15,580.0,580.0,Expired
701,204,3,Avery Lopez,2026-04-16,2027-10-15,620.0,620.0,Active
702,205,3,Avery Jensen,2023-05-04,2023-11-03,1640.0,1640.0,Expired
703,205,3,Taylor Brooks,2024-03-30,2024-09-29,1750.0,1750.0,Expired
704,205,3,Drew Evans,2024-09-30,2026-03-29,1830.0,1830.0,Expired
705,206,3,Morgan Jensen,2023-05-30,2023-11-29,1210.0,1210.0,Expired
706,206,3,Reese Cruz,2023-11-30,2024-11-29,1280.0,1280.0,Expired
707,206,3,Avery Lopez,2025-02-27,2026-08-26,1350.0,1350.0,Expired
708,207,3,Riley Evans,2023-04-19,2024-04-18,1130.0,1130.0,Expired
709,207,3,Riley Klein,2024-12-12,2026-06-11,1200.0,1200.0,Expired
710,207,3,Sam Brooks,2026-06-12,2027-06-11,1240.0,1240.0,Active
711,208,3,Alex Hayes,2023-10-19,2024-04-18,710.0,710.0,Expired
712,208,3,Taylor Foster,2024-09-04,2025-09-03,730.0,730.0,Expired
713,208,3,Jordan Lopez,2026-06-28,2027-06-27,750.0,750.0,Active
714,209,3,Morgan Hayes,2023-03-10,2024-03-09,1690.0,1690.0,Expired
715,209,3,Alex Cruz,2024-07-22,2025-01-21,1760.0,1760.0,Expired
716,209,3,Taylor Hayes,2025-01-22,2025-07-21,1810.0,1810.0,Expired
717,209,3,Sam Diaz,2025-07-22,2026-01-21,1850.0,1850.0,Expired
718,209,3,Avery Gray,2026-01-22,2026-07-21,1950.0,1950.0,Expired
719,209,3,Jamie Evans,2026-07-22,2027-07-21,1990.0,1990.0,Active
720,210,3,Reese Brooks,2023-07-26,2024-07-25,930.0,930.0,Expired
721,210,3,Jamie Irwin,2025-03-21,2026-03-20,970.0,970.0,Expired
722,210,3,Drew Diaz,2026-07-23,2027-01-22,1040.0,1040.0,Active
723,211,3,Riley Gray,2023-09-14,2024-09-13,1220.0,1220.0,Expired
724,211,3,Avery Jensen,2024-09-14,2026-03-13,1300.0,1300.0,Expired
725,211,3,Morgan Gray,2026-03-14,2026-09-13,1330.0,1330.0,Expired
726,211,3,Morgan Irwin,2026-09-14,2027-09-13,1370.0,1370.0,Active
727,212,3,Jamie Hayes,2023-12-03,2024-06-02,1190.0,1190.0,Expired
728,212,3,Drew Hayes,2024-06-03,2025-12-02,1230.0,1230.0,Expired
729,212,3,Taylor Jensen,2025-12-03,2026-12-02,1280.0,1280.0,Active
730,213,3,Jordan Diaz,2023-09-23,2024-09-22,1060.0,1060.0,Expired
731,213,3,Sam Adams,2024-12-01,2025-11-30,1120.0,1120.0,Expired
732,213,3,Drew Gray,2026-04-17,2027-04-16,1190.0,1190.0,Active
733,214,3,Drew Gray,2023-08-18,2024-02-17,600.0,600.0,Expired
734,214,3,Avery Cruz,2024-05-22,2025-05-21,620.0,620.0,Expired
735,214,3,Jamie Brooks,2025-05-22,2026-11-21,640.0,640.0,Active
736,215,3,Taylor Brooks,2023-08-31,2024-08-30,1210.0,1210.0,Expired
737,215,3,Drew Jensen,2024-08-31,2026-02-27,1230.0,1230.0,Expired
738,215,3,Reese Foster,2026-02-28,2027-08-27,1310.0,1310.0,Active
739,216,3,Sam Lopez,2023-06-02,2024-06-01,920.0,920.0,Expired
740,216,3,Sam Evans,2024-06-02,2025-12-01,970.0,970.0,Expired
741,216,3,Jamie Cruz,2025-12-02,2026-12-01,1000.0,1000.0,Active
742,217,3,Jamie Cruz,2023-07-01,2024-06-30,900.0,900.0,Expired
743,217,3,Quinn Evans,2024-09-15,2025-09-14,930.0,930.0,Expired
744,217,3,Reese Cruz,2025-09-15,2026-09-14,980.0,980.0,Expired
745,218,3,Avery Adams,2023-04-12,2023-10-11,1100.0,1100.0,Expired
746,218,3,Alex Foster,2024-03-13,2025-03-12,1170.0,1170.0,Expired
747,218,3,Riley Lopez,2025-05-19,2026-05-18,1220.0,1220.0,Expired
748,219,3,Drew Jensen,2023-09-13,2024-03-12,540.0,540.0,Expired
749,219,3,Quinn Evans,2024-03-13,2024-09-12,550.0,550.0,Expired
750,219,3,Alex Lopez,2024-09-30,2025-09-29,570.0,570.0,Expired
751,219,3,Morgan Foster,2025-12-25,2026-12-24,610.0,610.0,Active
752,220,3,Alex Klein,2023-06-19,2024-06-18,840.0,840.0,Expired
753,220,3,Avery Adams,2024-06-19,2024-12-18,860.0,860.0,Expired
754,220,3,Sam Lopez,2024-12-19,2025-06-18,910.0,910.0,Expired
755,220,3,Casey Hayes,2025-12-16,2026-12-15,930.0,930.0,Active
756,221,3,Riley Jensen,2023-06-18,2024-12-17,900.0,900.0,Expired
757,221,3,Jamie Cruz,2024-12-18,2025-12-17,960.0,960.0,Expired
758,221,3,Quinn Jensen,2025-12-18,2026-12-17,990.0,990.0,Active
759,222,3,Morgan Evans,2023-11-07,2024-11-06,830.0,830.0,Expired
760,222,3,Reese Klein,2024-11-07,2025-11-06,870.0,870.0,Expired
761,222,3,Casey Adams,2026-04-12,2027-10-11,930.0,930.0,Active
762,223,3,Quinn Cruz,2023-12-03,2024-12-02,920.0,920.0,Expired
763,223,3,Drew Jensen,2025-02-21,2026-02-20,990.0,990.0,Expired
764,224,3,Riley Diaz,2023-11-08,2024-11-07,1170.0,1170.0,Expired
765,224,3,Casey Evans,2025-05-19,2026-05-18,1250.0,1250.0,Expired
766,224,3,Riley Irwin,2026-05-19,2027-05-18,1280.0,1280.0,Active
767,225,3,Reese Foster,2023-08-29,2025-02-27,1530.0,1530.0,Expired
768,225,3,Casey Cruz,2025-02-28,2026-02-27,1570.0,1570.0,Expired
769,225,3,Reese Gray,2026-02-28,2027-02-27,1630.0,1630.0,Active
770,226,3,Jordan Evans,2023-10-22,2024-04-21,1110.0,1110.0,Expired
771,226,3,Alex Klein,2024-04-22,2025-04-21,1130.0,1130.0,Expired
772,226,3,Reese Jensen,2025-04-22,2026-04-21,1190.0,1190.0,Expired
773,226,3,Drew Adams,2026-08-10,2028-02-09,1230.0,1230.0,Active
774,227,3,Jordan Hayes,2023-05-08,2024-05-07,460.0,460.0,Expired
775,227,3,Jamie Diaz,2024-05-08,2025-11-07,480.0,480.0,Expired
776,227,3,Alex Hayes,2025-12-16,2026-06-15,500.0,500.0,Expired
777,227,3,Drew Foster,2026-06-16,2027-06-15,520.0,520.0,Active
778,228,3,Avery Gray,2023-09-14,2024-09-13,550.0,550.0,Expired
779,228,3,Quinn Evans,2024-09-14,2025-09-13,580.0,580.0,Expired
780,228,3,Alex Hayes,2026-03-25,2027-03-24,600.0,600.0,Active
781,229,3,Morgan Lopez,2023-11-08,2024-05-07,1080.0,1080.0,Expired
782,229,3,Riley Lopez,2024-11-07,2025-11-06,1130.0,1130.0,Expired
783,229,3,Casey Irwin,2026-02-22,2026-08-21,1160.0,1160.0,Expired
784,229,3,Riley Diaz,2026-08-22,2027-08-21,1190.0,1190.0,Active
785,230,3,Jamie Lopez,2023-06-30,2024-06-29,560.0,560.0,Expired
786,230,3,Morgan Hayes,2024-06-30,2024-12-29,570.0,570.0,Expired
787,230,3,Reese Diaz,2024-12-30,2025-12-29,600.0,600.0,Expired
788,230,3,Jordan Hayes,2025-12-30,2026-12-29,640.0,640.0,Active
789,231,3,Quinn Diaz,2023-03-09,2024-03-08,1220.0,1220.0,Expired
790,231,3,Jordan Evans,2024-05-07,2025-11-06,1270.0,1270.0,Expired
791,232,3,Morgan Hayes,2023-12-04,2024-06-03,1170.0,1170.0,Expired
792,232,3,Drew Klein,2024-06-04,2024-12-03,1230.0,1230.0,Expired
793,232,3,Jordan Gray,2024-12-04,2025-12-03,1270.0,1270.0,Expired
794,232,3,Sam Brooks,2025-12-04,2027-06-03,1340.0,1340.0,Active
795,233,3,Casey Foster,2023-04-09,2024-04-08,1180.0,1180.0,Expired
796,233,3,Alex Jensen,2024-04-09,2025-10-08,1250.0,1250.0,Expired
797,233,3,Quinn Foster,2025-10-09,2026-10-08,1300.0,1300.0,Active
798,234,3,Alex Brooks,2023-03-24,2024-03-23,900.0,900.0,Expired
799,234,3,Alex Brooks,2024-09-11,2025-09-10,950.0,950.0,Expired
800,234,3,Quinn Hayes,2025-09-11,2027-03-10,1000.0,1000.0,Active
801,235,3,Reese Diaz,2023-02-26,2024-08-25,880.0,880.0,Expired
802,235,3,Casey Irwin,2024-08-26,2025-02-25,900.0,900.0,Expired
803,235,3,Casey Foster,2025-02-26,2026-08-25,930.0,930.0,Expired
804,236,3,Avery Jensen,2023-09-08,2024-09-07,880.0,880.0,Expired
805,236,3,Morgan Adams,2024-12-23,2025-12-22,910.0,910.0,Expired
806,236,3,Jamie Cruz,2025-12-23,2026-12-22,940.0,940.0,Active
807,237,3,Jordan Klein,2023-07-23,2024-07-22,1280.0,1280.0,Expired
808,237,3,Alex Foster,2024-12-31,2026-06-29,1360.0,1360.0,Expired
809,237,3,Quinn Gray,2026-06-30,2026-12-29,1410.0,1410.0,Active
810,238,3,Alex Lopez,2023-06-23,2024-06-22,850.0,850.0,Expired
811,238,3,Avery Evans,2024-06-23,2024-12-22,880.0,880.0,Expired
812,238,3,Drew Diaz,2024-12-23,2025-12-22,910.0,910.0,Expired
813,238,3,Sam Evans,2025-12-23,2026-06-22,950.0,950.0,Expired
814,238,3,Alex Diaz,2026-06-23,2027-06-22,1020.0,1020.0,Active
815,239,3,Avery Klein,2023-04-27,2024-10-26,1120.0,1120.0,Expired
816,239,3,Casey Hayes,2024-10-27,2025-10-26,1160.0,1160.0,Expired
817,239,3,Jordan Gray,2025-10-27,2026-10-26,1200.0,1200.0,Active
818,240,3,Drew Foster,2023-07-16,2024-07-15,860.0,860.0,Expired
819,240,3,Jamie Gray,2024-07-16,2025-07-15,900.0,900.0,Expired
820,240,3,Taylor Foster,2025-12-22,2026-06-21,930.0,930.0,Expired
821,240,3,Taylor Foster,2026-06-22,2027-06-21,970.0,970.0,Active
822,241,3,Jordan Diaz,2023-10-07,2025-04-06,450.0,450.0,Expired
823,241,3,Riley Jensen,2025-04-07,2026-04-06,470.0,470.0,Expired
824,242,3,Drew Diaz,2023-08-29,2024-08-28,1100.0,1100.0,Expired
825,242,3,Drew Diaz,2024-08-29,2025-02-27,1150.0,1150.0,Expired
826,242,3,Avery Lopez,2025-02-28,2025-08-27,1170.0,1170.0,Expired
827,242,3,Quinn Jensen,2025-08-28,2026-02-27,1200.0,1200.0,Expired
828,243,3,Taylor Diaz,2023-09-17,2024-03-16,450.0,450.0,Expired
829,243,3,Morgan Foster,2024-12-14,2025-12-13,470.0,470.0,Expired
830,243,3,Jamie Foster,2025-12-14,2026-12-13,500.0,500.0,Active
831,244,3,Riley Lopez,2023-07-14,2025-01-13,1130.0,1130.0,Expired
832,244,3,Casey Jensen,2025-02-25,2026-08-24,1190.0,1190.0,Expired
833,245,3,Casey Irwin,2023-04-08,2024-04-07,820.0,820.0,Expired
834,245,3,Jordan Hayes,2024-06-30,2025-06-29,850.0,850.0,Expired
835,245,3,Sam Diaz,2026-07-23,2028-01-22,860.0,860.0,Active
836,246,4,Foundry Consulting,2023-02-21,2030-02-20,3080.0,3080.0,Active
837,247,4,Park Consulting,2023-10-22,2030-10-21,1950.0,1950.0,Active
838,248,4,Foundry Fitness,2023-02-06,2028-02-05,1930.0,1930.0,Active
839,249,4,Highline Coffee,2023-06-14,2030-06-13,3110.0,3110.0,Active
840,250,5,Crescent Dental,2023-05-31,2030-05-30,260.0,260.0,Active
841,251,5,River Bakery,2023-12-02,2028-12-01,980.0,980.0,Active
842,252,5,Grand Design Studio,2023-10-16,2028-10-15,970.0,970.0,Active
843,253,5,River Bakery,2023-08-22,2028-08-21,570.0,570.0,Active
844,254,5,Arbor Pharmacy,2023-03-14,2026-03-13,790.0,790.0,Expired
845,254,5,Union Logistics,2026-04-05,2033-04-04,830.0,830.0,Active
846,255,5,Cedar Tech,2023-09-28,2028-09-27,1270.0,1270.0,Active
847,256,5,Maple Pharmacy,2023-06-10,2026-06-09,560.0,560.0,Expired
848,256,5,River Logistics,2026-06-10,2029-06-09,590.0,590.0,Active
849,257,5,Foundry Bakery,2023-04-18,2030-04-17,730.0,730.0,Active
850,258,5,Grand Design Studio,2023-10-24,2026-10-23,680.0,680.0,Active
851,259,5,River Pharmacy,2023-12-14,2030-12-13,440.0,440.0,Active
852,260,5,Grand Dental,2023-09-26,2028-09-25,290.0,290.0,Active
853,261,5,Beacon Coffee,2023-10-28,2030-10-27,460.0,460.0,Active
854,262,5,Orchard Dental,2023-07-31,2030-07-30,810.0,810.0,Active
855,263,5,Maple Dental,2023-08-18,2030-08-17,890.0,890.0,Active
856,264,5,Canal Bakery,2023-09-17,2028-09-16,850.0,850.0,Active
857,265,5,Mill Coffee,2023-12-07,2028-12-06,450.0,450.0,Active
858,266,5,Foundry Fitness,2023-09-16,2030-09-15,810.0,810.0,Active
859,267,6,Grand Law Group,2023-10-17,2030-10-16,330.0,330.0,Active
860,268,6,Union Bakery,2023-06-12,2030-06-11,700.0,700.0,Active
861,269,6,Crescent Design Studio,2023-10-11,2026-10-10,670.0,670.0,Active
862,270,6,Union Consulting,2023-10-09,2030-10-08,480.0,480.0,Active
863,271,6,Arbor Pharmacy,2023-03-09,2028-03-08,1080.0,1080.0,Active
864,272,6,Harbor Logistics,2023-06-25,2028-06-24,780.0,780.0,Active
865,273,6,Beacon Fitness,2023-12-09,2030-12-08,760.0,760.0,Active
866,274,6,Stone Coffee,2023-05-17,2026-05-16,360.0,360.0,Expired
867,274,6,Lakeview Law Group,2026-05-17,2029-05-16,370.0,370.0,Active
868,275,6,Park Law Group,2023-07-26,2028-07-25,560.0,560.0,Active
869,276,6,Arbor Coffee,2023-08-31,2026-08-30,580.0,580.0,Expired
870,277,6,Cedar Pharmacy,2023-10-22,2026-10-21,680.0,680.0,Active
871,278,6,Beacon Fitness,2023-04-22,2026-04-21,750.0,750.0,Expired
872,278,6,Crescent Tech,2026-04-22,2033-04-21,760.0,760.0,Active
873,279,6,Highline Tech,2023-12-04,2026-12-03,1000.0,1000.0,Active
874,280,6,Park Pharmacy,2023-06-19,2028-06-18,290.0,290.0,Active
875,281,6,Canal Consulting,2023-08-10,2028-08-09,590.0,590.0,Active
876,282,6,Crescent Tech,2023-12-30,2026-12-29,720.0,720.0,Active
877,283,6,Grand Pharmacy,2023-04-09,2028-04-08,720.0,720.0,Active
878,284,6,Summit Tech,2023-09-29,2026-09-28,1580.0,1580.0,Expired
879,285,6,Foundry Logistics,2023-08-23,2030-08-22,330.0,330.0,Active
880,286,6,Park Consulting,2023-02-07,2028-02-06,280.0,280.0,Active
881,287,6,Grand Pharmacy,2023-12-25,2026-12-24,760.0,760.0,Active
882,288,6,Cedar Dental,2023-11-19,2030-11-18,820.0,820.0,Active
883,289,6,Stone Tech,2023-09-16,2030-09-15,940.0,940.0,Active
884,290,6,Beacon Fitness,2023-10-26,2026-10-25,730.0,730.0,Active
885,291,6,Highline Bakery,2023-06-21,2028-06-20,1200.0,1200.0,Active
886,292,6,Park Coffee,2023-02-06,2028-02-05,960.0,960.0,Active
887,293,6,Lakeview Consulting,2023-10-17,2030-10-16,610.0,610.0,Active
888,294,6,Arbor Tech,2023-10-26,2028-10-25,440.0,440.0,Active
889,295,7,Harbor Dental,2023-11-26,2030-11-25,200.0,200.0,Active
890,296,7,Crescent Fitness,2023-11-25,2028-11-24,130.0,130.0,Active
891,297,7,Mill Logistics,2023-10-19,2030-10-18,230.0,230.0,Active
892,298,7,Highline Dental,2023-05-15,2030-05-14,540.0,540.0,Active
893,299,7,Union Fitness,2023-09-12,2026-09-11,160.0,160.0,Expired
894,299,7,River Coffee,2026-09-12,2031-09-11,170.0,170.0,Active
895,300,7,Highline Design Studio,2023-09-26,2030-09-25,460.0,460.0,Active
896,301,7,Highline Coffee,2023-02-15,2030-02-14,320.0,320.0,Active
897,302,7,Canal Consulting,2023-08-29,2026-08-28,340.0,340.0,Expired
898,303,7,Grand Bakery,2023-02-12,2026-02-11,450.0,450.0,Expired
899,303,7,Mill Logistics,2026-02-12,2033-02-11,460.0,460.0,Active
900,304,7,Arbor Logistics,2023-10-18,2028-10-17,260.0,260.0,Active
901,305,7,Maple Law Group,2023-07-30,2026-07-29,640.0,640.0,Expired
902,305,7,Mill Logistics,2026-07-30,2033-07-29,680.0,680.0,Active
903,306,7,Crescent Dental,2023-08-05,2030-08-04,340.0,340.0,Active
904,307,7,Beacon Consulting,2023-11-21,2026-11-20,540.0,540.0,Active
905,308,7,Cedar Tech,2023-05-15,2030-05-14,220.0,220.0,Active
906,309,7,Lakeview Tech,2023-07-23,2026-07-22,480.0,480.0,Expired
907,309,7,Beacon Dental,2026-07-23,2031-07-22,500.0,500.0,Active
908,310,7,Maple Consulting,2023-10-25,2026-10-24,140.0,140.0,Active
909,311,8,Crescent Coffee,2023-11-24,2030-11-23,1010.0,1010.0,Active
910,312,8,Union Pharmacy,2023-08-08,2028-08-07,1590.0,1590.0,Active
911,313,8,Union Law Group,2023-10-18,2030-10-17,450.0,450.0,Active
912,314,8,Arbor Coffee,2023-04-16,2030-04-15,1270.0,1270.0,Active
913,315,8,Cedar Tech,2023-03-27,2030-03-26,550.0,550.0,Active
914,316,8,Foundry Law Group,2023-07-14,2030-07-13,900.0,900.0,Active
915,317,8,Cedar Dental,2023-02-10,2028-02-09,680.0,680.0,Active
916,318,8,Park Law Group,2023-08-26,2026-08-25,690.0,690.0,Expired
917,318,8,Crescent Tech,2026-08-26,2033-08-25,720.0,720.0,Active
918,319,8,River Pharmacy,2023-12-28,2030-12-27,1120.0,1120.0,Active
919,320,8,Arbor Fitness,2023-06-12,2026-06-11,1100.0,1100.0,Expired
920,320,8,Union Coffee,2026-06-13,2031-06-12,1140.0,1140.0,Active
921,321,8,Crescent Tech,2023-08-03,2030-08-02,590.0,590.0,Active
922,322,8,Cedar Dental,2023-11-29,2028-11-28,260.0,260.0,Active
923,323,8,Harbor Design Studio,2023-10-11,2030-10-10,1500.0,1500.0,Active
924,324,8,Union Fitness,2023-06-18,2028-06-17,780.0,780.0,Active
925,325,8,Park Logistics,2023-09-19,2030-09-18,1290.0,1290.0,Active
926,326,8,Arbor Consulting,2023-12-29,2030-12-28,1370.0,1370.0,Active
927,327,8,Union Pharmacy,2023-08-10,2028-08-09,1680.0,1680.0,Active
928,328,8,Highline Dental,2023-10-12,2026-10-11,900.0,900.0,Active
929,329,8,Lakeview Bakery,2023-11-01,2030-10-31,510.0,510.0,Active
930,330,8,Canal Law Group,2023-05-29,2030-05-28,800.0,800.0,Active
931,331,8,Mill Fitness,2023-11-17,2030-11-16,960.0,960.0,Active
932,332,8,Cedar Dental,2023-06-09,2030-06-08,610.0,610.0,Active
933,333,8,Park Tech,2023-08-09,2030-08-08,630.0,630.0,Active
934,334,9,Stone Bakery,2023-05-02,2028-05-01,630.0,630.0,Active
935,335,9,Maple Law Group,2023-10-08,2030-10-07,1080.0,1080.0,Active
936,336,9,Stone Fitness,2023-08-27,2026-08-26,900.0,900.0,Expired
937,336,9,Orchard Pharmacy,2026-08-27,2029-08-26,950.0,950.0,Active
938,337,9,Canal Dental,2023-02-28,2028-02-27,450.0,450.0,Active
939,338,9,Maple Fitness,2023-06-25,2028-06-24,800.0,800.0,Active
940,339,9,Mill Coffee,2023-05-23,2030-05-22,390.0,390.0,Active
941,340,10,Reese Jensen,2023-07-23,2024-07-22,2030.0,2030.0,Expired
942,340,10,Taylor Foster,2024-07-23,2025-07-22,2140.0,2140.0,Expired
943,340,10,Jordan Jensen,2025-07-23,2026-07-22,2190.0,2190.0,Expired
944,340,10,Drew Gray,2026-07-23,2027-07-22,2260.0,2260.0,Active
945,341,10,Taylor Adams,2023-11-18,2024-05-17,1690.0,1690.0,Expired
946,341,10,Alex Klein,2024-05-18,2025-05-17,1800.0,1800.0,Expired
947,341,10,Avery Adams,2025-06-24,2026-06-23,1870.0,1870.0,Expired
948,342,10,Reese Lopez,2023-07-19,2024-07-18,2160.0,2160.0,Expired
949,342,10,Morgan Brooks,2024-07-19,2026-01-18,2240.0,2240.0,Expired
950,342,10,Quinn Evans,2026-05-16,2027-05-15,2290.0,2290.0,Active
951,343,10,Jordan Foster,2023-10-16,2024-04-15,2050.0,2050.0,Expired
952,343,10,Morgan Lopez,2024-04-16,2025-04-15,2160.0,2160.0,Expired
953,343,10,Taylor Diaz,2025-06-20,2026-06-19,2280.0,2280.0,Expired
954,343,10,Riley Gray,2026-06-20,2027-06-19,2330.0,2330.0,Active
955,344,10,Morgan Hayes,2023-07-24,2024-07-23,1880.0,1880.0,Expired
956,344,10,Jordan Foster,2024-07-24,2025-01-23,1960.0,1960.0,Expired
957,344,10,Jamie Cruz,2025-01-24,2026-07-23,2000.0,2000.0,Expired
958,344,10,Morgan Brooks,2026-07-24,2027-01-23,2120.0,2120.0,Active
959,345,10,Drew Diaz,2023-12-19,2024-12-18,1080.0,1080.0,Expired
960,345,10,Morgan Brooks,2024-12-19,2025-12-18,1140.0,1140.0,Expired
961,345,10,Jordan Jensen,2026-02-20,2027-02-19,1190.0,1190.0,Active
962,346,10,Jamie Irwin,2023-10-21,2024-04-20,2220.0,2220.0,Expired
963,346,10,Taylor Evans,2024-04-21,2025-04-20,2320.0,2320.0,Expired
964,346,10,Avery Foster,2025-04-21,2026-10-20,2380.0,2380.0,Active
965,347,10,Quinn Klein,2023-03-29,2024-09-28,2070.0,2070.0,Expired
966,347,10,Alex Brooks,2024-09-29,2025-09-28,2150.0,2150.0,Expired
967,347,10,Quinn Lopez,2025-09-29,2027-03-28,2240.0,2240.0,Active
968,348,10,Casey Evans,2023-03-23,2024-03-22,1520.0,1520.0,Expired
969,348,10,Reese Lopez,2024-03-23,2025-03-22,1610.0,1610.0,Expired
970,348,10,Quinn Irwin,2025-04-11,2026-04-10,1660.0,1660.0,Expired
971,348,10,Avery Evans,2026-04-11,2027-04-10,1760.0,1760.0,Active
972,349,10,Jamie Brooks,2023-07-09,2024-01-08,1890.0,1890.0,Expired
973,349,10,Riley Lopez,2024-01-09,2025-01-08,1960.0,1960.0,Expired
974,349,10,Alex Lopez,2025-01-09,2026-07-08,2090.0,2090.0,Expired
975,349,10,Casey Evans,2026-07-11,2027-01-10,2220.0,2220.0,Active
976,350,10,Avery Hayes,2023-09-02,2024-09-01,730.0,730.0,Expired
977,350,10,Avery Diaz,2024-10-11,2026-04-10,780.0,780.0,Expired
978,350,10,Drew Lopez,2026-05-15,2027-05-14,830.0,830.0,Active
979,351,10,Reese Foster,2023-05-03,2024-11-02,1760.0,1760.0,Expired
980,351,10,Jordan Cruz,2025-01-07,2026-01-06,1840.0,1840.0,Expired
981,351,10,Sam Brooks,2026-02-08,2026-08-07,1890.0,1890.0,Expired
982,352,10,Sam Evans,2023-03-28,2024-03-27,1950.0,1950.0,Expired
983,352,10,Avery Jensen,2024-03-28,2025-03-27,2010.0,2010.0,Expired
984,352,10,Quinn Gray,2025-05-13,2025-11-12,2140.0,2140.0,Expired
985,352,10,Drew Lopez,2025-12-27,2026-12-26,2200.0,2200.0,Active
986,353,10,Avery Evans,2023-11-11,2024-11-10,1440.0,1440.0,Expired
987,353,10,Alex Diaz,2024-11-11,2026-05-10,1480.0,1480.0,Expired
988,353,10,Taylor Gray,2026-07-21,2027-07-20,1570.0,1570.0,Active
989,354,10,Taylor Diaz,2023-10-07,2024-10-06,1990.0,1990.0,Expired
990,354,10,Riley Klein,2024-10-07,2025-10-06,2120.0,2120.0,Expired
991,354,10,Casey Brooks,2025-10-29,2026-10-28,2180.0,2180.0,Active
992,355,10,Sam Adams,2023-04-21,2024-04-20,1390.0,1390.0,Expired
993,355,10,Morgan Lopez,2024-04-21,2025-04-20,1470.0,1470.0,Expired
994,355,10,Morgan Lopez,2025-04-21,2026-10-20,1520.0,1520.0,Active
995,356,10,Quinn Evans,2023-11-28,2024-11-27,2220.0,2220.0,Expired
996,356,10,Jamie Evans,2025-03-05,2026-03-04,2330.0,2330.0,Expired
997,356,10,Jordan Diaz,2026-03-05,2026-09-04,2470.0,2470.0,Expired
998,357,10,Sam Evans,2023-04-10,2024-04-09,1500.0,1500.0,Expired
999,357,10,Reese Cruz,2024-04-10,2025-04-09,1550.0,1550.0,Expired
1000,357,10,Taylor Evans,2025-04-10,2026-10-09,1610.0,1610.0,Active
1001,358,10,Avery Foster,2023-04-01,2024-03-31,850.0,850.0,Expired
1002,358,10,Avery Klein,2024-04-01,2025-03-31,890.0,890.0,Expired
1003,358,10,Jordan Lopez,2025-04-22,2026-10-21,940.0,940.0,Active
1004,359,10,Riley Diaz,2023-07-14,2024-07-13,1430.0,1430.0,Expired
1005,359,10,Reese Cruz,2024-10-13,2025-10-12,1470.0,1470.0,Expired
1006,359,10,Quinn Diaz,2025-10-23,2026-10-22,1540.0,1540.0,Active
1007,360,10,Riley Foster,2023-09-28,2024-09-27,1300.0,1300.0,Expired
1008,360,10,Jordan Lopez,2024-09-28,2025-09-27,1340.0,1340.0,Expired
1009,360,10,Taylor Brooks,2025-10-11,2026-10-10,1400.0,1400.0,Active
1010,361,10,Jamie Diaz,2023-10-09,2024-10-08,2120.0,2120.0,Expired
1011,361,10,Avery Diaz,2024-11-13,2025-11-12,2200.0,2200.0,Expired
1012,361,10,Taylor Evans,2025-11-22,2026-11-21,2290.0,2290.0,Active
1013,362,10,Alex Adams,2023-06-22,2023-12-21,840.0,840.0,Expired
1014,362,10,Jordan Adams,2023-12-22,2024-12-21,880.0,880.0,Expired
1015,362,10,Sam Diaz,2025-01-19,2026-01-18,910.0,910.0,Expired
1016,362,10,Quinn Klein,2026-01-19,2027-01-18,950.0,950.0,Active
1017,363,10,Avery Diaz,2023-03-20,2024-03-19,1680.0,1680.0,Expired
1018,363,10,Quinn Cruz,2024-03-20,2025-03-19,1760.0,1760.0,Expired
1019,363,10,Riley Klein,2025-05-10,2026-05-09,1800.0,1800.0,Expired
1020,363,10,Morgan Lopez,2026-05-10,2027-05-09,1920.0,1920.0,Active
1021,364,10,Jamie Foster,2023-04-01,2023-09-30,1360.0,1360.0,Expired
1022,364,10,Jordan Lopez,2023-12-02,2024-12-01,1440.0,1440.0,Expired
1023,364,10,Alex Klein,2024-12-02,2025-12-01,1480.0,1480.0,Expired
1024,364,10,Alex Foster,2026-02-22,2027-02-21,1560.0,1560.0,Active
1025,365,10,Taylor Cruz,2023-12-22,2024-12-21,1550.0,1550.0,Expired
1026,365,10,Alex Gray,2025-02-04,2026-02-03,1640.0,1640.0,Expired
1027,365,10,Sam Adams,2026-02-04,2027-02-03,1760.0,1760.0,Active
1028,366,10,Jamie Hayes,2023-07-19,2024-07-18,2010.0,2010.0,Expired
1029,366,10,Sam Evans,2024-09-27,2026-03-26,2130.0,2130.0,Expired
1030,366,10,Taylor Irwin,2026-03-27,2026-09-26,2220.0,2220.0,Expired
1031,367,10,Drew Hayes,2023-08-21,2025-02-20,1460.0,1460.0,Expired
1032,367,10,Alex Evans,2025-02-21,2026-02-20,1490.0,1490.0,Expired
1033,367,10,Taylor Evans,2026-03-16,2027-03-15,1530.0,1530.0,Active
1034,368,10,Drew Cruz,2023-07-27,2024-07-26,2650.0,2650.0,Expired
1035,368,10,Avery Klein,2024-08-08,2026-02-07,2810.0,2810.0,Expired
1036,368,10,Alex Foster,2026-02-08,2026-08-07,2990.0,2990.0,Expired
1037,368,10,Avery Diaz,2026-08-08,2027-08-07,3200.0,3200.0,Active
1038,369,10,Alex Gray,2023-07-31,2024-07-30,2620.0,2620.0,Expired
1039,369,10,Morgan Irwin,2024-09-14,2025-03-13,2750.0,2750.0,Expired
1040,369,10,Jamie Gray,2025-06-01,2026-05-31,2820.0,2820.0,Expired
1041,369,10,Jordan Klein,2026-06-01,2026-11-30,2890.0,2890.0,Active
1042,370,10,Quinn Lopez,2023-11-02,2024-05-01,2120.0,2120.0,Expired
1043,370,10,Reese Foster,2024-05-02,2025-05-01,2190.0,2190.0,Expired
1044,370,10,Morgan Klein,2025-06-12,2026-06-11,2300.0,2300.0,Expired
1045,370,10,Jamie Evans,2026-08-27,2027-08-26,2370.0,2370.0,Active
1046,371,10,Drew Gray,2023-12-26,2025-06-25,2120.0,2120.0,Expired
1047,371,10,Sam Hayes,2025-06-26,2026-12-25,2180.0,2180.0,Active
1048,372,10,Avery Evans,2023-04-01,2024-09-30,2870.0,2870.0,Expired
1049,372,10,Quinn Brooks,2024-10-01,2025-09-30,2940.0,2940.0,Expired
1050,372,10,Alex Cruz,2025-10-01,2026-09-30,3140.0,3140.0,Active
1051,373,10,Quinn Foster,2023-09-28,2024-09-27,1940.0,1940.0,Expired
1052,373,10,Avery Foster,2024-12-11,2025-12-10,2060.0,2060.0,Expired
1053,373,10,Alex Adams,2025-12-11,2026-06-10,2170.0,2170.0,Expired
1054,373,10,Sam Foster,2026-06-11,2027-12-10,2230.0,2230.0,Active
1055,374,10,Casey Lopez,2023-07-31,2025-01-30,1300.0,1300.0,Expired
1056,374,10,Jordan Lopez,2025-03-15,2026-03-14,1370.0,1370.0,Expired
1057,374,10,Drew Gray,2026-03-15,2027-03-14,1400.0,1400.0,Active
1058,375,10,Drew Lopez,2023-06-28,2024-06-27,1980.0,1980.0,Expired
1059,375,10,Quinn Cruz,2024-07-17,2025-07-16,2030.0,2030.0,Expired
1060,375,10,Riley Hayes,2025-07-17,2026-07-16,2120.0,2120.0,Expired
1061,375,10,Taylor Diaz,2026-08-23,2027-08-22,2200.0,2200.0,Active
1062,376,10,Jamie Brooks,2023-06-14,2024-12-13,1480.0,1480.0,Expired
1063,376,10,Morgan Hayes,2025-01-13,2026-07-12,1540.0,1540.0,Expired
1064,376,10,Quinn Adams,2026-07-13,2027-01-12,1600.0,1600.0,Active
1065,377,11,Canal Consulting,2023-03-08,2030-03-07,300.0,300.0,Active
1066,378,11,Arbor Bakery,2023-11-29,2026-11-28,560.0,560.0,Active
1067,379,11,Lakeview Design Studio,2023-05-15,2030-05-14,430.0,430.0,Active
1068,380,11,Highline Bakery,2023-02-20,2028-02-19,430.0,430.0,Active
1069,381,11,Crescent Fitness,2023-05-31,2026-05-30,240.0,240.0,Expired
1070,381,11,Arbor Logistics,2026-05-31,2031-05-30,250.0,250.0,Active
1071,382,11,Stone Coffee,2023-05-15,2030-05-14,700.0,700.0,Active
1072,383,11,River Dental,2023-06-16,2026-06-15,440.0,440.0,Expired
1073,383,11,Cedar Bakery,2026-06-16,2031-06-15,470.0,470.0,Active
1074,384,11,Highline Law Group,2023-07-28,2028-07-27,660.0,660.0,Active
1075,385,11,Mill Pharmacy,2023-10-12,2028-10-11,430.0,430.0,Active
1076,386,11,Crescent Design Studio,2023-04-03,2030-04-02,520.0,520.0,Active
1077,387,11,Orchard Law Group,2023-03-26,2028-03-25,880.0,880.0,Active
1078,388,11,Stone Fitness,2023-11-07,2028-11-06,680.0,680.0,Active
1079,389,11,Crescent Coffee,2023-03-27,2026-03-26,1070.0,1070.0,Expired
1080,389,11,Union Consulting,2026-03-27,2029-03-26,1140.0,1140.0,Active
1081,390,11,Beacon Bakery,2023-02-27,2028-02-26,280.0,280.0,Active
1082,391,11,Cedar Logistics,2023-05-23,2028-05-22,380.0,380.0,Active
1083,392,11,Foundry Dental,2023-06-14,2030-06-13,170.0,170.0,Active
1084,393,12,Sam Gray,2023-06-10,2024-06-09,1520.0,1520.0,Expired
1085,393,12,Taylor Jensen,2024-06-10,2025-06-09,1610.0,1610.0,Expired
1086,393,12,Morgan Irwin,2025-07-21,2026-01-20,1650.0,1650.0,Expired
1087,393,12,Sam Hayes,2026-03-10,2027-03-09,1730.0,1730.0,Active
1088,394,12,Riley Adams,2023-11-17,2024-11-16,870.0,870.0,Expired
1089,394,12,Jamie Adams,2024-12-13,2025-12-12,900.0,900.0,Expired
1090,394,12,Jamie Brooks,2025-12-13,2026-12-12,960.0,960.0,Active
1091,395,12,Avery Diaz,2023-07-18,2024-07-17,1610.0,1610.0,Expired
1092,395,12,Drew Klein,2024-08-28,2025-08-27,1720.0,1720.0,Expired
1093,395,12,Sam Gray,2025-10-09,2026-10-08,1840.0,1840.0,Active
1094,396,12,Riley Hayes,2023-03-09,2024-03-08,2260.0,2260.0,Expired
1095,396,12,Alex Irwin,2024-03-09,2024-09-08,2380.0,2380.0,Expired
1096,396,12,Jamie Irwin,2024-09-25,2025-03-24,2470.0,2470.0,Expired
1097,396,12,Sam Adams,2025-06-18,2026-12-17,2550.0,2550.0,Active
1098,397,12,Jamie Hayes,2023-07-10,2024-07-09,1900.0,1900.0,Expired
1099,397,12,Alex Klein,2024-07-10,2025-07-09,1950.0,1950.0,Expired
1100,397,12,Reese Lopez,2025-07-10,2027-01-09,2070.0,2070.0,Active
1101,398,12,Drew Diaz,2023-10-01,2024-09-30,1380.0,1380.0,Expired
1102,398,12,Reese Irwin,2024-10-01,2025-09-30,1430.0,1430.0,Expired
1103,398,12,Reese Lopez,2025-10-01,2026-09-30,1490.0,1490.0,Active
1104,399,12,Avery Diaz,2023-10-24,2025-04-23,1780.0,1780.0,Expired
1105,399,12,Jamie Adams,2025-06-25,2026-06-24,1860.0,1860.0,Expired
1106,399,12,Sam Adams,2026-07-24,2027-07-23,1910.0,1910.0,Active
1107,400,12,Alex Gray,2023-05-29,2024-05-28,1820.0,1820.0,Expired
1108,400,12,Jamie Hayes,2024-08-19,2026-02-18,1860.0,1860.0,Expired
1109,400,12,Avery Diaz,2026-04-18,2027-04-17,1930.0,1930.0,Active
1110,401,12,Quinn Diaz,2023-02-13,2024-02-12,940.0,940.0,Expired
1111,401,12,Jordan Evans,2024-02-13,2025-08-12,1000.0,1000.0,Expired
1112,401,12,Riley Irwin,2025-09-05,2027-03-04,1020.0,1020.0,Active
1113,402,12,Alex Adams,2023-05-22,2024-11-21,1670.0,1670.0,Expired
1114,402,12,Morgan Evans,2024-11-22,2025-11-21,1770.0,1770.0,Expired
1115,402,12,Casey Lopez,2025-11-22,2026-11-21,1870.0,1870.0,Active
1116,403,12,Drew Jensen,2023-09-04,2024-09-03,1400.0,1400.0,Expired
1117,403,12,Jordan Cruz,2024-09-22,2025-09-21,1480.0,1480.0,Expired
1118,403,12,Alex Lopez,2025-09-22,2027-03-21,1570.0,1570.0,Active
1119,404,12,Reese Klein,2023-12-17,2024-12-16,1830.0,1830.0,Expired
1120,404,12,Alex Cruz,2024-12-17,2025-12-16,1920.0,1920.0,Expired
1121,404,12,Casey Brooks,2026-03-01,2027-08-31,2050.0,2050.0,Active
1122,405,12,Taylor Hayes,2023-06-09,2024-06-08,2370.0,2370.0,Expired
1123,405,12,Jordan Foster,2024-06-09,2024-12-08,2470.0,2470.0,Expired
1124,405,12,Casey Diaz,2024-12-09,2025-12-08,2560.0,2560.0,Expired
1125,405,12,Taylor Cruz,2025-12-09,2026-06-08,2640.0,2640.0,Expired
1126,405,12,Sam Klein,2026-06-14,2026-12-13,2720.0,2720.0,Active
1127,406,12,Reese Lopez,2023-04-12,2023-10-11,1230.0,1230.0,Expired
1128,406,12,Taylor Hayes,2023-10-12,2025-04-11,1280.0,1280.0,Expired
1129,406,12,Alex Klein,2025-04-12,2025-10-11,1360.0,1360.0,Expired
1130,406,12,Alex Klein,2025-12-02,2026-12-01,1410.0,1410.0,Active
1131,407,12,Morgan Klein,2023-08-05,2024-08-04,1790.0,1790.0,Expired
1132,407,12,Quinn Klein,2024-09-11,2025-09-10,1850.0,1850.0,Expired
1133,407,12,Casey Jensen,2025-09-11,2026-03-10,1950.0,1950.0,Expired
1134,407,12,Drew Hayes,2026-03-11,2027-09-10,2010.0,2010.0,Active
1135,408,12,Quinn Klein,2023-06-28,2024-06-27,2380.0,2380.0,Expired
1136,408,12,Drew Hayes,2024-07-25,2025-01-24,2530.0,2530.0,Expired
1137,408,12,Sam Irwin,2025-01-25,2025-07-24,2700.0,2700.0,Expired
1138,408,12,Avery Brooks,2025-07-25,2027-01-24,2870.0,2870.0,Active
1139,409,12,Avery Adams,2023-08-04,2025-02-03,1420.0,1420.0,Expired
1140,409,12,Casey Adams,2025-02-04,2025-08-03,1490.0,1490.0,Expired
1141,409,12,Sam Cruz,2025-10-11,2026-10-10,1540.0,1540.0,Active
1142,410,12,Jamie Adams,2023-02-08,2023-08-07,1840.0,1840.0,Expired
1143,410,12,Morgan Brooks,2023-08-19,2024-08-18,1870.0,1870.0,Expired
1144,410,12,Jamie Brooks,2024-10-20,2026-04-19,1920.0,1920.0,Expired
1145,410,12,Taylor Cruz,2026-04-20,2026-10-19,2020.0,2020.0,Active
1146,411,12,Alex Cruz,2023-10-22,2024-10-21,1990.0,1990.0,Expired
1147,411,12,Quinn Cruz,2024-10-22,2025-10-21,2040.0,2040.0,Expired
1148,411,12,Avery Brooks,2025-11-17,2026-11-16,2130.0,2130.0,Active
1149,412,12,Jamie Brooks,2023-12-10,2024-06-09,1330.0,1330.0,Expired
1150,412,12,Jordan Adams,2024-06-10,2025-06-09,1400.0,1400.0,Expired
1151,412,12,Alex Gray,2025-06-10,2026-06-09,1480.0,1480.0,Expired
1152,412,12,Jordan Diaz,2026-08-23,2027-08-22,1550.0,1550.0,Active
1153,413,12,Drew Brooks,2023-12-17,2025-06-16,1730.0,1730.0,Expired
1154,413,12,Taylor Gray,2025-06-17,2026-12-16,1850.0,1850.0,Active
1155,414,12,Reese Diaz,2023-04-02,2024-04-01,1390.0,1390.0,Expired
1156,414,12,Casey Adams,2024-04-23,2025-10-22,1470.0,1470.0,Expired
1157,414,12,Drew Lopez,2025-10-23,2026-04-22,1510.0,1510.0,Expired
1158,414,12,Sam Cruz,2026-04-26,2027-04-25,1560.0,1560.0,Active
1159,415,12,Morgan Cruz,2023-08-01,2024-07-31,1260.0,1260.0,Expired
1160,415,12,Quinn Evans,2024-08-01,2025-07-31,1330.0,1330.0,Expired
1161,415,12,Taylor Irwin,2025-08-17,2026-02-16,1390.0,1390.0,Expired
1162,415,12,Riley Lopez,2026-03-17,2027-03-16,1470.0,1470.0,Active
1163,416,12,Reese Diaz,2023-07-11,2024-07-10,1440.0,1440.0,Expired
1164,416,12,Jamie Diaz,2024-07-31,2025-01-30,1490.0,1490.0,Expired
1165,416,12,Morgan Lopez,2025-05-23,2026-05-22,1560.0,1560.0,Expired
1166,416,12,Avery Foster,2026-06-18,2027-06-17,1600.0,1600.0,Active
1167,417,12,Alex Irwin,2023-06-19,2024-12-18,1390.0,1390.0,Expired
1168,417,12,Morgan Evans,2024-12-19,2025-12-18,1470.0,1470.0,Expired
1169,417,12,Drew Foster,2025-12-19,2026-06-18,1530.0,1530.0,Expired
1170,417,12,Drew Jensen,2026-06-19,2027-06-18,1560.0,1560.0,Active
1171,418,12,Casey Jensen,2023-08-16,2024-02-15,1950.0,1950.0,Expired
1172,418,12,Quinn Foster,2024-02-16,2025-02-15,2020.0,2020.0,Expired
1173,418,12,Reese Adams,2025-02-16,2026-02-15,2150.0,2150.0,Expired
1174,418,12,Riley Brooks,2026-03-04,2027-03-03,2240.0,2240.0,Active
1175,419,12,Riley Diaz,2023-05-22,2024-05-21,740.0,740.0,Expired
1176,419,12,Taylor Lopez,2024-06-12,2025-06-11,790.0,790.0,Expired
1177,419,12,Avery Irwin,2025-06-19,2026-06-18,810.0,810.0,Expired
1178,419,12,Riley Lopez,2026-06-29,2027-12-28,830.0,830.0,Active
1179,420,12,Casey Klein,2023-11-04,2024-11-03,1690.0,1690.0,Expired
1180,420,12,Taylor Brooks,2024-11-04,2026-05-03,1770.0,1770.0,Expired
1181,420,12,Quinn Evans,2026-05-04,2027-05-03,1880.0,1880.0,Active
1182,421,12,Taylor Hayes,2023-12-27,2024-06-26,1320.0,1320.0,Expired
1183,421,12,Jordan Hayes,2024-07-20,2026-01-19,1370.0,1370.0,Expired
1184,421,12,Casey Brooks,2026-01-26,2027-01-25,1410.0,1410.0,Active
1185,422,12,Quinn Gray,2023-03-01,2024-02-29,1300.0,1300.0,Expired
1186,422,12,Sam Irwin,2024-04-07,2025-04-06,1380.0,1380.0,Expired
1187,422,12,Reese Foster,2025-04-07,2026-10-06,1420.0,1420.0,Active
1188,423,12,Casey Irwin,2023-07-23,2024-07-22,1330.0,1330.0,Expired
1189,423,12,Avery Brooks,2024-07-23,2025-07-22,1390.0,1390.0,Expired
1190,423,12,Reese Klein,2025-08-06,2026-08-05,1490.0,1490.0,Expired
1191,423,12,Reese Irwin,2026-08-06,2027-02-05,1570.0,1570.0,Active
1192,424,12,Jordan Cruz,2023-11-17,2024-11-16,1150.0,1150.0,Expired
1193,424,12,Reese Cruz,2024-11-17,2025-05-16,1210.0,1210.0,Expired
1194,424,12,Reese Diaz,2025-07-09,2026-07-08,1270.0,1270.0,Expired
1195,424,12,Quinn Irwin,2026-08-12,2027-08-11,1300.0,1300.0,Active
1196,425,12,Reese Cruz,2023-09-03,2024-03-02,1310.0,1310.0,Expired
1197,425,12,Sam Diaz,2024-03-27,2025-03-26,1390.0,1390.0,Expired
1198,425,12,Taylor Brooks,2025-05-11,2025-11-10,1420.0,1420.0,Expired
1199,425,12,Quinn Klein,2025-11-11,2026-11-10,1500.0,1500.0,Active
1200,426,12,Avery Klein,2023-09-26,2024-09-25,1350.0,1350.0,Expired
1201,426,12,Morgan Cruz,2024-09-26,2025-03-25,1400.0,1400.0,Expired
1202,426,12,Avery Diaz,2025-03-26,2026-03-25,1430.0,1430.0,Expired
1203,426,12,Casey Jensen,2026-03-26,2027-09-25,1490.0,1490.0,Active
1204,427,12,Sam Hayes,2023-06-06,2024-06-05,910.0,910.0,Expired
1205,427,12,Jamie Jensen,2024-06-06,2025-12-05,930.0,930.0,Expired
1206,427,12,Drew Gray,2026-02-28,2027-08-27,990.0,990.0,Active
1207,428,12,Drew Cruz,2023-08-13,2024-02-12,2500.0,2500.0,Expired
1208,428,12,Avery Brooks,2024-02-13,2025-02-12,2620.0,2620.0,Expired
1209,428,12,Morgan Foster,2025-03-11,2026-03-10,2740.0,2740.0,Expired
1210,428,12,Jordan Brooks,2026-03-11,2027-03-10,2890.0,2890.0,Active
1211,429,12,Quinn Evans,2023-02-07,2024-02-06,2140.0,2140.0,Expired
1212,429,12,Jamie Hayes,2024-03-02,2025-03-01,2210.0,2210.0,Expired
1213,429,12,Jordan Foster,2025-04-08,2025-10-07,2280.0,2280.0,Expired
1214,429,12,Alex Klein,2025-11-02,2027-05-01,2360.0,2360.0,Active
1215,430,12,Alex Foster,2023-09-02,2024-03-01,2190.0,2190.0,Expired
1216,430,12,Riley Jensen,2024-04-01,2025-03-31,2330.0,2330.0,Expired
1217,430,12,Riley Brooks,2025-04-01,2025-09-30,2420.0,2420.0,Expired
1218,430,12,Alex Lopez,2025-12-03,2026-12-02,2530.0,2530.0,Active
1219,431,12,Quinn Cruz,2023-06-27,2024-06-26,1530.0,1530.0,Expired
1220,431,12,Alex Diaz,2024-06-30,2025-06-29,1580.0,1580.0,Expired
1221,431,12,Jamie Cruz,2025-06-30,2026-06-29,1680.0,1680.0,Expired
1222,431,12,Avery Brooks,2026-06-30,2027-06-29,1780.0,1780.0,Active
1223,432,12,Casey Lopez,2023-10-22,2024-10-21,1260.0,1260.0,Expired
1224,432,12,Casey Gray,2024-10-22,2025-04-21,1320.0,1320.0,Expired
1225,432,12,Drew Evans,2025-04-22,2026-04-21,1380.0,1380.0,Expired
1226,432,12,Avery Gray,2026-06-02,2027-06-01,1440.0,1440.0,Active
1227,433,12,Avery Diaz,2023-04-12,2024-04-11,1060.0,1060.0,Expired
1228,433,12,Reese Lopez,2024-04-12,2025-04-11,1110.0,1110.0,Expired
1229,433,12,Morgan Klein,2025-04-12,2026-04-11,1170.0,1170.0,Expired
1230,433,12,Quinn Hayes,2026-04-19,2027-04-18,1240.0,1240.0,Active
1231,434,12,Avery Adams,2023-09-12,2024-09-11,1570.0,1570.0,Expired
1232,434,12,Jordan Adams,2024-10-22,2025-10-21,1650.0,1650.0,Expired
1233,434,12,Morgan Gray,2025-10-22,2026-04-21,1720.0,1720.0,Expired
1234,434,12,Morgan Jensen,2026-06-01,2027-05-31,1810.0,1810.0,Active
1235,435,12,Alex Klein,2023-08-17,2024-02-16,1080.0,1080.0,Expired
1236,435,12,Taylor Diaz,2024-02-17,2025-02-16,1120.0,1120.0,Expired
1237,435,12,Alex Lopez,2025-05-01,2025-10-31,1160.0,1160.0,Expired
1238,435,12,Jordan Brooks,2025-11-01,2026-10-31,1240.0,1240.0,Active
1239,436,12,Riley Adams,2023-07-22,2024-01-21,2130.0,2130.0,Expired
1240,436,12,Drew Adams,2024-02-12,2025-02-11,2220.0,2220.0,Expired
1241,436,12,Sam Foster,2025-03-02,2026-03-01,2300.0,2300.0,Expired
1242,436,12,Drew Gray,2026-03-22,2026-09-21,2380.0,2380.0,Expired
1243,437,12,Jamie Diaz,2023-08-30,2024-08-29,1690.0,1690.0,Expired
1244,437,12,Morgan Lopez,2024-08-30,2025-08-29,1760.0,1760.0,Expired
1245,437,12,Reese Brooks,2025-10-30,2026-10-29,1850.0,1850.0,Active
1246,438,12,Morgan Adams,2023-10-16,2025-04-15,1670.0,1670.0,Expired
1247,438,12,Reese Jensen,2025-04-16,2026-10-15,1770.0,1770.0,Active
1248,439,12,Drew Adams,2023-02-12,2024-02-11,1720.0,1720.0,Expired
1249,439,12,Alex Diaz,2024-02-12,2025-02-11,1780.0,1780.0,Expired
1250,439,12,Avery Klein,2025-02-12,2026-08-11,1870.0,1870.0,Expired
1251,439,12,Reese Evans,2026-08-12,2028-02-11,1940.0,1940.0,Active
1252,440,12,Jamie Hayes,2023-12-04,2024-06-03,1190.0,1190.0,Expired
1253,440,12,Drew Klein,2024-06-04,2025-12-03,1230.0,1230.0,Expired
1254,440,12,Quinn Evans,2025-12-04,2026-12-03,1300.0,1300.0,Active
1255,441,12,Quinn Lopez,2023-11-12,2024-11-11,1900.0,1900.0,Expired
1256,441,12,Reese Foster,2024-11-12,2025-05-11,1950.0,1950.0,Expired
1257,441,12,Quinn Evans,2025-07-10,2026-07-09,2040.0,2040.0,Expired
1258,441,12,Sam Lopez,2026-07-10,2027-07-09,2170.0,2170.0,Active
1259,442,12,Morgan Jensen,2023-03-02,2023-09-01,760.0,760.0,Expired
1260,442,12,Taylor Irwin,2023-09-02,2024-09-01,800.0,800.0,Expired
1261,442,12,Jamie Lopez,2024-12-19,2025-06-18,820.0,820.0,Expired
1262,442,12,Drew Diaz,2025-06-19,2026-06-18,850.0,850.0,Expired
1263,442,12,Riley Foster,2026-08-11,2027-02-10,900.0,900.0,Active
1264,443,12,Jordan Foster,2023-08-29,2024-02-28,1240.0,1240.0,Expired
1265,443,12,Drew Lopez,2024-02-29,2025-08-28,1290.0,1290.0,Expired
1266,443,12,Sam Cruz,2025-10-31,2026-10-30,1350.0,1350.0,Active
1267,444,12,Taylor Foster,2023-08-26,2025-02-25,1190.0,1190.0,Expired
1268,444,12,Morgan Lopez,2025-04-16,2026-04-15,1250.0,1250.0,Expired
1269,444,12,Avery Adams,2026-04-30,2027-04-29,1320.0,1320.0,Active
1270,445,12,Riley Hayes,2023-02-17,2024-08-16,2360.0,2360.0,Expired
1271,445,12,Alex Lopez,2024-09-01,2025-08-31,2470.0,2470.0,Expired
1272,445,12,Drew Jensen,2025-11-07,2026-11-06,2550.0,2550.0,Active
1273,446,12,Sam Gray,2023-08-24,2025-02-23,730.0,730.0,Expired
1274,446,12,Taylor Hayes,2025-07-20,2026-01-19,760.0,760.0,Expired
1275,446,12,Morgan Cruz,2026-03-08,2026-09-07,780.0,780.0,Expired
1276,447,12,Sam Jensen,2023-05-24,2024-05-23,1440.0,1440.0,Expired
1277,447,12,Casey Klein,2024-07-27,2025-07-26,1470.0,1470.0,Expired
1278,447,12,Casey Adams,2025-07-27,2026-07-26,1520.0,1520.0,Expired
1279,447,12,Reese Gray,2026-07-27,2027-07-26,1590.0,1590.0,Active
1280,448,12,Morgan Brooks,2023-05-25,2023-11-24,1450.0,1450.0,Expired
1281,448,12,Quinn Hayes,2023-11-25,2024-11-24,1480.0,1480.0,Expired
1282,448,12,Jamie Diaz,2024-12-18,2025-12-17,1550.0,1550.0,Expired
1283,448,12,Alex Lopez,2026-03-29,2027-03-28,1630.0,1630.0,Active
1284,449,12,Drew Adams,2023-12-12,2024-12-11,1340.0,1340.0,Expired
1285,449,12,Morgan Foster,2025-02-27,2026-02-26,1400.0,1400.0,Expired
1286,449,12,Drew Jensen,2026-03-12,2027-03-11,1460.0,1460.0,Active
1287,450,12,Avery Diaz,2023-07-27,2024-07-26,900.0,900.0,Expired
1288,450,12,Riley Cruz,2024-08-09,2025-08-08,930.0,930.0,Expired
1289,450,12,Jordan Brooks,2025-08-09,2026-02-08,980.0,980.0,Expired
1290,450,12,Taylor Diaz,2026-05-03,2027-11-02,1040.0,1040.0,Active
1291,451,12,Riley Evans,2023-08-22,2024-08-21,2020.0,2020.0,Expired
1292,451,12,Avery Cruz,2024-10-27,2025-10-26,2100.0,2100.0,Expired
1293,451,12,Jamie Diaz,2025-10-27,2026-10-26,2160.0,2160.0,Active
1294,452,12,Drew Irwin,2023-02-06,2024-02-05,1740.0,1740.0,Expired
1295,452,12,Morgan Evans,2024-02-06,2024-08-05,1830.0,1830.0,Expired
1296,452,12,Sam Gray,2024-08-06,2025-08-05,1940.0,1940.0,Expired
1297,452,12,Jordan Adams,2025-08-06,2026-02-05,2040.0,2040.0,Expired
1298,452,12,Drew Gray,2026-02-06,2027-02-05,2100.0,2100.0,Active
1299,453,12,Sam Irwin,2023-02-08,2024-02-07,1880.0,1880.0,Expired
1300,453,12,Casey Jensen,2024-02-08,2024-08-07,1970.0,1970.0,Expired
1301,453,12,Alex Diaz,2024-08-08,2026-02-07,2040.0,2040.0,Expired
1302,453,12,Alex Diaz,2026-06-19,2027-06-18,2160.0,2160.0,Active
1303,454,12,Reese Adams,2023-04-18,2024-04-17,1490.0,1490.0,Expired
1304,454,12,Jordan Irwin,2024-05-06,2024-11-05,1580.0,1580.0,Expired
1305,454,12,Jamie Foster,2024-11-29,2025-11-28,1670.0,1670.0,Expired
1306,454,12,Quinn Adams,2025-11-29,2026-11-28,1770.0,1770.0,Active
1307,455,12,Taylor Brooks,2023-08-05,2024-08-04,1710.0,1710.0,Expired
1308,455,12,Alex Hayes,2024-08-20,2026-02-19,1830.0,1830.0,Expired
1309,455,12,Riley Lopez,2026-02-20,2027-02-19,1950.0,1950.0,Active
1310,456,12,Taylor Evans,2023-06-17,2024-06-16,1120.0,1120.0,Expired
1311,456,12,Reese Evans,2024-07-18,2026-01-17,1180.0,1180.0,Expired
1312,456,12,Avery Jensen,2026-03-08,2027-09-07,1250.0,1250.0,Active
1313,457,12,Reese Jensen,2023-06-11,2024-06-10,1210.0,1210.0,Expired
1314,457,12,Quinn Adams,2024-06-11,2025-12-10,1270.0,1270.0,Expired
1315,457,12,Avery Foster,2025-12-31,2027-06-29,1340.0,1340.0,Active
1316,458,12,Jamie Foster,2023-10-01,2024-09-30,2000.0,2000.0,Expired
1317,458,12,Drew Hayes,2024-10-24,2026-04-23,2080.0,2080.0,Expired
1318,458,12,Taylor Irwin,2026-04-24,2027-10-23,2170.0,2170.0,Active
1319,459,12,Drew Diaz,2023-09-07,2024-03-06,1950.0,1950.0,Expired
1320,459,12,Jamie Irwin,2024-03-07,2025-09-06,1990.0,1990.0,Expired
1321,459,12,Avery Irwin,2025-12-15,2026-06-14,2120.0,2120.0,Expired
1322,459,12,Jamie Gray,2026-07-11,2027-07-10,2250.0,2250.0,Active
1323,460,12,Quinn Evans,2023-11-15,2024-05-14,1390.0,1390.0,Expired
1324,460,12,Alex Adams,2024-06-24,2025-06-23,1480.0,1480.0,Expired
1325,460,12,Reese Irwin,2025-06-24,2026-06-23,1550.0,1550.0,Expired
1326,461,12,Riley Brooks,2023-02-19,2024-02-18,2150.0,2150.0,Expired
1327,461,12,Morgan Adams,2024-03-12,2025-03-11,2290.0,2290.0,Expired
1328,461,12,Alex Lopez,2025-03-12,2025-09-11,2340.0,2340.0,Expired
1329,461,12,Riley Diaz,2025-10-06,2026-10-05,2420.0,2420.0,Active
1330,462,12,Quinn Foster,2023-06-07,2023-12-06,850.0,850.0,Expired
1331,462,12,Reese Foster,2024-01-06,2025-07-05,870.0,870.0,Expired
1332,462,12,Reese Foster,2025-08-12,2026-08-11,920.0,920.0,Expired
1333,462,12,Quinn Hayes,2026-09-28,2027-09-27,980.0,980.0,Active
1334,463,12,Jordan Irwin,2023-10-14,2025-04-13,1890.0,1890.0,Expired
1335,463,12,Drew Jensen,2025-05-15,2026-05-14,2010.0,2010.0,Expired
1336,463,12,Reese Adams,2026-08-23,2027-08-22,2130.0,2130.0,Active
1337,464,12,Morgan Cruz,2023-11-26,2024-11-25,1790.0,1790.0,Expired
1338,464,12,Alex Brooks,2024-11-26,2025-11-25,1830.0,1830.0,Expired
1339,464,12,Morgan Jensen,2025-11-26,2026-11-25,1870.0,1870.0,Active
1340,465,12,Sam Lopez,2023-04-23,2024-04-22,1670.0,1670.0,Expired
1341,465,12,Riley Jensen,2024-04-23,2025-04-22,1780.0,1780.0,Expired
1342,465,12,Reese Gray,2025-04-23,2026-04-22,1870.0,1870.0,Expired
1343,465,12,Riley Diaz,2026-06-02,2026-12-01,1980.0,1980.0,Active
1344,466,12,Morgan Irwin,2023-05-26,2024-11-25,1210.0,1210.0,Expired
1345,466,12,Casey Evans,2024-11-26,2026-05-25,1270.0,1270.0,Expired
1346,466,12,Jordan Diaz,2026-07-12,2027-07-11,1350.0,1350.0,Active
1347,467,12,Reese Evans,2023-12-21,2024-12-20,1660.0,1660.0,Expired
1348,467,12,Taylor Gray,2024-12-21,2025-06-20,1750.0,1750.0,Expired
1349,467,12,Sam Brooks,2025-06-21,2026-06-20,1790.0,1790.0,Expired
1350,467,12,Avery Gray,2026-07-10,2027-07-09,1840.0,1840.0,Active
1351,468,12,Drew Evans,2023-12-04,2024-12-03,800.0,800.0,Expired
1352,468,12,Riley Klein,2024-12-04,2026-06-03,830.0,830.0,Expired
1353,468,12,Riley Cruz,2026-06-04,2027-06-03,860.0,860.0,Active
1354,469,12,Riley Jensen,2023-02-24,2024-02-23,2070.0,2070.0,Expired
1355,469,12,Casey Hayes,2024-02-24,2025-02-23,2180.0,2180.0,Expired
1356,469,12,Sam Adams,2025-02-24,2026-02-23,2280.0,2280.0,Expired
1357,469,12,Quinn Irwin,2026-04-06,2027-04-05,2370.0,2370.0,Active
1358,470,13,Canal Logistics,2023-12-25,2030-12-24,530.0,530.0,Active
1359,471,13,Union Dental,2023-02-11,2026-02-10,650.0,650.0,Expired
1360,471,13,Foundry Dental,2026-02-11,2031-02-10,680.0,680.0,Active
1361,472,13,River Pharmacy,2023-04-02,2030-04-01,460.0,460.0,Active
1362,473,13,Highline Logistics,2023-10-12,2028-10-11,680.0,680.0,Active
1363,474,13,Crescent Pharmacy,2023-08-01,2028-07-31,460.0,460.0,Active
1364,475,13,Canal Pharmacy,2023-04-01,2028-03-31,940.0,940.0,Active
1365,476,13,Mill Tech,2023-07-15,2026-07-14,730.0,730.0,Expired
1366,476,13,Harbor Tech,2026-07-23,2029-07-22,760.0,760.0,Active
1367,477,13,Harbor Law Group,2023-07-25,2028-07-24,670.0,670.0,Active
1368,478,13,Crescent Law Group,2023-10-11,2026-10-10,380.0,380.0,Active
1369,479,13,Foundry Design Studio,2023-06-18,2026-06-17,350.0,350.0,Expired
1370,479,13,Union Law Group,2026-06-18,2031-06-17,370.0,370.0,Active
1371,480,13,Crescent Dental,2023-04-07,2026-04-06,1580.0,1580.0,Expired
1372,480,13,Orchard Fitness,2026-04-07,2033-04-06,1620.0,1620.0,Active
1373,481,13,Summit Fitness,2023-08-16,2026-08-15,900.0,900.0,Expired
1374,481,13,Highline Design Studio,2026-08-16,2029-08-15,950.0,950.0,Active
1375,482,13,Stone Logistics,2023-08-04,2026-08-03,490.0,490.0,Expired
1376,482,13,Foundry Fitness,2026-09-07,2029-09-06,520.0,520.0,Active
1377,483,13,Lakeview Law Group,2023-05-20,2026-05-19,520.0,520.0,Expired
1378,483,13,Union Fitness,2026-05-20,2031-05-19,550.0,550.0,Active
1379,484,14,Morgan Hayes,2023-02-17,2023-08-16,1550.0,1550.0,Expired
1380,484,14,Reese Irwin,2023-08-28,2024-08-27,1650.0,1650.0,Expired
1381,484,14,Riley Diaz,2025-05-07,2026-11-06,1770.0,1770.0,Active
1382,485,14,Avery Evans,2023-02-12,2024-02-11,710.0,710.0,Expired
1383,485,14,Sam Cruz,2024-08-11,2025-08-10,740.0,740.0,Expired
1384,485,14,Riley Irwin,2025-08-11,2027-02-10,770.0,770.0,Active
1385,486,14,Jamie Diaz,2023-06-21,2023-12-20,2120.0,2120.0,Expired
1386,486,14,Alex Jensen,2023-12-21,2024-12-20,2190.0,2190.0,Expired
1387,486,14,Taylor Diaz,2025-04-22,2026-10-21,2320.0,2320.0,Active
1388,487,14,Avery Lopez,2023-05-06,2024-05-05,1340.0,1340.0,Expired
1389,487,14,Quinn Foster,2024-05-06,2025-05-05,1400.0,1400.0,Expired
1390,487,14,Morgan Klein,2025-09-12,2026-09-11,1480.0,1480.0,Expired
1391,488,14,Sam Evans,2023-06-28,2024-06-27,950.0,950.0,Expired
1392,488,14,Jamie Hayes,2025-07-20,2026-07-19,990.0,990.0,Expired
1393,488,14,Quinn Hayes,2026-07-20,2027-07-19,1030.0,1030.0,Active
1394,489,14,Quinn Diaz,2023-05-11,2024-11-10,2150.0,2150.0,Expired
1395,489,14,Morgan Klein,2024-11-11,2025-05-10,2220.0,2220.0,Expired
1396,489,14,Drew Klein,2025-06-20,2025-12-19,2370.0,2370.0,Expired
1397,489,14,Taylor Klein,2025-12-20,2027-06-19,2440.0,2440.0,Active
1398,490,14,Reese Foster,2023-06-07,2024-06-06,2220.0,2220.0,Expired
1399,490,14,Alex Brooks,2024-06-07,2025-06-06,2350.0,2350.0,Expired
1400,490,14,Reese Foster,2025-09-06,2026-03-05,2430.0,2430.0,Expired
1401,490,14,Taylor Jensen,2026-05-14,2027-05-13,2490.0,2490.0,Active
1402,491,14,Jamie Klein,2023-09-24,2024-03-23,600.0,600.0,Expired
1403,491,14,Avery Foster,2024-05-18,2025-05-17,640.0,640.0,Expired
1404,491,14,Quinn Diaz,2025-05-18,2026-11-17,670.0,670.0,Active
1405,492,14,Avery Cruz,2023-02-22,2024-02-21,1510.0,1510.0,Expired
1406,492,14,Jordan Hayes,2024-02-22,2025-02-21,1580.0,1580.0,Expired
1407,492,14,Sam Foster,2025-02-22,2026-02-21,1650.0,1650.0,Expired
1408,492,14,Sam Diaz,2026-02-22,2026-08-21,1710.0,1710.0,Expired
1409,492,14,Reese Brooks,2026-08-22,2027-08-21,1800.0,1800.0,Active
1410,493,14,Jordan Klein,2023-10-04,2024-10-03,2050.0,2050.0,Expired
1411,493,14,Quinn Adams,2025-02-05,2026-02-04,2100.0,2100.0,Expired
1412,493,14,Reese Cruz,2026-03-17,2026-09-16,2210.0,2210.0,Expired
1413,494,14,Jordan Lopez,2023-03-25,2023-09-24,1640.0,1640.0,Expired
1414,494,14,Avery Adams,2023-09-25,2024-09-24,1710.0,1710.0,Expired
1415,494,14,Sam Lopez,2024-09-25,2025-09-24,1800.0,1800.0,Expired
1416,494,14,Jamie Gray,2026-01-29,2027-07-28,1910.0,1910.0,Active
1417,495,14,Sam Jensen,2023-10-26,2025-04-25,1410.0,1410.0,Expired
1418,495,14,Jordan Foster,2025-04-26,2026-04-25,1510.0,1510.0,Expired
1419,495,14,Morgan Diaz,2026-04-26,2027-10-25,1600.0,1600.0,Active
1420,496,14,Jordan Lopez,2023-12-13,2024-12-12,1540.0,1540.0,Expired
1421,496,14,Taylor Lopez,2024-12-13,2026-06-12,1620.0,1620.0,Expired
1422,496,14,Alex Adams,2026-06-13,2027-06-12,1650.0,1650.0,Active
1423,497,14,Casey Klein,2023-07-09,2024-01-08,1530.0,1530.0,Expired
1424,497,14,Riley Klein,2024-02-10,2024-08-09,1610.0,1610.0,Expired
1425,497,14,Alex Gray,2024-08-10,2025-08-09,1720.0,1720.0,Expired
1426,497,14,Riley Lopez,2025-08-10,2027-02-09,1810.0,1810.0,Active
1427,498,14,Reese Diaz,2023-06-16,2024-06-15,1110.0,1110.0,Expired
1428,498,14,Jordan Foster,2024-08-17,2025-08-16,1160.0,1160.0,Expired
1429,498,14,Avery Evans,2025-08-17,2026-02-16,1230.0,1230.0,Expired
1430,498,14,Reese Brooks,2026-02-17,2027-02-16,1270.0,1270.0,Active
1431,499,14,Jordan Lopez,2023-04-26,2024-04-25,1240.0,1240.0,Expired
1432,499,14,Alex Evans,2024-04-26,2025-04-25,1260.0,1260.0,Expired
1433,499,14,Jordan Jensen,2025-07-01,2026-06-30,1320.0,1320.0,Expired
1434,499,14,Sam Foster,2026-07-01,2026-12-31,1420.0,1420.0,Active
1435,500,14,Sam Lopez,2023-07-03,2025-01-02,780.0,780.0,Expired
1436,500,14,Taylor Brooks,2025-01-03,2026-01-02,840.0,840.0,Expired
1437,500,14,Reese Foster,2026-02-16,2027-08-15,890.0,890.0,Active
1438,501,14,Drew Diaz,2023-04-17,2024-04-16,1050.0,1050.0,Expired
1439,501,14,Jamie Jensen,2024-04-17,2025-04-16,1090.0,1090.0,Expired
1440,501,14,Avery Lopez,2025-04-17,2025-10-16,1140.0,1140.0,Expired
1441,501,14,Riley Diaz,2025-12-03,2026-12-02,1180.0,1180.0,Active
1442,502,14,Quinn Diaz,2023-03-13,2024-03-12,1050.0,1050.0,Expired
1443,502,14,Taylor Hayes,2024-06-21,2025-06-20,1070.0,1070.0,Expired
1444,502,14,Jordan Foster,2025-12-07,2026-12-06,1090.0,1090.0,Active
1445,503,14,Reese Adams,2023-04-16,2024-10-15,1570.0,1570.0,Expired
1446,503,14,Taylor Jensen,2024-12-08,2025-12-07,1670.0,1670.0,Expired
1447,503,14,Alex Brooks,2026-06-15,2027-06-14,1760.0,1760.0,Active
1448,504,14,Taylor Adams,2023-05-19,2024-11-18,1740.0,1740.0,Expired
1449,504,14,Riley Lopez,2024-11-19,2025-05-18,1820.0,1820.0,Expired
1450,504,14,Alex Evans,2025-11-04,2026-11-03,1930.0,1930.0,Active
1451,505,14,Drew Gray,2023-12-24,2025-06-23,2090.0,2090.0,Expired
1452,505,14,Avery Brooks,2025-06-24,2026-06-23,2150.0,2150.0,Expired
1453,505,14,Reese Irwin,2026-07-31,2027-07-30,2220.0,2220.0,Active
1454,506,14,Jordan Diaz,2023-11-26,2024-11-25,1630.0,1630.0,Expired
1455,506,14,Sam Diaz,2025-01-01,2026-06-30,1740.0,1740.0,Expired
1456,506,14,Jamie Klein,2026-07-01,2026-12-31,1820.0,1820.0,Active
1457,507,14,Alex Evans,2023-08-10,2024-08-09,1630.0,1630.0,Expired
1458,507,14,Reese Evans,2025-03-11,2026-09-10,1730.0,1730.0,Expired
1459,507,14,Casey Cruz,2026-09-11,2027-09-10,1850.0,1850.0,Active
1460,508,14,Avery Adams,2023-10-04,2024-10-03,1190.0,1190.0,Expired
1461,508,14,Reese Foster,2024-10-04,2025-04-03,1270.0,1270.0,Expired
1462,508,14,Drew Irwin,2025-04-04,2025-10-03,1330.0,1330.0,Expired
1463,508,14,Alex Klein,2025-12-22,2027-06-21,1380.0,1380.0,Active
1464,509,14,Morgan Hayes,2023-09-07,2024-09-06,1120.0,1120.0,Expired
1465,509,14,Jordan Foster,2025-03-31,2026-03-30,1170.0,1170.0,Expired
1466,510,14,Reese Lopez,2023-02-26,2024-02-25,770.0,770.0,Expired
1467,510,14,Drew Evans,2024-02-26,2025-02-25,800.0,800.0,Expired
1468,510,14,Reese Diaz,2025-07-02,2026-01-01,820.0,820.0,Expired
1469,510,14,Casey Hayes,2026-01-02,2027-01-01,840.0,840.0,Active
1470,511,14,Drew Hayes,2023-08-05,2025-02-04,1840.0,1840.0,Expired
1471,511,14,Taylor Lopez,2025-02-05,2026-08-04,1950.0,1950.0,Expired
1472,512,14,Quinn Jensen,2023-07-20,2024-01-19,2410.0,2410.0,Expired
1473,512,14,Avery Adams,2024-07-06,2025-07-05,2570.0,2570.0,Expired
1474,512,14,Quinn Klein,2025-07-06,2026-01-05,2670.0,2670.0,Expired
1475,512,14,Casey Diaz,2026-05-29,2026-11-28,2720.0,2720.0,Active
1476,513,14,Sam Evans,2023-08-07,2024-08-06,1160.0,1160.0,Expired
1477,513,14,Quinn Irwin,2024-08-07,2026-02-06,1210.0,1210.0,Expired
1478,513,14,Reese Jensen,2026-04-03,2026-10-02,1290.0,1290.0,Active
1479,514,14,Alex Evans,2023-08-25,2024-08-24,1610.0,1610.0,Expired
1480,514,14,Jordan Diaz,2024-12-05,2025-12-04,1690.0,1690.0,Expired
1481,514,14,Casey Foster,2026-06-21,2027-06-20,1800.0,1800.0,Active
1482,515,14,Alex Foster,2023-07-23,2024-07-22,1660.0,1660.0,Expired
1483,515,14,Jamie Brooks,2025-02-28,2026-02-27,1730.0,1730.0,Expired
1484,515,14,Alex Brooks,2026-02-28,2027-02-27,1820.0,1820.0,Active
1485,516,14,Jordan Brooks,2023-12-22,2024-12-21,990.0,990.0,Expired
1486,516,14,Taylor Klein,2025-06-04,2026-06-03,1040.0,1040.0,Expired
1487,517,14,Drew Brooks,2023-10-07,2024-04-06,1980.0,1980.0,Expired
1488,517,14,Sam Evans,2024-07-06,2026-01-05,2040.0,2040.0,Expired
1489,517,14,Riley Irwin,2026-01-06,2026-07-05,2100.0,2100.0,Expired
1490,517,14,Sam Evans,2026-07-06,2028-01-05,2220.0,2220.0,Active
1491,518,14,Drew Lopez,2023-10-23,2024-10-22,1180.0,1180.0,Expired
1492,518,14,Drew Cruz,2025-03-07,2026-03-06,1250.0,1250.0,Expired
1493,519,14,Quinn Jensen,2023-09-05,2024-09-04,1080.0,1080.0,Expired
1494,519,14,Alex Adams,2024-10-30,2025-10-29,1120.0,1120.0,Expired
1495,519,14,Jamie Hayes,2025-10-30,2027-04-29,1200.0,1200.0,Active
1496,520,14,Riley Evans,2023-12-06,2025-06-05,2070.0,2070.0,Expired
1497,520,14,Alex Cruz,2025-06-06,2026-06-05,2200.0,2200.0,Expired
1498,521,14,Sam Foster,2023-03-25,2023-09-24,1260.0,1260.0,Expired
1499,521,14,Drew Foster,2023-09-25,2025-03-24,1290.0,1290.0,Expired
1500,521,14,Morgan Brooks,2025-03-25,2026-03-24,1350.0,1350.0,Expired
1501,521,14,Taylor Cruz,2026-04-20,2027-04-19,1380.0,1380.0,Active
1502,522,14,Jordan Lopez,2023-06-13,2023-12-12,1220.0,1220.0,Expired
1503,522,14,Jordan Adams,2023-12-13,2024-06-12,1280.0,1280.0,Expired
1504,522,14,Casey Klein,2024-06-13,2025-06-12,1330.0,1330.0,Expired
1505,522,14,Drew Lopez,2025-06-13,2026-06-12,1370.0,1370.0,Expired
1506,523,14,Reese Brooks,2023-12-22,2024-06-21,1580.0,1580.0,Expired
1507,523,14,Morgan Adams,2024-06-22,2025-06-21,1650.0,1650.0,Expired
1508,523,14,Riley Foster,2025-09-21,2026-09-20,1710.0,1710.0,Expired
1509,523,14,Riley Foster,2026-09-21,2027-09-20,1790.0,1790.0,Active
1510,524,14,Jordan Foster,2023-05-07,2024-05-06,1110.0,1110.0,Expired
1511,524,14,Avery Evans,2024-12-07,2025-12-06,1170.0,1170.0,Expired
1512,524,14,Quinn Gray,2026-02-03,2027-02-02,1220.0,1220.0,Active
1513,525,14,Riley Adams,2023-08-12,2024-08-11,1170.0,1170.0,Expired
1514,525,14,Jamie Evans,2024-08-12,2026-02-11,1230.0,1230.0,Expired
1515,525,14,Reese Foster,2026-02-12,2026-08-11,1290.0,1290.0,Expired
1516,526,14,Sam Cruz,2023-08-22,2024-08-21,1120.0,1120.0,Expired
1517,526,14,Alex Diaz,2025-03-11,2025-09-10,1150.0,1150.0,Expired
1518,526,14,Drew Lopez,2025-09-11,2026-09-10,1190.0,1190.0,Expired
1519,526,14,Avery Lopez,2026-09-11,2027-09-10,1240.0,1240.0,Active
1520,527,14,Casey Brooks,2023-05-11,2024-11-10,1330.0,1330.0,Expired
1521,527,14,Jordan Lopez,2024-11-11,2025-05-10,1370.0,1370.0,Expired
1522,527,14,Taylor Klein,2025-05-11,2026-05-10,1450.0,1450.0,Expired
1523,527,14,Jamie Adams,2026-06-08,2027-06-07,1490.0,1490.0,Active
1524,528,14,Drew Irwin,2023-06-12,2023-12-11,750.0,750.0,Expired
1525,528,14,Quinn Gray,2023-12-12,2024-12-11,770.0,770.0,Expired
1526,528,14,Sam Evans,2025-04-03,2026-04-02,810.0,810.0,Expired
1527,528,14,Taylor Diaz,2026-04-03,2027-10-02,830.0,830.0,Active
1528,529,14,Jamie Gray,2023-12-27,2024-12-26,1350.0,1350.0,Expired
1529,529,14,Jordan Diaz,2024-12-27,2025-06-26,1400.0,1400.0,Expired
1530,529,14,Reese Adams,2025-06-27,2026-06-26,1430.0,1430.0,Expired
1531,529,14,Riley Diaz,2026-09-22,2028-03-21,1500.0,1500.0,Active
1532,530,14,Sam Evans,2023-10-04,2024-10-03,1260.0,1260.0,Expired
1533,530,14,Jordan Jensen,2024-10-04,2025-10-03,1330.0,1330.0,Expired
1534,530,14,Sam Adams,2026-03-20,2027-03-19,1380.0,1380.0,Active
1535,531,14,Jamie Adams,2023-06-30,2024-06-29,1620.0,1620.0,Expired
1536,531,14,Casey Irwin,2025-03-30,2026-09-29,1680.0,1680.0,Expired
1537,532,15,Taylor Klein,2023-03-08,2023-09-07,1030.0,1030.0,Expired
1538,532,15,Casey Klein,2023-10-31,2024-10-30,1070.0,1070.0,Expired
1539,532,15,Drew Adams,2024-12-17,2025-12-16,1100.0,1100.0,Expired
1540,532,15,Riley Lopez,2026-01-21,2027-01-20,1130.0,1130.0,Active
1541,533,15,Jamie Gray,2023-03-06,2024-03-05,1300.0,1300.0,Expired
1542,533,15,Taylor Lopez,2024-03-19,2024-09-18,1380.0,1380.0,Expired
1543,533,15,Casey Adams,2024-10-04,2025-04-03,1450.0,1450.0,Expired
1544,533,15,Sam Jensen,2025-04-04,2026-04-03,1530.0,1530.0,Expired
1545,533,15,Jordan Klein,2026-04-04,2027-10-03,1600.0,1600.0,Active
1546,534,15,Avery Jensen,2023-08-21,2024-08-20,1330.0,1330.0,Expired
1547,534,15,Jamie Adams,2024-08-21,2025-08-20,1390.0,1390.0,Expired
1548,534,15,Drew Klein,2025-08-21,2026-08-20,1480.0,1480.0,Expired
1549,534,15,Casey Irwin,2026-08-21,2027-02-20,1570.0,1570.0,Active
1550,535,15,Riley Lopez,2023-03-08,2023-09-07,950.0,950.0,Expired
1551,535,15,Quinn Diaz,2023-10-28,2024-10-27,1000.0,1000.0,Expired
1552,535,15,Reese Adams,2024-12-11,2025-06-10,1050.0,1050.0,Expired
1553,535,15,Casey Brooks,2025-06-11,2026-06-10,1080.0,1080.0,Expired
1554,535,15,Alex Gray,2026-06-11,2026-12-10,1160.0,1160.0,Active
1555,536,15,Riley Gray,2023-07-24,2024-07-23,1850.0,1850.0,Expired
1556,536,15,Taylor Cruz,2024-11-09,2025-11-08,1920.0,1920.0,Expired
1557,536,15,Taylor Brooks,2025-11-09,2026-11-08,2050.0,2050.0,Active
1558,537,15,Avery Evans,2023-11-27,2025-05-26,1550.0,1550.0,Expired
1559,537,15,Drew Cruz,2025-05-27,2026-05-26,1610.0,1610.0,Expired
1560,537,15,Jamie Irwin,2026-07-27,2028-01-26,1710.0,1710.0,Active
1561,538,15,Reese Adams,2023-03-13,2024-03-12,1100.0,1100.0,Expired
1562,538,15,Jamie Hayes,2024-03-13,2024-09-12,1120.0,1120.0,Expired
1563,538,15,Morgan Gray,2024-10-14,2025-10-13,1160.0,1160.0,Expired
1564,538,15,Taylor Klein,2025-10-14,2026-04-13,1220.0,1220.0,Expired
1565,538,15,Morgan Cruz,2026-05-19,2027-11-18,1270.0,1270.0,Active
1566,539,15,Drew Klein,2023-02-17,2024-02-16,1210.0,1210.0,Expired
1567,539,15,Morgan Brooks,2024-02-17,2025-08-16,1260.0,1260.0,Expired
1568,539,15,Taylor Foster,2025-09-02,2026-09-01,1300.0,1300.0,Expired
1569,539,15,Jordan Klein,2026-09-23,2027-09-22,1350.0,1350.0,Active
1570,540,15,Drew Evans,2023-06-08,2024-12-07,1140.0,1140.0,Expired
1571,540,15,Reese Irwin,2025-03-04,2026-03-03,1200.0,1200.0,Expired
1572,540,15,Taylor Gray,2026-03-04,2027-03-03,1240.0,1240.0,Active
1573,541,15,Riley Jensen,2023-10-02,2024-10-01,1100.0,1100.0,Expired
1574,541,15,Morgan Diaz,2024-10-02,2025-10-01,1160.0,1160.0,Expired
1575,541,15,Taylor Hayes,2025-11-16,2026-05-15,1230.0,1230.0,Expired
1576,541,15,Jamie Lopez,2026-06-18,2026-12-17,1270.0,1270.0,Active
1577,542,15,Jamie Foster,2023-07-02,2024-01-01,1540.0,1540.0,Expired
1578,542,15,Casey Klein,2024-01-02,2025-01-01,1610.0,1610.0,Expired
1579,542,15,Alex Lopez,2025-01-13,2026-01-12,1670.0,1670.0,Expired
1580,542,15,Quinn Klein,2026-01-29,2027-01-28,1770.0,1770.0,Active
1581,543,15,Jordan Diaz,2023-03-16,2024-03-15,1300.0,1300.0,Expired
1582,543,15,Jordan Jensen,2024-03-16,2025-03-15,1370.0,1370.0,Expired
1583,543,15,Riley Hayes,2025-03-16,2026-03-15,1430.0,1430.0,Expired
1584,543,15,Avery Foster,2026-03-16,2027-03-15,1460.0,1460.0,Active
1585,544,15,Jordan Diaz,2023-09-23,2024-03-22,760.0,760.0,Expired
1586,544,15,Jordan Jensen,2024-04-14,2024-10-13,780.0,780.0,Expired
1587,544,15,Reese Gray,2024-12-21,2025-06-20,820.0,820.0,Expired
1588,544,15,Alex Hayes,2025-08-11,2026-08-10,840.0,840.0,Expired
1589,545,15,Quinn Lopez,2023-07-19,2024-07-18,1510.0,1510.0,Expired
1590,545,15,Avery Gray,2024-07-25,2025-07-24,1600.0,1600.0,Expired
1591,545,15,Jamie Klein,2025-10-07,2027-04-06,1640.0,1640.0,Active
1592,546,15,Casey Klein,2023-02-16,2023-08-15,950.0,950.0,Expired
1593,546,15,Riley Cruz,2023-10-09,2024-10-08,990.0,990.0,Expired
1594,546,15,Drew Cruz,2024-10-09,2025-10-08,1010.0,1010.0,Expired
1595,546,15,Jamie Gray,2025-11-12,2026-11-11,1070.0,1070.0,Active
1596,547,15,Taylor Irwin,2023-10-26,2024-10-25,1420.0,1420.0,Expired
1597,547,15,Jordan Lopez,2024-11-12,2026-05-11,1450.0,1450.0,Expired
1598,547,15,Jordan Evans,2026-06-01,2027-05-31,1520.0,1520.0,Active
1599,548,15,Taylor Adams,2023-07-14,2024-01-13,1580.0,1580.0,Expired
1600,548,15,Reese Diaz,2024-01-14,2025-01-13,1680.0,1680.0,Expired
1601,548,15,Sam Foster,2025-02-09,2026-02-08,1760.0,1760.0,Expired
1602,548,15,Morgan Foster,2026-02-09,2027-02-08,1840.0,1840.0,Active
1603,549,15,Taylor Diaz,2023-07-17,2024-01-16,1550.0,1550.0,Expired
1604,549,15,Casey Foster,2024-01-17,2025-07-16,1620.0,1620.0,Expired
1605,549,15,Morgan Klein,2025-07-17,2026-07-16,1690.0,1690.0,Expired
1606,549,15,Drew Evans,2026-08-13,2027-02-12,1810.0,1810.0,Active
1607,550,15,Drew Foster,2023-12-21,2024-12-20,1230.0,1230.0,Expired
1608,550,15,Reese Irwin,2025-01-12,2025-07-11,1310.0,1310.0,Expired
1609,550,15,Reese Hayes,2025-09-13,2026-09-12,1370.0,1370.0,Expired
1610,551,15,Quinn Cruz,2023-07-19,2024-01-18,1260.0,1260.0,Expired
1611,551,15,Jordan Diaz,2024-01-19,2025-01-18,1310.0,1310.0,Expired
1612,551,15,Quinn Foster,2025-04-17,2026-10-16,1380.0,1380.0,Active
1613,552,15,Casey Hayes,2023-03-09,2023-09-08,970.0,970.0,Expired
1614,552,15,Alex Jensen,2023-09-09,2024-09-08,1020.0,1020.0,Expired
1615,552,15,Alex Diaz,2024-09-09,2025-09-08,1050.0,1050.0,Expired
1616,552,15,Avery Klein,2025-09-09,2026-09-08,1090.0,1090.0,Expired
1617,552,15,Casey Jensen,2026-09-09,2027-09-08,1120.0,1120.0,Active
1618,553,15,Jordan Foster,2023-05-29,2024-05-28,1190.0,1190.0,Expired
1619,553,15,Jordan Jensen,2024-05-29,2024-11-28,1270.0,1270.0,Expired
1620,553,15,Morgan Diaz,2024-11-29,2025-05-28,1330.0,1330.0,Expired
1621,553,15,Drew Foster,2025-08-06,2026-08-05,1420.0,1420.0,Expired
1622,553,15,Avery Foster,2026-08-06,2027-02-05,1470.0,1470.0,Active
1623,554,15,Riley Hayes,2023-02-14,2024-02-13,2090.0,2090.0,Expired
1624,554,15,Morgan Hayes,2024-06-07,2025-06-06,2170.0,2170.0,Expired
1625,554,15,Jordan Gray,2025-06-07,2026-12-06,2310.0,2310.0,Active
1626,555,15,Quinn Jensen,2023-08-18,2024-08-17,1850.0,1850.0,Expired
1627,555,15,Reese Adams,2024-08-18,2026-02-17,1970.0,1970.0,Expired
1628,555,15,Drew Cruz,2026-04-09,2026-10-08,2080.0,2080.0,Active
1629,556,15,Casey Evans,2023-08-07,2024-08-06,1160.0,1160.0,Expired
1630,556,15,Jordan Jensen,2024-08-09,2025-08-08,1240.0,1240.0,Expired
1631,556,15,Quinn Adams,2025-08-09,2026-08-08,1290.0,1290.0,Expired
1632,556,15,Quinn Foster,2026-08-09,2027-02-08,1350.0,1350.0,Active
1633,557,15,Jamie Evans,2023-12-08,2025-06-07,1100.0,1100.0,Expired
1634,557,15,Reese Foster,2025-06-19,2026-06-18,1150.0,1150.0,Expired
1635,557,15,Riley Diaz,2026-06-19,2027-06-18,1180.0,1180.0,Active
1636,558,15,Alex Adams,2023-07-04,2024-01-03,1740.0,1740.0,Expired
1637,558,15,Sam Foster,2024-01-04,2025-07-03,1850.0,1850.0,Expired
1638,558,15,Sam Diaz,2025-07-04,2026-07-03,1950.0,1950.0,Expired
1639,558,15,Drew Adams,2026-07-04,2027-01-03,2090.0,2090.0,Active
1640,559,15,Morgan Gray,2023-02-10,2024-08-09,2160.0,2160.0,Expired
1641,559,15,Alex Hayes,2024-08-10,2025-08-09,2260.0,2260.0,Expired
1642,559,15,Alex Cruz,2025-08-10,2026-08-09,2350.0,2350.0,Expired
1643,559,15,Alex Brooks,2026-08-28,2027-08-27,2450.0,2450.0,Active
1644,560,15,Sam Hayes,2023-02-13,2024-02-12,1070.0,1070.0,Expired
1645,560,15,Morgan Klein,2024-02-13,2025-02-12,1100.0,1100.0,Expired
1646,560,15,Quinn Irwin,2025-03-18,2026-03-17,1160.0,1160.0,Expired
1647,560,15,Riley Gray,2026-04-26,2027-10-25,1230.0,1230.0,Active
1648,561,15,Alex Evans,2023-08-29,2024-08-28,1620.0,1620.0,Expired
1649,561,15,Casey Evans,2024-08-29,2025-08-28,1660.0,1660.0,Expired
1650,561,15,Reese Diaz,2025-08-29,2026-08-28,1710.0,1710.0,Expired
1651,561,15,Drew Gray,2026-09-07,2027-09-06,1770.0,1770.0,Active
1652,562,15,Avery Diaz,2023-09-18,2024-09-17,1000.0,1000.0,Expired
1653,562,15,Sam Evans,2024-09-18,2025-09-17,1050.0,1050.0,Expired
1654,562,15,Sam Hayes,2025-09-18,2026-09-17,1070.0,1070.0,Expired
1655,562,15,Casey Lopez,2026-09-18,2027-03-17,1140.0,1140.0,Active
1656,563,15,Jordan Gray,2023-07-23,2025-01-22,1360.0,1360.0,Expired
1657,563,15,Casey Hayes,2025-01-23,2025-07-22,1450.0,1450.0,Expired
1658,563,15,Sam Foster,2025-07-23,2026-07-22,1490.0,1490.0,Expired
1659,563,15,Jamie Cruz,2026-09-02,2027-03-01,1560.0,1560.0,Active
1660,564,15,Jamie Gray,2023-11-01,2025-04-30,1010.0,1010.0,Expired
1661,564,15,Drew Diaz,2025-06-13,2026-06-12,1070.0,1070.0,Expired
1662,564,15,Jamie Cruz,2026-06-13,2027-12-12,1100.0,1100.0,Active
1663,565,15,Morgan Foster,2023-04-19,2023-10-18,1140.0,1140.0,Expired
1664,565,15,Avery Evans,2023-12-15,2024-12-14,1200.0,1200.0,Expired
1665,565,15,Drew Lopez,2024-12-20,2025-12-19,1280.0,1280.0,Expired
1666,565,15,Reese Brooks,2025-12-20,2026-06-19,1370.0,1370.0,Expired
1667,565,15,Jamie Jensen,2026-06-20,2027-12-19,1460.0,1460.0,Active
1668,566,15,Taylor Diaz,2023-08-15,2025-02-14,780.0,780.0,Expired
1669,566,15,Reese Klein,2025-02-15,2026-02-14,820.0,820.0,Expired
1670,566,15,Riley Adams,2026-02-15,2027-02-14,870.0,870.0,Active
1671,567,15,Morgan Evans,2023-06-26,2024-06-25,1820.0,1820.0,Expired
1672,567,15,Jordan Irwin,2024-06-26,2025-06-25,1920.0,1920.0,Expired
1673,567,15,Quinn Irwin,2025-08-05,2027-02-04,1970.0,1970.0,Active
1674,568,15,Casey Diaz,2023-11-10,2024-11-09,1170.0,1170.0,Expired
1675,568,15,Drew Diaz,2024-12-23,2026-06-22,1200.0,1200.0,Expired
1676,568,15,Drew Jensen,2026-06-23,2027-06-22,1260.0,1260.0,Active
1677,569,15,Casey Hayes,2023-06-28,2024-12-27,2040.0,2040.0,Expired
1678,569,15,Riley Brooks,2024-12-28,2025-12-27,2100.0,2100.0,Expired
1679,569,15,Quinn Foster,2025-12-28,2026-12-27,2240.0,2240.0,Active
1680,570,15,Riley Hayes,2023-05-05,2023-11-04,1580.0,1580.0,Expired
1681,570,15,Riley Foster,2023-11-30,2024-11-29,1640.0,1640.0,Expired
1682,570,15,Drew Brooks,2025-01-23,2026-01-22,1680.0,1680.0,Expired
1683,570,15,Riley Foster,2026-01-23,2027-07-22,1780.0,1780.0,Active
1684,571,15,Casey Brooks,2023-10-26,2024-04-25,1520.0,1520.0,Expired
1685,571,15,Sam Diaz,2024-04-26,2024-10-25,1590.0,1590.0,Expired
1686,571,15,Jamie Brooks,2024-11-16,2025-05-15,1690.0,1690.0,Expired
1687,571,15,Jordan Cruz,2025-06-22,2026-12-21,1810.0,1810.0,Active
1688,572,15,Reese Cruz,2023-06-27,2024-06-26,1190.0,1190.0,Expired
1689,572,15,Drew Lopez,2024-06-27,2025-06-26,1230.0,1230.0,Expired
1690,572,15,Riley Cruz,2025-06-27,2026-06-26,1290.0,1290.0,Expired
1691,573,15,Alex Adams,2023-04-10,2023-10-09,1220.0,1220.0,Expired
1692,573,15,Alex Jensen,2023-11-04,2024-11-03,1260.0,1260.0,Expired
1693,573,15,Riley Jensen,2024-11-28,2025-11-27,1310.0,1310.0,Expired
1694,573,15,Morgan Jensen,2026-01-12,2027-01-11,1350.0,1350.0,Active
1695,574,15,Jamie Hayes,2023-06-30,2023-12-29,780.0,780.0,Expired
1696,574,15,Quinn Cruz,2023-12-30,2024-12-29,830.0,830.0,Expired
1697,574,15,Jordan Klein,2024-12-30,2025-12-29,870.0,870.0,Expired
1698,574,15,Reese Lopez,2026-01-13,2027-01-12,900.0,900.0,Active
1699,575,15,Riley Brooks,2023-04-27,2024-04-26,1210.0,1210.0,Expired
1700,575,15,Quinn Irwin,2024-07-16,2025-07-15,1260.0,1260.0,Expired
1701,575,15,Jordan Jensen,2025-07-16,2026-01-15,1310.0,1310.0,Expired
1702,575,15,Jamie Klein,2026-01-16,2026-07-15,1380.0,1380.0,Expired
1703,575,15,Avery Cruz,2026-07-16,2027-07-15,1450.0,1450.0,Active
1704,576,15,Reese Foster,2023-10-16,2024-10-15,1600.0,1600.0,Expired
1705,576,15,Riley Lopez,2024-10-16,2025-10-15,1680.0,1680.0,Expired
1706,576,15,Jamie Hayes,2025-10-16,2026-10-15,1760.0,1760.0,Active
1707,577,16,River Fitness,2023-09-01,2028-08-31,1090.0,1090.0,Active
1708,578,16,Mill Coffee,2023-04-30,2028-04-29,690.0,690.0,Active
1709,579,16,Cedar Law Group,2023-09-17,2030-09-16,600.0,600.0,Active
1710,580,16,Crescent Pharmacy,2023-06-10,2030-06-09,360.0,360.0,Active
1711,581,16,Summit Fitness,2023-04-09,2028-04-08,1100.0,1100.0,Active
1712,582,16,Union Coffee,2023-04-22,2030-04-21,380.0,380.0,Active
1713,583,16,Union Design Studio,2023-07-25,2030-07-24,560.0,560.0,Active
1714,584,16,Maple Coffee,2023-03-11,2030-03-10,500.0,500.0,Active
1715,585,16,Park Fitness,2023-09-20,2030-09-19,480.0,480.0,Active
1716,586,16,Maple Logistics,2023-08-26,2028-08-25,370.0,370.0,Active
1717,587,16,Maple Law Group,2023-07-20,2028-07-19,620.0,620.0,Active
1718,588,16,Harbor Logistics,2023-03-20,2028-03-19,1160.0,1160.0,Active
1719,589,16,Union Consulting,2023-06-27,2026-06-26,610.0,610.0,Expired
1720,589,16,Union Law Group,2026-09-10,2029-09-09,640.0,640.0,Active
1721,590,16,Arbor Pharmacy,2023-04-15,2026-04-14,920.0,920.0,Expired
1722,590,16,Arbor Fitness,2026-04-15,2029-04-14,950.0,950.0,Active
1723,591,16,Park Coffee,2023-12-30,2026-12-29,900.0,900.0,Active
1724,592,16,Highline Fitness,2023-12-02,2030-12-01,1050.0,1050.0,Active
1725,593,16,Mill Bakery,2023-06-22,2026-06-21,470.0,470.0,Expired
1726,593,16,Stone Pharmacy,2026-06-22,2033-06-21,500.0,500.0,Active
1727,594,16,Mill Coffee,2023-07-15,2030-07-14,500.0,500.0,Active
1728,595,17,Mill Pharmacy,2023-05-04,2028-05-03,890.0,890.0,Active
1729,596,17,Highline Pharmacy,2023-12-09,2026-12-08,440.0,440.0,Active
1730,597,17,Summit Pharmacy,2023-10-07,2028-10-06,620.0,620.0,Active
1731,598,17,Park Bakery,2023-06-03,2030-06-02,570.0,570.0,Active
1732,599,17,Canal Coffee,2023-07-13,2030-07-12,480.0,480.0,Active
1733,600,17,Harbor Consulting,2023-08-19,2026-08-18,1090.0,1090.0,Expired
1734,600,17,River Tech,2026-08-19,2029-08-18,1120.0,1120.0,Active
1735,601,17,Mill Bakery,2023-12-10,2028-12-09,1430.0,1430.0,Active
1736,602,17,Canal Consulting,2023-04-29,2028-04-28,570.0,570.0,Active
1737,603,17,Cedar Tech,2023-05-11,2028-05-10,1490.0,1490.0,Active
1738,604,17,Union Design Studio,2023-10-04,2030-10-03,740.0,740.0,Active
1739,605,17,Arbor Pharmacy,2023-04-03,2026-04-02,320.0,320.0,Expired
1740,605,17,Highline Pharmacy,2026-05-23,2031-05-22,350.0,350.0,Active
1741,606,17,Lakeview Bakery,2023-05-19,2030-05-18,740.0,740.0,Active
1742,607,17,Park Dental,2023-11-08,2026-11-07,520.0,520.0,Active
1743,608,17,Maple Fitness,2023-07-11,2026-07-10,740.0,740.0,Expired
1744,608,17,Harbor Dental,2026-07-11,2033-07-10,770.0,770.0,Active
1745,609,18,Harbor Consulting,2023-08-15,2028-08-14,940.0,940.0,Active
1746,610,18,Orchard Consulting,2023-09-13,2026-09-12,840.0,840.0,Expired
1747,610,18,Harbor Dental,2026-09-13,2029-09-12,890.0,890.0,Active
1748,611,18,Mill Consulting,2023-02-22,2030-02-21,830.0,830.0,Active
1749,612,18,Canal Design Studio,2023-12-21,2028-12-20,360.0,360.0,Active
1750,613,18,River Design Studio,2023-08-25,2030-08-24,330.0,330.0,Active
1751,614,18,Highline Bakery,2023-05-08,2028-05-07,590.0,590.0,Active
1752,615,18,Arbor Law Group,2023-06-29,2028-06-28,360.0,360.0,Active
1753,616,18,Lakeview Fitness,2023-11-22,2026-11-21,360.0,360.0,Active
1754,617,18,Canal Logistics,2023-11-07,2030-11-06,420.0,420.0,Active
1755,618,18,Summit Fitness,2023-04-14,2030-04-13,510.0,510.0,Active
1756,619,18,Park Logistics,2023-07-31,2028-07-30,520.0,520.0,Active
1757,620,18,Grand Coffee,2023-12-20,2028-12-19,310.0,310.0,Active
1758,621,18,River Law Group,2023-11-28,2026-11-27,480.0,480.0,Active
1759,622,18,Park Tech,2023-10-30,2026-10-29,480.0,480.0,Active
1760,623,18,Beacon Dental,2023-10-12,2026-10-11,890.0,890.0,Active
1761,624,18,Crescent Tech,2023-08-20,2028-08-19,390.0,390.0,Active
1762,625,18,Foundry Dental,2023-12-29,2028-12-28,250.0,250.0,Active
1763,626,19,Stone Pharmacy,2023-08-07,2028-08-06,710.0,710.0,Active
1764,627,19,Foundry Tech,2023-09-12,2028-09-11,540.0,540.0,Active
1765,628,19,Harbor Coffee,2023-05-20,2026-05-19,480.0,480.0,Expired
1766,628,19,Highline Design Studio,2026-05-20,2029-05-19,510.0,510.0,Active
1767,629,19,Lakeview Tech,2023-08-31,2028-08-30,190.0,190.0,Active
1768,630,19,Park Law Group,2023-12-15,2026-12-14,510.0,510.0,Active
1769,631,19,Harbor Bakery,2023-05-30,2030-05-29,530.0,530.0,Active
1770,632,19,Stone Coffee,2023-03-05,2030-03-04,330.0,330.0,Active
1771,633,20,Lakeview Dental,2023-08-08,2030-08-07,1230.0,1230.0,Active
1772,634,20,Stone Design Studio,2023-11-29,2030-11-28,670.0,670.0,Active
1773,635,20,Grand Law Group,2023-12-12,2030-12-11,1050.0,1050.0,Active
1774,636,20,River Logistics,2023-09-23,2030-09-22,1310.0,1310.0,Active
1775,637,20,Highline Dental,2023-04-10,2026-04-09,1200.0,1200.0,Expired
1776,637,20,Canal Tech,2026-04-10,2033-04-09,1280.0,1280.0,Active
1777,638,20,Union Dental,2023-03-29,2030-03-28,770.0,770.0,Active
1778,639,20,Grand Dental,2023-09-03,2026-09-02,780.0,780.0,Expired
1779,640,20,Stone Bakery,2023-11-28,2028-11-27,940.0,940.0,Active
1780,641,20,River Coffee,2023-11-03,2028-11-02,1280.0,1280.0,Active
1781,642,20,Orchard Fitness,2024-01-01,2028-12-31,1090.0,1090.0,Active
1782,643,20,River Coffee,2023-02-14,2028-02-13,1260.0,1260.0,Active
1783,644,20,Grand Fitness,2023-08-09,2026-08-08,800.0,800.0,Expired
1784,644,20,Park Coffee,2026-08-09,2033-08-08,830.0,830.0,Active
1785,645,20,Harbor Bakery,2023-04-03,2026-04-02,1430.0,1430.0,Expired
1786,645,20,Lakeview Consulting,2026-04-03,2029-04-02,1500.0,1500.0,Active
1787,646,20,Mill Pharmacy,2023-03-27,2026-03-26,1940.0,1940.0,Expired
1788,646,20,Canal Logistics,2026-03-27,2029-03-26,2060.0,2060.0,Active
1789,647,20,River Coffee,2023-12-30,2030-12-29,810.0,810.0,Active
1790,648,20,Maple Pharmacy,2023-05-31,2030-05-30,1030.0,1030.0,Active
1791,649,20,Canal Consulting,2023-09-10,2030-09-09,2010.0,2010.0,Active
1792,650,20,Canal Tech,2023-05-16,2026-05-15,1030.0,1030.0,Expired
1793,650,20,Maple Dental,2026-05-16,2029-05-15,1080.0,1080.0,Active
1794,651,20,Highline Tech,2023-05-18,2030-05-17,1250.0,1250.0,Active
1795,652,20,Arbor Pharmacy,2023-10-07,2028-10-06,700.0,700.0,Active
1796,653,20,Canal Design Studio,2023-09-30,2028-09-29,990.0,990.0,Active
1797,654,20,River Consulting,2023-05-24,2026-05-23,1850.0,1850.0,Expired
1798,654,20,Foundry Design Studio,2026-07-27,2029-07-26,1940.0,1940.0,Active
1799,655,20,Orchard Pharmacy,2023-08-26,2028-08-25,760.0,760.0,Active
1800,656,20,Highline Bakery,2023-05-01,2030-04-30,1250.0,1250.0,Active
1801,657,21,Taylor Adams,2023-10-08,2024-04-07,910.0,910.0,Expired
1802,657,21,Drew Lopez,2024-10-25,2025-10-24,970.0,970.0,Expired
1803,657,21,Riley Foster,2026-03-03,2026-09-02,1010.0,1010.0,Expired
1804,657,21,Reese Gray,2026-09-03,2027-09-02,1030.0,1030.0,Active
1805,658,21,Jordan Cruz,2023-02-19,2024-02-18,1300.0,1300.0,Expired
1806,658,21,Alex Gray,2024-02-19,2025-02-18,1350.0,1350.0,Expired
1807,658,21,Avery Foster,2025-11-10,2026-11-09,1390.0,1390.0,Active
1808,659,21,Jordan Evans,2023-12-05,2024-06-04,1520.0,1520.0,Expired
1809,659,21,Morgan Jensen,2024-06-05,2024-12-04,1620.0,1620.0,Expired
1810,659,21,Drew Cruz,2024-12-05,2026-06-04,1660.0,1660.0,Expired
1811,660,21,Jamie Klein,2023-11-27,2024-11-26,2730.0,2730.0,Expired
1812,660,21,Taylor Brooks,2024-11-27,2025-05-26,2900.0,2900.0,Expired
1813,660,21,Taylor Lopez,2025-05-27,2025-11-26,3050.0,3050.0,Expired
1814,660,21,Quinn Cruz,2026-08-29,2027-08-28,3120.0,3120.0,Active
1815,661,21,Reese Irwin,2023-12-11,2024-12-10,1580.0,1580.0,Expired
1816,661,21,Jordan Jensen,2024-12-11,2025-06-10,1650.0,1650.0,Expired
1817,661,21,Morgan Adams,2025-06-11,2026-06-10,1760.0,1760.0,Expired
1818,661,21,Taylor Lopez,2026-06-11,2027-12-10,1860.0,1860.0,Active
1819,662,21,Sam Foster,2023-03-14,2023-09-13,1440.0,1440.0,Expired
1820,662,21,Jordan Evans,2023-09-14,2025-03-13,1480.0,1480.0,Expired
1821,662,21,Jamie Irwin,2025-03-14,2026-03-13,1540.0,1540.0,Expired
1822,662,21,Avery Brooks,2026-03-14,2027-03-13,1640.0,1640.0,Active
1823,663,21,Reese Diaz,2023-09-30,2024-09-29,1420.0,1420.0,Expired
1824,663,21,Jordan Brooks,2024-09-30,2025-09-29,1480.0,1480.0,Expired
1825,663,21,Jamie Diaz,2025-09-30,2026-09-29,1540.0,1540.0,Expired
1826,664,21,Jamie Brooks,2023-10-30,2024-10-29,1170.0,1170.0,Expired
1827,664,21,Jordan Klein,2025-03-20,2026-03-19,1220.0,1220.0,Expired
1828,664,21,Jamie Foster,2026-03-20,2027-03-19,1270.0,1270.0,Active
1829,665,21,Alex Adams,2023-03-23,2024-03-22,2020.0,2020.0,Expired
1830,665,21,Casey Jensen,2024-03-23,2025-03-22,2080.0,2080.0,Expired
1831,665,21,Avery Evans,2025-03-23,2026-03-22,2160.0,2160.0,Expired
1832,666,21,Taylor Klein,2023-08-08,2024-02-07,1240.0,1240.0,Expired
1833,666,21,Jamie Cruz,2024-02-08,2025-08-07,1310.0,1310.0,Expired
1834,666,21,Avery Jensen,2025-08-08,2026-02-07,1360.0,1360.0,Expired
1835,666,21,Taylor Irwin,2026-02-08,2027-08-07,1420.0,1420.0,Active
1836,667,21,Quinn Klein,2023-09-02,2024-09-01,1630.0,1630.0,Expired
1837,667,21,Reese Gray,2024-09-02,2025-09-01,1730.0,1730.0,Expired
1838,668,21,Jamie Evans,2023-07-12,2024-07-11,2040.0,2040.0,Expired
1839,668,21,Avery Adams,2024-10-22,2025-10-21,2110.0,2110.0,Expired
1840,668,21,Casey Hayes,2025-10-22,2026-10-21,2180.0,2180.0,Active
1841,669,21,Taylor Evans,2023-04-03,2024-04-02,1720.0,1720.0,Expired
1842,669,21,Alex Cruz,2025-10-07,2027-04-06,1790.0,1790.0,Active
1843,670,21,Reese Foster,2023-06-01,2024-05-31,1400.0,1400.0,Expired
1844,670,21,Casey Cruz,2024-08-13,2025-02-12,1450.0,1450.0,Expired
1845,670,21,Reese Cruz,2025-02-13,2026-02-12,1550.0,1550.0,Expired
1846,670,21,Quinn Diaz,2026-06-10,2027-06-09,1610.0,1610.0,Active
1847,671,21,Morgan Evans,2023-07-11,2024-01-10,990.0,990.0,Expired
1848,671,21,Drew Lopez,2024-04-17,2025-10-16,1020.0,1020.0,Expired
1849,671,21,Casey Foster,2026-05-09,2026-11-08,1070.0,1070.0,Active
1850,672,21,Drew Gray,2023-08-25,2024-02-24,1910.0,1910.0,Expired
1851,672,21,Jordan Irwin,2024-05-19,2025-05-18,2000.0,2000.0,Expired
1852,672,21,Jamie Klein,2025-06-24,2025-12-23,2110.0,2110.0,Expired
1853,672,21,Jordan Brooks,2025-12-24,2026-12-23,2200.0,2200.0,Active
1854,673,21,Morgan Hayes,2023-09-05,2025-03-04,2070.0,2070.0,Expired
1855,673,21,Reese Klein,2025-03-05,2026-03-04,2220.0,2220.0,Expired
1856,673,21,Avery Klein,2026-06-26,2026-12-25,2340.0,2340.0,Active
1857,674,21,Avery Hayes,2023-10-25,2024-10-24,1590.0,1590.0,Expired
1858,674,21,Reese Adams,2025-05-20,2025-11-19,1690.0,1690.0,Expired
1859,674,21,Alex Hayes,2026-06-11,2027-06-10,1760.0,1760.0,Active
1860,675,21,Riley Jensen,2023-03-07,2024-03-06,1440.0,1440.0,Expired
1861,675,21,Quinn Cruz,2024-03-07,2025-03-06,1530.0,1530.0,Expired
1862,675,21,Drew Foster,2025-03-07,2026-03-06,1630.0,1630.0,Expired
1863,676,21,Drew Foster,2023-09-24,2024-09-23,1530.0,1530.0,Expired
1864,676,21,Drew Foster,2024-10-23,2025-10-22,1590.0,1590.0,Expired
1865,676,21,Casey Adams,2025-10-23,2026-04-22,1660.0,1660.0,Expired
1866,677,21,Taylor Jensen,2023-12-26,2024-12-25,1640.0,1640.0,Expired
1867,677,21,Casey Hayes,2024-12-26,2025-12-25,1690.0,1690.0,Expired
1868,677,21,Reese Evans,2026-04-03,2027-04-02,1800.0,1800.0,Active
1869,678,21,Morgan Evans,2023-07-20,2024-07-19,820.0,820.0,Expired
1870,678,21,Jamie Foster,2024-12-30,2025-12-29,870.0,870.0,Expired
1871,678,21,Sam Hayes,2025-12-30,2026-12-29,930.0,930.0,Active
1872,679,21,Taylor Klein,2023-05-09,2024-05-08,830.0,830.0,Expired
1873,679,21,Taylor Cruz,2024-10-30,2025-10-29,870.0,870.0,Expired
1874,679,21,Jamie Irwin,2025-12-13,2026-06-12,900.0,900.0,Expired
1875,679,21,Morgan Lopez,2026-09-26,2028-03-25,930.0,930.0,Active
1876,680,21,Sam Evans,2023-08-23,2024-08-22,2730.0,2730.0,Expired
1877,680,21,Morgan Adams,2024-08-23,2025-08-22,2840.0,2840.0,Expired
1878,680,21,Jamie Jensen,2025-08-23,2027-02-22,3010.0,3010.0,Active
1879,681,21,Avery Foster,2023-10-26,2024-10-25,2440.0,2440.0,Expired
1880,681,21,Sam Evans,2024-10-26,2025-10-25,2550.0,2550.0,Expired
1881,681,21,Drew Foster,2026-01-14,2027-01-13,2650.0,2650.0,Active
1882,682,21,Jamie Klein,2023-03-15,2024-03-14,920.0,920.0,Expired
1883,682,21,Avery Hayes,2024-03-15,2024-09-14,970.0,970.0,Expired
1884,682,21,Morgan Cruz,2025-06-02,2026-06-01,1030.0,1030.0,Expired
1885,682,21,Quinn Brooks,2026-06-02,2027-06-01,1090.0,1090.0,Active
1886,683,21,Casey Diaz,2023-06-24,2024-12-23,2220.0,2220.0,Expired
1887,683,21,Taylor Hayes,2025-04-16,2026-04-15,2310.0,2310.0,Expired
1888,684,21,Quinn Klein,2023-10-28,2024-10-27,2430.0,2430.0,Expired
1889,684,21,Alex Irwin,2024-10-28,2025-10-27,2590.0,2590.0,Expired
1890,684,21,Jamie Adams,2025-10-28,2026-10-27,2720.0,2720.0,Active
1891,685,21,Reese Foster,2023-08-10,2024-02-09,1950.0,1950.0,Expired
1892,685,21,Casey Diaz,2024-03-31,2025-03-30,2050.0,2050.0,Expired
1893,685,21,Avery Evans,2025-09-10,2026-09-09,2180.0,2180.0,Expired
1894,686,21,Jordan Foster,2023-07-01,2024-06-30,940.0,940.0,Expired
1895,686,21,Jamie Jensen,2025-01-20,2026-01-19,970.0,970.0,Expired
1896,686,21,Drew Klein,2026-01-20,2027-07-19,1000.0,1000.0,Active
1897,687,21,Reese Cruz,2023-09-11,2024-09-10,1660.0,1660.0,Expired
1898,687,21,Riley Diaz,2024-09-11,2025-09-10,1740.0,1740.0,Expired
1899,687,21,Jamie Klein,2025-12-02,2026-12-01,1850.0,1850.0,Active
1900,688,21,Jamie Klein,2023-08-21,2024-08-20,2440.0,2440.0,Expired
1901,688,21,Quinn Diaz,2024-08-21,2026-02-20,2600.0,2600.0,Expired
1902,688,21,Casey Jensen,2026-07-24,2027-07-23,2770.0,2770.0,Active
1903,689,21,Jamie Adams,2023-09-17,2024-09-16,1420.0,1420.0,Expired
1904,689,21,Sam Jensen,2025-07-18,2026-07-17,1460.0,1460.0,Expired
1905,690,21,Avery Brooks,2023-08-23,2024-02-22,1400.0,1400.0,Expired
1906,690,21,Alex Gray,2026-08-24,2027-08-23,1490.0,1490.0,Active
1907,691,21,Casey Jensen,2023-09-23,2024-03-22,1880.0,1880.0,Expired
1908,691,21,Avery Irwin,2024-03-23,2025-09-22,1980.0,1980.0,Expired
1909,691,21,Jamie Evans,2025-09-23,2026-09-22,2090.0,2090.0,Expired
1910,692,21,Riley Foster,2023-12-04,2024-12-03,2200.0,2200.0,Expired
1911,692,21,Reese Klein,2025-08-06,2026-08-05,2290.0,2290.0,Expired
1912,692,21,Jamie Hayes,2026-08-06,2027-02-05,2440.0,2440.0,Active
1913,693,21,Morgan Adams,2023-04-19,2024-04-18,1600.0,1600.0,Expired
1914,693,21,Avery Diaz,2024-11-22,2025-05-21,1640.0,1640.0,Expired
1915,693,21,Taylor Brooks,2025-05-22,2026-05-21,1700.0,1700.0,Expired
1916,694,21,Avery Foster,2023-05-25,2024-11-24,1410.0,1410.0,Expired
1917,694,21,Riley Gray,2025-06-05,2026-12-04,1460.0,1460.0,Active
1918,695,21,Alex Lopez,2023-10-06,2024-04-05,1320.0,1320.0,Expired
1919,695,21,Reese Irwin,2024-04-06,2024-10-05,1390.0,1390.0,Expired
1920,695,21,Morgan Hayes,2024-12-09,2025-12-08,1480.0,1480.0,Expired
1921,695,21,Jamie Adams,2026-04-30,2026-10-29,1580.0,1580.0,Active
1922,696,21,Jamie Irwin,2023-06-13,2024-06-12,870.0,870.0,Expired
1923,696,21,Jamie Brooks,2024-06-13,2024-12-12,890.0,890.0,Expired
1924,696,21,Jordan Klein,2025-01-18,2026-01-17,940.0,940.0,Expired
1925,696,21,Jamie Cruz,2026-03-05,2027-03-04,980.0,980.0,Active
1926,697,21,Morgan Klein,2023-02-06,2023-08-05,1240.0,1240.0,Expired
1927,697,21,Reese Cruz,2023-08-06,2024-08-05,1300.0,1300.0,Expired
1928,697,21,Riley Cruz,2024-11-15,2025-05-14,1370.0,1370.0,Expired
1929,697,21,Quinn Jensen,2025-05-15,2026-05-14,1450.0,1450.0,Expired
1930,697,21,Alex Jensen,2026-08-25,2027-08-24,1500.0,1500.0,Active
1931,698,21,Reese Brooks,2023-07-28,2024-07-27,2830.0,2830.0,Expired
1932,698,21,Jordan Adams,2024-07-28,2025-07-27,2990.0,2990.0,Expired
1933,698,21,Morgan Cruz,2026-05-04,2027-05-03,3200.0,3200.0,Active
1934,699,21,Taylor Klein,2023-07-17,2024-07-16,1820.0,1820.0,Expired
1935,699,21,Sam Jensen,2024-07-17,2025-07-16,1880.0,1880.0,Expired
1936,699,21,Riley Irwin,2025-07-17,2027-01-16,1930.0,1930.0,Active
1937,700,21,Jamie Foster,2023-08-20,2024-02-19,1930.0,1930.0,Expired
1938,700,21,Avery Klein,2024-02-20,2025-02-19,2060.0,2060.0,Expired
1939,700,21,Avery Irwin,2025-02-20,2026-02-19,2130.0,2130.0,Expired
1940,700,21,Alex Hayes,2026-02-20,2027-02-19,2230.0,2230.0,Active
1941,701,21,Alex Foster,2023-10-19,2024-10-18,2000.0,2000.0,Expired
1942,701,21,Drew Jensen,2025-01-24,2026-01-23,2070.0,2070.0,Expired
1943,701,21,Avery Brooks,2026-01-24,2027-01-23,2130.0,2130.0,Active
1944,702,21,Sam Gray,2023-05-07,2024-05-06,1390.0,1390.0,Expired
1945,702,21,Morgan Irwin,2024-05-07,2025-05-06,1430.0,1430.0,Expired
1946,702,21,Jordan Klein,2025-05-07,2026-11-06,1490.0,1490.0,Active
1947,703,21,Casey Gray,2023-07-05,2025-01-04,900.0,900.0,Expired
1948,703,21,Alex Evans,2025-09-19,2026-03-18,960.0,960.0,Expired
1949,703,21,Casey Gray,2026-03-19,2026-09-18,990.0,990.0,Expired
1950,704,21,Sam Lopez,2023-08-07,2024-08-06,1910.0,1910.0,Expired
1951,704,21,Reese Brooks,2024-12-18,2025-12-17,2030.0,2030.0,Expired
1952,704,21,Taylor Evans,2025-12-18,2026-06-17,2090.0,2090.0,Expired
1953,704,21,Jamie Hayes,2026-06-18,2027-06-17,2140.0,2140.0,Active
1954,705,21,Avery Diaz,2023-04-06,2023-10-05,1660.0,1660.0,Expired
1955,705,21,Jordan Cruz,2024-06-10,2025-06-09,1770.0,1770.0,Expired
1956,705,21,Riley Cruz,2025-08-14,2026-02-13,1820.0,1820.0,Expired
1957,706,21,Drew Brooks,2023-04-23,2024-10-22,940.0,940.0,Expired
1958,706,21,Casey Irwin,2024-10-23,2025-10-22,990.0,990.0,Expired
1959,706,21,Riley Foster,2025-10-23,2027-04-22,1050.0,1050.0,Active
1960,707,21,Jordan Irwin,2023-06-06,2024-06-05,1490.0,1490.0,Expired
1961,707,21,Morgan Lopez,2024-12-01,2025-11-30,1530.0,1530.0,Expired
1962,707,21,Reese Cruz,2025-12-01,2027-05-31,1630.0,1630.0,Active
1963,708,21,Riley Foster,2023-06-22,2023-12-21,750.0,750.0,Expired
1964,708,21,Alex Foster,2024-10-04,2025-10-03,770.0,770.0,Expired
1965,708,21,Casey Cruz,2025-10-04,2026-04-03,780.0,780.0,Expired
1966,709,21,Quinn Foster,2023-02-10,2024-02-09,2870.0,2870.0,Expired
1967,709,21,Avery Diaz,2024-02-10,2024-08-09,3010.0,3010.0,Expired
1968,709,21,Jamie Hayes,2024-10-11,2025-10-10,3210.0,3210.0,Expired
1969,709,21,Avery Foster,2025-10-11,2026-10-10,3350.0,3350.0,Active
1970,710,21,Drew Gray,2023-09-06,2024-09-05,1630.0,1630.0,Expired
1971,710,21,Reese Evans,2025-01-02,2025-07-01,1680.0,1680.0,Expired
1972,710,21,Reese Klein,2025-10-08,2026-04-07,1740.0,1740.0,Expired
1973,711,21,Alex Foster,2023-09-26,2025-03-25,1820.0,1820.0,Expired
1974,711,21,Reese Irwin,2025-03-26,2026-09-25,1870.0,1870.0,Expired
1975,711,21,Jamie Klein,2026-09-26,2027-03-25,1950.0,1950.0,Active
1976,712,21,Jamie Brooks,2023-10-26,2024-04-25,1920.0,1920.0,Expired
1977,712,21,Morgan Evans,2024-08-08,2025-02-07,1970.0,1970.0,Expired
1978,712,21,Avery Foster,2025-06-02,2026-06-01,2090.0,2090.0,Expired
1979,712,21,Reese Hayes,2026-08-24,2027-08-23,2150.0,2150.0,Active
1980,713,21,Drew Hayes,2023-04-19,2024-04-18,1410.0,1410.0,Expired
1981,713,21,Quinn Hayes,2024-04-19,2025-04-18,1480.0,1480.0,Expired
1982,713,21,Avery Klein,2025-08-16,2027-02-15,1520.0,1520.0,Active
1983,714,21,Morgan Klein,2023-04-18,2024-04-17,1490.0,1490.0,Expired
1984,714,21,Taylor Jensen,2024-08-27,2025-08-26,1570.0,1570.0,Expired
1985,714,21,Taylor Jensen,2025-08-27,2026-08-26,1670.0,1670.0,Expired
1986,715,21,Drew Klein,2023-05-13,2024-05-12,1550.0,1550.0,Expired
1987,715,21,Drew Klein,2024-05-13,2024-11-12,1580.0,1580.0,Expired
1988,715,21,Sam Foster,2025-08-12,2027-02-11,1690.0,1690.0,Active
1989,716,21,Drew Adams,2023-09-02,2024-09-01,2000.0,2000.0,Expired
1990,716,21,Sam Lopez,2024-09-02,2025-03-01,2100.0,2100.0,Expired
1991,716,21,Morgan Klein,2025-05-21,2026-05-20,2150.0,2150.0,Expired
1992,716,21,Drew Cruz,2026-05-21,2027-05-20,2300.0,2300.0,Active
1993,717,21,Casey Lopez,2023-05-28,2023-11-27,2060.0,2060.0,Expired
1994,717,21,Taylor Klein,2024-11-30,2025-11-29,2150.0,2150.0,Expired
1995,717,21,Alex Adams,2025-11-30,2027-05-29,2190.0,2190.0,Active
1996,718,21,Riley Jensen,2023-04-16,2024-04-15,880.0,880.0,Expired
1997,718,21,Drew Foster,2024-04-16,2024-10-15,930.0,930.0,Expired
1998,718,21,Taylor Hayes,2024-10-16,2025-10-15,990.0,990.0,Expired
1999,718,21,Reese Irwin,2025-10-16,2026-04-15,1050.0,1050.0,Expired
2000,718,21,Reese Lopez,2026-06-12,2027-06-11,1090.0,1090.0,Active
2001,719,21,Quinn Evans,2023-10-03,2024-10-02,1470.0,1470.0,Expired
2002,719,21,Alex Brooks,2024-10-03,2026-04-02,1540.0,1540.0,Expired
2003,719,21,Casey Adams,2026-04-05,2027-04-04,1580.0,1580.0,Active
2004,720,21,Avery Gray,2023-03-19,2024-03-18,1780.0,1780.0,Expired
2005,720,21,Riley Cruz,2024-03-19,2025-09-18,1860.0,1860.0,Expired
2006,720,21,Alex Klein,2026-04-15,2027-04-14,1970.0,1970.0,Active
2007,721,21,Alex Jensen,2023-02-12,2024-02-11,1940.0,1940.0,Expired
2008,721,21,Jamie Foster,2024-02-12,2024-08-11,2000.0,2000.0,Expired
2009,721,21,Avery Lopez,2024-08-12,2025-08-11,2070.0,2070.0,Expired
2010,721,21,Alex Irwin,2025-08-12,2026-02-11,2150.0,2150.0,Expired
2011,721,21,Taylor Evans,2026-02-12,2027-02-11,2260.0,2260.0,Active
2012,722,21,Drew Jensen,2023-05-10,2023-11-09,1430.0,1430.0,Expired
2013,722,21,Riley Brooks,2024-02-17,2025-08-16,1530.0,1530.0,Expired
2014,722,21,Avery Foster,2026-03-14,2027-03-13,1590.0,1590.0,Active
2015,723,21,Alex Klein,2023-03-13,2024-03-12,1250.0,1250.0,Expired
2016,723,21,Jamie Hayes,2024-03-13,2024-09-12,1310.0,1310.0,Expired
2017,723,21,Riley Irwin,2024-09-13,2025-09-12,1380.0,1380.0,Expired
2018,723,21,Avery Cruz,2025-10-06,2026-04-05,1450.0,1450.0,Expired
2019,724,21,Taylor Evans,2023-02-09,2024-08-08,2070.0,2070.0,Expired
2020,724,21,Avery Foster,2024-08-09,2025-02-08,2130.0,2130.0,Expired
2021,724,21,Drew Evans,2025-02-09,2026-08-08,2220.0,2220.0,Expired
2022,724,21,Avery Evans,2026-08-09,2028-02-08,2370.0,2370.0,Active
2023,725,21,Sam Klein,2023-04-30,2024-04-29,1970.0,1970.0,Expired
2024,725,21,Casey Evans,2024-04-30,2025-10-29,2020.0,2020.0,Expired
2025,725,21,Morgan Cruz,2026-03-17,2027-03-16,2150.0,2150.0,Active
2026,726,21,Jordan Diaz,2023-11-09,2024-11-08,1440.0,1440.0,Expired
2027,726,21,Sam Gray,2025-03-08,2026-03-07,1530.0,1530.0,Expired
2028,726,21,Quinn Evans,2026-03-08,2027-03-07,1570.0,1570.0,Active
2029,727,21,Drew Diaz,2023-10-09,2024-10-08,2020.0,2020.0,Expired
2030,727,21,Riley Hayes,2025-04-09,2026-04-08,2080.0,2080.0,Expired
2031,727,21,Alex Gray,2026-04-09,2027-04-08,2150.0,2150.0,Active
2032,728,21,Sam Irwin,2023-07-07,2024-07-06,2770.0,2770.0,Expired
2033,728,21,Reese Irwin,2024-09-03,2025-09-02,2880.0,2880.0,Expired
2034,728,21,Reese Evans,2026-01-22,2027-01-21,3000.0,3000.0,Active
2035,729,21,Quinn Evans,2023-06-03,2024-06-02,1060.0,1060.0,Expired
2036,729,21,Casey Irwin,2024-06-03,2025-06-02,1130.0,1130.0,Expired
2037,729,21,Reese Foster,2025-10-03,2026-10-02,1190.0,1190.0,Active
2038,730,21,Reese Hayes,2023-03-24,2024-03-23,1810.0,1810.0,Expired
2039,730,21,Avery Gray,2024-10-26,2026-04-25,1910.0,1910.0,Expired
2040,730,21,Jordan Brooks,2026-07-29,2027-01-28,2030.0,2030.0,Active
2041,731,21,Alex Evans,2023-03-24,2023-09-23,940.0,940.0,Expired
2042,731,21,Alex Cruz,2023-12-03,2024-06-02,980.0,980.0,Expired
2043,731,21,Sam Hayes,2024-06-03,2025-12-02,1010.0,1010.0,Expired
2044,731,21,Reese Diaz,2026-06-03,2027-12-02,1060.0,1060.0,Active
2045,732,21,Quinn Cruz,2023-10-09,2024-04-08,1590.0,1590.0,Expired
2046,732,21,Sam Foster,2024-08-10,2025-08-09,1650.0,1650.0,Expired
2047,732,21,Quinn Diaz,2025-11-02,2026-05-01,1740.0,1740.0,Expired
2048,732,21,Jordan Cruz,2026-05-17,2027-11-16,1840.0,1840.0,Active
2049,733,21,Casey Evans,2023-02-23,2024-08-22,1440.0,1440.0,Expired
2050,733,21,Riley Evans,2024-10-28,2025-10-27,1480.0,1480.0,Expired
2051,733,21,Taylor Cruz,2025-10-28,2026-10-27,1550.0,1550.0,Active
2052,734,21,Avery Klein,2023-08-14,2024-02-13,2880.0,2880.0,Expired
2053,734,21,Jordan Diaz,2024-10-16,2025-04-15,3080.0,3080.0,Expired
2054,734,21,Taylor Lopez,2025-04-16,2026-04-15,3180.0,3180.0,Expired
2055,735,21,Reese Brooks,2023-10-30,2024-10-29,1420.0,1420.0,Expired
2056,735,21,Alex Brooks,2025-05-23,2026-05-22,1470.0,1470.0,Expired
2057,736,21,Casey Evans,2023-08-10,2025-02-09,1040.0,1040.0,Expired
2058,736,21,Taylor Jensen,2025-02-10,2026-08-09,1070.0,1070.0,Expired
2059,736,21,Drew Adams,2026-08-10,2027-08-09,1090.0,1090.0,Active
2060,737,21,Taylor Brooks,2023-08-01,2024-01-31,2440.0,2440.0,Expired
2061,737,21,Morgan Diaz,2024-02-01,2024-07-31,2580.0,2580.0,Expired
2062,737,21,Alex Hayes,2024-12-21,2025-12-20,2730.0,2730.0,Expired
2063,737,21,Reese Evans,2025-12-21,2026-12-20,2800.0,2800.0,Active
2064,738,22,Maple Pharmacy,2023-12-19,2030-12-18,310.0,310.0,Active
2065,739,22,Orchard Bakery,2023-06-14,2026-06-13,370.0,370.0,Expired
2066,739,22,Arbor Pharmacy,2026-06-14,2029-06-13,380.0,380.0,Active
2067,740,22,River Bakery,2023-11-29,2026-11-28,450.0,450.0,Active
2068,741,22,Arbor Fitness,2023-07-25,2028-07-24,570.0,570.0,Active
2069,742,22,Beacon Law Group,2023-08-24,2026-08-23,1090.0,1090.0,Expired
2070,742,22,Grand Law Group,2026-08-24,2029-08-23,1120.0,1120.0,Active
2071,743,22,Cedar Bakery,2023-04-30,2028-04-29,310.0,310.0,Active
2072,744,22,Mill Bakery,2023-11-15,2028-11-14,190.0,190.0,Active
2073,745,22,Beacon Coffee,2023-10-30,2030-10-29,530.0,530.0,Active
2074,746,23,Avery Evans,2023-03-02,2024-03-01,800.0,800.0,Expired
2075,746,23,Avery Klein,2024-03-31,2025-03-30,820.0,820.0,Expired
2076,746,23,Alex Gray,2025-06-08,2025-12-07,850.0,850.0,Expired
2077,746,23,Drew Evans,2025-12-25,2026-06-24,910.0,910.0,Expired
2078,746,23,Alex Brooks,2026-06-25,2027-06-24,960.0,960.0,Active
2079,747,23,Riley Jensen,2023-06-20,2024-06-19,1180.0,1180.0,Expired
2080,747,23,Jamie Gray,2024-06-20,2025-12-19,1210.0,1210.0,Expired
2081,747,23,Quinn Hayes,2026-01-14,2027-01-13,1240.0,1240.0,Active
2082,748,23,Sam Diaz,2023-11-20,2024-11-19,1170.0,1170.0,Expired
2083,748,23,Taylor Klein,2024-12-04,2026-06-03,1190.0,1190.0,Expired
2084,748,23,Drew Gray,2026-06-04,2027-06-03,1230.0,1230.0,Active
2085,749,23,Reese Foster,2023-11-13,2024-05-12,1000.0,1000.0,Expired
2086,749,23,Riley Lopez,2024-05-19,2025-05-18,1030.0,1030.0,Expired
2087,749,23,Morgan Klein,2025-07-21,2026-07-20,1080.0,1080.0,Expired
2088,749,23,Riley Jensen,2026-07-21,2027-01-20,1100.0,1100.0,Active
2089,750,23,Avery Foster,2023-06-10,2023-12-09,1630.0,1630.0,Expired
2090,750,23,Drew Lopez,2023-12-10,2024-06-09,1690.0,1690.0,Expired
2091,750,23,Casey Adams,2024-09-19,2025-09-18,1800.0,1800.0,Expired
2092,750,23,Morgan Irwin,2025-09-19,2026-09-18,1920.0,1920.0,Expired
2093,751,23,Sam Klein,2023-04-19,2024-04-18,1630.0,1630.0,Expired
2094,751,23,Sam Cruz,2024-04-19,2025-04-18,1680.0,1680.0,Expired
2095,751,23,Reese Lopez,2025-04-19,2026-04-18,1750.0,1750.0,Expired
2096,751,23,Avery Hayes,2026-06-23,2026-12-22,1840.0,1840.0,Active
2097,752,23,Alex Evans,2023-05-18,2024-05-17,670.0,670.0,Expired
2098,752,23,Drew Gray,2024-05-18,2024-11-17,700.0,700.0,Expired
2099,752,23,Taylor Gray,2024-11-18,2025-11-17,740.0,740.0,Expired
2100,752,23,Taylor Adams,2025-11-18,2026-11-17,790.0,790.0,Active
2101,753,23,Taylor Foster,2023-06-07,2024-06-06,1170.0,1170.0,Expired
2102,753,23,Taylor Lopez,2024-06-07,2025-06-06,1210.0,1210.0,Expired
2103,753,23,Quinn Lopez,2025-06-07,2026-06-06,1250.0,1250.0,Expired
2104,753,23,Casey Hayes,2026-07-08,2027-07-07,1310.0,1310.0,Active
2105,754,23,Reese Evans,2023-08-14,2024-08-13,720.0,720.0,Expired
2106,754,23,Drew Evans,2024-09-18,2025-09-17,740.0,740.0,Expired
2107,754,23,Alex Irwin,2025-09-18,2026-09-17,770.0,770.0,Expired
2108,754,23,Drew Foster,2026-09-18,2027-09-17,820.0,820.0,Active
2109,755,23,Casey Evans,2023-04-17,2023-10-16,1230.0,1230.0,Expired
2110,755,23,Riley Foster,2023-10-17,2025-04-16,1290.0,1290.0,Expired
2111,755,23,Sam Diaz,2025-04-17,2025-10-16,1340.0,1340.0,Expired
2112,755,23,Sam Adams,2025-11-01,2026-10-31,1370.0,1370.0,Active
2113,756,23,Reese Gray,2023-09-30,2024-09-29,1590.0,1590.0,Expired
2114,756,23,Jordan Brooks,2024-10-04,2025-10-03,1680.0,1680.0,Expired
2115,756,23,Quinn Gray,2025-10-31,2026-10-30,1740.0,1740.0,Active
2116,757,23,Reese Cruz,2023-12-27,2025-06-26,1630.0,1630.0,Expired
2117,757,23,Avery Cruz,2025-07-17,2026-01-16,1740.0,1740.0,Expired
2118,757,23,Alex Brooks,2026-01-22,2026-07-21,1810.0,1810.0,Expired
2119,757,23,Sam Hayes,2026-08-28,2027-08-27,1870.0,1870.0,Active
2120,758,23,Reese Irwin,2023-12-17,2024-12-16,1590.0,1590.0,Expired
2121,758,23,Quinn Hayes,2024-12-17,2025-12-16,1660.0,1660.0,Expired
2122,758,23,Reese Jensen,2025-12-17,2026-12-16,1740.0,1740.0,Active
2123,759,23,Morgan Jensen,2023-08-18,2024-08-17,1200.0,1200.0,Expired
2124,759,23,Quinn Evans,2025-03-05,2026-03-04,1260.0,1260.0,Expired
2125,759,23,Morgan Brooks,2026-04-17,2026-10-16,1310.0,1310.0,Active
2126,760,23,Sam Hayes,2023-09-14,2024-09-13,780.0,780.0,Expired
2127,760,23,Casey Jensen,2024-12-26,2025-06-25,810.0,810.0,Expired
2128,760,23,Jamie Foster,2025-07-05,2026-07-04,820.0,820.0,Expired
2129,760,23,Taylor Evans,2026-08-18,2027-02-17,850.0,850.0,Active
2130,761,23,Riley Hayes,2023-05-19,2024-05-18,1200.0,1200.0,Expired
2131,761,23,Morgan Adams,2024-05-19,2024-11-18,1250.0,1250.0,Expired
2132,761,23,Jamie Evans,2024-11-21,2026-05-20,1320.0,1320.0,Expired
2133,761,23,Casey Diaz,2026-05-21,2027-11-20,1360.0,1360.0,Active
2134,762,23,Taylor Brooks,2023-11-02,2024-11-01,1550.0,1550.0,Expired
2135,762,23,Jordan Lopez,2024-11-02,2025-11-01,1650.0,1650.0,Expired
2136,762,23,Taylor Evans,2025-11-02,2026-11-01,1700.0,1700.0,Active
2137,763,23,Riley Evans,2023-12-26,2025-06-25,1710.0,1710.0,Expired
2138,763,23,Morgan Cruz,2025-10-01,2026-09-30,1800.0,1800.0,Active
2139,764,23,Casey Diaz,2023-09-22,2025-03-21,1630.0,1630.0,Expired
2140,764,23,Taylor Jensen,2025-04-17,2025-10-16,1690.0,1690.0,Expired
2141,764,23,Jordan Foster,2025-11-18,2026-11-17,1810.0,1810.0,Active
2142,765,23,Jamie Jensen,2023-04-24,2024-04-23,1750.0,1750.0,Expired
2143,765,23,Jamie Brooks,2024-04-24,2025-10-23,1850.0,1850.0,Expired
2144,765,23,Avery Gray,2025-10-26,2026-10-25,1920.0,1920.0,Active
2145,766,23,Casey Cruz,2023-12-04,2024-06-03,1610.0,1610.0,Expired
2146,766,23,Sam Evans,2024-08-14,2025-08-13,1700.0,1700.0,Expired
2147,766,23,Riley Irwin,2025-09-17,2026-03-16,1780.0,1780.0,Expired
2148,766,23,Casey Evans,2026-03-17,2027-03-16,1900.0,1900.0,Active
2149,767,23,Jordan Foster,2023-04-15,2024-10-14,1170.0,1170.0,Expired
2150,767,23,Sam Klein,2024-10-15,2025-10-14,1220.0,1220.0,Expired
2151,767,23,Sam Cruz,2025-10-15,2026-10-14,1250.0,1250.0,Active
2152,768,23,Alex Evans,2023-07-04,2024-07-03,1340.0,1340.0,Expired
2153,768,23,Sam Gray,2024-08-06,2025-08-05,1400.0,1400.0,Expired
2154,768,23,Quinn Lopez,2025-08-06,2026-08-05,1470.0,1470.0,Expired
2155,769,23,Quinn Gray,2023-11-20,2024-05-19,1180.0,1180.0,Expired
2156,769,23,Casey Adams,2024-08-03,2025-08-02,1220.0,1220.0,Expired
2157,769,23,Sam Irwin,2025-08-03,2026-08-02,1260.0,1260.0,Expired
2158,769,23,Jordan Lopez,2026-08-03,2027-08-02,1340.0,1340.0,Active
2159,770,23,Alex Gray,2023-12-18,2024-12-17,890.0,890.0,Expired
2160,770,23,Riley Brooks,2025-01-20,2026-01-19,920.0,920.0,Expired
2161,770,23,Sam Adams,2026-01-20,2027-07-19,980.0,980.0,Active
2162,771,23,Morgan Cruz,2023-02-14,2024-02-13,1210.0,1210.0,Expired
2163,771,23,Sam Lopez,2024-05-14,2025-05-13,1280.0,1280.0,Expired
2164,771,23,Reese Cruz,2025-05-22,2026-05-21,1320.0,1320.0,Expired
2165,771,23,Drew Foster,2026-07-06,2027-07-05,1400.0,1400.0,Active
2166,772,23,Avery Diaz,2023-10-27,2025-04-26,700.0,700.0,Expired
2167,772,23,Jordan Hayes,2025-06-07,2025-12-06,740.0,740.0,Expired
2168,772,23,Reese Jensen,2026-03-06,2027-03-05,760.0,760.0,Active
2169,773,23,Casey Diaz,2023-12-19,2025-06-18,2420.0,2420.0,Expired
2170,773,23,Taylor Evans,2025-06-19,2026-06-18,2480.0,2480.0,Expired
2171,773,23,Sam Gray,2026-07-21,2027-07-20,2650.0,2650.0,Active
2172,774,23,Casey Evans,2023-06-01,2024-11-30,890.0,890.0,Expired
2173,774,23,Morgan Brooks,2024-12-01,2025-11-30,950.0,950.0,Expired
2174,774,23,Quinn Brooks,2025-12-01,2027-05-31,980.0,980.0,Active
2175,775,23,Jordan Hayes,2023-06-04,2024-06-03,1750.0,1750.0,Expired
2176,775,23,Avery Evans,2024-06-11,2025-06-10,1810.0,1810.0,Expired
2177,775,23,Alex Irwin,2025-06-11,2026-06-10,1880.0,1880.0,Expired
2178,775,23,Quinn Evans,2026-07-04,2027-07-03,2020.0,2020.0,Active
2179,776,23,Morgan Irwin,2023-03-26,2024-09-25,1320.0,1320.0,Expired
2180,776,23,Jordan Jensen,2024-11-24,2025-11-23,1380.0,1380.0,Expired
2181,776,23,Jordan Gray,2025-11-24,2026-11-23,1470.0,1470.0,Active
2182,777,23,Jamie Cruz,2023-09-20,2024-03-19,2300.0,2300.0,Expired
2183,777,23,Alex Adams,2024-03-20,2024-09-19,2460.0,2460.0,Expired
2184,777,23,Avery Cruz,2024-10-05,2025-10-04,2560.0,2560.0,Expired
2185,777,23,Drew Adams,2025-10-05,2026-10-04,2700.0,2700.0,Active
2186,778,23,Avery Adams,2023-05-19,2024-05-18,1260.0,1260.0,Expired
2187,778,23,Alex Lopez,2024-06-24,2025-06-23,1320.0,1320.0,Expired
2188,778,23,Sam Klein,2025-06-24,2026-06-23,1410.0,1410.0,Expired
2189,778,23,Drew Irwin,2026-09-28,2027-03-27,1460.0,1460.0,Active
2190,779,23,Taylor Evans,2023-11-14,2024-11-13,1090.0,1090.0,Expired
2191,779,23,Reese Gray,2024-11-26,2025-11-25,1150.0,1150.0,Expired
2192,779,23,Casey Lopez,2025-11-26,2026-11-25,1190.0,1190.0,Active
2193,780,23,Avery Evans,2023-05-04,2024-05-03,1160.0,1160.0,Expired
2194,780,23,Avery Hayes,2024-05-04,2025-05-03,1210.0,1210.0,Expired
2195,780,23,Drew Jensen,2025-05-04,2026-05-03,1250.0,1250.0,Expired
2196,780,23,Drew Evans,2026-05-04,2026-11-03,1320.0,1320.0,Active
2197,781,23,Quinn Klein,2023-11-09,2024-11-08,1340.0,1340.0,Expired
2198,781,23,Jamie Gray,2025-01-17,2026-01-16,1400.0,1400.0,Expired
2199,781,23,Sam Jensen,2026-02-03,2027-02-02,1470.0,1470.0,Active
2200,782,23,Drew Hayes,2023-12-17,2025-06-16,2000.0,2000.0,Expired
2201,782,23,Jamie Evans,2025-08-13,2026-08-12,2050.0,2050.0,Expired
2202,782,23,Morgan Lopez,2026-08-13,2027-08-12,2140.0,2140.0,Active
2203,783,23,Sam Adams,2023-08-23,2024-02-22,2200.0,2200.0,Expired
2204,783,23,Sam Hayes,2024-05-05,2025-05-04,2250.0,2250.0,Expired
2205,783,23,Avery Evans,2025-05-05,2026-11-04,2330.0,2330.0,Active
2206,784,23,Sam Foster,2023-06-06,2024-12-05,1860.0,1860.0,Expired
2207,784,23,Quinn Brooks,2025-02-16,2026-08-15,1950.0,1950.0,Expired
2208,784,23,Casey Foster,2026-08-16,2027-08-15,2020.0,2020.0,Active
2209,785,23,Alex Cruz,2023-12-23,2024-12-22,1160.0,1160.0,Expired
2210,785,23,Riley Klein,2024-12-23,2025-12-22,1240.0,1240.0,Expired
2211,785,23,Morgan Hayes,2025-12-23,2026-06-22,1310.0,1310.0,Expired
2212,785,23,Drew Evans,2026-09-11,2027-03-10,1400.0,1400.0,Active
2213,786,23,Taylor Irwin,2023-10-15,2024-10-14,1630.0,1630.0,Expired
2214,786,23,Quinn Evans,2024-12-29,2025-12-28,1730.0,1730.0,Expired
2215,786,23,Morgan Klein,2025-12-29,2026-06-28,1770.0,1770.0,Expired
2216,786,23,Riley Evans,2026-09-03,2027-09-02,1880.0,1880.0,Active
2217,787,23,Drew Hayes,2023-03-09,2024-09-08,1160.0,1160.0,Expired
2218,787,23,Drew Diaz,2024-09-09,2025-09-08,1240.0,1240.0,Expired
2219,787,23,Casey Foster,2025-10-18,2027-04-17,1290.0,1290.0,Active
2220,788,23,Jamie Irwin,2023-10-12,2025-04-11,1580.0,1580.0,Expired
2221,788,23,Casey Hayes,2025-04-12,2025-10-11,1690.0,1690.0,Expired
2222,788,23,Riley Hayes,2025-12-07,2026-06-06,1760.0,1760.0,Expired
2223,788,23,Sam Klein,2026-06-19,2027-06-18,1840.0,1840.0,Active
2224,789,23,Casey Evans,2023-10-23,2024-10-22,2210.0,2210.0,Expired
2225,789,23,Sam Gray,2024-10-23,2026-04-22,2260.0,2260.0,Expired
2226,789,23,Avery Lopez,2026-05-15,2026-11-14,2350.0,2350.0,Active
2227,790,23,Jamie Klein,2023-11-06,2024-11-05,1230.0,1230.0,Expired
2228,790,23,Drew Irwin,2025-01-21,2026-01-20,1270.0,1270.0,Expired
2229,790,23,Morgan Evans,2026-01-21,2027-01-20,1300.0,1300.0,Active
2230,791,23,Riley Klein,2023-11-13,2024-11-12,930.0,930.0,Expired
2231,791,23,Drew Evans,2024-11-13,2025-05-12,960.0,960.0,Expired
2232,791,23,Reese Cruz,2025-07-12,2026-01-11,1010.0,1010.0,Expired
2233,791,23,Avery Diaz,2026-01-12,2027-01-11,1040.0,1040.0,Active
2234,792,23,Taylor Evans,2023-07-31,2025-01-30,1300.0,1300.0,Expired
2235,792,23,Riley Brooks,2025-02-19,2025-08-18,1350.0,1350.0,Expired
2236,792,23,Sam Foster,2025-08-19,2027-02-18,1420.0,1420.0,Active
2237,793,23,Riley Diaz,2023-10-10,2024-10-09,1230.0,1230.0,Expired
2238,793,23,Taylor Adams,2024-12-10,2025-12-09,1290.0,1290.0,Expired
2239,793,23,Alex Brooks,2025-12-10,2026-12-09,1370.0,1370.0,Active
2240,794,23,Jamie Cruz,2023-09-30,2024-09-29,1770.0,1770.0,Expired
2241,794,23,Reese Cruz,2024-09-30,2025-03-29,1880.0,1880.0,Expired
2242,794,23,Jordan Gray,2025-04-23,2026-04-22,1940.0,1940.0,Expired
2243,794,23,Morgan Cruz,2026-06-07,2027-06-06,2010.0,2010.0,Active
2244,795,23,Casey Irwin,2023-12-23,2024-06-22,1670.0,1670.0,Expired
2245,795,23,Quinn Cruz,2024-10-04,2025-04-03,1730.0,1730.0,Expired
2246,795,23,Sam Brooks,2025-04-04,2026-04-03,1800.0,1800.0,Expired
2247,795,23,Jordan Cruz,2026-05-05,2027-11-04,1910.0,1910.0,Active
2248,796,23,Sam Klein,2023-10-01,2024-09-30,1720.0,1720.0,Expired
2249,796,23,Avery Gray,2024-10-01,2025-03-31,1810.0,1810.0,Expired
2250,796,23,Riley Lopez,2025-04-01,2026-03-31,1880.0,1880.0,Expired
2251,796,23,Reese Foster,2026-05-01,2027-04-30,1920.0,1920.0,Active
2252,797,23,Alex Evans,2023-12-26,2024-06-25,1380.0,1380.0,Expired
2253,797,23,Riley Hayes,2024-06-26,2025-06-25,1440.0,1440.0,Expired
2254,797,23,Alex Foster,2025-06-26,2026-06-25,1520.0,1520.0,Expired
2255,797,23,Taylor Evans,2026-06-26,2027-06-25,1620.0,1620.0,Active
2256,798,23,Reese Jensen,2023-09-28,2025-03-27,2290.0,2290.0,Expired
2257,798,23,Alex Hayes,2025-03-28,2025-09-27,2420.0,2420.0,Expired
2258,798,23,Casey Lopez,2025-09-28,2027-03-27,2480.0,2480.0,Active
2259,799,23,Casey Irwin,2023-06-13,2024-06-12,1330.0,1330.0,Expired
2260,799,23,Alex Adams,2024-07-06,2025-01-05,1390.0,1390.0,Expired
2261,799,23,Riley Hayes,2025-01-06,2026-07-05,1470.0,1470.0,Expired
2262,799,23,Casey Evans,2026-07-06,2028-01-05,1530.0,1530.0,Active
2263,800,23,Jamie Lopez,2023-04-30,2023-10-29,2210.0,2210.0,Expired
2264,800,23,Taylor Gray,2024-01-11,2024-07-10,2290.0,2290.0,Expired
2265,800,23,Reese Cruz,2024-08-06,2026-02-05,2380.0,2380.0,Expired
2266,800,23,Morgan Adams,2026-02-06,2027-02-05,2490.0,2490.0,Active
2267,801,23,Alex Foster,2023-04-30,2024-04-29,2040.0,2040.0,Expired
2268,801,23,Avery Cruz,2024-08-26,2025-08-25,2160.0,2160.0,Expired
2269,801,23,Casey Cruz,2025-11-24,2026-11-23,2220.0,2220.0,Active
2270,802,23,Jordan Adams,2023-06-08,2024-06-07,1810.0,1810.0,Expired
2271,802,23,Reese Irwin,2024-06-08,2025-06-07,1920.0,1920.0,Expired
2272,802,23,Jordan Diaz,2025-09-02,2026-09-01,2020.0,2020.0,Expired
2273,802,23,Avery Adams,2026-09-02,2027-03-01,2110.0,2110.0,Active
2274,803,23,Taylor Foster,2023-04-15,2024-04-14,1280.0,1280.0,Expired
2275,803,23,Casey Gray,2024-04-15,2025-04-14,1370.0,1370.0,Expired
2276,803,23,Jordan Diaz,2025-04-15,2026-10-14,1430.0,1430.0,Active
2277,804,23,Reese Gray,2023-03-11,2024-03-10,1190.0,1190.0,Expired
2278,804,23,Reese Klein,2024-03-11,2025-09-10,1220.0,1220.0,Expired
2279,804,23,Drew Foster,2025-09-11,2027-03-10,1270.0,1270.0,Active
2280,805,23,Sam Hayes,2023-09-12,2024-09-11,840.0,840.0,Expired
2281,805,23,Quinn Irwin,2024-11-02,2025-11-01,890.0,890.0,Expired
2282,805,23,Reese Diaz,2025-11-02,2026-05-01,930.0,930.0,Expired
2283,805,23,Quinn Lopez,2026-07-08,2028-01-07,980.0,980.0,Active
2284,806,23,Taylor Adams,2023-05-26,2024-05-25,1870.0,1870.0,Expired
2285,806,23,Sam Hayes,2024-05-26,2025-05-25,1910.0,1910.0,Expired
2286,806,23,Jordan Evans,2025-05-26,2026-05-25,1980.0,1980.0,Expired
2287,806,23,Taylor Cruz,2026-05-26,2027-11-25,2080.0,2080.0,Active
2288,807,23,Drew Hayes,2023-08-18,2024-08-17,1540.0,1540.0,Expired
2289,807,23,Taylor Cruz,2024-11-26,2025-05-25,1580.0,1580.0,Expired
2290,807,23,Alex Hayes,2025-05-26,2026-05-25,1620.0,1620.0,Expired
2291,807,23,Casey Evans,2026-05-26,2027-05-25,1720.0,1720.0,Active
2292,808,23,Reese Foster,2023-08-30,2024-08-29,1090.0,1090.0,Expired
2293,808,23,Alex Klein,2024-08-30,2025-08-29,1140.0,1140.0,Expired
2294,808,23,Riley Lopez,2025-12-14,2027-06-13,1170.0,1170.0,Active
2295,809,23,Alex Gray,2023-04-23,2024-04-22,1220.0,1220.0,Expired
2296,809,23,Avery Brooks,2024-06-29,2025-06-28,1280.0,1280.0,Expired
2297,809,23,Alex Cruz,2025-09-15,2026-09-14,1330.0,1330.0,Expired
2298,809,23,Jordan Klein,2026-09-15,2027-09-14,1390.0,1390.0,Active
2299,810,23,Alex Brooks,2023-05-08,2024-11-07,1080.0,1080.0,Expired
2300,810,23,Quinn Evans,2024-11-08,2025-11-07,1120.0,1120.0,Expired
2301,810,23,Alex Foster,2025-11-08,2026-05-07,1150.0,1150.0,Expired
2302,810,23,Casey Jensen,2026-05-24,2027-11-23,1180.0,1180.0,Active
2303,811,23,Riley Gray,2023-08-15,2024-08-14,1090.0,1090.0,Expired
2304,811,23,Morgan Hayes,2024-08-15,2025-08-14,1130.0,1130.0,Expired
2305,811,23,Alex Evans,2025-09-09,2026-03-08,1170.0,1170.0,Expired
2306,811,23,Drew Irwin,2026-04-26,2026-10-25,1240.0,1240.0,Active
2307,812,23,Sam Hayes,2023-03-16,2024-03-15,1980.0,1980.0,Expired
2308,812,23,Jordan Adams,2024-04-14,2025-04-13,2040.0,2040.0,Expired
2309,812,23,Riley Cruz,2025-05-31,2026-05-30,2170.0,2170.0,Expired
2310,812,23,Casey Gray,2026-09-04,2027-09-03,2290.0,2290.0,Active
2311,813,23,Quinn Adams,2023-04-14,2024-04-13,1970.0,1970.0,Expired
2312,813,23,Sam Gray,2024-05-18,2024-11-17,2080.0,2080.0,Expired
2313,813,23,Taylor Brooks,2024-11-18,2025-11-17,2180.0,2180.0,Expired
2314,813,23,Avery Klein,2025-11-18,2026-11-17,2320.0,2320.0,Active
2315,814,23,Avery Brooks,2023-10-04,2024-10-03,1150.0,1150.0,Expired
2316,814,23,Avery Diaz,2024-10-04,2025-04-03,1180.0,1180.0,Expired
2317,814,23,Sam Adams,2025-04-08,2026-04-07,1210.0,1210.0,Expired
2318,814,23,Sam Evans,2026-04-08,2027-10-07,1240.0,1240.0,Active
2319,815,23,Jamie Hayes,2023-12-26,2024-12-25,1180.0,1180.0,Expired
2320,815,23,Quinn Evans,2025-02-05,2026-08-04,1250.0,1250.0,Expired
2321,815,23,Taylor Hayes,2026-08-05,2027-08-04,1300.0,1300.0,Active
2322,816,23,Alex Brooks,2023-11-17,2024-05-16,1640.0,1640.0,Expired
2323,816,23,Drew Gray,2024-05-17,2025-05-16,1740.0,1740.0,Expired
2324,816,23,Drew Adams,2025-05-17,2026-05-16,1780.0,1780.0,Expired
2325,816,23,Reese Jensen,2026-06-20,2027-06-19,1830.0,1830.0,Active
2326,817,23,Taylor Evans,2023-10-18,2025-04-17,2020.0,2020.0,Expired
2327,817,23,Riley Irwin,2025-04-18,2025-10-17,2140.0,2140.0,Expired
2328,817,23,Alex Adams,2025-10-18,2026-10-17,2280.0,2280.0,Active
2329,818,23,Sam Gray,2023-08-21,2024-08-20,1110.0,1110.0,Expired
2330,818,23,Sam Diaz,2024-08-22,2026-02-21,1180.0,1180.0,Expired
2331,818,23,Jamie Cruz,2026-02-22,2027-08-21,1210.0,1210.0,Active
2332,819,23,Drew Lopez,2023-06-13,2024-12-12,880.0,880.0,Expired
2333,819,23,Riley Hayes,2024-12-13,2025-06-12,920.0,920.0,Expired
2334,819,23,Casey Irwin,2025-08-01,2026-07-31,970.0,970.0,Expired
2335,819,23,Sam Jensen,2026-08-11,2027-08-10,1030.0,1030.0,Active
2336,820,23,Taylor Cruz,2023-12-21,2025-06-20,1740.0,1740.0,Expired
2337,820,23,Riley Lopez,2025-06-21,2025-12-20,1850.0,1850.0,Expired
2338,820,23,Quinn Evans,2026-04-12,2026-10-11,1970.0,1970.0,Active
2339,821,23,Avery Hayes,2023-09-07,2025-03-06,1460.0,1460.0,Expired
2340,821,23,Jordan Evans,2025-03-07,2025-09-06,1490.0,1490.0,Expired
2341,821,23,Taylor Lopez,2025-09-07,2026-03-06,1530.0,1530.0,Expired
2342,821,23,Jordan Hayes,2026-03-07,2027-09-06,1610.0,1610.0,Active
2343,822,23,Taylor Foster,2023-10-14,2024-10-13,1700.0,1700.0,Expired
2344,822,23,Alex Irwin,2024-10-14,2025-10-13,1770.0,1770.0,Expired
2345,822,23,Reese Diaz,2025-10-14,2026-10-13,1810.0,1810.0,Active
2346,823,23,Taylor Diaz,2023-12-19,2024-12-18,1700.0,1700.0,Expired
2347,823,23,Drew Brooks,2025-03-04,2026-09-03,1760.0,1760.0,Expired
2348,823,23,Taylor Evans,2026-09-04,2027-03-03,1880.0,1880.0,Active
2349,824,23,Morgan Gray,2023-09-22,2024-09-21,1660.0,1660.0,Expired
2350,824,23,Riley Gray,2024-10-25,2026-04-24,1700.0,1700.0,Expired
2351,824,23,Alex Jensen,2026-06-15,2027-06-14,1750.0,1750.0,Active
2352,825,23,Reese Lopez,2023-09-30,2024-09-29,2310.0,2310.0,Expired
2353,825,23,Jordan Adams,2025-01-14,2026-01-13,2380.0,2380.0,Expired
2354,825,23,Alex Hayes,2026-01-14,2027-01-13,2470.0,2470.0,Active
2355,826,23,Drew Jensen,2023-12-21,2025-06-20,1710.0,1710.0,Expired
2356,826,23,Jordan Diaz,2025-06-30,2026-06-29,1790.0,1790.0,Expired
2357,826,23,Taylor Irwin,2026-06-30,2027-06-29,1870.0,1870.0,Active
2358,827,23,Reese Foster,2023-06-05,2024-06-04,1340.0,1340.0,Expired
2359,827,23,Riley Hayes,2024-07-17,2025-01-16,1390.0,1390.0,Expired
2360,827,23,Riley Brooks,2025-01-17,2026-01-16,1490.0,1490.0,Expired
2361,827,23,Riley Klein,2026-01-17,2027-01-16,1540.0,1540.0,Active
2362,828,23,Avery Hayes,2023-07-28,2025-01-27,1420.0,1420.0,Expired
2363,828,23,Riley Brooks,2025-01-28,2026-07-27,1490.0,1490.0,Expired
2364,828,23,Quinn Diaz,2026-09-26,2027-09-25,1530.0,1530.0,Active
2365,829,23,Sam Jensen,2023-11-29,2024-11-28,1590.0,1590.0,Expired
2366,829,23,Jordan Evans,2025-03-10,2026-09-09,1630.0,1630.0,Expired
2367,829,23,Avery Gray,2026-09-10,2027-09-09,1720.0,1720.0,Active
2368,830,23,Drew Evans,2023-02-07,2024-08-06,700.0,700.0,Expired
2369,830,23,Riley Jensen,2024-09-10,2025-09-09,740.0,740.0,Expired
2370,830,23,Sam Adams,2025-10-09,2027-04-08,770.0,770.0,Active
2371,831,23,Alex Diaz,2023-06-07,2024-06-06,1640.0,1640.0,Expired
2372,831,23,Morgan Adams,2024-06-07,2025-06-06,1690.0,1690.0,Expired
2373,831,23,Morgan Hayes,2025-06-07,2026-06-06,1730.0,1730.0,Expired
2374,831,23,Jordan Brooks,2026-08-06,2027-02-05,1820.0,1820.0,Active
2375,832,23,Drew Diaz,2023-03-18,2024-03-17,1660.0,1660.0,Expired
2376,832,23,Avery Hayes,2024-03-18,2025-03-17,1690.0,1690.0,Expired
2377,832,23,Avery Klein,2025-03-18,2026-09-17,1750.0,1750.0,Expired
2378,833,23,Casey Hayes,2023-03-22,2024-03-21,1440.0,1440.0,Expired
2379,833,23,Alex Cruz,2024-03-22,2025-09-21,1520.0,1520.0,Expired
2380,833,23,Sam Jensen,2025-10-12,2026-10-11,1550.0,1550.0,Active
2381,834,23,Sam Adams,2023-11-28,2024-05-27,1090.0,1090.0,Expired
2382,834,23,Jamie Jensen,2024-05-28,2025-05-27,1170.0,1170.0,Expired
2383,834,23,Jordan Lopez,2025-06-17,2026-12-16,1200.0,1200.0,Active
2384,835,23,Avery Gray,2023-05-18,2023-11-17,960.0,960.0,Expired
2385,835,23,Drew Klein,2023-12-03,2024-12-02,1010.0,1010.0,Expired
2386,835,23,Avery Cruz,2024-12-03,2026-06-02,1030.0,1030.0,Expired
2387,835,23,Drew Hayes,2026-06-18,2027-06-17,1060.0,1060.0,Active
2388,836,23,Casey Adams,2023-10-13,2024-04-12,760.0,760.0,Expired
2389,836,23,Riley Lopez,2024-04-27,2025-04-26,800.0,800.0,Expired
2390,836,23,Morgan Klein,2025-06-21,2025-12-20,850.0,850.0,Expired
2391,836,23,Quinn Brooks,2025-12-21,2026-06-20,880.0,880.0,Expired
2392,836,23,Jordan Brooks,2026-06-21,2027-12-20,920.0,920.0,Active
2393,837,23,Casey Cruz,2023-09-11,2024-03-10,760.0,760.0,Expired
2394,837,23,Morgan Brooks,2024-03-11,2025-03-10,790.0,790.0,Expired
2395,837,23,Sam Lopez,2025-03-11,2026-03-10,820.0,820.0,Expired
2396,837,23,Jordan Adams,2026-03-11,2027-09-10,850.0,850.0,Active
2397,838,23,Taylor Irwin,2024-01-01,2025-06-30,1610.0,1610.0,Expired
2398,838,23,Avery Lopez,2025-08-30,2027-02-27,1720.0,1720.0,Active
2399,839,23,Casey Foster,2023-04-15,2024-10-14,1010.0,1010.0,Expired
2400,839,23,Taylor Foster,2024-10-15,2026-04-14,1060.0,1060.0,Expired
2401,839,23,Jordan Cruz,2026-04-15,2027-04-14,1080.0,1080.0,Active
2402,840,23,Jordan Hayes,2023-05-22,2024-05-21,1210.0,1210.0,Expired
2403,840,23,Quinn Lopez,2024-06-05,2025-06-04,1270.0,1270.0,Expired
2404,840,23,Drew Irwin,2025-06-05,2026-06-04,1350.0,1350.0,Expired
2405,840,23,Jamie Evans,2026-06-05,2027-12-04,1390.0,1390.0,Active
2406,841,23,Quinn Gray,2023-04-15,2024-04-14,1190.0,1190.0,Expired
2407,841,23,Avery Jensen,2024-06-09,2025-06-08,1220.0,1220.0,Expired
2408,841,23,Jordan Brooks,2025-06-15,2026-06-14,1290.0,1290.0,Expired
2409,841,23,Alex Evans,2026-06-15,2026-12-14,1360.0,1360.0,Active
2410,842,23,Sam Brooks,2023-11-02,2025-05-01,670.0,670.0,Expired
2411,842,23,Quinn Jensen,2025-05-02,2026-11-01,700.0,700.0,Active
2412,843,23,Sam Klein,2023-10-12,2024-10-11,1590.0,1590.0,Expired
2413,843,23,Quinn Klein,2024-10-12,2025-10-11,1690.0,1690.0,Expired
2414,843,23,Avery Klein,2025-10-12,2026-04-11,1780.0,1780.0,Expired
2415,843,23,Taylor Klein,2026-06-11,2026-12-10,1820.0,1820.0,Active
2416,844,23,Sam Diaz,2023-12-08,2025-06-07,1930.0,1930.0,Expired
2417,844,23,Casey Irwin,2025-06-08,2026-06-07,2000.0,2000.0,Expired
2418,844,23,Morgan Evans,2026-06-08,2026-12-07,2070.0,2070.0,Active
2419,845,23,Riley Diaz,2023-03-23,2023-09-22,980.0,980.0,Expired
2420,845,23,Jamie Hayes,2023-12-02,2024-12-01,1040.0,1040.0,Expired
2421,845,23,Drew Gray,2025-01-04,2026-07-03,1090.0,1090.0,Expired
2422,845,23,Taylor Jensen,2026-07-14,2028-01-13,1170.0,1170.0,Active
2423,846,23,Quinn Adams,2023-09-25,2024-03-24,1240.0,1240.0,Expired
2424,846,23,Casey Diaz,2024-06-20,2025-06-19,1320.0,1320.0,Expired
2425,846,23,Jordan Diaz,2025-07-23,2026-01-22,1410.0,1410.0,Expired
2426,846,23,Alex Foster,2026-02-25,2027-02-24,1440.0,1440.0,Active
2427,847,23,Morgan Adams,2023-12-05,2024-06-04,1010.0,1010.0,Expired
2428,847,23,Sam Jensen,2024-08-03,2025-08-02,1030.0,1030.0,Expired
2429,847,23,Alex Lopez,2025-08-29,2027-02-27,1090.0,1090.0,Active
2430,848,23,Quinn Diaz,2023-04-10,2024-04-09,1320.0,1320.0,Expired
2431,848,23,Drew Klein,2024-06-06,2025-12-05,1350.0,1350.0,Expired
2432,848,23,Morgan Jensen,2025-12-06,2027-06-05,1400.0,1400.0,Active
2433,849,23,Alex Foster,2023-07-31,2024-07-30,650.0,650.0,Expired
2434,849,23,Jamie Brooks,2024-10-19,2025-04-18,670.0,670.0,Expired
2435,849,23,Jamie Lopez,2025-04-19,2026-04-18,680.0,680.0,Expired
2436,849,23,Reese Diaz,2026-04-19,2026-10-18,720.0,720.0,Active
2437,850,23,Alex Gray,2023-11-26,2025-05-25,1220.0,1220.0,Expired
2438,850,23,Jordan Klein,2025-05-26,2026-05-25,1250.0,1250.0,Expired
2439,850,23,Reese Gray,2026-07-21,2027-01-20,1280.0,1280.0,Active
2440,851,23,Taylor Irwin,2023-04-08,2024-04-07,940.0,940.0,Expired
2441,851,23,Avery Diaz,2024-05-18,2024-11-17,970.0,970.0,Expired
2442,851,23,Drew Hayes,2025-02-06,2026-02-05,1030.0,1030.0,Expired
2443,851,23,Quinn Gray,2026-03-12,2027-03-11,1090.0,1090.0,Active
2444,852,23,Alex Jensen,2023-05-01,2024-04-30,1250.0,1250.0,Expired
2445,852,23,Avery Brooks,2024-05-01,2025-04-30,1290.0,1290.0,Expired
2446,852,23,Quinn Diaz,2025-05-01,2026-10-31,1330.0,1330.0,Active
2447,853,23,Quinn Foster,2023-10-31,2024-10-30,1650.0,1650.0,Expired
2448,853,23,Jordan Adams,2024-12-28,2025-12-27,1750.0,1750.0,Expired
2449,853,23,Drew Jensen,2026-01-17,2027-07-16,1840.0,1840.0,Active
2450,854,23,Morgan Klein,2023-02-08,2024-08-07,1720.0,1720.0,Expired
2451,854,23,Avery Brooks,2024-08-16,2025-08-15,1830.0,1830.0,Expired
2452,854,23,Drew Klein,2025-08-16,2026-02-15,1940.0,1940.0,Expired
2453,854,23,Drew Klein,2026-02-16,2027-02-15,1990.0,1990.0,Active
2454,855,23,Morgan Adams,2023-06-11,2023-12-10,1790.0,1790.0,Expired
2455,855,23,Jordan Lopez,2023-12-11,2024-12-10,1910.0,1910.0,Expired
2456,855,23,Sam Gray,2025-01-06,2025-07-05,1950.0,1950.0,Expired
2457,855,23,Jamie Brooks,2025-07-28,2026-07-27,2040.0,2040.0,Expired
2458,855,23,Jamie Foster,2026-07-28,2028-01-27,2110.0,2110.0,Active
2459,856,23,Taylor Diaz,2023-07-12,2024-07-11,780.0,780.0,Expired
2460,856,23,Jordan Cruz,2024-08-21,2025-08-20,810.0,810.0,Expired
2461,856,23,Taylor Gray,2025-08-21,2026-08-20,850.0,850.0,Expired
2462,856,23,Sam Brooks,2026-08-21,2028-02-20,890.0,890.0,Active
2463,857,23,Quinn Jensen,2023-10-25,2025-04-24,1580.0,1580.0,Expired
2464,857,23,Morgan Jensen,2025-06-04,2026-06-03,1640.0,1640.0,Expired
2465,857,23,Jamie Jensen,2026-06-19,2027-06-18,1740.0,1740.0,Active
2466,858,23,Jamie Adams,2023-12-26,2025-06-25,1000.0,1000.0,Expired
2467,858,23,Drew Cruz,2025-08-09,2026-08-08,1060.0,1060.0,Expired
2468,858,23,Riley Diaz,2026-09-14,2027-03-13,1100.0,1100.0,Active
2469,859,23,Taylor Foster,2023-10-03,2025-04-02,1480.0,1480.0,Expired
2470,859,23,Taylor Diaz,2025-04-03,2025-10-02,1530.0,1530.0,Expired
2471,859,23,Jamie Irwin,2025-11-15,2027-05-14,1600.0,1600.0,Active
2472,860,23,Riley Klein,2023-08-16,2024-02-15,1680.0,1680.0,Expired
2473,860,23,Quinn Jensen,2024-04-15,2024-10-14,1790.0,1790.0,Expired
2474,860,23,Casey Adams,2024-10-15,2025-04-14,1880.0,1880.0,Expired
2475,860,23,Reese Irwin,2025-08-08,2026-02-07,1940.0,1940.0,Expired
2476,860,23,Quinn Gray,2026-02-08,2027-02-07,2040.0,2040.0,Active
2477,861,24,Reese Gray,2023-11-01,2024-10-31,2070.0,2070.0,Expired
2478,861,24,Reese Brooks,2024-11-12,2025-05-11,2210.0,2210.0,Expired
2479,861,24,Casey Lopez,2025-07-21,2026-01-20,2290.0,2290.0,Expired
2480,861,24,Quinn Diaz,2026-03-25,2027-09-24,2340.0,2340.0,Active
2481,862,24,Sam Adams,2023-09-20,2024-03-19,1850.0,1850.0,Expired
2482,862,24,Avery Klein,2024-05-15,2025-05-14,1960.0,1960.0,Expired
2483,862,24,Jamie Diaz,2025-06-28,2026-06-27,2030.0,2030.0,Expired
2484,862,24,Sam Cruz,2026-09-03,2027-03-02,2080.0,2080.0,Active
2485,863,24,Avery Hayes,2023-07-17,2025-01-16,1820.0,1820.0,Expired
2486,863,24,Casey Hayes,2025-03-01,2026-02-28,1920.0,1920.0,Expired
2487,863,24,Jordan Gray,2026-03-01,2027-02-28,2020.0,2020.0,Active
2488,864,24,Drew Foster,2023-09-26,2024-09-25,1380.0,1380.0,Expired
2489,864,24,Casey Foster,2024-09-26,2025-03-25,1420.0,1420.0,Expired
2490,864,24,Sam Irwin,2025-03-26,2026-03-25,1520.0,1520.0,Expired
2491,864,24,Riley Evans,2026-03-26,2027-03-25,1560.0,1560.0,Active
2492,865,24,Avery Gray,2023-11-19,2024-05-18,850.0,850.0,Expired
2493,865,24,Morgan Adams,2024-05-19,2025-05-18,900.0,900.0,Expired
2494,865,24,Jamie Diaz,2025-05-19,2026-05-18,930.0,930.0,Expired
2495,865,24,Alex Gray,2026-05-19,2027-05-18,990.0,990.0,Active
2496,866,24,Reese Cruz,2023-11-13,2024-11-12,940.0,940.0,Expired
2497,866,24,Taylor Diaz,2024-11-13,2025-11-12,1000.0,1000.0,Expired
2498,866,24,Drew Klein,2025-11-13,2026-11-12,1040.0,1040.0,Active
2499,867,24,Jamie Foster,2023-05-27,2024-05-26,1400.0,1400.0,Expired
2500,867,24,Quinn Diaz,2024-06-05,2025-06-04,1450.0,1450.0,Expired
2501,867,24,Casey Jensen,2025-06-05,2025-12-04,1540.0,1540.0,Expired
2502,867,24,Morgan Klein,2026-03-03,2027-03-02,1570.0,1570.0,Active
2503,868,24,Drew Foster,2023-10-10,2024-10-09,2010.0,2010.0,Expired
2504,868,24,Drew Lopez,2024-10-30,2025-10-29,2070.0,2070.0,Expired
2505,868,24,Morgan Adams,2026-01-02,2027-01-01,2130.0,2130.0,Active
2506,869,24,Casey Lopez,2023-03-18,2024-03-17,870.0,870.0,Expired
2507,869,24,Taylor Klein,2024-03-18,2025-03-17,890.0,890.0,Expired
2508,869,24,Avery Foster,2025-06-01,2026-05-31,920.0,920.0,Expired
2509,869,24,Taylor Hayes,2026-07-07,2027-07-06,960.0,960.0,Active
2510,870,24,Taylor Brooks,2023-11-01,2024-10-31,1960.0,1960.0,Expired
2511,870,24,Alex Klein,2024-11-01,2025-10-31,2060.0,2060.0,Expired
2512,870,24,Riley Lopez,2025-12-25,2027-06-24,2200.0,2200.0,Active
2513,871,24,Avery Evans,2023-09-14,2025-03-13,1650.0,1650.0,Expired
2514,871,24,Avery Irwin,2025-03-14,2026-03-13,1750.0,1750.0,Expired
2515,871,24,Quinn Lopez,2026-03-14,2027-03-13,1840.0,1840.0,Active
2516,872,24,Alex Adams,2023-11-02,2024-11-01,1410.0,1410.0,Expired
2517,872,24,Alex Irwin,2024-11-02,2025-11-01,1510.0,1510.0,Expired
2518,872,24,Reese Diaz,2025-12-26,2027-06-25,1590.0,1590.0,Active
2519,873,24,Casey Diaz,2023-12-10,2024-12-09,830.0,830.0,Expired
2520,873,24,Reese Gray,2024-12-31,2026-06-29,890.0,890.0,Expired
2521,873,24,Riley Diaz,2026-07-21,2027-07-20,930.0,930.0,Active
2522,874,24,Reese Adams,2023-08-15,2025-02-14,1590.0,1590.0,Expired
2523,874,24,Riley Brooks,2025-02-15,2026-08-14,1670.0,1670.0,Expired
2524,874,24,Casey Jensen,2026-08-15,2028-02-14,1720.0,1720.0,Active
2525,875,24,Morgan Brooks,2023-07-13,2024-01-12,1150.0,1150.0,Expired
2526,875,24,Casey Brooks,2024-04-18,2025-10-17,1210.0,1210.0,Expired
2527,875,24,Reese Diaz,2025-10-18,2026-04-17,1290.0,1290.0,Expired
2528,875,24,Jordan Foster,2026-05-26,2027-05-25,1350.0,1350.0,Active
2529,876,24,Drew Klein,2023-09-11,2024-03-10,1290.0,1290.0,Expired
2530,876,24,Morgan Cruz,2024-04-09,2025-04-08,1320.0,1320.0,Expired
2531,876,24,Sam Jensen,2025-04-09,2026-10-08,1370.0,1370.0,Active
2532,877,24,Jamie Hayes,2023-03-14,2024-03-13,2720.0,2720.0,Expired
2533,877,24,Morgan Gray,2024-04-28,2025-10-27,2780.0,2780.0,Expired
2534,877,24,Jamie Adams,2025-10-28,2026-04-27,2960.0,2960.0,Expired
2535,877,24,Riley Adams,2026-05-16,2027-05-15,3030.0,3030.0,Active
2536,878,24,Reese Cruz,2023-08-13,2024-08-12,2160.0,2160.0,Expired
2537,878,24,Jordan Gray,2024-08-13,2025-08-12,2290.0,2290.0,Expired
2538,878,24,Casey Diaz,2025-09-09,2026-09-08,2420.0,2420.0,Expired
2539,878,24,Sam Lopez,2026-09-09,2027-09-08,2490.0,2490.0,Active
2540,879,24,Sam Lopez,2023-03-26,2024-09-25,1380.0,1380.0,Expired
2541,879,24,Avery Gray,2024-11-10,2025-11-09,1480.0,1480.0,Expired
2542,879,24,Casey Jensen,2025-11-10,2026-11-09,1520.0,1520.0,Active
2543,880,24,Sam Cruz,2023-09-30,2024-09-29,2460.0,2460.0,Expired
2544,880,24,Taylor Diaz,2024-09-30,2025-09-29,2550.0,2550.0,Expired
2545,880,24,Drew Gray,2025-10-23,2026-10-22,2650.0,2650.0,Active
2546,881,24,Morgan Lopez,2023-06-13,2024-12-12,2030.0,2030.0,Expired
2547,881,24,Morgan Irwin,2025-01-14,2026-01-13,2160.0,2160.0,Expired
2548,881,24,Jordan Brooks,2026-01-24,2027-01-23,2310.0,2310.0,Active
2549,882,24,Morgan Adams,2023-07-01,2024-06-30,1110.0,1110.0,Expired
2550,882,24,Sam Jensen,2024-07-01,2024-12-31,1160.0,1160.0,Expired
2551,882,24,Quinn Lopez,2025-01-31,2026-07-30,1190.0,1190.0,Expired
2552,882,24,Sam Cruz,2026-07-31,2027-01-30,1220.0,1220.0,Active
2553,883,24,Reese Diaz,2023-04-12,2024-10-11,1820.0,1820.0,Expired
2554,883,24,Reese Gray,2024-12-09,2025-12-08,1880.0,1880.0,Expired
2555,883,24,Quinn Evans,2026-02-04,2027-02-03,1980.0,1980.0,Active
2556,884,24,Sam Gray,2024-01-01,2024-12-31,2240.0,2240.0,Expired
2557,884,24,Casey Irwin,2025-01-01,2025-12-31,2380.0,2380.0,Expired
2558,884,24,Jordan Adams,2026-01-01,2026-12-31,2480.0,2480.0,Active
2559,885,24,Sam Hayes,2023-03-26,2024-03-25,1660.0,1660.0,Expired
2560,885,24,Morgan Evans,2024-03-26,2025-03-25,1710.0,1710.0,Expired
2561,885,24,Sam Hayes,2025-03-26,2026-09-25,1760.0,1760.0,Expired
2562,886,24,Taylor Jensen,2023-05-27,2024-05-26,1390.0,1390.0,Expired
2563,886,24,Quinn Diaz,2024-05-27,2025-05-26,1460.0,1460.0,Expired
2564,886,24,Casey Diaz,2025-06-24,2026-06-23,1500.0,1500.0,Expired
2565,886,24,Jamie Irwin,2026-09-24,2027-09-23,1600.0,1600.0,Active
2566,887,24,Jamie Evans,2023-11-17,2024-11-16,1410.0,1410.0,Expired
2567,887,24,Reese Jensen,2024-11-29,2026-05-28,1490.0,1490.0,Expired
2568,887,24,Taylor Cruz,2026-08-31,2027-08-30,1580.0,1580.0,Active
2569,888,24,Riley Adams,2023-02-10,2024-02-09,1230.0,1230.0,Expired
2570,888,24,Reese Cruz,2024-03-05,2025-03-04,1290.0,1290.0,Expired
2571,888,24,Drew Jensen,2025-06-03,2025-12-02,1350.0,1350.0,Expired
2572,888,24,Jamie Irwin,2026-01-31,2027-01-30,1420.0,1420.0,Active
2573,889,24,Drew Foster,2023-04-03,2024-04-02,2000.0,2000.0,Expired
2574,889,24,Reese Klein,2024-06-03,2025-06-02,2040.0,2040.0,Expired
2575,889,24,Reese Hayes,2025-06-03,2026-06-02,2140.0,2140.0,Expired
2576,889,24,Avery Brooks,2026-06-03,2027-06-02,2230.0,2230.0,Active
2577,890,24,Quinn Klein,2023-11-22,2024-11-21,2560.0,2560.0,Expired
2578,890,24,Drew Irwin,2024-11-22,2025-05-21,2610.0,2610.0,Expired
2579,890,24,Sam Lopez,2025-05-22,2026-05-21,2680.0,2680.0,Expired
2580,890,24,Avery Gray,2026-05-22,2027-05-21,2790.0,2790.0,Active
2581,891,24,Sam Irwin,2023-03-13,2024-09-12,1260.0,1260.0,Expired
2582,891,24,Reese Adams,2024-09-13,2025-09-12,1290.0,1290.0,Expired
2583,891,24,Reese Hayes,2025-12-30,2027-06-29,1370.0,1370.0,Active
2584,892,24,Reese Cruz,2023-11-19,2025-05-18,2940.0,2940.0,Expired
2585,892,24,Jordan Jensen,2025-08-05,2026-02-04,3020.0,3020.0,Expired
2586,892,24,Jamie Brooks,2026-02-05,2027-02-04,3150.0,3150.0,Active
2587,893,24,Morgan Klein,2023-07-11,2024-07-10,940.0,940.0,Expired
2588,893,24,Jordan Foster,2024-09-26,2025-09-25,980.0,980.0,Expired
2589,893,24,Quinn Diaz,2025-09-26,2027-03-25,1010.0,1010.0,Active
2590,894,24,Taylor Irwin,2023-10-10,2025-04-09,940.0,940.0,Expired
2591,894,24,Sam Klein,2025-06-04,2025-12-03,980.0,980.0,Expired
2592,894,24,Quinn Jensen,2025-12-04,2026-12-03,1030.0,1030.0,Active
2593,895,24,Quinn Gray,2023-02-27,2024-08-26,740.0,740.0,Expired
2594,895,24,Reese Brooks,2024-11-01,2025-10-31,790.0,790.0,Expired
2595,895,24,Morgan Lopez,2026-01-10,2027-01-09,820.0,820.0,Active
2596,896,24,Taylor Klein,2023-05-11,2024-11-10,1600.0,1600.0,Expired
2597,896,24,Sam Diaz,2024-11-11,2026-05-10,1670.0,1670.0,Expired
2598,896,24,Taylor Cruz,2026-05-22,2027-05-21,1730.0,1730.0,Active
2599,897,24,Jamie Jensen,2023-11-14,2024-11-13,2010.0,2010.0,Expired
2600,897,24,Sam Gray,2024-12-08,2026-06-07,2080.0,2080.0,Expired
2601,897,24,Casey Diaz,2026-07-24,2027-07-23,2130.0,2130.0,Active
2602,898,24,Sam Lopez,2024-01-01,2024-12-31,1480.0,1480.0,Expired
2603,898,24,Riley Diaz,2025-01-01,2025-12-31,1510.0,1510.0,Expired
2604,898,24,Taylor Brooks,2026-01-01,2026-12-31,1580.0,1580.0,Active
2605,899,24,Sam Lopez,2023-10-27,2025-04-26,2230.0,2230.0,Expired
2606,899,24,Jordan Evans,2025-04-27,2026-04-26,2280.0,2280.0,Expired
2607,899,24,Avery Evans,2026-04-27,2027-04-26,2330.0,2330.0,Active
2608,900,24,Drew Cruz,2023-09-10,2024-09-09,1300.0,1300.0,Expired
2609,900,24,Casey Adams,2024-09-10,2026-03-09,1360.0,1360.0,Expired
2610,900,24,Reese Irwin,2026-03-10,2027-03-09,1390.0,1390.0,Active
2611,901,24,Taylor Cruz,2023-04-23,2024-04-22,2010.0,2010.0,Expired
2612,901,24,Riley Diaz,2024-04-23,2025-10-22,2140.0,2140.0,Expired
2613,901,24,Alex Diaz,2025-10-23,2026-04-22,2250.0,2250.0,Expired
2614,901,24,Reese Lopez,2026-04-23,2027-04-22,2300.0,2300.0,Active
2615,902,24,Sam Cruz,2023-08-14,2024-08-13,2100.0,2100.0,Expired
2616,902,24,Riley Jensen,2024-08-14,2025-02-13,2190.0,2190.0,Expired
2617,902,24,Taylor Cruz,2025-02-14,2026-08-13,2300.0,2300.0,Expired
2618,902,24,Reese Adams,2026-09-06,2027-09-05,2440.0,2440.0,Active
2619,903,24,Jamie Cruz,2023-05-24,2024-05-23,1490.0,1490.0,Expired
2620,903,24,Taylor Adams,2024-05-24,2025-05-23,1540.0,1540.0,Expired
2621,903,24,Drew Brooks,2025-05-24,2026-05-23,1620.0,1620.0,Expired
2622,903,24,Morgan Irwin,2026-06-24,2027-06-23,1700.0,1700.0,Active
2623,904,24,Jamie Cruz,2023-04-05,2024-04-04,1510.0,1510.0,Expired
2624,904,24,Sam Foster,2024-06-13,2025-12-12,1540.0,1540.0,Expired
2625,904,24,Alex Lopez,2025-12-13,2026-12-12,1620.0,1620.0,Active
2626,905,24,Taylor Gray,2023-11-25,2025-05-24,1740.0,1740.0,Expired
2627,905,24,Drew Klein,2025-07-25,2026-07-24,1820.0,1820.0,Expired
2628,905,24,Jamie Adams,2026-07-25,2027-07-24,1930.0,1930.0,Active
2629,906,24,Sam Evans,2023-09-20,2024-09-19,1420.0,1420.0,Expired
2630,906,24,Casey Lopez,2024-09-20,2026-03-19,1450.0,1450.0,Expired
2631,906,24,Morgan Foster,2026-03-20,2027-03-19,1530.0,1530.0,Active
2632,907,24,Jordan Adams,2023-04-13,2024-04-12,1860.0,1860.0,Expired
2633,907,24,Reese Klein,2024-04-13,2025-04-12,1990.0,1990.0,Expired
2634,907,24,Alex Adams,2025-04-13,2026-04-12,2060.0,2060.0,Expired
2635,907,24,Casey Evans,2026-04-13,2027-04-12,2150.0,2150.0,Active
2636,908,24,Drew Klein,2023-12-22,2024-06-21,1900.0,1900.0,Expired
2637,908,24,Casey Gray,2024-06-22,2024-12-21,1990.0,1990.0,Expired
2638,908,24,Reese Evans,2025-02-11,2025-08-10,2120.0,2120.0,Expired
2639,908,24,Taylor Adams,2025-08-11,2026-02-10,2250.0,2250.0,Expired
2640,908,24,Sam Gray,2026-03-19,2027-03-18,2300.0,2300.0,Active
2641,909,24,Drew Lopez,2023-09-15,2024-03-14,910.0,910.0,Expired
2642,909,24,Casey Brooks,2024-04-03,2025-04-02,940.0,940.0,Expired
2643,909,24,Casey Evans,2025-04-03,2025-10-02,1000.0,1000.0,Expired
2644,909,24,Jordan Evans,2025-10-17,2026-10-16,1030.0,1030.0,Active
2645,910,24,Morgan Diaz,2023-05-31,2023-11-29,2660.0,2660.0,Expired
2646,910,24,Jamie Hayes,2023-11-30,2024-05-29,2790.0,2790.0,Expired
2647,910,24,Reese Irwin,2024-05-30,2025-05-29,2950.0,2950.0,Expired
2648,910,24,Jamie Hayes,2025-05-30,2026-05-29,3050.0,3050.0,Expired
2649,910,24,Quinn Lopez,2026-05-30,2026-11-29,3180.0,3180.0,Active
2650,911,24,Casey Hayes,2023-06-30,2024-06-29,1610.0,1610.0,Expired
2651,911,24,Jordan Jensen,2024-09-27,2025-09-26,1700.0,1700.0,Expired
2652,911,24,Casey Diaz,2025-11-23,2026-11-22,1740.0,1740.0,Active
2653,912,24,Drew Lopez,2023-08-21,2025-02-20,1950.0,1950.0,Expired
2654,912,24,Casey Diaz,2025-02-21,2025-08-20,2010.0,2010.0,Expired
2655,912,24,Casey Brooks,2025-08-21,2027-02-20,2070.0,2070.0,Active
2656,913,24,Taylor Evans,2023-04-26,2023-10-25,1500.0,1500.0,Expired
2657,913,24,Reese Irwin,2023-12-30,2024-12-29,1570.0,1570.0,Expired
2658,913,24,Jamie Diaz,2025-02-26,2026-02-25,1660.0,1660.0,Expired
2659,913,24,Taylor Gray,2026-02-26,2027-02-25,1750.0,1750.0,Active
2660,914,24,Riley Brooks,2023-08-16,2024-08-15,960.0,960.0,Expired
2661,914,24,Avery Hayes,2024-08-16,2025-08-15,990.0,990.0,Expired
2662,914,24,Riley Irwin,2025-08-16,2026-08-15,1040.0,1040.0,Expired
2663,914,24,Avery Cruz,2026-08-16,2028-02-15,1100.0,1100.0,Active
2664,915,24,Jordan Irwin,2023-12-03,2024-12-02,2260.0,2260.0,Expired
2665,915,24,Jamie Adams,2024-12-03,2025-12-02,2310.0,2310.0,Expired
2666,915,24,Morgan Gray,2025-12-06,2026-12-05,2410.0,2410.0,Active
2667,916,24,Drew Evans,2023-07-17,2024-01-16,810.0,810.0,Expired
2668,916,24,Reese Foster,2024-01-17,2024-07-16,840.0,840.0,Expired
2669,916,24,Casey Irwin,2024-08-26,2025-08-25,890.0,890.0,Expired
2670,916,24,Sam Lopez,2025-08-26,2026-08-25,910.0,910.0,Expired
2671,916,24,Riley Adams,2026-08-26,2027-08-25,940.0,940.0,Active
2672,917,24,Casey Irwin,2023-02-09,2024-02-08,2310.0,2310.0,Expired
2673,917,24,Jamie Irwin,2024-02-09,2025-08-08,2420.0,2420.0,Expired
2674,917,24,Morgan Adams,2025-08-09,2026-08-08,2520.0,2520.0,Expired
2675,917,24,Drew Klein,2026-08-09,2027-08-08,2630.0,2630.0,Active
2676,918,24,Quinn Gray,2023-03-02,2023-09-01,1440.0,1440.0,Expired
2677,918,24,Drew Klein,2023-10-27,2025-04-26,1510.0,1510.0,Expired
2678,918,24,Jamie Diaz,2025-04-27,2026-04-26,1600.0,1600.0,Expired
2679,918,24,Alex Diaz,2026-05-04,2027-05-03,1700.0,1700.0,Active
2680,919,24,Riley Foster,2023-10-28,2024-10-27,1780.0,1780.0,Expired
2681,919,24,Quinn Irwin,2025-02-24,2025-08-23,1890.0,1890.0,Expired
2682,919,24,Quinn Klein,2025-10-29,2027-04-28,1930.0,1930.0,Active
2683,920,24,Morgan Irwin,2023-11-01,2024-10-31,1500.0,1500.0,Expired
2684,920,24,Reese Evans,2024-11-01,2025-10-31,1600.0,1600.0,Expired
2685,920,24,Alex Jensen,2025-11-01,2026-10-31,1710.0,1710.0,Active
2686,921,24,Reese Evans,2023-06-26,2024-06-25,1430.0,1430.0,Expired
2687,921,24,Jamie Klein,2024-06-26,2025-12-25,1530.0,1530.0,Expired
2688,921,24,Sam Foster,2025-12-26,2027-06-25,1620.0,1620.0,Active
2689,922,24,Drew Diaz,2023-02-12,2024-02-11,2610.0,2610.0,Expired
2690,922,24,Drew Lopez,2024-02-12,2025-02-11,2760.0,2760.0,Expired
2691,922,24,Jamie Brooks,2025-02-12,2025-08-11,2870.0,2870.0,Expired
2692,922,24,Jamie Evans,2025-08-12,2026-08-11,2960.0,2960.0,Expired
2693,922,24,Quinn Diaz,2026-08-12,2027-08-11,3070.0,3070.0,Active
2694,923,24,Alex Evans,2023-08-26,2024-02-25,1510.0,1510.0,Expired
2695,923,24,Casey Klein,2024-02-26,2025-02-25,1590.0,1590.0,Expired
2696,923,24,Jordan Klein,2025-03-25,2026-03-24,1660.0,1660.0,Expired
2697,923,24,Sam Jensen,2026-03-25,2027-03-24,1760.0,1760.0,Active
2698,924,24,Quinn Foster,2023-04-01,2024-09-30,840.0,840.0,Expired
2699,924,24,Morgan Brooks,2024-10-01,2025-09-30,880.0,880.0,Expired
2700,924,24,Jamie Gray,2025-10-26,2026-10-25,920.0,920.0,Active
2701,925,24,Jordan Brooks,2023-11-02,2024-11-01,2840.0,2840.0,Expired
2702,925,24,Taylor Hayes,2024-12-06,2026-06-05,2910.0,2910.0,Expired
2703,925,24,Drew Diaz,2026-06-06,2027-12-05,3050.0,3050.0,Active
2704,926,24,Casey Foster,2023-04-27,2024-04-26,1270.0,1270.0,Expired
2705,926,24,Jordan Foster,2024-06-22,2024-12-21,1300.0,1300.0,Expired
2706,926,24,Quinn Gray,2024-12-29,2025-12-28,1330.0,1330.0,Expired
2707,926,24,Quinn Lopez,2026-02-16,2026-08-15,1370.0,1370.0,Expired
2708,926,24,Quinn Diaz,2026-08-16,2027-02-15,1420.0,1420.0,Active
2709,927,24,Alex Irwin,2023-03-02,2024-09-01,1020.0,1020.0,Expired
2710,927,24,Alex Lopez,2024-11-06,2026-05-05,1080.0,1080.0,Expired
2711,927,24,Drew Jensen,2026-07-01,2026-12-31,1140.0,1140.0,Active
2712,928,24,Sam Hayes,2023-05-18,2023-11-17,1560.0,1560.0,Expired
2713,928,24,Drew Diaz,2023-11-27,2024-11-26,1660.0,1660.0,Expired
2714,928,24,Riley Adams,2024-11-27,2025-05-26,1760.0,1760.0,Expired
2715,928,24,Avery Klein,2025-07-08,2026-07-07,1830.0,1830.0,Expired
2716,928,24,Avery Cruz,2026-07-08,2027-07-07,1960.0,1960.0,Active
2717,929,24,Morgan Irwin,2023-06-18,2024-12-17,2280.0,2280.0,Expired
2718,929,24,Taylor Hayes,2024-12-18,2025-12-17,2370.0,2370.0,Expired
2719,929,24,Quinn Brooks,2025-12-18,2026-12-17,2430.0,2430.0,Active
2720,930,24,Quinn Adams,2023-11-11,2024-11-10,1300.0,1300.0,Expired
2721,930,24,Jordan Foster,2024-11-11,2025-11-10,1320.0,1320.0,Expired
2722,930,24,Drew Evans,2025-11-11,2026-11-10,1380.0,1380.0,Active
2723,931,24,Casey Gray,2023-06-24,2024-06-23,1500.0,1500.0,Expired
2724,931,24,Quinn Adams,2024-07-12,2025-07-11,1610.0,1610.0,Expired
2725,931,24,Avery Foster,2025-07-12,2027-01-11,1700.0,1700.0,Active
2726,932,24,Alex Foster,2023-04-25,2024-04-24,1230.0,1230.0,Expired
2727,932,24,Sam Evans,2024-07-01,2025-06-30,1300.0,1300.0,Expired
2728,932,24,Jordan Jensen,2025-08-01,2026-07-31,1380.0,1380.0,Expired
2729,932,24,Avery Jensen,2026-08-12,2027-08-11,1430.0,1430.0,Active
2730,933,24,Taylor Brooks,2023-10-30,2024-10-29,1930.0,1930.0,Expired
2731,933,24,Quinn Jensen,2024-10-30,2025-10-29,1980.0,1980.0,Expired
2732,933,24,Drew Brooks,2025-10-30,2026-10-29,2030.0,2030.0,Active
2733,934,24,Casey Hayes,2023-12-02,2025-06-01,2180.0,2180.0,Expired
2734,934,24,Taylor Irwin,2025-06-02,2026-06-01,2300.0,2300.0,Expired
2735,934,24,Drew Foster,2026-07-11,2027-07-10,2440.0,2440.0,Active
2736,935,24,Jordan Gray,2024-01-01,2024-12-31,1370.0,1370.0,Expired
2737,935,24,Riley Lopez,2025-01-26,2026-07-25,1440.0,1440.0,Expired
2738,936,24,Jamie Adams,2023-11-01,2025-04-30,2160.0,2160.0,Expired
2739,936,24,Drew Diaz,2025-05-01,2026-04-30,2240.0,2240.0,Expired
2740,936,24,Jamie Diaz,2026-07-18,2027-07-17,2320.0,2320.0,Active
2741,937,24,Avery Adams,2023-10-25,2024-04-24,1400.0,1400.0,Expired
2742,937,24,Alex Klein,2024-07-16,2025-07-15,1470.0,1470.0,Expired
2743,937,24,Riley Adams,2025-07-16,2026-07-15,1540.0,1540.0,Expired
2744,937,24,Morgan Adams,2026-07-16,2027-07-15,1610.0,1610.0,Active
2745,938,24,Jordan Gray,2023-04-28,2023-10-27,1570.0,1570.0,Expired
2746,938,24,Riley Irwin,2023-12-05,2024-06-04,1650.0,1650.0,Expired
2747,938,24,Alex Evans,2024-06-05,2024-12-04,1710.0,1710.0,Expired
2748,938,24,Riley Lopez,2024-12-05,2025-12-04,1760.0,1760.0,Expired
2749,938,24,Jamie Lopez,2025-12-19,2026-12-18,1810.0,1810.0,Active
2750,939,24,Alex Hayes,2023-06-07,2024-06-06,1010.0,1010.0,Expired
2751,939,24,Drew Lopez,2024-07-15,2025-01-14,1030.0,1030.0,Expired
2752,939,24,Avery Foster,2025-01-15,2026-01-14,1070.0,1070.0,Expired
2753,939,24,Riley Irwin,2026-01-15,2026-07-14,1150.0,1150.0,Expired
2754,939,24,Casey Irwin,2026-07-15,2027-07-14,1220.0,1220.0,Active
2755,940,24,Quinn Cruz,2023-05-04,2024-11-03,1530.0,1530.0,Expired
2756,940,24,Jordan Gray,2024-11-04,2025-11-03,1590.0,1590.0,Expired
2757,940,24,Riley Gray,2025-11-04,2026-11-03,1620.0,1620.0,Active
2758,941,24,Drew Cruz,2023-09-03,2024-09-02,2180.0,2180.0,Expired
2759,941,24,Quinn Brooks,2024-09-03,2025-09-02,2270.0,2270.0,Expired
2760,941,24,Avery Foster,2025-11-13,2026-05-12,2390.0,2390.0,Expired
2761,941,24,Reese Evans,2026-05-13,2027-11-12,2550.0,2550.0,Active
2762,942,25,Harbor Coffee,2023-02-14,2026-02-13,2050.0,2050.0,Expired
2763,942,25,Harbor Dental,2026-03-02,2031-03-01,2110.0,2110.0,Active
2764,943,25,Cedar Law Group,2023-08-06,2028-08-05,1060.0,1060.0,Active
2765,944,25,Foundry Fitness,2023-08-06,2028-08-05,980.0,980.0,Active
2766,945,25,Harbor Consulting,2023-05-26,2030-05-25,1940.0,1940.0,Active
2767,946,25,Cedar Bakery,2023-05-17,2026-05-16,790.0,790.0,Expired
2768,946,25,Arbor Law Group,2026-05-17,2031-05-16,820.0,820.0,Active
2769,947,25,Harbor Fitness,2023-08-25,2028-08-24,950.0,950.0,Active
2770,948,25,Foundry Pharmacy,2023-12-10,2028-12-09,770.0,770.0,Active
2771,949,25,Grand Design Studio,2023-12-29,2026-12-28,1720.0,1720.0,Active
2772,950,26,Quinn Lopez,2023-10-09,2024-10-08,1030.0,1030.0,Expired
2773,950,26,Avery Gray,2024-11-17,2026-05-16,1100.0,1100.0,Expired
2774,950,26,Jamie Brooks,2026-08-28,2027-08-27,1150.0,1150.0,Active
2775,951,26,Casey Brooks,2023-06-08,2024-06-07,2310.0,2310.0,Expired
2776,951,26,Drew Irwin,2024-07-07,2025-07-06,2390.0,2390.0,Expired
2777,951,26,Avery Hayes,2025-07-26,2026-07-25,2530.0,2530.0,Expired
2778,951,26,Reese Jensen,2026-07-26,2027-07-25,2630.0,2630.0,Active
2779,952,26,Taylor Gray,2023-03-10,2024-03-09,900.0,900.0,Expired
2780,952,26,Sam Cruz,2024-03-15,2025-03-14,930.0,930.0,Expired
2781,952,26,Avery Evans,2025-03-15,2025-09-14,960.0,960.0,Expired
2782,952,26,Quinn Hayes,2025-10-21,2026-10-20,990.0,990.0,Active
2783,953,26,Reese Brooks,2023-02-12,2024-02-11,1880.0,1880.0,Expired
2784,953,26,Jamie Irwin,2024-05-10,2025-05-09,1960.0,1960.0,Expired
2785,953,26,Riley Irwin,2025-06-26,2025-12-25,2070.0,2070.0,Expired
2786,953,26,Sam Evans,2025-12-26,2026-12-25,2150.0,2150.0,Active
2787,954,26,Alex Jensen,2023-11-25,2024-11-24,2190.0,2190.0,Expired
2788,954,26,Drew Diaz,2024-11-25,2025-11-24,2280.0,2280.0,Expired
2789,954,26,Sam Klein,2025-12-10,2026-06-09,2370.0,2370.0,Expired
2790,954,26,Reese Jensen,2026-07-21,2027-07-20,2520.0,2520.0,Active
2791,955,26,Jordan Brooks,2023-03-22,2024-09-21,3440.0,3440.0,Expired
2792,955,26,Jamie Irwin,2024-09-22,2025-03-21,3520.0,3520.0,Expired
2793,955,26,Riley Gray,2025-03-22,2026-03-21,3660.0,3660.0,Expired
2794,955,26,Jamie Jensen,2026-03-22,2027-09-21,3790.0,3790.0,Active
2795,956,26,Jamie Cruz,2023-04-30,2024-04-29,1630.0,1630.0,Expired
2796,956,26,Avery Diaz,2024-04-30,2025-04-29,1690.0,1690.0,Expired
2797,956,26,Sam Gray,2025-05-21,2026-11-20,1790.0,1790.0,Active
2798,957,26,Drew Gray,2023-05-20,2023-11-19,1980.0,1980.0,Expired
2799,957,26,Taylor Cruz,2024-01-26,2025-01-25,2050.0,2050.0,Expired
2800,957,26,Avery Evans,2025-04-13,2026-04-12,2170.0,2170.0,Expired
2801,957,26,Jamie Brooks,2026-05-28,2027-05-27,2230.0,2230.0,Active
2802,958,26,Jordan Gray,2023-12-02,2024-12-01,2460.0,2460.0,Expired
2803,958,26,Casey Brooks,2024-12-02,2025-06-01,2590.0,2590.0,Expired
2804,958,26,Avery Jensen,2025-06-02,2026-06-01,2730.0,2730.0,Expired
2805,958,26,Casey Cruz,2026-06-02,2027-06-01,2840.0,2840.0,Active
2806,959,26,Jamie Adams,2023-11-17,2024-11-16,2870.0,2870.0,Expired
2807,959,26,Avery Jensen,2024-11-17,2025-11-16,3070.0,3070.0,Expired
2808,959,26,Jordan Lopez,2025-12-09,2026-12-08,3180.0,3180.0,Active
2809,960,26,Quinn Hayes,2023-11-09,2024-11-08,2500.0,2500.0,Expired
2810,960,26,Sam Cruz,2024-11-19,2025-05-18,2620.0,2620.0,Expired
2811,960,26,Drew Evans,2025-05-19,2026-05-18,2720.0,2720.0,Expired
2812,960,26,Avery Jensen,2026-07-22,2027-01-21,2850.0,2850.0,Active
2813,961,26,Reese Lopez,2023-08-25,2025-02-24,2530.0,2530.0,Expired
2814,961,26,Morgan Cruz,2025-02-25,2026-02-24,2620.0,2620.0,Expired
2815,961,26,Morgan Cruz,2026-04-02,2027-04-01,2670.0,2670.0,Active
2816,962,26,Sam Adams,2023-04-28,2024-04-27,1760.0,1760.0,Expired
2817,962,26,Drew Gray,2024-06-13,2024-12-12,1820.0,1820.0,Expired
2818,962,26,Riley Brooks,2024-12-31,2026-06-29,1910.0,1910.0,Expired
2819,962,26,Jordan Foster,2026-06-30,2027-06-29,2010.0,2010.0,Active
2820,963,26,Reese Cruz,2023-03-12,2024-03-11,2460.0,2460.0,Expired
2821,963,26,Drew Adams,2024-03-12,2024-09-11,2600.0,2600.0,Expired
2822,963,26,Quinn Diaz,2024-10-01,2025-09-30,2670.0,2670.0,Expired
2823,963,26,Quinn Gray,2025-10-01,2026-09-30,2790.0,2790.0,Active
2824,964,26,Avery Diaz,2023-11-14,2024-11-13,1810.0,1810.0,Expired
2825,964,26,Jamie Hayes,2024-11-14,2025-11-13,1850.0,1850.0,Expired
2826,964,26,Quinn Irwin,2025-11-14,2026-11-13,1960.0,1960.0,Active
2827,965,26,Avery Hayes,2023-11-27,2024-11-26,1470.0,1470.0,Expired
2828,965,26,Avery Gray,2025-02-27,2026-02-26,1560.0,1560.0,Expired
2829,965,26,Alex Jensen,2026-02-27,2027-02-26,1670.0,1670.0,Active
2830,966,26,Casey Adams,2023-11-16,2024-05-15,1010.0,1010.0,Expired
2831,966,26,Sam Foster,2024-05-16,2025-11-15,1030.0,1030.0,Expired
2832,966,26,Avery Evans,2026-01-25,2026-07-24,1070.0,1070.0,Expired
2833,966,26,Avery Irwin,2026-09-02,2027-09-01,1130.0,1130.0,Active
2834,967,26,Alex Hayes,2023-03-13,2024-03-12,2250.0,2250.0,Expired
2835,967,26,Morgan Adams,2024-03-24,2024-09-23,2350.0,2350.0,Expired
2836,967,26,Quinn Foster,2024-11-26,2026-05-25,2470.0,2470.0,Expired
2837,967,26,Sam Evans,2026-08-16,2027-02-15,2580.0,2580.0,Active
2838,968,26,Riley Cruz,2023-10-22,2024-04-21,1800.0,1800.0,Expired
2839,968,26,Riley Brooks,2024-04-22,2025-04-21,1900.0,1900.0,Expired
2840,968,26,Alex Cruz,2025-04-22,2026-04-21,2000.0,2000.0,Expired
2841,968,26,Alex Evans,2026-06-11,2027-06-10,2090.0,2090.0,Active
2842,969,26,Avery Hayes,2023-07-05,2024-07-04,1590.0,1590.0,Expired
2843,969,26,Riley Evans,2024-07-05,2025-07-04,1660.0,1660.0,Expired
2844,969,26,Morgan Irwin,2025-11-08,2026-11-07,1730.0,1730.0,Active
2845,970,26,Alex Diaz,2023-06-27,2024-06-26,1780.0,1780.0,Expired
2846,970,26,Taylor Evans,2024-06-27,2024-12-26,1880.0,1880.0,Expired
2847,970,26,Taylor Klein,2024-12-27,2025-12-26,1990.0,1990.0,Expired
2848,970,26,Drew Klein,2026-04-19,2027-10-18,2080.0,2080.0,Active
2849,971,26,Jordan Evans,2023-11-05,2024-11-04,940.0,940.0,Expired
2850,971,26,Taylor Lopez,2024-11-05,2025-11-04,980.0,980.0,Expired
2851,971,26,Sam Adams,2025-11-05,2026-11-04,1030.0,1030.0,Active
2852,972,26,Avery Cruz,2023-10-08,2024-04-07,2520.0,2520.0,Expired
2853,972,26,Drew Evans,2024-06-14,2025-06-13,2570.0,2570.0,Expired
2854,972,26,Quinn Lopez,2025-06-14,2026-06-13,2740.0,2740.0,Expired
2855,972,26,Taylor Foster,2026-06-14,2027-06-13,2810.0,2810.0,Active
2856,973,26,Drew Gray,2023-09-10,2025-03-09,1780.0,1780.0,Expired
2857,973,26,Drew Lopez,2025-05-08,2026-05-07,1830.0,1830.0,Expired
2858,973,26,Alex Lopez,2026-05-08,2027-05-07,1950.0,1950.0,Active
2859,974,26,Jamie Lopez,2023-12-24,2024-12-23,1950.0,1950.0,Expired
2860,974,26,Sam Evans,2024-12-24,2026-06-23,2070.0,2070.0,Expired
2861,974,26,Reese Gray,2026-06-25,2027-06-24,2110.0,2110.0,Active
2862,975,26,Alex Cruz,2023-05-26,2023-11-25,1270.0,1270.0,Expired
2863,975,26,Alex Evans,2023-11-26,2024-11-25,1330.0,1330.0,Expired
2864,975,26,Quinn Hayes,2025-01-16,2026-01-15,1390.0,1390.0,Expired
2865,975,26,Taylor Irwin,2026-01-16,2026-07-15,1460.0,1460.0,Expired
2866,975,26,Taylor Jensen,2026-07-16,2027-01-15,1570.0,1570.0,Active
2867,976,27,Grand Pharmacy,2023-11-28,2026-11-27,1260.0,1260.0,Active
2868,977,27,Orchard Bakery,2023-09-04,2026-09-03,440.0,440.0,Expired
2869,977,27,Maple Design Studio,2026-09-04,2031-09-03,470.0,470.0,Active
2870,978,27,Arbor Logistics,2023-08-11,2030-08-10,1120.0,1120.0,Active
2871,979,27,Highline Design Studio,2023-05-12,2028-05-11,610.0,610.0,Active
2872,980,27,Canal Dental,2023-08-09,2028-08-08,1280.0,1280.0,Active
2873,981,27,Union Design Studio,2023-11-12,2028-11-11,2500.0,2500.0,Active
2874,982,27,Orchard Fitness,2023-04-26,2026-04-25,620.0,620.0,Expired
2875,982,27,Park Law Group,2026-06-27,2029-06-26,650.0,650.0,Active
2876,983,27,River Tech,2023-02-11,2028-02-10,760.0,760.0,Active
2877,984,27,Crescent Consulting,2023-10-20,2026-10-19,930.0,930.0,Active
2878,985,27,River Tech,2023-06-02,2028-06-01,470.0,470.0,Active
2879,986,27,Mill Pharmacy,2023-03-29,2026-03-28,550.0,550.0,Expired
2880,986,27,River Dental,2026-03-29,2033-03-28,570.0,570.0,Active
2881,987,27,Highline Law Group,2023-04-04,2028-04-03,610.0,610.0,Active
2882,988,27,Foundry Coffee,2023-05-28,2028-05-27,1120.0,1120.0,Active
2883,989,27,Maple Fitness,2023-05-11,2028-05-10,890.0,890.0,Active
2884,990,27,Stone Pharmacy,2023-04-14,2026-04-13,920.0,920.0,Expired
2885,990,27,Arbor Fitness,2026-04-14,2029-04-13,970.0,970.0,Active
2886,991,27,Harbor Coffee,2023-06-06,2026-06-05,900.0,900.0,Expired
2887,991,27,Maple Fitness,2026-09-15,2033-09-14,960.0,960.0,Active
2888,992,27,River Fitness,2023-07-20,2030-07-19,530.0,530.0,Active
2889,993,27,Stone Logistics,2023-10-31,2030-10-30,290.0,290.0,Active
2890,994,27,Crescent Dental,2023-09-16,2030-09-15,1430.0,1430.0,Active
2891,995,27,Crescent Logistics,2023-03-02,2028-03-01,510.0,510.0,Active
2892,996,27,Park Coffee,2023-08-17,2026-08-16,440.0,440.0,Expired
2893,996,27,Cedar Consulting,2026-08-17,2031-08-16,470.0,470.0,Active
2894,997,27,Summit Pharmacy,2023-03-20,2028-03-19,210.0,210.0,Active
2895,998,27,Stone Fitness,2023-11-11,2026-11-10,1110.0,1110.0,Active
2896,999,27,Arbor Pharmacy,2023-07-06,2026-07-05,800.0,800.0,Expired
2897,999,27,Beacon Consulting,2026-07-25,2033-07-24,820.0,820.0,Active
2898,1000,27,Stone Bakery,2023-09-02,2026-09-01,1050.0,1050.0,Expired
2899,1000,27,Lakeview Law Group,2026-09-02,2031-09-01,1080.0,1080.0,Active
2900,1001,27,Orchard Pharmacy,2023-08-20,2026-08-19,250.0,250.0,Expired
2901,1002,27,Highline Fitness,2023-07-09,2026-07-08,1040.0,1040.0,Expired
2902,1002,27,Cedar Coffee,2026-07-09,2029-07-08,1090.0,1090.0,Active
2903,1003,27,Stone Coffee,2023-04-29,2028-04-28,420.0,420.0,Active
2904,1004,28,Quinn Gray,2023-08-09,2024-08-08,1940.0,1940.0,Expired
2905,1004,28,Drew Adams,2024-08-09,2026-02-08,2040.0,2040.0,Expired
2906,1004,28,Reese Irwin,2026-02-09,2027-02-08,2100.0,2100.0,Active
2907,1005,28,Riley Irwin,2023-05-04,2024-05-03,1840.0,1840.0,Expired
2908,1005,28,Jamie Evans,2024-05-15,2025-05-14,1960.0,1960.0,Expired
2909,1005,28,Jamie Gray,2025-07-01,2026-06-30,2100.0,2100.0,Expired
2910,1005,28,Taylor Foster,2026-09-04,2027-09-03,2140.0,2140.0,Active
2911,1006,28,Sam Hayes,2023-02-11,2024-02-10,1290.0,1290.0,Expired
2912,1006,28,Jamie Evans,2024-03-16,2025-09-15,1330.0,1330.0,Expired
2913,1006,28,Jamie Evans,2025-09-16,2026-03-15,1420.0,1420.0,Expired
2914,1006,28,Jordan Evans,2026-04-09,2026-10-08,1510.0,1510.0,Active
2915,1007,28,Taylor Foster,2023-09-19,2024-09-18,1480.0,1480.0,Expired
2916,1007,28,Casey Jensen,2024-10-17,2025-04-16,1570.0,1570.0,Expired
2917,1007,28,Taylor Irwin,2025-05-18,2026-05-17,1660.0,1660.0,Expired
2918,1007,28,Sam Hayes,2026-07-04,2027-01-03,1740.0,1740.0,Active
2919,1008,28,Quinn Evans,2023-04-18,2024-04-17,1770.0,1770.0,Expired
2920,1008,28,Morgan Lopez,2024-05-25,2024-11-24,1810.0,1810.0,Expired
2921,1008,28,Avery Irwin,2025-01-15,2025-07-14,1880.0,1880.0,Expired
2922,1008,28,Jordan Klein,2025-07-19,2026-01-18,1950.0,1950.0,Expired
2923,1008,28,Riley Evans,2026-05-03,2027-05-02,2060.0,2060.0,Active
2924,1009,28,Morgan Hayes,2023-03-20,2024-03-19,1690.0,1690.0,Expired
2925,1009,28,Reese Hayes,2024-04-14,2025-04-13,1740.0,1740.0,Expired
2926,1009,28,Taylor Klein,2025-04-14,2026-04-13,1800.0,1800.0,Expired
2927,1009,28,Avery Evans,2026-04-14,2027-10-13,1910.0,1910.0,Active
2928,1010,28,Reese Foster,2023-10-28,2024-04-27,1170.0,1170.0,Expired
2929,1010,28,Drew Klein,2024-04-28,2025-04-27,1230.0,1230.0,Expired
2930,1010,28,Casey Foster,2025-04-28,2026-04-27,1310.0,1310.0,Expired
2931,1010,28,Casey Cruz,2026-06-01,2027-11-30,1380.0,1380.0,Active
2932,1011,28,Riley Foster,2023-03-20,2024-03-19,1450.0,1450.0,Expired
2933,1011,28,Riley Irwin,2024-03-20,2024-09-19,1480.0,1480.0,Expired
2934,1011,28,Jamie Evans,2024-09-20,2026-03-19,1570.0,1570.0,Expired
2935,1011,28,Jamie Diaz,2026-03-20,2027-03-19,1620.0,1620.0,Active
2936,1012,28,Casey Foster,2023-09-12,2024-09-11,2400.0,2400.0,Expired
2937,1012,28,Reese Lopez,2024-10-05,2025-04-04,2520.0,2520.0,Expired
2938,1012,28,Riley Adams,2025-04-05,2026-04-04,2620.0,2620.0,Expired
2939,1012,28,Jordan Diaz,2026-05-15,2027-05-14,2710.0,2710.0,Active
2940,1013,28,Casey Evans,2023-03-10,2024-03-09,1480.0,1480.0,Expired
2941,1013,28,Jamie Foster,2024-03-10,2025-09-09,1550.0,1550.0,Expired
2942,1013,28,Jordan Adams,2025-09-10,2026-03-09,1620.0,1620.0,Expired
2943,1013,28,Sam Diaz,2026-03-10,2027-03-09,1650.0,1650.0,Active
2944,1014,28,Jamie Brooks,2023-12-26,2024-06-25,1990.0,1990.0,Expired
2945,1014,28,Riley Hayes,2024-06-26,2025-06-25,2040.0,2040.0,Expired
2946,1014,28,Jordan Lopez,2025-06-26,2025-12-25,2170.0,2170.0,Expired
2947,1014,28,Casey Hayes,2026-03-04,2027-09-03,2310.0,2310.0,Active
2948,1015,28,Drew Klein,2023-03-25,2024-03-24,1610.0,1610.0,Expired
2949,1015,28,Riley Lopez,2024-03-25,2025-09-24,1650.0,1650.0,Expired
2950,1015,28,Reese Brooks,2025-09-25,2026-03-24,1730.0,1730.0,Expired
2951,1015,28,Jordan Foster,2026-04-15,2027-04-14,1840.0,1840.0,Active
2952,1016,28,Casey Diaz,2023-02-11,2023-08-10,1660.0,1660.0,Expired
2953,1016,28,Casey Brooks,2023-08-11,2024-08-10,1770.0,1770.0,Expired
2954,1016,28,Jamie Hayes,2024-08-29,2025-08-28,1880.0,1880.0,Expired
2955,1016,28,Riley Lopez,2025-08-29,2026-08-28,1980.0,1980.0,Expired
2956,1016,28,Reese Diaz,2026-08-29,2027-08-28,2060.0,2060.0,Active
2957,1017,28,Casey Hayes,2023-05-16,2024-11-15,880.0,880.0,Expired
2958,1017,28,Alex Klein,2025-01-01,2025-12-31,920.0,920.0,Expired
2959,1017,28,Casey Hayes,2026-01-01,2027-06-30,990.0,990.0,Active
2960,1018,28,Taylor Brooks,2023-12-16,2024-12-15,1430.0,1430.0,Expired
2961,1018,28,Reese Adams,2025-01-30,2026-01-29,1520.0,1520.0,Expired
2962,1018,28,Quinn Irwin,2026-03-03,2027-03-02,1560.0,1560.0,Active
2963,1019,28,Casey Klein,2023-04-15,2023-10-14,1400.0,1400.0,Expired
2964,1019,28,Alex Hayes,2024-01-11,2025-07-10,1460.0,1460.0,Expired
2965,1019,28,Alex Gray,2025-07-11,2026-07-10,1540.0,1540.0,Expired
2966,1019,28,Jordan Klein,2026-07-11,2027-01-10,1580.0,1580.0,Active
2967,1020,28,Casey Gray,2023-11-08,2024-11-07,1350.0,1350.0,Expired
2968,1020,28,Taylor Brooks,2024-11-27,2025-05-26,1400.0,1400.0,Expired
2969,1020,28,Casey Diaz,2025-05-27,2025-11-26,1450.0,1450.0,Expired
2970,1020,28,Jordan Hayes,2025-11-27,2026-11-26,1500.0,1500.0,Active
2971,1021,28,Drew Klein,2023-11-03,2024-11-02,730.0,730.0,Expired
2972,1021,28,Drew Gray,2024-11-03,2025-05-02,760.0,760.0,Expired
2973,1021,28,Riley Evans,2025-06-13,2025-12-12,810.0,810.0,Expired
2974,1021,28,Morgan Irwin,2025-12-13,2026-12-12,850.0,850.0,Active
2975,1022,28,Reese Hayes,2023-08-08,2024-08-07,630.0,630.0,Expired
2976,1022,28,Riley Evans,2024-11-09,2025-11-08,670.0,670.0,Expired
2977,1022,28,Drew Gray,2025-12-22,2027-06-21,710.0,710.0,Active
2978,1023,28,Morgan Cruz,2023-10-15,2024-10-14,970.0,970.0,Expired
2979,1023,28,Jordan Hayes,2024-10-15,2025-10-14,1010.0,1010.0,Expired
2980,1023,28,Morgan Evans,2025-12-07,2026-12-06,1050.0,1050.0,Active
2981,1024,28,Sam Evans,2023-08-15,2024-08-14,1960.0,1960.0,Expired
2982,1024,28,Jordan Gray,2024-08-28,2026-02-27,2020.0,2020.0,Expired
2983,1024,28,Sam Lopez,2026-02-28,2027-02-27,2100.0,2100.0,Active
2984,1025,28,Casey Gray,2023-11-12,2024-11-11,1750.0,1750.0,Expired
2985,1025,28,Reese Jensen,2024-12-10,2026-06-09,1780.0,1780.0,Expired
2986,1025,28,Taylor Jensen,2026-06-10,2027-06-09,1900.0,1900.0,Active
2987,1026,28,Drew Brooks,2023-11-10,2024-11-09,1400.0,1400.0,Expired
2988,1026,28,Alex Irwin,2024-11-10,2025-05-09,1480.0,1480.0,Expired
2989,1026,28,Taylor Adams,2025-05-10,2026-05-09,1530.0,1530.0,Expired
2990,1026,28,Taylor Hayes,2026-08-07,2027-08-06,1620.0,1620.0,Active
2991,1027,28,Riley Jensen,2023-06-13,2024-12-12,1850.0,1850.0,Expired
2992,1027,28,Riley Evans,2024-12-13,2025-12-12,1940.0,1940.0,Expired
2993,1027,28,Drew Brooks,2025-12-31,2026-12-30,2070.0,2070.0,Active
2994,1028,28,Riley Diaz,2023-04-27,2023-10-26,1380.0,1380.0,Expired
2995,1028,28,Casey Cruz,2024-02-25,2024-08-24,1480.0,1480.0,Expired
2996,1028,28,Casey Foster,2024-08-25,2025-08-24,1580.0,1580.0,Expired
2997,1028,28,Reese Jensen,2025-10-20,2027-04-19,1660.0,1660.0,Active
2998,1029,28,Jordan Adams,2023-03-26,2023-09-25,1970.0,1970.0,Expired
2999,1029,28,Jamie Irwin,2023-11-03,2024-05-02,2100.0,2100.0,Expired
3000,1029,28,Reese Gray,2024-05-03,2024-11-02,2180.0,2180.0,Expired
3001,1029,28,Jordan Gray,2024-11-03,2025-11-02,2280.0,2280.0,Expired
3002,1029,28,Morgan Adams,2025-11-08,2026-11-07,2330.0,2330.0,Active
3003,1030,28,Sam Diaz,2023-04-24,2023-10-23,910.0,910.0,Expired
3004,1030,28,Jordan Irwin,2023-11-15,2024-11-14,970.0,970.0,Expired
3005,1030,28,Quinn Lopez,2025-01-15,2026-01-14,1000.0,1000.0,Expired
3006,1030,28,Alex Diaz,2026-03-22,2027-03-21,1040.0,1040.0,Active
3007,1031,28,Sam Evans,2023-12-17,2024-12-16,1760.0,1760.0,Expired
3008,1031,28,Alex Cruz,2024-12-17,2025-12-16,1860.0,1860.0,Expired
3009,1031,28,Drew Foster,2025-12-29,2026-12-28,1980.0,1980.0,Active
3010,1032,28,Morgan Lopez,2023-12-01,2024-11-30,1560.0,1560.0,Expired
3011,1032,28,Reese Evans,2025-01-06,2025-07-05,1630.0,1630.0,Expired
3012,1032,28,Taylor Jensen,2025-07-06,2026-01-05,1690.0,1690.0,Expired
3013,1032,28,Avery Adams,2026-01-06,2026-07-05,1740.0,1740.0,Expired
3014,1032,28,Jordan Evans,2026-07-06,2028-01-05,1820.0,1820.0,Active
3015,1033,28,Taylor Gray,2023-12-25,2024-12-24,1920.0,1920.0,Expired
3016,1033,28,Alex Lopez,2024-12-25,2025-12-24,2040.0,2040.0,Expired
3017,1033,28,Taylor Adams,2025-12-25,2026-12-24,2150.0,2150.0,Active
3018,1034,28,Jamie Gray,2023-02-07,2023-08-06,1130.0,1130.0,Expired
3019,1034,28,Alex Adams,2023-08-09,2025-02-08,1210.0,1210.0,Expired
3020,1034,28,Avery Jensen,2025-02-09,2025-08-08,1240.0,1240.0,Expired
3021,1034,28,Reese Brooks,2025-08-09,2026-02-08,1280.0,1280.0,Expired
3022,1034,28,Jamie Irwin,2026-02-09,2026-08-08,1340.0,1340.0,Expired
3023,1034,28,Drew Lopez,2026-08-09,2027-02-08,1410.0,1410.0,Active
3024,1035,28,Drew Adams,2023-09-11,2024-09-10,2090.0,2090.0,Expired
3025,1035,28,Reese Diaz,2024-10-11,2026-04-10,2140.0,2140.0,Expired
3026,1035,28,Riley Foster,2026-04-11,2027-10-10,2280.0,2280.0,Active
3027,1036,28,Quinn Hayes,2023-06-12,2024-06-11,1990.0,1990.0,Expired
3028,1036,28,Drew Klein,2024-06-22,2024-12-21,2070.0,2070.0,Expired
3029,1036,28,Drew Jensen,2025-01-08,2026-07-07,2210.0,2210.0,Expired
3030,1036,28,Drew Brooks,2026-07-08,2027-07-07,2280.0,2280.0,Active
3031,1037,28,Jamie Lopez,2023-11-30,2025-05-29,1760.0,1760.0,Expired
3032,1037,28,Taylor Irwin,2025-05-30,2026-11-29,1870.0,1870.0,Active
3033,1038,28,Taylor Cruz,2023-08-30,2024-08-29,1060.0,1060.0,Expired
3034,1038,28,Taylor Lopez,2024-08-30,2026-02-27,1130.0,1130.0,Expired
3035,1038,28,Riley Cruz,2026-02-28,2027-02-27,1190.0,1190.0,Active
3036,1039,28,Reese Evans,2023-03-17,2024-03-16,1310.0,1310.0,Expired
3037,1039,28,Jamie Hayes,2024-03-17,2025-03-16,1380.0,1380.0,Expired
3038,1039,28,Sam Brooks,2025-04-27,2026-10-26,1470.0,1470.0,Active
3039,1040,28,Alex Irwin,2023-10-26,2024-10-25,1400.0,1400.0,Expired
3040,1040,28,Quinn Lopez,2024-12-30,2026-06-29,1490.0,1490.0,Expired
3041,1040,28,Alex Diaz,2026-06-30,2027-12-29,1580.0,1580.0,Active
3042,1041,28,Riley Evans,2023-02-20,2024-02-19,1370.0,1370.0,Expired
3043,1041,28,Sam Foster,2024-06-07,2025-12-06,1450.0,1450.0,Expired
3044,1041,28,Drew Gray,2025-12-07,2026-06-06,1520.0,1520.0,Expired
3045,1041,28,Drew Diaz,2026-07-12,2027-07-11,1570.0,1570.0,Active
3046,1042,28,Drew Evans,2023-03-31,2024-03-30,2230.0,2230.0,Expired
3047,1042,28,Quinn Evans,2024-05-05,2025-05-04,2280.0,2280.0,Expired
3048,1042,28,Taylor Klein,2025-05-11,2026-05-10,2410.0,2410.0,Expired
3049,1042,28,Alex Diaz,2026-05-11,2027-05-10,2520.0,2520.0,Active
3050,1043,28,Jordan Irwin,2023-11-21,2024-11-20,2720.0,2720.0,Expired
3051,1043,28,Avery Cruz,2025-01-12,2026-01-11,2910.0,2910.0,Expired
3052,1043,28,Jamie Diaz,2026-01-12,2026-07-11,2980.0,2980.0,Expired
3053,1043,28,Alex Klein,2026-07-12,2027-07-11,3150.0,3150.0,Active
3054,1044,28,Taylor Gray,2023-08-03,2025-02-02,1890.0,1890.0,Expired
3055,1044,28,Morgan Lopez,2025-04-09,2026-04-08,1970.0,1970.0,Expired
3056,1044,28,Casey Irwin,2026-04-29,2027-04-28,2010.0,2010.0,Active
3057,1045,28,Taylor Adams,2023-11-24,2025-05-23,2240.0,2240.0,Expired
3058,1045,28,Reese Adams,2025-06-12,2025-12-11,2320.0,2320.0,Expired
3059,1045,28,Alex Gray,2025-12-31,2026-12-30,2440.0,2440.0,Active
3060,1046,28,Casey Jensen,2023-07-03,2024-07-02,2260.0,2260.0,Expired
3061,1046,28,Jamie Gray,2024-07-23,2025-07-22,2370.0,2370.0,Expired
3062,1046,28,Riley Lopez,2025-07-23,2027-01-22,2440.0,2440.0,Active
3063,1047,28,Drew Evans,2023-06-12,2023-12-11,1540.0,1540.0,Expired
3064,1047,28,Jamie Brooks,2024-01-25,2025-01-24,1580.0,1580.0,Expired
3065,1047,28,Morgan Cruz,2025-01-31,2026-01-30,1620.0,1620.0,Expired
3066,1047,28,Casey Lopez,2026-01-31,2027-01-30,1700.0,1700.0,Active
3067,1048,28,Avery Diaz,2023-10-11,2024-04-10,1370.0,1370.0,Expired
3068,1048,28,Avery Lopez,2024-06-25,2024-12-24,1420.0,1420.0,Expired
3069,1048,28,Alex Klein,2024-12-25,2025-12-24,1510.0,1510.0,Expired
3070,1048,28,Casey Klein,2026-01-21,2027-01-20,1590.0,1590.0,Active
3071,1049,28,Quinn Evans,2023-06-10,2024-06-09,2330.0,2330.0,Expired
3072,1049,28,Casey Cruz,2024-07-14,2025-07-13,2400.0,2400.0,Expired
3073,1049,28,Avery Foster,2025-07-14,2026-07-13,2480.0,2480.0,Expired
3074,1049,28,Quinn Jensen,2026-07-14,2028-01-13,2580.0,2580.0,Active
3075,1050,28,Casey Diaz,2023-06-24,2024-06-23,820.0,820.0,Expired
3076,1050,28,Sam Brooks,2024-07-28,2026-01-27,850.0,850.0,Expired
3077,1050,28,Drew Brooks,2026-03-05,2027-03-04,890.0,890.0,Active
3078,1051,28,Quinn Klein,2023-12-27,2024-06-26,1960.0,1960.0,Expired
3079,1051,28,Morgan Foster,2024-08-31,2025-08-30,2040.0,2040.0,Expired
3080,1051,28,Quinn Foster,2025-08-31,2026-02-27,2170.0,2170.0,Expired
3081,1051,28,Jamie Evans,2026-03-24,2027-09-23,2310.0,2310.0,Active
3082,1052,28,Jordan Gray,2023-04-20,2023-10-19,2590.0,2590.0,Expired
3083,1052,28,Sam Klein,2024-01-22,2025-01-21,2660.0,2660.0,Expired
3084,1052,28,Morgan Evans,2025-03-17,2025-09-16,2840.0,2840.0,Expired
3085,1052,28,Sam Foster,2025-09-17,2026-03-16,3010.0,3010.0,Expired
3086,1052,28,Riley Foster,2026-03-17,2027-03-16,3190.0,3190.0,Active
3087,1053,28,Jamie Irwin,2023-05-26,2024-05-25,1470.0,1470.0,Expired
3088,1053,28,Morgan Irwin,2024-05-26,2025-05-25,1560.0,1560.0,Expired
3089,1053,28,Casey Foster,2025-07-19,2027-01-18,1660.0,1660.0,Active
3090,1054,28,Morgan Cruz,2023-08-13,2024-08-12,1770.0,1770.0,Expired
3091,1054,28,Riley Cruz,2024-09-25,2025-09-24,1870.0,1870.0,Expired
3092,1054,28,Sam Cruz,2025-10-15,2026-10-14,1910.0,1910.0,Active
3093,1055,28,Avery Lopez,2023-09-26,2024-09-25,1520.0,1520.0,Expired
3094,1055,28,Riley Irwin,2024-10-31,2025-10-30,1630.0,1630.0,Expired
3095,1055,28,Morgan Jensen,2025-12-17,2026-12-16,1710.0,1710.0,Active
3096,1056,28,Jordan Adams,2023-04-24,2024-04-23,1660.0,1660.0,Expired
3097,1056,28,Jordan Jensen,2024-05-25,2025-11-24,1710.0,1710.0,Expired
3098,1056,28,Morgan Brooks,2025-12-04,2026-12-03,1780.0,1780.0,Active
3099,1057,28,Drew Cruz,2023-05-31,2024-05-30,2190.0,2190.0,Expired
3100,1057,28,Avery Adams,2024-05-31,2025-05-30,2270.0,2270.0,Expired
3101,1057,28,Riley Jensen,2025-05-31,2026-11-29,2380.0,2380.0,Active
3102,1058,28,Riley Brooks,2023-12-13,2024-12-12,1930.0,1930.0,Expired
3103,1058,28,Alex Adams,2025-01-24,2026-07-23,2050.0,2050.0,Expired
3104,1058,28,Jamie Foster,2026-09-16,2027-09-15,2170.0,2170.0,Active
3105,1059,28,Casey Brooks,2023-08-30,2024-02-28,1920.0,1920.0,Expired
3106,1059,28,Sam Irwin,2024-02-29,2025-08-28,2050.0,2050.0,Expired
3107,1059,28,Jordan Irwin,2025-09-22,2027-03-21,2180.0,2180.0,Active
3108,1060,28,Quinn Evans,2023-09-22,2024-09-21,770.0,770.0,Expired
3109,1060,28,Reese Jensen,2024-12-25,2025-12-24,800.0,800.0,Expired
3110,1060,28,Avery Brooks,2025-12-25,2027-06-24,850.0,850.0,Active
3111,1061,28,Quinn Jensen,2023-03-23,2024-09-22,2040.0,2040.0,Expired
3112,1061,28,Jordan Lopez,2024-09-23,2025-03-22,2100.0,2100.0,Expired
3113,1061,28,Morgan Brooks,2025-04-16,2026-10-15,2200.0,2200.0,Active
3114,1062,28,Drew Gray,2023-04-03,2024-04-02,2090.0,2090.0,Expired
3115,1062,28,Riley Evans,2024-04-03,2025-04-02,2190.0,2190.0,Expired
3116,1062,28,Casey Hayes,2025-08-02,2027-02-01,2280.0,2280.0,Active
3117,1063,28,Drew Brooks,2023-08-24,2024-08-23,1290.0,1290.0,Expired
3118,1063,28,Jordan Evans,2024-08-24,2025-08-23,1350.0,1350.0,Expired
3119,1063,28,Riley Adams,2025-10-14,2026-10-13,1400.0,1400.0,Active
3120,1064,28,Casey Brooks,2023-06-11,2024-06-10,2160.0,2160.0,Expired
3121,1064,28,Riley Klein,2024-08-08,2026-02-07,2280.0,2280.0,Expired
3122,1064,28,Riley Diaz,2026-04-30,2027-10-29,2350.0,2350.0,Active
3123,1065,28,Quinn Irwin,2023-04-14,2024-04-13,2000.0,2000.0,Expired
3124,1065,28,Quinn Jensen,2024-04-14,2025-04-13,2120.0,2120.0,Expired
3125,1065,28,Drew Irwin,2025-06-21,2026-12-20,2200.0,2200.0,Active
3126,1066,28,Sam Jensen,2023-10-04,2024-04-03,1660.0,1660.0,Expired
3127,1066,28,Jordan Cruz,2024-07-31,2025-07-30,1710.0,1710.0,Expired
3128,1066,28,Sam Klein,2025-08-02,2027-02-01,1770.0,1770.0,Active
3129,1067,28,Drew Brooks,2023-06-22,2023-12-21,2040.0,2040.0,Expired
3130,1067,28,Alex Adams,2024-02-17,2025-02-16,2160.0,2160.0,Expired
3131,1067,28,Reese Cruz,2025-06-18,2026-06-17,2240.0,2240.0,Expired
3132,1067,28,Taylor Gray,2026-08-29,2027-08-28,2340.0,2340.0,Active
3133,1068,28,Riley Jensen,2023-12-02,2024-12-01,1080.0,1080.0,Expired
3134,1068,28,Reese Jensen,2024-12-02,2025-06-01,1120.0,1120.0,Expired
3135,1068,28,Morgan Klein,2025-07-02,2026-01-01,1180.0,1180.0,Expired
3136,1068,28,Taylor Foster,2026-01-02,2027-01-01,1260.0,1260.0,Active
3137,1069,28,Reese Evans,2023-05-24,2024-11-23,1330.0,1330.0,Expired
3138,1069,28,Alex Diaz,2024-12-29,2025-12-28,1380.0,1380.0,Expired
3139,1069,28,Jamie Irwin,2026-02-13,2026-08-12,1420.0,1420.0,Expired
3140,1070,28,Sam Evans,2023-10-27,2025-04-26,1470.0,1470.0,Expired
3141,1070,28,Quinn Jensen,2025-06-06,2026-06-05,1530.0,1530.0,Expired
3142,1070,28,Drew Hayes,2026-07-18,2027-01-17,1630.0,1630.0,Active
3143,1071,28,Casey Foster,2023-05-14,2023-11-13,1880.0,1880.0,Expired
3144,1071,28,Morgan Foster,2023-12-23,2024-12-22,1940.0,1940.0,Expired
3145,1071,28,Sam Cruz,2025-01-06,2026-01-05,1980.0,1980.0,Expired
3146,1071,28,Avery Diaz,2026-01-06,2026-07-05,2070.0,2070.0,Expired
3147,1071,28,Sam Adams,2026-07-06,2027-07-05,2130.0,2130.0,Active
3148,1072,28,Alex Diaz,2023-07-07,2024-01-06,1830.0,1830.0,Expired
3149,1072,28,Jamie Hayes,2024-01-27,2025-01-26,1930.0,1930.0,Expired
3150,1072,28,Taylor Adams,2025-02-15,2026-02-14,1980.0,1980.0,Expired
3151,1072,28,Taylor Foster,2026-02-15,2027-08-14,2040.0,2040.0,Active
3152,1073,28,Alex Foster,2023-12-20,2024-12-19,1330.0,1330.0,Expired
3153,1073,28,Quinn Hayes,2025-01-24,2026-01-23,1400.0,1400.0,Expired
3154,1073,28,Morgan Cruz,2026-02-14,2027-02-13,1490.0,1490.0,Active
3155,1074,28,Avery Hayes,2023-11-12,2025-05-11,1520.0,1520.0,Expired
3156,1074,28,Jordan Foster,2025-07-07,2026-01-06,1620.0,1620.0,Expired
3157,1074,28,Drew Gray,2026-01-16,2027-01-15,1670.0,1670.0,Active
3158,1075,28,Sam Diaz,2023-12-01,2025-05-31,1720.0,1720.0,Expired
3159,1075,28,Avery Brooks,2025-06-13,2026-06-12,1830.0,1830.0,Expired
3160,1075,28,Reese Jensen,2026-06-29,2027-06-28,1930.0,1930.0,Active
3161,1076,28,Alex Cruz,2023-10-30,2024-10-29,1860.0,1860.0,Expired
3162,1076,28,Riley Cruz,2024-10-30,2025-10-29,1920.0,1920.0,Expired
3163,1076,28,Alex Brooks,2025-10-30,2026-10-29,1960.0,1960.0,Active
3164,1077,28,Sam Diaz,2023-09-27,2024-09-26,2040.0,2040.0,Expired
3165,1077,28,Quinn Adams,2024-11-11,2025-11-10,2160.0,2160.0,Expired
3166,1077,28,Avery Brooks,2025-11-11,2026-11-10,2270.0,2270.0,Active
3167,1078,28,Taylor Cruz,2023-10-04,2024-10-03,2090.0,2090.0,Expired
3168,1078,28,Alex Diaz,2024-10-04,2025-10-03,2240.0,2240.0,Expired
3169,1078,28,Sam Lopez,2025-10-04,2026-10-03,2280.0,2280.0,Active
3170,1079,28,Casey Gray,2023-02-23,2024-08-22,1490.0,1490.0,Expired
3171,1079,28,Taylor Hayes,2024-09-09,2026-03-08,1560.0,1560.0,Expired
3172,1079,28,Reese Hayes,2026-03-14,2027-03-13,1650.0,1650.0,Active
3173,1080,28,Sam Irwin,2023-06-03,2024-12-02,2120.0,2120.0,Expired
3174,1080,28,Avery Foster,2025-03-19,2026-03-18,2220.0,2220.0,Expired
3175,1080,28,Drew Hayes,2026-03-19,2027-09-18,2310.0,2310.0,Active
3176,1081,28,Quinn Jensen,2023-07-12,2024-07-11,1310.0,1310.0,Expired
3177,1081,28,Taylor Cruz,2024-07-12,2025-07-11,1390.0,1390.0,Expired
3178,1081,28,Riley Gray,2025-08-22,2027-02-21,1420.0,1420.0,Active
3179,1082,28,Riley Gray,2023-11-15,2024-11-14,2350.0,2350.0,Expired
3180,1082,28,Avery Evans,2024-11-15,2025-05-14,2430.0,2430.0,Expired
3181,1082,28,Riley Foster,2025-06-25,2026-12-24,2510.0,2510.0,Active
3182,1083,28,Taylor Klein,2023-02-08,2024-02-07,1980.0,1980.0,Expired
3183,1083,28,Casey Hayes,2024-02-08,2025-08-07,2030.0,2030.0,Expired
3184,1083,28,Riley Irwin,2025-08-08,2026-02-07,2120.0,2120.0,Expired
3185,1083,28,Jamie Irwin,2026-02-18,2027-08-17,2220.0,2220.0,Active
3186,1084,28,Jordan Gray,2023-12-31,2024-12-30,2000.0,2000.0,Expired
3187,1084,28,Drew Evans,2024-12-31,2025-06-29,2080.0,2080.0,Expired
3188,1084,28,Casey Adams,2025-07-17,2027-01-16,2220.0,2220.0,Active
3189,1085,28,Riley Jensen,2023-10-12,2024-04-11,1370.0,1370.0,Expired
3190,1085,28,Sam Klein,2024-05-26,2025-05-25,1420.0,1420.0,Expired
3191,1085,28,Riley Klein,2025-06-06,2026-06-05,1500.0,1500.0,Expired
3192,1085,28,Jamie Gray,2026-07-15,2028-01-14,1570.0,1570.0,Active
3193,1086,28,Sam Cruz,2023-07-21,2024-07-20,1580.0,1580.0,Expired
3194,1086,28,Jamie Evans,2024-09-03,2025-09-02,1640.0,1640.0,Expired
3195,1086,28,Alex Cruz,2025-09-03,2026-09-02,1700.0,1700.0,Expired
3196,1086,28,Casey Gray,2026-09-03,2028-03-02,1750.0,1750.0,Active
3197,1087,28,Jordan Foster,2023-02-23,2024-02-22,1850.0,1850.0,Expired
3198,1087,28,Avery Brooks,2024-02-23,2025-08-22,1980.0,1980.0,Expired
3199,1087,28,Sam Lopez,2025-09-02,2026-09-01,2030.0,2030.0,Expired
3200,1087,28,Drew Jensen,2026-09-02,2027-03-01,2090.0,2090.0,Active
3201,1088,28,Casey Diaz,2023-11-12,2024-11-11,1990.0,1990.0,Expired
3202,1088,28,Casey Hayes,2024-11-12,2025-11-11,2120.0,2120.0,Expired
3203,1088,28,Sam Lopez,2026-01-20,2026-07-19,2180.0,2180.0,Expired
3204,1088,28,Sam Adams,2026-08-23,2027-08-22,2240.0,2240.0,Active
3205,1089,28,Quinn Brooks,2023-04-10,2024-10-09,2100.0,2100.0,Expired
3206,1089,28,Reese Foster,2024-10-18,2025-10-17,2230.0,2230.0,Expired
3207,1089,28,Taylor Adams,2025-10-18,2027-04-17,2370.0,2370.0,Active
3208,1090,28,Taylor Lopez,2023-12-26,2024-12-25,2050.0,2050.0,Expired
3209,1090,28,Sam Gray,2025-01-24,2026-07-23,2140.0,2140.0,Expired
3210,1090,28,Avery Jensen,2026-09-16,2028-03-15,2240.0,2240.0,Active
3211,1091,28,Avery Gray,2023-12-19,2025-06-18,1450.0,1450.0,Expired
3212,1091,28,Taylor Foster,2025-06-19,2026-12-18,1520.0,1520.0,Active
3213,1092,28,Morgan Irwin,2023-08-10,2024-08-09,1480.0,1480.0,Expired
3214,1092,28,Casey Jensen,2024-08-21,2025-02-20,1540.0,1540.0,Expired
3215,1092,28,Taylor Cruz,2025-04-29,2026-04-28,1640.0,1640.0,Expired
3216,1092,28,Reese Evans,2026-06-04,2027-06-03,1710.0,1710.0,Active
3217,1093,28,Avery Evans,2023-08-28,2024-08-27,1490.0,1490.0,Expired
3218,1093,28,Jamie Klein,2024-09-25,2025-09-24,1550.0,1550.0,Expired
3219,1093,28,Sam Diaz,2025-09-25,2026-03-24,1640.0,1640.0,Expired
3220,1093,28,Jordan Klein,2026-03-25,2027-03-24,1710.0,1710.0,Active
3221,1094,28,Jamie Foster,2023-04-20,2024-04-19,1850.0,1850.0,Expired
3222,1094,28,Drew Cruz,2024-09-05,2025-09-04,1900.0,1900.0,Expired
3223,1094,28,Drew Jensen,2025-10-03,2026-10-02,2010.0,2010.0,Active
3224,1095,28,Alex Adams,2023-10-07,2024-10-06,1610.0,1610.0,Expired
3225,1095,28,Avery Diaz,2024-11-19,2026-05-18,1700.0,1700.0,Expired
3226,1095,28,Riley Gray,2026-05-19,2027-11-18,1810.0,1810.0,Active
3227,1096,28,Casey Diaz,2023-10-30,2024-10-29,2010.0,2010.0,Expired
3228,1096,28,Sam Diaz,2025-01-20,2026-07-19,2140.0,2140.0,Expired
3229,1096,28,Sam Hayes,2026-09-04,2028-03-03,2270.0,2270.0,Active
3230,1097,28,Riley Adams,2023-09-02,2025-03-01,1930.0,1930.0,Expired
3231,1097,28,Reese Cruz,2025-03-02,2026-03-01,2040.0,2040.0,Expired
3232,1097,28,Sam Cruz,2026-03-02,2027-09-01,2120.0,2120.0,Active
3233,1098,28,Reese Cruz,2023-02-10,2024-02-09,1440.0,1440.0,Expired
3234,1098,28,Quinn Adams,2024-02-10,2025-08-09,1500.0,1500.0,Expired
3235,1098,28,Morgan Foster,2025-08-10,2026-02-09,1590.0,1590.0,Expired
3236,1098,28,Avery Evans,2026-02-10,2026-08-09,1670.0,1670.0,Expired
3237,1098,28,Alex Klein,2026-08-10,2028-02-09,1710.0,1710.0,Active
3238,1099,28,Riley Klein,2023-02-11,2024-02-10,2210.0,2210.0,Expired
3239,1099,28,Jamie Jensen,2024-02-11,2025-02-10,2300.0,2300.0,Expired
3240,1099,28,Jordan Foster,2025-04-13,2026-10-12,2370.0,2370.0,Active
3241,1100,28,Reese Lopez,2023-07-03,2024-07-02,2140.0,2140.0,Expired
3242,1100,28,Quinn Lopez,2024-07-03,2025-07-02,2210.0,2210.0,Expired
3243,1100,28,Quinn Irwin,2025-07-03,2026-07-02,2300.0,2300.0,Expired
3244,1100,28,Reese Diaz,2026-07-03,2028-01-02,2400.0,2400.0,Active
3245,1101,28,Casey Evans,2023-09-05,2024-09-04,1350.0,1350.0,Expired
3246,1101,28,Sam Evans,2024-09-27,2025-03-26,1410.0,1410.0,Expired
3247,1101,28,Drew Adams,2025-03-27,2026-09-26,1460.0,1460.0,Expired
3248,1101,28,Quinn Diaz,2026-09-27,2027-09-26,1490.0,1490.0,Active
3249,1102,28,Sam Lopez,2023-07-24,2024-01-23,1890.0,1890.0,Expired
3250,1102,28,Reese Evans,2024-01-24,2025-01-23,1970.0,1970.0,Expired
3251,1102,28,Alex Brooks,2025-03-09,2026-09-08,2060.0,2060.0,Expired
3252,1102,28,Avery Jensen,2026-09-09,2027-09-08,2150.0,2150.0,Active
3253,1103,28,Jamie Hayes,2023-08-18,2024-02-17,1490.0,1490.0,Expired
3254,1103,28,Jamie Jensen,2024-05-11,2025-05-10,1570.0,1570.0,Expired
3255,1103,28,Avery Klein,2025-06-01,2025-11-30,1630.0,1630.0,Expired
3256,1103,28,Riley Klein,2026-03-20,2027-03-19,1740.0,1740.0,Active
3257,1104,28,Reese Lopez,2023-05-01,2024-04-30,1890.0,1890.0,Expired
3258,1104,28,Taylor Adams,2024-08-23,2026-02-22,1930.0,1930.0,Expired
3259,1104,28,Morgan Cruz,2026-02-28,2027-08-27,1980.0,1980.0,Active
3260,1105,28,Riley Cruz,2023-04-15,2024-10-14,1190.0,1190.0,Expired
3261,1105,28,Riley Hayes,2024-10-15,2025-10-14,1260.0,1260.0,Expired
3262,1105,28,Quinn Foster,2025-11-13,2027-05-12,1330.0,1330.0,Active
3263,1106,28,Quinn Klein,2023-03-15,2024-03-14,1280.0,1280.0,Expired
3264,1106,28,Jamie Irwin,2024-05-01,2025-04-30,1320.0,1320.0,Expired
3265,1106,28,Taylor Evans,2025-05-01,2026-04-30,1420.0,1420.0,Expired
3266,1106,28,Drew Gray,2026-05-01,2027-04-30,1510.0,1510.0,Active
3267,1107,28,Riley Evans,2023-12-18,2024-12-17,2510.0,2510.0,Expired
3268,1107,28,Morgan Foster,2024-12-18,2025-06-17,2560.0,2560.0,Expired
3269,1107,28,Taylor Gray,2025-07-10,2026-07-09,2660.0,2660.0,Expired
3270,1107,28,Avery Hayes,2026-07-10,2028-01-09,2810.0,2810.0,Active
3271,1108,28,Riley Klein,2023-11-13,2024-05-12,2250.0,2250.0,Expired
3272,1108,28,Taylor Foster,2024-05-13,2025-05-12,2330.0,2330.0,Expired
3273,1108,28,Sam Jensen,2025-05-13,2026-05-12,2380.0,2380.0,Expired
3274,1108,28,Sam Evans,2026-09-16,2027-09-15,2480.0,2480.0,Active
3275,1109,28,Jordan Evans,2023-12-20,2024-12-19,1980.0,1980.0,Expired
3276,1109,28,Taylor Klein,2025-01-04,2026-01-03,2090.0,2090.0,Expired
3277,1109,28,Morgan Klein,2026-02-20,2026-08-19,2170.0,2170.0,Expired
3278,1109,28,Drew Irwin,2026-08-20,2027-08-19,2250.0,2250.0,Active
3279,1110,28,Reese Jensen,2023-02-21,2024-02-20,850.0,850.0,Expired
3280,1110,28,Reese Foster,2024-02-21,2025-08-20,880.0,880.0,Expired
3281,1110,28,Avery Hayes,2025-08-21,2026-08-20,910.0,910.0,Expired
3282,1110,28,Alex Diaz,2026-08-28,2027-08-27,960.0,960.0,Active
3283,1111,29,Arbor Pharmacy,2023-11-04,2028-11-03,490.0,490.0,Active
3284,1112,29,Maple Coffee,2023-05-05,2028-05-04,170.0,170.0,Active
3285,1113,29,Arbor Dental,2023-07-11,2028-07-10,930.0,930.0,Active
3286,1114,29,Cedar Pharmacy,2023-08-19,2026-08-18,420.0,420.0,Expired
3287,1114,29,Grand Logistics,2026-08-19,2033-08-18,440.0,440.0,Active
3288,1115,29,Orchard Coffee,2023-09-17,2030-09-16,420.0,420.0,Active
3289,1116,29,Stone Fitness,2023-04-17,2028-04-16,950.0,950.0,Active
3290,1117,29,Lakeview Consulting,2023-07-14,2028-07-13,590.0,590.0,Active
3291,1118,29,River Logistics,2023-08-26,2030-08-25,830.0,830.0,Active
3292,1119,29,Harbor Coffee,2023-02-11,2028-02-10,870.0,870.0,Active
3293,1120,29,Union Logistics,2023-05-25,2030-05-24,550.0,550.0,Active
3294,1121,29,Maple Coffee,2023-05-12,2030-05-11,490.0,490.0,Active
3295,1122,29,Park Law Group,2023-12-20,2026-12-19,400.0,400.0,Active
3296,1123,29,Stone Pharmacy,2023-03-11,2026-03-10,220.0,220.0,Expired
3297,1123,29,Mill Dental,2026-03-11,2031-03-10,230.0,230.0,Active
3298,1124,29,Lakeview Logistics,2023-11-14,2030-11-13,380.0,380.0,Active
3299,1125,29,Grand Consulting,2023-07-18,2028-07-17,620.0,620.0,Active
3300,1126,29,Beacon Bakery,2023-11-02,2030-11-01,400.0,400.0,Active
3301,1127,30,Arbor Coffee,2023-07-29,2026-07-28,570.0,570.0,Expired
3302,1127,30,Cedar Consulting,2026-07-29,2033-07-28,590.0,590.0,Active
3303,1128,30,Harbor Consulting,2023-09-29,2030-09-28,410.0,410.0,Active
3304,1129,30,Beacon Design Studio,2023-10-31,2026-10-30,400.0,400.0,Active
3305,1130,30,Foundry Dental,2023-02-19,2030-02-18,350.0,350.0,Active
3306,1131,30,Crescent Pharmacy,2023-11-12,2030-11-11,820.0,820.0,Active
3307,1132,30,Park Consulting,2023-11-14,2030-11-13,640.0,640.0,Active
3308,1133,30,Orchard Tech,2023-12-05,2028-12-04,350.0,350.0,Active
3309,1134,31,Canal Bakery,2023-10-30,2030-10-29,220.0,220.0,Active
3310,1135,31,Foundry Bakery,2023-07-03,2028-07-02,350.0,350.0,Active
3311,1136,31,Summit Fitness,2023-03-04,2026-03-03,450.0,450.0,Expired
3312,1136,31,Beacon Bakery,2026-03-04,2029-03-03,470.0,470.0,Active
3313,1137,31,Mill Tech,2023-09-05,2028-09-04,520.0,520.0,Active
3314,1138,31,Grand Design Studio,2023-04-06,2028-04-05,420.0,420.0,Active
3315,1139,31,Summit Logistics,2023-10-07,2028-10-06,920.0,920.0,Active
3316,1140,31,Mill Tech,2023-08-16,2026-08-15,380.0,380.0,Expired
3317,1140,31,River Coffee,2026-09-16,2031-09-15,390.0,390.0,Active
3318,1141,31,Union Bakery,2023-09-25,2026-09-24,400.0,400.0,Expired
3319,1141,31,Summit Dental,2026-09-25,2033-09-24,410.0,410.0,Active
3320,1142,31,Summit Dental,2023-05-29,2030-05-28,510.0,510.0,Active
3321,1143,31,Maple Bakery,2023-06-08,2030-06-07,390.0,390.0,Active
3322,1144,31,Highline Tech,2023-02-23,2030-02-22,230.0,230.0,Active
3323,1145,32,Jamie Evans,2023-08-16,2024-08-15,1230.0,1230.0,Expired
3324,1145,32,Reese Diaz,2024-08-29,2025-08-28,1300.0,1300.0,Expired
3325,1145,32,Sam Jensen,2025-08-29,2026-08-28,1390.0,1390.0,Expired
3326,1145,32,Morgan Adams,2026-09-27,2027-09-26,1430.0,1430.0,Active
3327,1146,32,Jordan Evans,2023-12-20,2024-06-19,1190.0,1190.0,Expired
3328,1146,32,Sam Adams,2024-07-10,2025-01-09,1220.0,1220.0,Expired
3329,1146,32,Drew Gray,2025-04-02,2026-04-01,1270.0,1270.0,Expired
3330,1146,32,Reese Adams,2026-04-28,2027-04-27,1330.0,1330.0,Active
3331,1147,32,Riley Klein,2023-05-27,2024-05-26,1550.0,1550.0,Expired
3332,1147,32,Drew Gray,2024-06-19,2025-12-18,1610.0,1610.0,Expired
3333,1147,32,Riley Gray,2026-01-04,2027-07-03,1700.0,1700.0,Active
3334,1148,32,Jamie Diaz,2023-12-28,2024-12-27,1220.0,1220.0,Expired
3335,1148,32,Riley Gray,2024-12-28,2025-06-27,1290.0,1290.0,Expired
3336,1148,32,Drew Klein,2025-08-08,2026-08-07,1370.0,1370.0,Expired
3337,1148,32,Jordan Adams,2026-08-08,2027-08-07,1410.0,1410.0,Active
3338,1149,32,Alex Klein,2023-10-30,2024-10-29,1160.0,1160.0,Expired
3339,1149,32,Alex Klein,2024-12-31,2025-12-30,1200.0,1200.0,Expired
3340,1149,32,Sam Lopez,2026-05-08,2027-05-07,1260.0,1260.0,Active
3341,1150,32,Taylor Jensen,2023-03-26,2024-03-25,1850.0,1850.0,Expired
3342,1150,32,Jamie Foster,2024-03-26,2025-09-25,1900.0,1900.0,Expired
3343,1150,32,Drew Hayes,2025-12-30,2026-12-29,1950.0,1950.0,Active
3344,1151,32,Sam Irwin,2023-10-16,2024-10-15,1120.0,1120.0,Expired
3345,1151,32,Riley Jensen,2024-11-20,2025-11-19,1150.0,1150.0,Expired
3346,1151,32,Jordan Hayes,2025-12-08,2027-06-07,1180.0,1180.0,Active
3347,1152,32,Casey Brooks,2023-12-24,2024-12-23,1290.0,1290.0,Expired
3348,1152,32,Taylor Gray,2024-12-24,2025-06-23,1320.0,1320.0,Expired
3349,1152,32,Riley Foster,2025-06-24,2026-06-23,1350.0,1350.0,Expired
3350,1152,32,Casey Diaz,2026-07-11,2027-07-10,1390.0,1390.0,Active
3351,1153,32,Avery Foster,2023-09-18,2024-03-17,1270.0,1270.0,Expired
3352,1153,32,Drew Cruz,2024-05-05,2024-11-04,1340.0,1340.0,Expired
3353,1153,32,Drew Gray,2024-11-27,2025-11-26,1430.0,1430.0,Expired
3354,1153,32,Reese Foster,2025-12-22,2026-12-21,1480.0,1480.0,Active
3355,1154,32,Taylor Diaz,2023-05-27,2024-05-26,2190.0,2190.0,Expired
3356,1154,32,Drew Diaz,2024-06-27,2025-06-26,2310.0,2310.0,Expired
3357,1154,32,Taylor Irwin,2025-10-09,2026-10-08,2360.0,2360.0,Active
3358,1155,32,Casey Diaz,2023-06-08,2024-06-07,1930.0,1930.0,Expired
3359,1155,32,Riley Jensen,2024-06-08,2024-12-07,2000.0,2000.0,Expired
3360,1155,32,Sam Klein,2024-12-08,2025-12-07,2060.0,2060.0,Expired
3361,1155,32,Casey Irwin,2025-12-08,2026-12-07,2120.0,2120.0,Active
3362,1156,32,Sam Adams,2023-08-30,2025-02-27,1560.0,1560.0,Expired
3363,1156,32,Reese Foster,2025-03-22,2026-03-21,1650.0,1650.0,Expired
3364,1156,32,Jordan Gray,2026-03-22,2027-03-21,1700.0,1700.0,Active
3365,1157,32,Quinn Lopez,2023-04-17,2024-04-16,1120.0,1120.0,Expired
3366,1157,32,Casey Brooks,2024-04-17,2025-04-16,1180.0,1180.0,Expired
3367,1157,32,Jordan Brooks,2025-04-17,2026-10-16,1200.0,1200.0,Active
3368,1158,32,Alex Diaz,2023-12-30,2024-12-29,1180.0,1180.0,Expired
3369,1158,32,Riley Cruz,2024-12-30,2025-12-29,1240.0,1240.0,Expired
3370,1158,32,Jordan Adams,2025-12-30,2026-12-29,1280.0,1280.0,Active
3371,1159,32,Taylor Evans,2023-12-30,2024-12-29,1280.0,1280.0,Expired
3372,1159,32,Taylor Adams,2024-12-30,2026-06-29,1350.0,1350.0,Expired
3373,1159,32,Morgan Diaz,2026-06-30,2027-06-29,1410.0,1410.0,Active
3374,1160,32,Taylor Irwin,2023-11-04,2024-11-03,670.0,670.0,Expired
3375,1160,32,Jordan Hayes,2024-11-04,2025-11-03,690.0,690.0,Expired
3376,1160,32,Taylor Hayes,2025-11-04,2026-11-03,730.0,730.0,Active
3377,1161,32,Jamie Cruz,2023-04-12,2023-10-11,700.0,700.0,Expired
3378,1161,32,Morgan Foster,2023-11-12,2024-11-11,740.0,740.0,Expired
3379,1161,32,Drew Foster,2025-01-03,2025-07-02,770.0,770.0,Expired
3380,1161,32,Jamie Klein,2025-07-03,2026-07-02,810.0,810.0,Expired
3381,1161,32,Avery Klein,2026-07-03,2027-07-02,860.0,860.0,Active
3382,1162,32,Reese Gray,2023-11-28,2024-11-27,1400.0,1400.0,Expired
3383,1162,32,Jordan Foster,2024-11-28,2026-05-27,1470.0,1470.0,Expired
3384,1162,32,Drew Evans,2026-05-28,2027-05-27,1560.0,1560.0,Active
3385,1163,32,Jamie Irwin,2023-11-24,2024-11-23,1590.0,1590.0,Expired
3386,1163,32,Sam Lopez,2025-02-03,2026-02-02,1670.0,1670.0,Expired
3387,1163,32,Jordan Klein,2026-02-03,2027-08-02,1780.0,1780.0,Active
3388,1164,32,Jordan Lopez,2023-04-01,2023-09-30,1340.0,1340.0,Expired
3389,1164,32,Casey Gray,2023-10-01,2025-03-31,1370.0,1370.0,Expired
3390,1164,32,Alex Klein,2025-04-01,2026-03-31,1410.0,1410.0,Expired
3391,1164,32,Casey Irwin,2026-05-21,2027-05-20,1460.0,1460.0,Active
3392,1165,32,Reese Klein,2023-12-31,2024-12-30,2110.0,2110.0,Expired
3393,1165,32,Jamie Lopez,2024-12-31,2025-12-30,2180.0,2180.0,Expired
3394,1165,32,Reese Cruz,2026-03-29,2026-09-28,2320.0,2320.0,Expired
3395,1166,32,Morgan Gray,2023-02-22,2024-02-21,1110.0,1110.0,Expired
3396,1166,32,Reese Lopez,2024-04-24,2025-10-23,1160.0,1160.0,Expired
3397,1166,32,Alex Gray,2025-11-02,2026-11-01,1240.0,1240.0,Active
3398,1167,32,Jordan Hayes,2023-05-14,2024-05-13,1240.0,1240.0,Expired
3399,1167,32,Quinn Foster,2024-05-14,2024-11-13,1270.0,1270.0,Expired
3400,1167,32,Taylor Brooks,2024-12-22,2026-06-21,1360.0,1360.0,Expired
3401,1167,32,Morgan Diaz,2026-08-07,2028-02-06,1420.0,1420.0,Active
3402,1168,32,Reese Gray,2023-03-01,2024-02-29,2280.0,2280.0,Expired
3403,1168,32,Quinn Irwin,2024-04-08,2025-10-07,2380.0,2380.0,Expired
3404,1168,32,Quinn Gray,2025-11-05,2026-05-04,2440.0,2440.0,Expired
3405,1168,32,Sam Cruz,2026-05-05,2026-11-04,2520.0,2520.0,Active
3406,1169,32,Reese Cruz,2023-07-13,2024-01-12,1600.0,1600.0,Expired
3407,1169,32,Avery Klein,2024-01-13,2025-01-12,1710.0,1710.0,Expired
3408,1169,32,Sam Hayes,2025-04-11,2025-10-10,1810.0,1810.0,Expired
3409,1169,32,Quinn Diaz,2025-12-11,2026-12-10,1940.0,1940.0,Active
3410,1170,32,Riley Gray,2023-11-22,2024-05-21,2300.0,2300.0,Expired
3411,1170,32,Riley Irwin,2024-07-27,2025-07-26,2410.0,2410.0,Expired
3412,1170,32,Taylor Irwin,2025-07-27,2027-01-26,2480.0,2480.0,Active
3413,1171,32,Reese Jensen,2023-04-26,2024-04-25,820.0,820.0,Expired
3414,1171,32,Avery Diaz,2024-04-26,2025-10-25,860.0,860.0,Expired
3415,1171,32,Drew Cruz,2025-10-26,2026-10-25,880.0,880.0,Active
3416,1172,32,Riley Lopez,2023-09-04,2024-03-03,1200.0,1200.0,Expired
3417,1172,32,Jamie Diaz,2024-03-04,2025-09-03,1280.0,1280.0,Expired
3418,1172,32,Alex Gray,2025-09-04,2026-09-03,1320.0,1320.0,Expired
3419,1173,32,Sam Cruz,2023-07-03,2025-01-02,1120.0,1120.0,Expired
3420,1173,32,Alex Hayes,2025-01-07,2026-01-06,1150.0,1150.0,Expired
3421,1173,32,Riley Jensen,2026-01-07,2026-07-06,1230.0,1230.0,Expired
3422,1173,32,Casey Cruz,2026-07-07,2028-01-06,1260.0,1260.0,Active
3423,1174,32,Casey Gray,2023-05-04,2024-11-03,790.0,790.0,Expired
3424,1174,32,Avery Lopez,2024-11-04,2025-11-03,840.0,840.0,Expired
3425,1174,32,Avery Brooks,2025-11-17,2026-11-16,860.0,860.0,Active
3426,1175,32,Jordan Cruz,2023-08-03,2024-08-02,1720.0,1720.0,Expired
3427,1175,32,Avery Foster,2024-09-05,2025-09-04,1780.0,1780.0,Expired
3428,1175,32,Riley Cruz,2025-11-12,2026-11-11,1820.0,1820.0,Active
3429,1176,32,Avery Jensen,2023-06-20,2024-06-19,720.0,720.0,Expired
3430,1176,32,Drew Foster,2024-06-20,2025-06-19,750.0,750.0,Expired
3431,1176,32,Jamie Evans,2025-08-29,2026-02-27,780.0,780.0,Expired
3432,1176,32,Avery Brooks,2026-05-22,2027-05-21,830.0,830.0,Active
3433,1177,32,Alex Irwin,2023-11-03,2024-11-02,730.0,730.0,Expired
3434,1177,32,Sam Gray,2025-01-06,2025-07-05,760.0,760.0,Expired
3435,1177,32,Avery Adams,2025-07-06,2026-07-05,780.0,780.0,Expired
3436,1177,32,Casey Diaz,2026-07-06,2028-01-05,820.0,820.0,Active
3437,1178,32,Quinn Jensen,2023-09-23,2024-09-22,1710.0,1710.0,Expired
3438,1178,32,Sam Cruz,2024-10-08,2025-04-07,1820.0,1820.0,Expired
3439,1178,32,Alex Klein,2025-05-07,2025-11-06,1860.0,1860.0,Expired
3440,1178,32,Avery Hayes,2025-11-16,2026-05-15,1910.0,1910.0,Expired
3441,1178,32,Morgan Hayes,2026-05-23,2027-05-22,1960.0,1960.0,Active
3442,1179,32,Avery Cruz,2023-07-13,2024-07-12,920.0,920.0,Expired
3443,1179,32,Alex Evans,2024-08-02,2025-08-01,980.0,980.0,Expired
3444,1179,32,Taylor Jensen,2025-08-10,2026-02-09,1010.0,1010.0,Expired
3445,1179,32,Sam Adams,2026-02-10,2027-02-09,1030.0,1030.0,Active
3446,1180,32,Casey Jensen,2023-04-06,2023-10-05,1440.0,1440.0,Expired
3447,1180,32,Avery Irwin,2024-01-09,2025-01-08,1520.0,1520.0,Expired
3448,1180,32,Avery Jensen,2025-03-09,2026-03-08,1600.0,1600.0,Expired
3449,1180,32,Drew Irwin,2026-04-20,2026-10-19,1690.0,1690.0,Active
3450,1181,32,Quinn Klein,2023-06-10,2023-12-09,1330.0,1330.0,Expired
3451,1181,32,Morgan Brooks,2024-01-10,2024-07-09,1410.0,1410.0,Expired
3452,1181,32,Sam Adams,2024-07-10,2025-07-09,1450.0,1450.0,Expired
3453,1181,32,Morgan Klein,2025-10-02,2026-04-01,1540.0,1540.0,Expired
3454,1181,32,Sam Jensen,2026-04-15,2026-10-14,1600.0,1600.0,Active
3455,1182,32,Drew Klein,2023-03-19,2024-09-18,830.0,830.0,Expired
3456,1182,32,Morgan Cruz,2024-09-19,2026-03-18,850.0,850.0,Expired
3457,1182,32,Alex Evans,2026-03-19,2027-09-18,880.0,880.0,Active
3458,1183,32,Taylor Lopez,2023-11-11,2024-11-10,1420.0,1420.0,Expired
3459,1183,32,Jordan Jensen,2024-11-11,2025-05-10,1480.0,1480.0,Expired
3460,1183,32,Avery Brooks,2025-07-30,2026-07-29,1560.0,1560.0,Expired
3461,1183,32,Jordan Foster,2026-07-30,2028-01-29,1610.0,1610.0,Active
3462,1184,32,Drew Irwin,2023-05-17,2024-11-16,2280.0,2280.0,Expired
3463,1184,32,Jamie Brooks,2024-11-17,2025-11-16,2410.0,2410.0,Expired
3464,1184,32,Alex Irwin,2025-11-23,2026-05-22,2560.0,2560.0,Expired
3465,1184,32,Alex Evans,2026-07-03,2027-01-02,2620.0,2620.0,Active
3466,1185,32,Avery Klein,2023-11-28,2025-05-27,1380.0,1380.0,Expired
3467,1185,32,Quinn Gray,2025-08-01,2026-01-31,1410.0,1410.0,Expired
3468,1185,32,Taylor Klein,2026-03-09,2027-09-08,1450.0,1450.0,Active
3469,1186,32,Drew Jensen,2023-10-26,2024-10-25,1860.0,1860.0,Expired
3470,1186,32,Taylor Lopez,2025-03-17,2026-03-16,1970.0,1970.0,Expired
3471,1186,32,Alex Hayes,2026-04-20,2027-04-19,2070.0,2070.0,Active
3472,1187,32,Quinn Jensen,2023-03-14,2024-09-13,1660.0,1660.0,Expired
3473,1187,32,Riley Klein,2024-10-14,2025-10-13,1780.0,1780.0,Expired
3474,1187,32,Jamie Irwin,2025-10-16,2026-10-15,1840.0,1840.0,Active
3475,1188,32,Quinn Lopez,2023-12-02,2024-12-01,1400.0,1400.0,Expired
3476,1188,32,Sam Irwin,2024-12-02,2025-12-01,1460.0,1460.0,Expired
3477,1188,32,Taylor Adams,2025-12-02,2026-06-01,1530.0,1530.0,Expired
3478,1188,32,Reese Hayes,2026-06-02,2026-12-01,1610.0,1610.0,Active
3479,1189,32,Drew Irwin,2023-08-05,2024-08-04,2020.0,2020.0,Expired
3480,1189,32,Casey Adams,2024-08-05,2025-08-04,2090.0,2090.0,Expired
3481,1189,32,Alex Adams,2025-10-26,2026-10-25,2160.0,2160.0,Active
3482,1190,32,Morgan Diaz,2023-03-25,2024-03-24,1790.0,1790.0,Expired
3483,1190,32,Jamie Lopez,2024-03-25,2025-09-24,1860.0,1860.0,Expired
3484,1190,32,Quinn Gray,2025-11-12,2026-11-11,1990.0,1990.0,Active
3485,1191,32,Drew Foster,2023-06-08,2024-12-07,1090.0,1090.0,Expired
3486,1191,32,Riley Foster,2024-12-08,2025-12-07,1120.0,1120.0,Expired
3487,1191,32,Avery Foster,2026-01-04,2027-01-03,1150.0,1150.0,Active
3488,1192,32,Jamie Irwin,2024-01-01,2024-12-31,1670.0,1670.0,Expired
3489,1192,32,Quinn Cruz,2025-01-01,2025-12-31,1780.0,1780.0,Expired
3490,1192,32,Riley Hayes,2026-03-08,2027-09-07,1820.0,1820.0,Active
3491,1193,32,Morgan Foster,2023-07-13,2025-01-12,1650.0,1650.0,Expired
3492,1193,32,Sam Foster,2025-02-01,2026-01-31,1730.0,1730.0,Expired
3493,1193,32,Reese Diaz,2026-02-17,2027-02-16,1840.0,1840.0,Active
3494,1194,32,Taylor Gray,2023-07-13,2024-07-12,1220.0,1220.0,Expired
3495,1194,32,Jordan Jensen,2024-07-13,2025-07-12,1270.0,1270.0,Expired
3496,1194,32,Sam Irwin,2025-07-13,2026-07-12,1300.0,1300.0,Expired
3497,1194,32,Alex Jensen,2026-07-13,2027-07-12,1380.0,1380.0,Active
3498,1195,32,Riley Klein,2023-11-11,2024-11-10,1700.0,1700.0,Expired
3499,1195,32,Riley Hayes,2024-12-16,2025-12-15,1790.0,1790.0,Expired
3500,1195,32,Jamie Brooks,2025-12-16,2026-06-15,1850.0,1850.0,Expired
3501,1195,32,Taylor Diaz,2026-07-17,2027-07-16,1940.0,1940.0,Active
3502,1196,32,Alex Hayes,2023-07-14,2024-07-13,1670.0,1670.0,Expired
3503,1196,32,Jordan Irwin,2024-07-14,2025-07-13,1730.0,1730.0,Expired
3504,1196,32,Avery Gray,2025-07-22,2026-07-21,1800.0,1800.0,Expired
3505,1196,32,Reese Hayes,2026-07-22,2027-07-21,1880.0,1880.0,Active
3506,1197,32,Morgan Hayes,2023-08-15,2024-08-14,1030.0,1030.0,Expired
3507,1197,32,Casey Hayes,2024-08-15,2026-02-14,1050.0,1050.0,Expired
3508,1197,32,Alex Lopez,2026-05-19,2026-11-18,1110.0,1110.0,Active
3509,1198,32,Quinn Foster,2023-12-05,2024-12-04,1790.0,1790.0,Expired
3510,1198,32,Quinn Foster,2024-12-05,2026-06-04,1880.0,1880.0,Expired
3511,1198,32,Jamie Lopez,2026-06-05,2026-12-04,1950.0,1950.0,Active
3512,1199,32,Sam Diaz,2023-12-20,2025-06-19,1620.0,1620.0,Expired
3513,1199,32,Sam Jensen,2025-07-17,2027-01-16,1690.0,1690.0,Active
3514,1200,32,Jamie Adams,2023-02-25,2024-02-24,1300.0,1300.0,Expired
3515,1200,32,Quinn Adams,2024-05-05,2025-05-04,1330.0,1330.0,Expired
3516,1200,32,Reese Lopez,2025-05-05,2026-05-04,1360.0,1360.0,Expired
3517,1200,32,Taylor Cruz,2026-07-03,2027-07-02,1430.0,1430.0,Active
3518,1201,32,Quinn Irwin,2023-09-04,2024-09-03,1670.0,1670.0,Expired
3519,1201,32,Taylor Lopez,2024-09-13,2025-09-12,1760.0,1760.0,Expired
3520,1201,32,Avery Gray,2026-01-31,2027-01-30,1870.0,1870.0,Active
3521,1202,32,Reese Cruz,2023-09-30,2024-09-29,1320.0,1320.0,Expired
3522,1202,32,Avery Foster,2024-09-30,2025-09-29,1400.0,1400.0,Expired
3523,1202,32,Casey Cruz,2025-09-30,2026-09-29,1430.0,1430.0,Expired
3524,1203,32,Drew Evans,2023-12-20,2025-06-19,1760.0,1760.0,Expired
3525,1203,32,Jordan Cruz,2025-07-01,2026-06-30,1840.0,1840.0,Expired
3526,1203,32,Jamie Cruz,2026-07-13,2027-01-12,1910.0,1910.0,Active
3527,1204,32,Quinn Gray,2023-03-10,2024-09-09,1590.0,1590.0,Expired
3528,1204,32,Morgan Hayes,2024-10-17,2026-04-16,1650.0,1650.0,Expired
3529,1204,32,Drew Hayes,2026-05-05,2026-11-04,1730.0,1730.0,Active
3530,1205,32,Reese Diaz,2023-04-07,2024-10-06,1560.0,1560.0,Expired
3531,1205,32,Sam Jensen,2025-01-09,2025-07-08,1620.0,1620.0,Expired
3532,1205,32,Taylor Hayes,2025-11-22,2026-11-21,1680.0,1680.0,Active
3533,1206,32,Jamie Jensen,2023-10-23,2025-04-22,1870.0,1870.0,Expired
3534,1206,32,Casey Adams,2025-06-01,2026-11-30,1940.0,1940.0,Active
3535,1207,32,Riley Foster,2023-12-13,2025-06-12,1290.0,1290.0,Expired
3536,1207,32,Morgan Hayes,2025-06-13,2026-06-12,1340.0,1340.0,Expired
3537,1207,32,Sam Diaz,2026-08-03,2027-08-02,1390.0,1390.0,Active
3538,1208,32,Casey Evans,2023-09-14,2024-09-13,1890.0,1890.0,Expired
3539,1208,32,Drew Gray,2024-09-14,2025-09-13,1980.0,1980.0,Expired
3540,1208,32,Alex Adams,2026-02-01,2027-01-31,2090.0,2090.0,Active
3541,1209,32,Casey Adams,2023-08-14,2024-02-13,950.0,950.0,Expired
3542,1209,32,Alex Diaz,2024-02-14,2025-02-13,1020.0,1020.0,Expired
3543,1209,32,Jamie Evans,2025-02-14,2026-02-13,1040.0,1040.0,Expired
3544,1209,32,Alex Jensen,2026-02-14,2026-08-13,1060.0,1060.0,Expired
3545,1210,32,Jordan Foster,2023-02-15,2024-08-14,1500.0,1500.0,Expired
3546,1210,32,Avery Gray,2024-08-15,2025-08-14,1550.0,1550.0,Expired
3547,1210,32,Reese Irwin,2025-08-15,2026-08-14,1640.0,1640.0,Expired
3548,1210,32,Morgan Klein,2026-08-15,2027-08-14,1720.0,1720.0,Active
3549,1211,32,Drew Brooks,2023-07-09,2024-07-08,1710.0,1710.0,Expired
3550,1211,32,Taylor Klein,2024-07-16,2026-01-15,1830.0,1830.0,Expired
3551,1211,32,Casey Lopez,2026-01-16,2027-01-15,1890.0,1890.0,Active
3552,1212,32,Jordan Jensen,2023-06-25,2024-06-24,1310.0,1310.0,Expired
3553,1212,32,Quinn Cruz,2024-06-25,2025-06-24,1380.0,1380.0,Expired
3554,1212,32,Taylor Evans,2025-07-01,2025-12-31,1460.0,1460.0,Expired
3555,1212,32,Alex Lopez,2026-01-01,2026-06-30,1520.0,1520.0,Expired
3556,1212,32,Casey Diaz,2026-07-01,2027-06-30,1610.0,1610.0,Active
3557,1213,32,Jordan Diaz,2023-10-08,2024-10-07,880.0,880.0,Expired
3558,1213,32,Quinn Hayes,2024-10-08,2025-10-07,920.0,920.0,Expired
3559,1213,32,Drew Adams,2025-11-09,2027-05-08,980.0,980.0,Active
3560,1214,32,Casey Gray,2023-02-18,2024-08-17,1640.0,1640.0,Expired
3561,1214,32,Sam Foster,2024-08-18,2025-08-17,1730.0,1730.0,Expired
3562,1214,32,Avery Klein,2025-08-18,2026-08-17,1830.0,1830.0,Expired
3563,1215,32,Sam Diaz,2023-09-29,2024-09-28,1160.0,1160.0,Expired
3564,1215,32,Taylor Brooks,2024-09-29,2025-09-28,1240.0,1240.0,Expired
3565,1215,32,Quinn Hayes,2025-10-16,2026-04-15,1270.0,1270.0,Expired
3566,1215,32,Avery Klein,2026-04-16,2027-10-15,1340.0,1340.0,Active
3567,1216,32,Avery Hayes,2023-05-27,2024-05-26,1510.0,1510.0,Expired
3568,1216,32,Alex Brooks,2024-06-03,2025-12-02,1600.0,1600.0,Expired
3569,1216,32,Taylor Cruz,2026-01-21,2027-01-20,1660.0,1660.0,Active
3570,1217,32,Alex Adams,2023-02-22,2023-08-21,1420.0,1420.0,Expired
3571,1217,32,Morgan Hayes,2023-08-22,2024-08-21,1460.0,1460.0,Expired
3572,1217,32,Casey Foster,2024-10-20,2025-10-19,1540.0,1540.0,Expired
3573,1217,32,Jamie Cruz,2025-10-27,2027-04-26,1640.0,1640.0,Active
3574,1218,32,Riley Irwin,2023-04-13,2024-04-12,1400.0,1400.0,Expired
3575,1218,32,Quinn Evans,2024-04-13,2025-04-12,1440.0,1440.0,Expired
3576,1218,32,Jordan Evans,2025-05-04,2026-11-03,1490.0,1490.0,Active
3577,1219,32,Alex Brooks,2023-02-20,2024-02-19,1100.0,1100.0,Expired
3578,1219,32,Riley Cruz,2024-02-20,2025-02-19,1120.0,1120.0,Expired
3579,1219,32,Jordan Evans,2025-02-20,2026-02-19,1170.0,1170.0,Expired
3580,1219,32,Casey Diaz,2026-04-03,2027-04-02,1200.0,1200.0,Active
3581,1220,32,Jamie Gray,2023-09-23,2024-09-22,1100.0,1100.0,Expired
3582,1220,32,Sam Adams,2024-09-23,2025-09-22,1140.0,1140.0,Expired
3583,1220,32,Jordan Brooks,2025-09-23,2026-09-22,1200.0,1200.0,Expired
3584,1221,32,Morgan Jensen,2023-04-24,2024-04-23,760.0,760.0,Expired
3585,1221,32,Morgan Brooks,2024-04-24,2024-10-23,810.0,810.0,Expired
3586,1221,32,Alex Klein,2024-10-24,2025-10-23,870.0,870.0,Expired
3587,1221,32,Quinn Foster,2025-10-24,2026-10-23,910.0,910.0,Active
3588,1222,32,Sam Irwin,2023-03-17,2024-03-16,1350.0,1350.0,Expired
3589,1222,32,Alex Irwin,2024-03-17,2025-09-16,1400.0,1400.0,Expired
3590,1222,32,Sam Gray,2025-10-24,2026-10-23,1460.0,1460.0,Active
3591,1223,32,Quinn Brooks,2023-12-29,2024-12-28,2390.0,2390.0,Expired
3592,1223,32,Sam Brooks,2025-03-28,2026-03-27,2470.0,2470.0,Expired
3593,1223,32,Riley Jensen,2026-05-18,2027-05-17,2620.0,2620.0,Active
3594,1224,32,Jordan Hayes,2023-07-22,2024-07-21,1700.0,1700.0,Expired
3595,1224,32,Drew Evans,2024-07-22,2025-01-21,1800.0,1800.0,Expired
3596,1224,32,Riley Foster,2025-06-07,2026-12-06,1890.0,1890.0,Active
3597,1225,32,Reese Irwin,2023-06-27,2023-12-26,1460.0,1460.0,Expired
3598,1225,32,Taylor Brooks,2024-03-03,2025-03-02,1540.0,1540.0,Expired
3599,1225,32,Reese Diaz,2025-03-03,2026-03-02,1580.0,1580.0,Expired
3600,1225,32,Taylor Foster,2026-03-03,2027-09-02,1670.0,1670.0,Active
3601,1226,32,Jamie Foster,2023-04-08,2023-10-07,1510.0,1510.0,Expired
3602,1226,32,Riley Jensen,2023-10-28,2024-10-27,1560.0,1560.0,Expired
3603,1226,32,Reese Jensen,2024-10-28,2025-04-27,1640.0,1640.0,Expired
3604,1226,32,Casey Evans,2025-05-23,2026-05-22,1700.0,1700.0,Expired
3605,1226,32,Casey Hayes,2026-05-23,2027-05-22,1760.0,1760.0,Active
3606,1227,32,Jordan Brooks,2023-11-13,2024-11-12,1510.0,1510.0,Expired
3607,1227,32,Sam Cruz,2024-11-13,2026-05-12,1560.0,1560.0,Expired
3608,1227,32,Drew Gray,2026-06-28,2027-06-27,1630.0,1630.0,Active
3609,1228,32,Avery Jensen,2023-09-16,2024-09-15,1100.0,1100.0,Expired
3610,1228,32,Sam Klein,2024-10-17,2025-10-16,1120.0,1120.0,Expired
3611,1228,32,Avery Brooks,2025-10-17,2026-10-16,1180.0,1180.0,Active
3612,1229,32,Drew Brooks,2023-07-16,2024-07-15,2260.0,2260.0,Expired
3613,1229,32,Quinn Brooks,2024-07-31,2025-07-30,2370.0,2370.0,Expired
3614,1229,32,Jamie Jensen,2025-09-08,2026-09-07,2500.0,2500.0,Expired
3615,1230,32,Jamie Gray,2023-08-06,2024-08-05,1610.0,1610.0,Expired
3616,1230,32,Jamie Brooks,2024-09-17,2025-09-16,1700.0,1700.0,Expired
3617,1230,32,Taylor Cruz,2025-10-31,2026-04-29,1800.0,1800.0,Expired
3618,1230,32,Avery Diaz,2026-04-30,2026-10-29,1890.0,1890.0,Active
3619,1231,32,Jamie Diaz,2023-08-20,2024-08-19,1830.0,1830.0,Expired
3620,1231,32,Taylor Klein,2024-10-06,2025-04-05,1910.0,1910.0,Expired
3621,1231,32,Sam Lopez,2025-07-24,2026-01-23,2020.0,2020.0,Expired
3622,1231,32,Alex Brooks,2026-03-25,2026-09-24,2100.0,2100.0,Expired
3623,1232,32,Casey Jensen,2023-09-01,2024-08-31,1440.0,1440.0,Expired
3624,1232,32,Drew Evans,2024-09-18,2025-09-17,1500.0,1500.0,Expired
3625,1232,32,Morgan Adams,2025-09-18,2026-09-17,1590.0,1590.0,Expired
3626,1232,32,Quinn Evans,2026-09-18,2027-09-17,1660.0,1660.0,Active
3627,1233,32,Casey Lopez,2023-12-18,2024-06-17,1690.0,1690.0,Expired
3628,1233,32,Taylor Irwin,2024-07-06,2025-07-05,1750.0,1750.0,Expired
3629,1233,32,Casey Evans,2025-09-24,2027-03-23,1810.0,1810.0,Active
3630,1234,32,Casey Brooks,2023-12-12,2024-12-11,1020.0,1020.0,Expired
3631,1234,32,Jordan Irwin,2025-01-22,2026-01-21,1070.0,1070.0,Expired
3632,1234,32,Reese Evans,2026-04-07,2027-04-06,1130.0,1130.0,Active
3633,1235,32,Alex Adams,2023-06-08,2024-12-07,680.0,680.0,Expired
3634,1235,32,Reese Hayes,2024-12-08,2026-06-07,690.0,690.0,Expired
3635,1235,32,Sam Jensen,2026-07-11,2027-07-10,710.0,710.0,Active
3636,1236,32,Casey Lopez,2023-07-11,2024-07-10,1720.0,1720.0,Expired
3637,1236,32,Quinn Adams,2024-09-11,2025-09-10,1760.0,1760.0,Expired
3638,1236,32,Jordan Diaz,2025-09-21,2026-09-20,1840.0,1840.0,Expired
3639,1237,32,Casey Gray,2023-09-19,2024-03-18,870.0,870.0,Expired
3640,1237,32,Morgan Brooks,2024-03-19,2025-03-18,900.0,900.0,Expired
3641,1237,32,Quinn Gray,2025-03-22,2025-09-21,920.0,920.0,Expired
3642,1237,32,Quinn Hayes,2025-11-05,2026-05-04,970.0,970.0,Expired
3643,1237,32,Quinn Gray,2026-05-05,2027-05-04,1000.0,1000.0,Active
3644,1238,33,River Coffee,2023-08-04,2030-08-03,1460.0,1460.0,Active
3645,1239,33,Summit Coffee,2023-03-12,2030-03-11,1650.0,1650.0,Active
3646,1240,34,Stone Fitness,2023-06-29,2026-06-28,700.0,700.0,Expired
3647,1240,34,River Pharmacy,2026-06-29,2029-06-28,740.0,740.0,Active
3648,1241,34,River Consulting,2023-11-24,2030-11-23,860.0,860.0,Active
3649,1242,34,Crescent Pharmacy,2023-10-26,2028-10-25,180.0,180.0,Active
3650,1243,34,Mill Coffee,2023-06-21,2026-06-20,1410.0,1410.0,Expired
3651,1243,34,Foundry Law Group,2026-06-21,2033-06-20,1470.0,1470.0,Active
3652,1244,34,Lakeview Consulting,2023-07-30,2026-07-29,890.0,890.0,Expired
3653,1244,34,Arbor Dental,2026-07-30,2031-07-29,930.0,930.0,Active
3654,1245,34,Cedar Law Group,2023-07-16,2026-07-15,470.0,470.0,Expired
3655,1246,34,Union Tech,2023-10-25,2028-10-24,330.0,330.0,Active
3656,1247,35,Cedar Law Group,2023-03-13,2026-03-12,520.0,520.0,Expired
3657,1247,35,Stone Bakery,2026-03-13,2029-03-12,540.0,540.0,Active
3658,1248,35,Stone Design Studio,2023-06-01,2028-05-31,650.0,650.0,Active
3659,1249,35,Crescent Bakery,2023-12-09,2028-12-08,350.0,350.0,Active
3660,1250,35,Foundry Bakery,2023-03-31,2026-03-30,720.0,720.0,Expired
3661,1250,35,Stone Tech,2026-04-15,2031-04-14,760.0,760.0,Active
3662,1251,35,Stone Pharmacy,2023-07-30,2028-07-29,490.0,490.0,Active
3663,1252,35,Highline Pharmacy,2023-02-14,2030-02-13,300.0,300.0,Active
3664,1253,35,River Law Group,2023-06-07,2028-06-06,440.0,440.0,Active
3665,1254,35,Park Design Studio,2023-05-19,2030-05-18,150.0,150.0,Active
3666,1255,35,Highline Design Studio,2023-06-14,2028-06-13,430.0,430.0,Active
3667,1256,35,Stone Consulting,2023-02-17,2028-02-16,610.0,610.0,Active
3668,1257,36,Jordan Cruz,2023-12-29,2024-12-28,1430.0,1430.0,Expired
3669,1257,36,Drew Gray,2025-03-25,2026-03-24,1470.0,1470.0,Expired
3670,1257,36,Drew Klein,2026-03-25,2027-03-24,1520.0,1520.0,Active
3671,1258,36,Quinn Irwin,2023-08-21,2024-08-20,710.0,710.0,Expired
3672,1258,36,Avery Diaz,2024-08-21,2025-08-20,750.0,750.0,Expired
3673,1258,36,Sam Klein,2025-08-25,2026-02-24,790.0,790.0,Expired
3674,1258,36,Morgan Foster,2026-04-20,2027-04-19,840.0,840.0,Active
3675,1259,36,Morgan Cruz,2023-10-23,2025-04-22,890.0,890.0,Expired
3676,1259,36,Taylor Brooks,2025-05-21,2026-05-20,930.0,930.0,Expired
3677,1259,36,Casey Jensen,2026-05-21,2026-11-20,1000.0,1000.0,Active
3678,1260,36,Drew Foster,2023-02-13,2023-08-12,1730.0,1730.0,Expired
3679,1260,36,Reese Hayes,2023-08-13,2024-08-12,1840.0,1840.0,Expired
3680,1260,36,Taylor Hayes,2024-09-05,2025-09-04,1940.0,1940.0,Expired
3681,1260,36,Morgan Evans,2025-09-22,2026-09-21,2010.0,2010.0,Expired
3682,1260,36,Taylor Foster,2026-09-22,2027-09-21,2060.0,2060.0,Active
3683,1261,36,Drew Brooks,2023-02-27,2024-02-26,1160.0,1160.0,Expired
3684,1261,36,Reese Foster,2024-02-27,2025-02-26,1220.0,1220.0,Expired
3685,1261,36,Taylor Lopez,2025-02-27,2025-08-26,1300.0,1300.0,Expired
3686,1261,36,Drew Cruz,2025-08-27,2027-02-26,1380.0,1380.0,Active
3687,1262,36,Casey Evans,2023-08-20,2024-02-19,670.0,670.0,Expired
3688,1262,36,Quinn Cruz,2024-02-20,2025-02-19,690.0,690.0,Expired
3689,1262,36,Reese Klein,2025-04-27,2026-10-26,720.0,720.0,Active
3690,1263,36,Avery Cruz,2023-10-08,2025-04-07,1550.0,1550.0,Expired
3691,1263,36,Drew Evans,2025-04-29,2025-10-28,1620.0,1620.0,Expired
3692,1263,36,Quinn Brooks,2025-10-29,2027-04-28,1720.0,1720.0,Active
3693,1264,36,Jamie Evans,2023-09-01,2024-08-31,930.0,930.0,Expired
3694,1264,36,Taylor Irwin,2024-09-01,2026-02-28,980.0,980.0,Expired
3695,1264,36,Sam Gray,2026-03-17,2026-09-16,1030.0,1030.0,Expired
3696,1265,36,Jamie Evans,2023-09-18,2024-09-17,1920.0,1920.0,Expired
3697,1265,36,Jordan Diaz,2024-10-15,2025-10-14,1980.0,1980.0,Expired
3698,1265,36,Jordan Irwin,2025-10-15,2026-10-14,2040.0,2040.0,Active
3699,1266,36,Reese Foster,2023-08-04,2024-08-03,1140.0,1140.0,Expired
3700,1266,36,Avery Adams,2024-08-04,2025-08-03,1170.0,1170.0,Expired
3701,1266,36,Riley Brooks,2025-09-05,2026-09-04,1230.0,1230.0,Expired
3702,1266,36,Jamie Foster,2026-09-05,2027-09-04,1290.0,1290.0,Active
3703,1267,36,Sam Foster,2023-09-16,2025-03-15,1030.0,1030.0,Expired
3704,1267,36,Sam Adams,2025-03-23,2026-03-22,1050.0,1050.0,Expired
3705,1267,36,Quinn Klein,2026-05-20,2027-11-19,1090.0,1090.0,Active
3706,1268,36,Avery Lopez,2023-07-19,2024-07-18,740.0,740.0,Expired
3707,1268,36,Taylor Hayes,2024-07-19,2025-07-18,790.0,790.0,Expired
3708,1268,36,Avery Foster,2025-08-17,2026-08-16,840.0,840.0,Expired
3709,1268,36,Jordan Jensen,2026-08-17,2028-02-16,870.0,870.0,Active
3710,1269,36,Drew Jensen,2023-10-21,2024-10-20,1020.0,1020.0,Expired
3711,1269,36,Quinn Diaz,2024-12-16,2025-12-15,1090.0,1090.0,Expired
3712,1269,36,Casey Lopez,2026-02-09,2027-02-08,1150.0,1150.0,Active
3713,1270,36,Taylor Jensen,2023-09-30,2024-03-29,1110.0,1110.0,Expired
3714,1270,36,Riley Lopez,2024-05-31,2025-11-29,1180.0,1180.0,Expired
3715,1270,36,Jamie Lopez,2025-12-27,2026-12-26,1230.0,1230.0,Active
3716,1271,36,Avery Evans,2023-10-25,2024-10-24,1000.0,1000.0,Expired
3717,1271,36,Jordan Brooks,2024-10-25,2025-10-24,1040.0,1040.0,Expired
3718,1271,36,Alex Jensen,2025-10-25,2026-04-24,1080.0,1080.0,Expired
3719,1271,36,Quinn Hayes,2026-04-25,2027-04-24,1140.0,1140.0,Active
3720,1272,36,Sam Lopez,2023-04-19,2024-10-18,1070.0,1070.0,Expired
3721,1272,36,Riley Hayes,2024-10-19,2025-04-18,1100.0,1100.0,Expired
3722,1272,36,Quinn Hayes,2025-04-19,2026-10-18,1160.0,1160.0,Active
3723,1273,36,Casey Diaz,2023-02-08,2024-02-07,2080.0,2080.0,Expired
3724,1273,36,Avery Jensen,2024-02-08,2025-02-07,2210.0,2210.0,Expired
3725,1273,36,Morgan Brooks,2025-03-14,2025-09-13,2330.0,2330.0,Expired
3726,1273,36,Jordan Foster,2025-09-14,2026-09-13,2400.0,2400.0,Expired
3727,1274,36,Reese Jensen,2023-05-25,2024-05-24,1300.0,1300.0,Expired
3728,1274,36,Alex Klein,2025-01-13,2026-01-12,1370.0,1370.0,Expired
3729,1274,36,Jamie Jensen,2026-01-28,2027-01-27,1450.0,1450.0,Active
3730,1275,36,Avery Cruz,2023-03-03,2023-09-02,1460.0,1460.0,Expired
3731,1275,36,Morgan Evans,2023-09-03,2024-09-02,1500.0,1500.0,Expired
3732,1275,36,Taylor Jensen,2024-10-06,2025-04-05,1580.0,1580.0,Expired
3733,1275,36,Reese Lopez,2025-04-06,2026-04-05,1640.0,1640.0,Expired
3734,1275,36,Sam Adams,2026-04-06,2026-10-05,1680.0,1680.0,Active
3735,1276,36,Alex Cruz,2023-11-16,2024-11-15,2060.0,2060.0,Expired
3736,1276,36,Riley Irwin,2025-01-07,2026-01-06,2130.0,2130.0,Expired
3737,1276,36,Jordan Hayes,2026-01-07,2027-01-06,2260.0,2260.0,Active
3738,1277,36,Avery Brooks,2023-03-03,2024-03-02,1590.0,1590.0,Expired
3739,1277,36,Quinn Diaz,2024-03-03,2025-03-02,1680.0,1680.0,Expired
3740,1277,36,Drew Jensen,2025-04-30,2026-10-29,1760.0,1760.0,Active
3741,1278,36,Quinn Irwin,2023-03-21,2023-09-20,1860.0,1860.0,Expired
3742,1278,36,Quinn Diaz,2023-11-10,2024-11-09,1980.0,1980.0,Expired
3743,1278,36,Jordan Brooks,2024-11-13,2025-11-12,2050.0,2050.0,Expired
3744,1278,36,Reese Cruz,2025-11-13,2026-11-12,2140.0,2140.0,Active
3745,1279,36,Avery Jensen,2023-11-21,2024-11-20,640.0,640.0,Expired
3746,1279,36,Riley Hayes,2024-12-16,2026-06-15,670.0,670.0,Expired
3747,1279,36,Jamie Foster,2026-07-25,2027-01-24,710.0,710.0,Active
3748,1280,36,Reese Foster,2023-11-28,2025-05-27,1090.0,1090.0,Expired
3749,1280,36,Alex Diaz,2025-05-28,2026-05-27,1140.0,1140.0,Expired
3750,1280,36,Jordan Adams,2026-05-28,2027-05-27,1210.0,1210.0,Active
3751,1281,36,Sam Adams,2023-04-10,2024-04-09,1180.0,1180.0,Expired
3752,1281,36,Reese Irwin,2024-05-16,2025-05-15,1260.0,1260.0,Expired
3753,1281,36,Jamie Brooks,2025-06-07,2025-12-06,1290.0,1290.0,Expired
3754,1281,36,Jamie Irwin,2025-12-07,2026-12-06,1350.0,1350.0,Active
3755,1282,36,Jordan Irwin,2023-11-19,2024-11-18,1660.0,1660.0,Expired
3756,1282,36,Alex Evans,2024-11-19,2025-11-18,1760.0,1760.0,Expired
3757,1282,36,Reese Diaz,2025-12-19,2026-12-18,1850.0,1850.0,Active
3758,1283,36,Taylor Irwin,2023-04-24,2024-04-23,1100.0,1100.0,Expired
3759,1283,36,Sam Evans,2024-04-24,2024-10-23,1140.0,1140.0,Expired
3760,1283,36,Avery Diaz,2025-01-31,2026-01-30,1210.0,1210.0,Expired
3761,1283,36,Taylor Cruz,2026-01-31,2027-01-30,1240.0,1240.0,Active
3762,1284,36,Quinn Irwin,2023-03-02,2024-03-01,1490.0,1490.0,Expired
3763,1284,36,Jordan Adams,2024-05-05,2025-05-04,1570.0,1570.0,Expired
3764,1284,36,Alex Foster,2025-05-05,2025-11-04,1660.0,1660.0,Expired
3765,1284,36,Casey Foster,2025-11-05,2026-11-04,1710.0,1710.0,Active
3766,1285,36,Taylor Evans,2023-07-04,2024-01-03,680.0,680.0,Expired
3767,1285,36,Quinn Evans,2024-01-04,2025-01-03,700.0,700.0,Expired
3768,1285,36,Avery Irwin,2025-03-12,2026-03-11,730.0,730.0,Expired
3769,1285,36,Taylor Jensen,2026-03-12,2027-03-11,770.0,770.0,Active
3770,1286,36,Jordan Irwin,2023-05-02,2024-11-01,1110.0,1110.0,Expired
3771,1286,36,Reese Gray,2025-03-21,2026-03-20,1170.0,1170.0,Expired
3772,1286,36,Sam Irwin,2026-06-15,2027-12-14,1230.0,1230.0,Active
3773,1287,36,Sam Diaz,2023-11-29,2024-11-28,1090.0,1090.0,Expired
3774,1287,36,Morgan Cruz,2024-11-29,2025-11-28,1150.0,1150.0,Expired
3775,1287,36,Reese Jensen,2025-12-22,2027-06-21,1180.0,1180.0,Active
3776,1288,36,Casey Gray,2023-09-14,2024-03-13,840.0,840.0,Expired
3777,1288,36,Riley Irwin,2024-05-07,2025-05-06,890.0,890.0,Expired
3778,1288,36,Casey Evans,2025-06-18,2026-06-17,940.0,940.0,Expired
3779,1288,36,Drew Cruz,2026-07-16,2028-01-15,990.0,990.0,Active
3780,1289,36,Riley Lopez,2023-07-31,2024-07-30,1530.0,1530.0,Expired
3781,1289,36,Casey Brooks,2024-08-19,2025-08-18,1560.0,1560.0,Expired
3782,1289,36,Sam Hayes,2025-09-06,2026-03-05,1630.0,1630.0,Expired
3783,1289,36,Jamie Evans,2026-03-06,2027-03-05,1690.0,1690.0,Active
3784,1290,36,Casey Klein,2023-10-27,2025-04-26,2050.0,2050.0,Expired
3785,1290,36,Jamie Brooks,2025-06-23,2025-12-22,2110.0,2110.0,Expired
3786,1290,36,Alex Cruz,2026-02-03,2027-02-02,2190.0,2190.0,Active
3787,1291,36,Avery Irwin,2023-05-08,2024-11-07,730.0,730.0,Expired
3788,1291,36,Taylor Adams,2024-12-14,2025-12-13,770.0,770.0,Expired
3789,1291,36,Casey Brooks,2026-02-07,2027-02-06,810.0,810.0,Active
3790,1292,36,Sam Cruz,2023-08-03,2024-02-02,1140.0,1140.0,Expired
3791,1292,36,Sam Foster,2024-03-28,2024-09-27,1220.0,1220.0,Expired
3792,1292,36,Riley Irwin,2024-10-30,2025-10-29,1290.0,1290.0,Expired
3793,1292,36,Alex Cruz,2025-10-30,2027-04-29,1330.0,1330.0,Active
3794,1293,36,Riley Evans,2023-10-12,2024-10-11,1440.0,1440.0,Expired
3795,1293,36,Drew Lopez,2024-10-12,2025-10-11,1530.0,1530.0,Expired
3796,1293,36,Jamie Hayes,2025-10-12,2026-10-11,1630.0,1630.0,Active
3797,1294,36,Morgan Cruz,2023-04-08,2024-04-07,1120.0,1120.0,Expired
3798,1294,36,Morgan Evans,2024-06-08,2024-12-07,1170.0,1170.0,Expired
3799,1294,36,Avery Irwin,2024-12-08,2025-12-07,1230.0,1230.0,Expired
3800,1294,36,Taylor Irwin,2025-12-08,2027-06-07,1290.0,1290.0,Active
3801,1295,36,Riley Hayes,2023-07-17,2024-07-16,1510.0,1510.0,Expired
3802,1295,36,Jamie Cruz,2024-07-25,2026-01-24,1560.0,1560.0,Expired
3803,1295,36,Reese Brooks,2026-02-03,2027-02-02,1630.0,1630.0,Active
3804,1296,36,Sam Foster,2023-11-23,2025-05-22,960.0,960.0,Expired
3805,1296,36,Taylor Brooks,2025-05-31,2026-05-30,1010.0,1010.0,Expired
3806,1296,36,Quinn Evans,2026-07-23,2028-01-22,1080.0,1080.0,Active
3807,1297,36,Jamie Irwin,2023-12-07,2025-06-06,2100.0,2100.0,Expired
3808,1297,36,Quinn Adams,2025-06-16,2026-12-15,2160.0,2160.0,Active
3809,1298,36,Jamie Lopez,2023-05-01,2024-04-30,1520.0,1520.0,Expired
3810,1298,36,Jamie Cruz,2024-05-10,2024-11-09,1620.0,1620.0,Expired
3811,1298,36,Morgan Adams,2024-11-10,2025-11-09,1680.0,1680.0,Expired
3812,1298,36,Alex Foster,2025-12-11,2026-12-10,1760.0,1760.0,Active
3813,1299,36,Riley Diaz,2023-05-23,2024-05-22,1680.0,1680.0,Expired
3814,1299,36,Alex Jensen,2024-05-23,2025-11-22,1790.0,1790.0,Expired
3815,1299,36,Jamie Klein,2026-01-07,2027-01-06,1820.0,1820.0,Active
3816,1300,36,Jordan Brooks,2023-07-06,2025-01-05,1270.0,1270.0,Expired
3817,1300,36,Jordan Cruz,2025-03-30,2025-09-29,1300.0,1300.0,Expired
3818,1300,36,Sam Irwin,2025-09-30,2026-09-29,1340.0,1340.0,Expired
3819,1301,36,Sam Lopez,2023-12-14,2024-12-13,1520.0,1520.0,Expired
3820,1301,36,Jordan Hayes,2024-12-27,2025-06-26,1620.0,1620.0,Expired
3821,1301,36,Reese Cruz,2025-07-01,2025-12-31,1680.0,1680.0,Expired
3822,1301,36,Jordan Adams,2026-01-13,2027-01-12,1750.0,1750.0,Active
3823,1302,36,Jamie Jensen,2023-07-09,2024-07-08,1210.0,1210.0,Expired
3824,1302,36,Reese Foster,2024-08-05,2026-02-04,1280.0,1280.0,Expired
3825,1302,36,Jamie Jensen,2026-03-25,2027-03-24,1320.0,1320.0,Active
3826,1303,36,Morgan Irwin,2023-03-08,2023-09-07,2110.0,2110.0,Expired
3827,1303,36,Taylor Brooks,2023-09-08,2025-03-07,2220.0,2220.0,Expired
3828,1303,36,Jamie Diaz,2025-03-08,2026-03-07,2300.0,2300.0,Expired
3829,1303,36,Jamie Hayes,2026-04-18,2027-04-17,2390.0,2390.0,Active
3830,1304,36,Morgan Brooks,2023-06-02,2024-06-01,1670.0,1670.0,Expired
3831,1304,36,Taylor Foster,2024-06-28,2025-12-27,1730.0,1730.0,Expired
3832,1304,36,Drew Evans,2025-12-28,2027-06-27,1800.0,1800.0,Active
3833,1305,36,Jamie Hayes,2023-02-14,2024-02-13,670.0,670.0,Expired
3834,1305,36,Sam Klein,2024-04-03,2025-10-02,690.0,690.0,Expired
3835,1305,36,Alex Hayes,2025-10-30,2027-04-29,710.0,710.0,Active
3836,1306,36,Casey Lopez,2023-10-21,2024-10-20,1170.0,1170.0,Expired
3837,1306,36,Riley Brooks,2024-10-21,2025-10-20,1240.0,1240.0,Expired
3838,1306,36,Reese Evans,2025-10-21,2026-10-20,1310.0,1310.0,Active
3839,1307,36,Reese Klein,2023-10-31,2024-10-30,1300.0,1300.0,Expired
3840,1307,36,Reese Foster,2024-10-31,2026-04-29,1350.0,1350.0,Expired
3841,1307,36,Drew Gray,2026-05-05,2026-11-04,1420.0,1420.0,Active
3842,1308,36,Casey Hayes,2023-04-13,2024-04-12,1710.0,1710.0,Expired
3843,1308,36,Avery Jensen,2024-04-13,2024-10-12,1800.0,1800.0,Expired
3844,1308,36,Sam Cruz,2024-10-16,2025-04-15,1900.0,1900.0,Expired
3845,1308,36,Quinn Brooks,2025-06-25,2026-12-24,1980.0,1980.0,Active
3846,1309,36,Morgan Gray,2023-09-01,2024-08-31,660.0,660.0,Expired
3847,1309,36,Morgan Irwin,2024-09-03,2025-09-02,700.0,700.0,Expired
3848,1309,36,Riley Gray,2025-09-03,2027-03-02,720.0,720.0,Active
3849,1310,36,Alex Foster,2023-06-27,2023-12-26,1610.0,1610.0,Expired
3850,1310,36,Drew Brooks,2024-02-08,2025-02-07,1720.0,1720.0,Expired
3851,1310,36,Jordan Jensen,2025-02-08,2026-02-07,1770.0,1770.0,Expired
3852,1310,36,Riley Adams,2026-04-16,2027-10-15,1860.0,1860.0,Active
3853,1311,36,Morgan Klein,2023-02-25,2023-08-24,1160.0,1160.0,Expired
3854,1311,36,Casey Gray,2023-10-12,2024-10-11,1200.0,1200.0,Expired
3855,1311,36,Reese Gray,2024-11-26,2025-11-25,1270.0,1270.0,Expired
3856,1311,36,Reese Adams,2026-01-01,2026-12-31,1340.0,1340.0,Active
3857,1312,36,Sam Jensen,2023-10-24,2025-04-23,870.0,870.0,Expired
3858,1312,36,Riley Gray,2025-05-25,2026-05-24,920.0,920.0,Expired
3859,1312,36,Drew Klein,2026-06-25,2027-06-24,970.0,970.0,Active
3860,1313,36,Taylor Diaz,2023-02-28,2024-02-27,1730.0,1730.0,Expired
3861,1313,36,Jamie Klein,2024-02-28,2025-02-27,1800.0,1800.0,Expired
3862,1313,36,Casey Cruz,2025-02-28,2026-08-27,1880.0,1880.0,Expired
3863,1313,36,Riley Lopez,2026-09-03,2027-09-02,1960.0,1960.0,Active
3864,1314,36,Reese Irwin,2023-09-10,2024-09-09,1110.0,1110.0,Expired
3865,1314,36,Alex Cruz,2024-09-10,2025-09-09,1140.0,1140.0,Expired
3866,1314,36,Jordan Irwin,2025-09-10,2026-09-09,1180.0,1180.0,Expired
3867,1314,36,Reese Adams,2026-09-10,2027-03-09,1250.0,1250.0,Active
3868,1315,36,Alex Klein,2023-02-10,2024-08-09,670.0,670.0,Expired
3869,1315,36,Alex Diaz,2024-08-10,2025-08-09,710.0,710.0,Expired
3870,1315,36,Avery Hayes,2025-10-04,2026-10-03,760.0,760.0,Active
3871,1316,36,Casey Brooks,2023-02-19,2024-02-18,1070.0,1070.0,Expired
3872,1316,36,Casey Hayes,2024-03-11,2025-09-10,1110.0,1110.0,Expired
3873,1316,36,Drew Lopez,2025-10-03,2026-10-02,1170.0,1170.0,Active
3874,1317,36,Morgan Hayes,2023-11-22,2024-05-21,760.0,760.0,Expired
3875,1317,36,Quinn Jensen,2024-06-16,2024-12-15,810.0,810.0,Expired
3876,1317,36,Casey Hayes,2024-12-16,2025-12-15,830.0,830.0,Expired
3877,1317,36,Reese Diaz,2026-02-27,2027-02-26,860.0,860.0,Active
3878,1318,36,Jamie Foster,2023-11-02,2024-11-01,1500.0,1500.0,Expired
3879,1318,36,Quinn Klein,2025-01-03,2026-07-02,1540.0,1540.0,Expired
3880,1318,36,Reese Foster,2026-08-21,2027-08-20,1640.0,1640.0,Active
3881,1319,36,Jordan Jensen,2023-09-04,2024-09-03,2100.0,2100.0,Expired
3882,1319,36,Morgan Gray,2024-09-04,2026-03-03,2200.0,2200.0,Expired
3883,1319,36,Sam Brooks,2026-04-06,2027-10-05,2350.0,2350.0,Active
3884,1320,36,Riley Lopez,2023-05-07,2024-05-06,1180.0,1180.0,Expired
3885,1320,36,Jordan Jensen,2024-06-05,2025-06-04,1200.0,1200.0,Expired
3886,1320,36,Drew Cruz,2025-07-23,2026-07-22,1230.0,1230.0,Expired
3887,1320,36,Alex Evans,2026-08-27,2027-08-26,1260.0,1260.0,Active
3888,1321,36,Riley Lopez,2023-09-11,2024-09-10,1550.0,1550.0,Expired
3889,1321,36,Taylor Irwin,2024-09-11,2025-09-10,1630.0,1630.0,Expired
3890,1321,36,Reese Irwin,2025-09-18,2026-09-17,1680.0,1680.0,Expired
3891,1321,36,Alex Hayes,2026-09-18,2027-09-17,1790.0,1790.0,Active
3892,1322,36,Reese Cruz,2023-12-01,2024-11-30,610.0,610.0,Expired
3893,1322,36,Alex Gray,2024-12-09,2025-12-08,660.0,660.0,Expired
3894,1322,36,Taylor Hayes,2025-12-09,2026-12-08,700.0,700.0,Active
3895,1323,36,Jordan Adams,2023-05-25,2024-11-24,710.0,710.0,Expired
3896,1323,36,Sam Lopez,2025-01-08,2026-01-07,750.0,750.0,Expired
3897,1323,36,Alex Cruz,2026-01-08,2027-07-07,780.0,780.0,Active
3898,1324,36,Taylor Diaz,2023-03-13,2024-09-12,980.0,980.0,Expired
3899,1324,36,Morgan Cruz,2024-09-13,2025-03-12,1010.0,1010.0,Expired
3900,1324,36,Morgan Irwin,2025-03-13,2026-03-12,1060.0,1060.0,Expired
3901,1324,36,Reese Diaz,2026-06-18,2027-06-17,1100.0,1100.0,Active
3902,1325,36,Riley Brooks,2023-02-13,2024-02-12,710.0,710.0,Expired
3903,1325,36,Jamie Cruz,2024-03-19,2024-09-18,730.0,730.0,Expired
3904,1325,36,Taylor Evans,2024-10-21,2025-10-20,770.0,770.0,Expired
3905,1325,36,Jamie Jensen,2025-10-21,2027-04-20,810.0,810.0,Active
3906,1326,36,Alex Adams,2023-08-12,2024-08-11,1160.0,1160.0,Expired
3907,1326,36,Riley Jensen,2024-08-12,2025-02-11,1190.0,1190.0,Expired
3908,1326,36,Jamie Evans,2025-02-12,2026-08-11,1250.0,1250.0,Expired
3909,1326,36,Quinn Gray,2026-08-12,2027-08-11,1290.0,1290.0,Active
3910,1327,36,Avery Lopez,2023-12-03,2024-12-02,1150.0,1150.0,Expired
3911,1327,36,Quinn Lopez,2025-02-04,2026-02-03,1200.0,1200.0,Expired
3912,1327,36,Taylor Jensen,2026-04-05,2027-10-04,1250.0,1250.0,Active
3913,1328,36,Alex Lopez,2023-08-16,2025-02-15,1490.0,1490.0,Expired
3914,1328,36,Jordan Gray,2025-02-16,2026-02-15,1540.0,1540.0,Expired
3915,1328,36,Quinn Diaz,2026-05-09,2027-05-08,1640.0,1640.0,Active
3916,1329,36,Riley Klein,2023-04-11,2024-04-10,1840.0,1840.0,Expired
3917,1329,36,Riley Hayes,2024-05-08,2024-11-07,1960.0,1960.0,Expired
3918,1329,36,Taylor Jensen,2024-11-08,2025-11-07,2040.0,2040.0,Expired
3919,1329,36,Casey Adams,2025-11-08,2027-05-07,2160.0,2160.0,Active
3920,1330,36,Casey Brooks,2023-10-29,2024-10-28,1150.0,1150.0,Expired
3921,1330,36,Taylor Irwin,2024-10-29,2026-04-28,1190.0,1190.0,Expired
3922,1330,36,Taylor Gray,2026-04-29,2027-04-28,1270.0,1270.0,Active
3923,1331,36,Quinn Diaz,2023-12-18,2024-12-17,1830.0,1830.0,Expired
3924,1331,36,Casey Klein,2024-12-18,2026-06-17,1900.0,1900.0,Expired
3925,1331,36,Riley Lopez,2026-07-01,2026-12-31,2020.0,2020.0,Active
3926,1332,36,Jordan Cruz,2023-05-25,2023-11-24,1200.0,1200.0,Expired
3927,1332,36,Jamie Adams,2024-01-12,2024-07-11,1250.0,1250.0,Expired
3928,1332,36,Jordan Adams,2024-07-12,2026-01-11,1330.0,1330.0,Expired
3929,1332,36,Avery Adams,2026-01-31,2026-07-30,1420.0,1420.0,Expired
3930,1332,36,Casey Klein,2026-07-31,2027-07-30,1460.0,1460.0,Active
3931,1333,36,Jordan Gray,2023-12-14,2025-06-13,1100.0,1100.0,Expired
3932,1333,36,Avery Hayes,2025-09-21,2026-09-20,1140.0,1140.0,Expired
3933,1333,36,Riley Evans,2026-09-21,2027-09-20,1210.0,1210.0,Active
3934,1334,36,Jordan Hayes,2023-08-20,2024-02-19,1090.0,1090.0,Expired
3935,1334,36,Alex Klein,2024-03-06,2025-03-05,1160.0,1160.0,Expired
3936,1334,36,Morgan Gray,2025-03-06,2026-03-05,1220.0,1220.0,Expired
3937,1334,36,Reese Irwin,2026-03-06,2027-09-05,1280.0,1280.0,Active
3938,1335,36,Reese Adams,2023-05-02,2024-11-01,480.0,480.0,Expired
3939,1335,36,Sam Klein,2025-01-26,2026-01-25,510.0,510.0,Expired
3940,1335,36,Avery Brooks,2026-02-13,2027-02-12,540.0,540.0,Active
3941,1336,36,Jordan Klein,2023-05-06,2023-11-05,980.0,980.0,Expired
3942,1336,36,Sam Jensen,2023-11-06,2024-05-05,1020.0,1020.0,Expired
3943,1336,36,Avery Cruz,2024-05-06,2024-11-05,1080.0,1080.0,Expired
3944,1336,36,Alex Diaz,2024-11-06,2025-05-05,1110.0,1110.0,Expired
3945,1336,36,Sam Adams,2025-05-21,2026-05-20,1150.0,1150.0,Expired
3946,1336,36,Sam Adams,2026-05-21,2027-11-20,1210.0,1210.0,Active
3947,1337,36,Drew Cruz,2023-11-13,2024-11-12,1140.0,1140.0,Expired
3948,1337,36,Jordan Jensen,2025-01-31,2026-01-30,1220.0,1220.0,Expired
3949,1337,36,Riley Jensen,2026-01-31,2027-01-30,1290.0,1290.0,Active
3950,1338,36,Avery Gray,2023-08-04,2025-02-03,780.0,780.0,Expired
3951,1338,36,Jamie Diaz,2025-02-18,2026-02-17,820.0,820.0,Expired
3952,1338,36,Alex Irwin,2026-02-18,2027-02-17,860.0,860.0,Active
3953,1339,36,Avery Cruz,2023-10-15,2025-04-14,2160.0,2160.0,Expired
3954,1339,36,Taylor Evans,2025-04-15,2025-10-14,2230.0,2230.0,Expired
3955,1339,36,Sam Evans,2025-11-19,2026-11-18,2300.0,2300.0,Active
3956,1340,36,Morgan Klein,2023-10-23,2024-10-22,1170.0,1170.0,Expired
3957,1340,36,Casey Evans,2024-12-03,2025-12-02,1240.0,1240.0,Expired
3958,1340,36,Jordan Lopez,2025-12-03,2027-06-02,1280.0,1280.0,Active
3959,1341,36,Sam Brooks,2023-06-10,2023-12-09,1480.0,1480.0,Expired
3960,1341,36,Jordan Diaz,2023-12-10,2025-06-09,1540.0,1540.0,Expired
3961,1341,36,Morgan Foster,2025-06-26,2025-12-25,1630.0,1630.0,Expired
3962,1341,36,Jordan Evans,2025-12-26,2026-12-25,1690.0,1690.0,Active
3963,1342,36,Morgan Adams,2023-12-31,2024-12-30,1590.0,1590.0,Expired
3964,1342,36,Avery Irwin,2025-02-13,2026-02-12,1650.0,1650.0,Expired
3965,1342,36,Drew Diaz,2026-02-13,2027-02-12,1690.0,1690.0,Active
3966,1343,36,Morgan Gray,2023-02-18,2024-02-17,1140.0,1140.0,Expired
3967,1343,36,Quinn Hayes,2024-02-18,2025-08-17,1170.0,1170.0,Expired
3968,1343,36,Avery Diaz,2025-11-20,2027-05-19,1220.0,1220.0,Active
3969,1344,36,Avery Adams,2023-12-17,2024-12-16,1360.0,1360.0,Expired
3970,1344,36,Casey Cruz,2025-01-23,2026-07-22,1400.0,1400.0,Expired
