RequestKey,UnitKey,PropertyKey,OpenedDate,CompletedDate,Category,Priority,Status,Cost
1,1,1,2025-09-28,2025-09-28,Plumbing,High,Completed,276.92
2,1,1,2026-07-18,2026-08-03,Electrical,Normal,Completed,111.25
3,1,1,2025-01-02,2025-01-08,Appliance,Normal,Completed,117.7
4,1,1,2025-02-09,2025-02-15,Appliance,High,Completed,165.15
5,1,1,2026-02-08,2026-02-12,Electrical,Normal,Completed,78.96
6,1,1,2026-06-10,2026-06-12,Plumbing,Normal,Completed,236.24
7,1,1,2026-06-30,2026-07-05,Plumbing,Normal,Completed,279.27
8,1,1,2024-02-03,2024-02-05,General,High,Completed,83.57
9,2,1,2024-12-07,2024-12-14,Plumbing,Normal,Completed,362.4
10,2,1,2025-07-29,2025-08-05,Plumbing,Normal,Completed,419.74
11,2,1,2025-02-01,2025-02-02,Plumbing,Emergency,Completed,469.06
12,2,1,2024-01-08,2024-01-15,General,High,Completed,107.79
13,3,1,2026-04-13,2026-04-26,Appliance,Normal,Completed,182.37
14,3,1,2025-08-27,2025-09-15,General,Low,Completed,189.34
15,3,1,2024-01-04,2024-01-27,General,Low,Completed,153.91
16,3,1,2025-08-05,2025-08-08,Plumbing,Normal,Completed,89.26
17,3,1,2025-10-07,2025-10-14,HVAC,Normal,Completed,1013.12
18,3,1,2024-09-17,2024-09-21,Appliance,High,Completed,483.64
19,3,1,2025-07-02,2025-07-11,General,Normal,Completed,58.7
20,3,1,2024-02-09,2024-02-11,HVAC,Normal,Completed,448.7
21,4,1,2024-01-06,2024-01-10,Plumbing,Normal,Completed,331.32
22,4,1,2025-09-28,2025-10-01,Plumbing,Normal,Completed,855.03
23,4,1,2025-11-24,2025-12-15,General,Normal,Completed,157.55
24,5,1,2026-04-22,2026-04-27,Appliance,High,Completed,411.06
25,5,1,2026-07-05,2026-07-19,HVAC,Normal,Completed,307.76
26,5,1,2026-09-18,2026-09-20,HVAC,High,Completed,683.56
27,5,1,2025-07-12,2025-07-26,Plumbing,Normal,Completed,1129.64
28,5,1,2026-04-08,2026-04-09,Appliance,High,Completed,149.98
29,6,1,2025-09-07,2025-09-10,HVAC,High,Completed,678.36
30,8,1,2024-02-16,2024-02-19,Plumbing,Normal,Completed,391.58
31,8,1,2026-04-25,2026-04-28,Electrical,Normal,Completed,283.16
32,8,1,2025-07-06,2025-07-07,HVAC,Normal,Completed,409.79
33,8,1,2024-01-09,2024-01-10,Pest,High,Completed,173.55
34,8,1,2024-04-27,2024-04-29,Plumbing,High,Completed,802.31
35,8,1,2024-07-10,2024-07-28,Appliance,Normal,Completed,52.65
36,8,1,2026-06-29,2026-06-30,HVAC,Normal,Completed,169.43
37,9,1,2026-06-22,2026-06-23,Appliance,High,Completed,607.12
38,9,1,2024-05-24,2024-06-06,HVAC,Low,Completed,985.31
39,9,1,2024-07-24,2024-08-04,HVAC,Normal,Completed,777.08
40,9,1,2025-11-05,2025-11-12,General,Normal,Completed,41.41
41,9,1,2026-02-07,2026-03-16,Electrical,Low,Completed,337.42
42,9,1,2025-03-11,2025-03-13,Electrical,Normal,Completed,254.01
43,9,1,2026-01-06,2026-01-15,General,Normal,Completed,317.7
44,10,1,2024-06-26,2024-07-04,Plumbing,Normal,Completed,592.43
45,10,1,2026-01-22,2026-01-29,Pest,Normal,Completed,135.85
46,10,1,2026-04-14,2026-04-18,General,High,Completed,111.5
47,11,1,2025-05-13,2025-05-25,Plumbing,Normal,Completed,178.77
48,11,1,2026-04-28,2026-04-28,General,Emergency,Completed,335.45
49,11,1,2026-06-12,2026-06-24,HVAC,Low,Completed,1029.29
50,11,1,2026-03-09,2026-03-18,Plumbing,Normal,Completed,274.37
51,11,1,2024-02-09,2024-02-19,HVAC,Normal,Completed,368.04
52,11,1,2025-05-10,2025-05-25,Roofing,Low,Completed,1071.86
53,12,1,2024-01-27,2024-01-29,General,Normal,Completed,130.16
54,12,1,2024-11-05,2024-11-20,Plumbing,Low,Completed,141.9
55,12,1,2026-05-28,2026-06-24,Plumbing,Low,Completed,811.96
56,12,1,2026-03-30,2026-04-01,Appliance,Normal,Completed,159.13
57,12,1,2024-11-26,2024-11-29,HVAC,Normal,Completed,943.85
58,12,1,2024-02-01,2024-02-01,Plumbing,Normal,Completed,510.18
59,13,1,2025-12-24,2025-12-31,Appliance,Normal,Completed,219.06
60,13,1,2024-06-22,2024-06-24,Plumbing,Low,Completed,564.87
61,13,1,2025-10-25,2025-10-26,Plumbing,High,Completed,116.79
62,13,1,2025-11-16,2025-11-28,General,Low,Completed,247.14
63,13,1,2024-03-16,2024-03-17,Electrical,Normal,Completed,149.89
64,13,1,2025-05-13,2025-05-24,Pest,Low,Completed,157.06
65,14,1,2025-01-01,2025-01-18,Plumbing,Normal,Completed,784.29
66,14,1,2025-02-22,2025-02-26,HVAC,High,Completed,282.65
67,14,1,2024-07-30,2024-08-12,Appliance,Low,Completed,136.99
68,14,1,2026-03-14,2026-03-18,Electrical,High,Completed,303.97
69,14,1,2025-02-03,2025-02-03,Plumbing,High,Completed,405.15
70,14,1,2026-09-18,,General,Low,Open,
71,14,1,2026-01-01,2026-01-06,Plumbing,Normal,Completed,189.23
72,14,1,2024-07-18,2024-08-08,Appliance,Low,Completed,188.95
73,15,1,2026-09-07,2026-09-09,General,High,Completed,55.69
74,15,1,2024-11-07,2024-11-08,Appliance,Normal,Completed,161.97
75,15,1,2025-08-17,2025-08-18,Pest,Normal,Completed,134.43
76,15,1,2025-07-23,2025-07-30,Plumbing,Normal,Completed,309.61
77,15,1,2025-03-25,2025-03-25,Plumbing,Normal,Completed,1104.14
78,16,1,2025-08-14,2025-08-19,HVAC,Normal,Completed,509.99
79,16,1,2026-04-09,2026-04-22,Plumbing,Low,Completed,418.92
80,16,1,2026-06-28,2026-06-30,Plumbing,High,Completed,214.83
81,16,1,2024-06-01,2024-06-02,Plumbing,Low,Completed,164.7
82,16,1,2024-03-23,2024-03-27,General,Normal,Completed,51.48
83,16,1,2026-06-06,2026-06-14,HVAC,Normal,Completed,476.15
84,16,1,2026-04-03,2026-04-11,General,Normal,Completed,46.87
85,16,1,2026-04-07,2026-04-14,Roofing,Normal,Completed,1017.47
86,17,1,2026-04-12,2026-04-15,Pest,High,Completed,148.91
87,17,1,2025-05-13,2025-05-13,Appliance,Emergency,Completed,229.73
88,18,1,2026-02-23,2026-03-05,HVAC,Normal,Completed,741.42
89,18,1,2024-07-10,2024-07-15,Appliance,Normal,Completed,201.07
90,18,1,2025-11-22,2025-11-26,Roofing,High,Completed,2250.52
91,19,1,2026-09-14,2026-09-20,General,Normal,Completed,47.09
92,19,1,2024-05-29,2024-06-02,Electrical,Low,Completed,125.26
93,19,1,2024-08-05,2024-08-08,General,High,Completed,68.79
94,19,1,2025-03-29,2025-04-09,Plumbing,Low,Completed,179.74
95,20,1,2025-10-20,2025-10-29,Appliance,Normal,Completed,288.85
96,20,1,2026-07-19,2026-07-31,Plumbing,Normal,Completed,339.14
97,20,1,2025-10-23,2025-10-24,HVAC,Emergency,Completed,468.62
98,20,1,2025-04-06,2025-04-09,Electrical,Normal,Completed,119.81
99,21,1,2024-06-16,2024-06-25,General,Normal,Completed,65.96
100,21,1,2026-06-14,2026-06-19,Plumbing,Low,Completed,266.51
101,21,1,2025-09-14,2025-09-22,General,Normal,Completed,53.6
102,22,1,2024-10-21,2024-10-23,General,Normal,Completed,114.55
103,22,1,2024-12-21,2024-12-22,Roofing,Emergency,Completed,780.12
104,22,1,2025-10-23,2025-10-23,General,High,Completed,101.54
105,23,1,2026-07-10,2026-07-15,Plumbing,Normal,Completed,139.69
106,23,1,2025-11-01,2025-12-06,Plumbing,Low,Completed,397.89
107,23,1,2025-07-06,2025-07-10,Plumbing,Normal,Completed,1149.5
108,23,1,2024-10-05,2024-10-17,HVAC,Normal,Completed,346.29
109,23,1,2024-09-12,2024-09-23,Appliance,Normal,Completed,410.92
110,23,1,2025-08-12,2025-08-18,HVAC,High,Completed,717.6
111,23,1,2024-07-25,2024-07-27,Pest,Emergency,Completed,74.07
112,23,1,2025-07-08,2025-07-15,Plumbing,Low,Completed,243.88
113,23,1,2024-09-18,2024-09-20,HVAC,Emergency,Completed,248.35
114,24,1,2024-06-10,2024-06-11,General,High,Completed,96.3
115,24,1,2024-07-26,2024-08-02,General,Normal,Completed,145.18
116,25,1,2024-01-20,2024-01-23,Electrical,High,Completed,497.66
117,25,1,2026-08-06,2026-08-18,HVAC,Normal,Completed,1608.57
118,25,1,2026-05-05,2026-05-05,General,High,Completed,143.5
119,25,1,2026-09-15,2026-09-26,HVAC,Normal,Completed,723.8
120,26,1,2024-07-04,2024-07-19,HVAC,Normal,Completed,766.72
121,26,1,2024-05-31,2024-06-03,HVAC,Normal,Completed,289.69
122,27,1,2024-02-04,2024-02-13,HVAC,High,Completed,891.47
123,27,1,2025-01-30,2025-02-03,Plumbing,Normal,Completed,120.39
124,28,1,2024-01-15,2024-01-24,HVAC,Low,Completed,1861.61
125,28,1,2024-08-20,2024-09-04,Appliance,Low,Completed,202.5
126,28,1,2026-03-06,2026-04-19,Plumbing,Low,Completed,997.79
127,28,1,2025-09-29,2025-09-29,Roofing,Normal,Completed,3233.23
128,28,1,2026-06-24,2026-07-22,HVAC,Low,Completed,824.46
129,29,1,2025-11-26,2025-12-20,Electrical,Normal,Completed,491.61
130,29,1,2026-01-08,2026-01-16,General,Normal,Completed,101.04
131,29,1,2024-11-16,2024-11-22,Pest,Normal,Completed,128.59
132,29,1,2026-08-26,2026-09-09,Plumbing,Normal,Completed,695.95
133,29,1,2025-07-26,2025-07-28,HVAC,High,Completed,538.87
134,29,1,2024-03-01,2024-03-03,General,Normal,Completed,216.0
135,30,1,2026-04-25,2026-05-08,Appliance,Normal,Completed,96.63
136,30,1,2025-12-20,2025-12-23,General,Normal,Completed,85.44
137,30,1,2025-01-02,2025-01-06,General,Low,Completed,46.4
138,30,1,2024-08-03,2024-08-07,HVAC,Normal,Completed,424.82
139,30,1,2026-09-26,2026-09-26,Pest,High,Completed,201.09
140,30,1,2025-05-09,2025-07-06,Appliance,Low,Completed,166.67
141,31,1,2025-11-20,2025-11-22,Electrical,Low,Completed,956.16
142,31,1,2026-08-24,2026-08-25,General,High,Completed,94.15
143,31,1,2025-12-18,2025-12-21,HVAC,Normal,Completed,1361.19
144,31,1,2024-02-25,2024-04-05,General,Normal,Completed,55.21
145,32,1,2024-10-30,2024-11-19,General,Normal,Completed,228.44
146,33,1,2026-04-14,2026-04-28,Plumbing,Low,Completed,376.1
147,33,1,2026-03-31,2026-03-31,Electrical,Normal,Completed,168.64
148,34,1,2024-09-25,2024-09-27,Plumbing,High,Completed,214.36
149,34,1,2024-10-02,2024-10-03,General,Normal,Completed,152.87
150,35,1,2024-05-05,2024-05-08,Plumbing,High,Completed,361.75
151,35,1,2024-03-13,2024-03-20,Plumbing,Normal,Completed,520.18
152,35,1,2024-04-25,2024-04-27,Plumbing,High,Completed,320.36
153,35,1,2024-09-14,2024-09-15,Plumbing,Normal,Completed,251.08
154,36,1,2024-11-13,2024-11-16,General,Normal,Completed,29.63
155,36,1,2026-04-18,2026-04-19,Roofing,High,Completed,1076.83
156,36,1,2025-02-07,2025-02-08,Plumbing,Emergency,Completed,173.36
157,36,1,2025-09-24,2025-09-29,General,Low,Completed,366.35
158,36,1,2024-07-05,2024-07-08,Plumbing,Normal,Completed,252.97
159,36,1,2025-05-08,2025-05-09,General,High,Completed,104.01
160,36,1,2026-03-03,2026-03-07,HVAC,Normal,Completed,261.22
161,36,1,2024-05-13,2024-05-15,Electrical,Normal,Completed,225.72
162,38,1,2025-02-23,2025-03-04,Appliance,Normal,Completed,148.93
163,38,1,2026-06-24,2026-06-25,Electrical,Emergency,Completed,539.62
164,38,1,2025-06-05,2025-06-07,Plumbing,High,Completed,464.35
165,38,1,2025-12-06,2025-12-08,Plumbing,High,Completed,193.32
166,39,1,2026-09-24,,Plumbing,Low,Open,
167,39,1,2024-09-01,2024-09-14,HVAC,Normal,Completed,386.21
168,39,1,2025-07-16,2025-07-19,Electrical,High,Completed,80.56
169,39,1,2024-10-30,2024-10-30,General,Emergency,Completed,145.48
170,39,1,2024-11-11,2024-11-12,Pest,Emergency,Completed,38.28
171,39,1,2026-01-18,2026-01-23,Appliance,High,Completed,328.44
172,40,1,2024-01-02,2024-01-03,General,Emergency,Completed,80.0
173,40,1,2025-04-13,2025-04-18,Appliance,Normal,Completed,111.45
174,40,1,2025-11-15,2025-11-20,Appliance,Normal,Completed,397.26
175,40,1,2025-10-03,2025-10-20,General,Normal,Completed,204.36
176,40,1,2025-10-06,2025-10-21,Appliance,Normal,Completed,134.57
177,41,1,2025-06-20,2025-06-25,General,Low,Completed,88.08
178,41,1,2026-06-11,2026-06-26,Roofing,Normal,Completed,3226.15
179,41,1,2025-01-29,2025-02-04,Roofing,High,Completed,2567.17
180,42,1,2024-09-03,2024-09-05,Electrical,High,Completed,736.73
181,42,1,2026-06-26,2026-06-27,HVAC,High,Completed,367.15
182,42,1,2024-08-01,2024-08-16,Plumbing,Low,Completed,114.4
183,42,1,2024-06-04,2024-06-09,Appliance,Normal,Completed,671.34
184,42,1,2024-02-11,2024-02-13,Plumbing,High,Completed,1271.76
185,43,1,2026-07-13,2026-07-15,Appliance,High,Completed,303.01
186,43,1,2024-04-27,2024-05-02,Plumbing,Normal,Completed,370.39
187,43,1,2025-04-17,2025-04-28,Appliance,Normal,Completed,326.11
188,43,1,2025-06-01,2025-06-06,Appliance,Low,Completed,89.04
189,43,1,2024-07-20,2024-07-25,General,High,Completed,139.62
190,43,1,2025-06-17,2025-06-20,General,Normal,Completed,92.95
191,44,1,2026-07-29,2026-07-30,Plumbing,Emergency,Completed,264.33
192,44,1,2026-04-27,2026-05-02,Plumbing,Normal,Completed,465.34
193,44,1,2025-12-07,2025-12-11,General,Normal,Completed,191.97
194,45,1,2025-05-18,2025-05-25,HVAC,Normal,Completed,399.2
195,45,1,2026-08-27,2026-08-27,General,High,Completed,166.65
196,46,1,2024-03-05,2024-03-09,Plumbing,High,Completed,415.18
197,46,1,2024-03-23,2024-04-01,Pest,Normal,Completed,237.05
198,46,1,2024-10-13,2024-10-20,Plumbing,Normal,Completed,477.36
199,46,1,2025-09-20,2025-09-21,Appliance,High,Completed,117.43
200,46,1,2026-01-16,2026-01-21,General,Low,Completed,204.8
201,46,1,2025-12-12,2025-12-15,General,Normal,Completed,161.36
202,46,1,2026-09-28,,Plumbing,Normal,Open,
203,47,1,2026-08-21,2026-08-23,HVAC,Normal,Completed,601.91
204,47,1,2024-08-21,2024-09-01,HVAC,Normal,Completed,711.65
205,47,1,2025-04-15,2025-04-15,HVAC,Normal,Completed,964.34
206,47,1,2026-09-15,,HVAC,Low,Open,
207,47,1,2025-04-25,2025-04-29,HVAC,Normal,Completed,719.64
208,48,1,2025-06-14,2025-06-15,Electrical,Normal,Completed,581.87
209,48,1,2025-03-19,2025-04-02,HVAC,Normal,Completed,643.15
210,49,1,2026-06-09,2026-06-10,Appliance,Emergency,Completed,183.55
211,49,1,2024-05-23,2024-06-03,HVAC,Normal,Completed,1329.35
212,49,1,2025-06-26,2025-07-03,HVAC,High,Completed,1815.49
213,50,1,2026-01-22,2026-01-25,Appliance,Normal,Completed,211.26
214,50,1,2026-06-23,2026-06-27,Roofing,Low,Completed,2806.0
215,50,1,2025-09-06,2025-09-11,Roofing,Normal,Completed,1168.54
216,50,1,2024-10-24,2024-12-09,HVAC,Low,Completed,410.22
217,50,1,2026-03-05,2026-03-07,HVAC,High,Completed,2609.01
218,50,1,2026-09-01,2026-09-02,Plumbing,Normal,Completed,262.32
219,51,1,2024-04-09,2024-04-11,Electrical,Low,Completed,170.2
220,51,1,2024-09-19,2024-09-25,HVAC,Normal,Completed,207.36
221,51,1,2024-09-10,2024-09-26,Appliance,Normal,Completed,124.33
222,51,1,2025-09-14,2025-09-21,General,Normal,Completed,157.66
223,51,1,2024-05-05,2024-05-20,Roofing,Normal,Completed,2413.05
224,51,1,2026-04-12,2026-04-15,Appliance,Normal,Completed,240.88
225,51,1,2026-02-27,2026-03-03,General,Normal,Completed,77.81
226,51,1,2025-08-06,2025-08-10,Plumbing,Low,Completed,877.78
227,51,1,2025-03-18,2025-03-18,HVAC,High,Completed,722.96
228,52,1,2025-04-15,2025-04-20,Plumbing,High,Completed,519.38
229,52,1,2026-09-18,2026-09-18,Plumbing,High,Completed,305.81
230,52,1,2024-05-13,2024-06-07,Plumbing,Low,Completed,654.65
231,52,1,2025-12-16,2025-12-29,Plumbing,Low,Completed,354.2
232,53,1,2024-11-01,2024-11-07,Electrical,Normal,Completed,98.05
233,53,1,2024-08-27,2024-08-28,Appliance,High,Completed,196.19
234,53,1,2024-10-27,2024-11-02,HVAC,Low,Completed,491.1
235,53,1,2024-03-29,2024-04-06,HVAC,Low,Completed,420.93
236,53,1,2024-05-19,2024-05-26,Plumbing,Normal,Completed,194.92
237,54,1,2025-05-26,2025-05-31,Electrical,Normal,Completed,344.94
238,54,1,2025-03-09,2025-03-16,General,Normal,Completed,147.58
239,54,1,2025-04-29,2025-04-29,HVAC,High,Completed,442.28
240,54,1,2025-08-16,2025-08-29,Appliance,Low,Completed,143.48
241,55,1,2024-11-29,2024-12-03,Pest,Normal,Completed,217.18
242,55,1,2026-06-02,2026-06-12,Electrical,Normal,Completed,447.71
243,55,1,2024-02-24,2024-03-05,HVAC,Normal,Completed,546.22
244,55,1,2026-06-09,2026-07-10,Appliance,Normal,Completed,249.29
245,55,1,2025-06-07,2025-06-17,Plumbing,Normal,Completed,172.97
246,56,1,2025-02-07,2025-02-20,Plumbing,Normal,Completed,99.7
247,56,1,2024-03-03,2024-03-05,Appliance,Low,Completed,323.42
248,56,1,2025-04-18,2025-04-19,Electrical,Emergency,Completed,350.34
249,56,1,2025-07-08,2025-07-15,General,Normal,Completed,71.17
250,56,1,2026-01-08,2026-01-10,HVAC,High,Completed,244.96
251,57,1,2025-04-13,2025-04-16,HVAC,High,Completed,382.72
252,57,1,2025-11-16,2025-11-30,Appliance,Normal,Completed,146.42
253,57,1,2026-08-07,2026-09-06,General,Low,Completed,210.46
254,57,1,2026-08-31,2026-09-01,General,Emergency,Completed,61.33
255,57,1,2025-12-01,2025-12-02,General,High,Completed,88.76
256,57,1,2026-02-05,2026-02-17,General,Low,Completed,246.75
257,58,1,2026-03-14,2026-03-16,HVAC,Low,Completed,2683.89
258,58,1,2024-01-06,2024-01-06,Electrical,Normal,Completed,495.63
259,58,1,2024-03-13,2024-03-13,Pest,Emergency,Completed,50.71
260,58,1,2025-04-12,2025-04-12,General,High,Completed,159.02
261,58,1,2024-02-22,2024-02-23,Roofing,Normal,Completed,416.85
262,58,1,2025-06-22,2025-06-29,HVAC,High,Completed,406.95
263,59,1,2025-01-28,2025-01-28,Plumbing,High,Completed,221.04
264,59,1,2026-02-22,2026-03-15,HVAC,Low,Completed,1010.02
265,59,1,2026-06-02,2026-06-06,Plumbing,High,Completed,150.66
266,59,1,2024-11-10,2024-11-21,General,Normal,Completed,170.68
267,60,1,2024-06-30,2024-06-30,Plumbing,Normal,Completed,459.19
268,60,1,2026-05-29,2026-05-30,General,High,Completed,73.44
269,60,1,2025-03-08,2025-03-09,Plumbing,Emergency,Completed,185.67
270,61,1,2024-04-01,2024-04-02,Electrical,Low,Completed,150.37
271,62,1,2026-05-03,2026-05-05,Plumbing,High,Completed,89.31
272,62,1,2026-05-26,2026-06-05,General,Normal,Completed,65.05
273,62,1,2026-04-20,2026-04-20,Electrical,Emergency,Completed,188.78
274,62,1,2024-08-11,2024-08-22,General,Normal,Completed,74.41
275,62,1,2025-01-02,2025-01-05,General,High,Completed,34.54
276,62,1,2024-02-01,2024-02-26,Electrical,Normal,Completed,186.4
277,63,1,2025-08-31,2025-09-01,Electrical,Normal,Completed,235.86
278,63,1,2025-10-05,2025-10-11,Electrical,Normal,Completed,267.82
279,64,1,2025-11-02,2025-11-09,Roofing,Normal,Completed,2833.75
280,64,1,2025-02-22,2025-02-28,General,High,Completed,143.17
281,65,1,2024-08-02,2024-08-07,HVAC,Normal,Completed,629.02
282,65,1,2025-12-26,2026-01-03,HVAC,Normal,Completed,370.8
283,66,1,2024-04-03,2024-04-06,Plumbing,Emergency,Completed,291.87
284,66,1,2026-09-18,2026-09-20,General,Normal,Completed,286.24
285,66,1,2025-02-13,2025-02-27,General,Normal,Completed,148.19
286,66,1,2026-05-12,2026-05-24,General,Low,Completed,148.6
287,66,1,2024-10-10,2024-10-14,General,Normal,Completed,88.68
288,67,1,2025-08-23,2025-08-31,Plumbing,Normal,Completed,1221.83
289,67,1,2025-08-06,2025-08-13,HVAC,Normal,Completed,647.87
290,67,1,2025-04-22,2025-05-01,Pest,Normal,Completed,517.19
291,67,1,2024-12-20,2024-12-26,Plumbing,High,Completed,164.1
292,67,1,2024-03-01,2024-03-09,Roofing,Low,Completed,1237.35
293,67,1,2026-09-08,2026-09-13,Plumbing,Normal,Completed,556.6
294,68,1,2026-03-08,2026-03-27,Appliance,Low,Completed,191.68
295,68,1,2026-09-14,,HVAC,Low,Open,
296,69,1,2025-03-01,2025-03-08,Plumbing,High,Completed,250.35
297,69,1,2024-11-09,2024-11-23,Appliance,Normal,Completed,287.89
298,69,1,2024-01-10,2024-02-01,General,Low,Completed,58.75
299,69,1,2025-11-04,2025-11-28,Electrical,Low,Completed,272.88
300,69,1,2025-06-06,2025-06-08,Electrical,Normal,Completed,306.53
301,69,1,2025-12-18,2025-12-29,General,Normal,Completed,55.39
302,69,1,2024-06-25,2024-07-05,General,Normal,Completed,92.62
303,69,1,2026-09-16,2026-09-17,Electrical,Emergency,Completed,663.28
304,70,1,2024-05-04,2024-05-05,Pest,High,Completed,127.72
305,70,1,2026-06-03,2026-06-03,Plumbing,High,Completed,759.32
306,70,1,2024-02-23,2024-02-28,Plumbing,Normal,Completed,175.08
307,70,1,2024-02-08,2024-02-13,Pest,Normal,Completed,191.59
308,71,1,2024-02-17,2024-03-27,HVAC,Low,Completed,473.27
309,71,1,2025-03-12,2025-03-15,Roofing,Normal,Completed,1876.68
310,72,1,2024-03-30,2024-04-09,Electrical,Normal,Completed,321.93
311,72,1,2026-06-02,2026-06-04,Appliance,Low,Completed,128.93
312,73,1,2025-03-07,2025-03-07,Plumbing,High,Completed,292.44
313,73,1,2026-06-25,2026-07-03,HVAC,Normal,Completed,545.08
314,73,1,2024-06-01,2024-06-16,Appliance,Normal,Completed,261.94
315,73,1,2024-04-22,2024-04-23,HVAC,High,Completed,747.95
316,74,1,2025-02-16,2025-02-24,HVAC,Normal,Completed,1280.17
317,74,1,2025-08-03,2025-08-03,Electrical,Emergency,Completed,272.41
318,74,1,2024-12-13,2024-12-19,Electrical,Normal,Completed,137.32
319,74,1,2025-03-06,2025-03-16,Electrical,Low,Completed,188.47
320,74,1,2025-11-13,2025-12-17,HVAC,Low,Completed,743.14
321,74,1,2025-06-18,2025-07-16,Pest,Low,Completed,229.72
322,74,1,2025-09-22,2025-10-10,General,Low,Completed,201.75
323,74,1,2025-09-15,2025-09-16,Appliance,High,Completed,203.78
324,76,1,2025-02-24,2025-03-04,HVAC,Normal,Completed,467.97
325,76,1,2025-12-01,2025-12-11,Appliance,Normal,Completed,146.15
326,76,1,2026-03-17,2026-04-04,HVAC,Normal,Completed,1414.82
327,77,1,2024-08-30,2024-09-13,General,Normal,Completed,47.31
328,77,1,2025-08-27,2025-08-27,Plumbing,Emergency,Completed,757.72
329,77,1,2026-09-21,2026-09-29,Plumbing,Normal,Completed,134.2
330,77,1,2024-03-13,2024-04-15,Roofing,Normal,Completed,2220.58
331,77,1,2025-08-20,2025-08-21,Electrical,High,Completed,399.57
332,77,1,2024-08-19,2024-08-27,Roofing,Low,Completed,2286.83
333,78,1,2025-06-03,2025-06-08,Appliance,Low,Completed,195.22
334,79,1,2026-08-21,2026-08-22,Appliance,High,Completed,484.87
335,79,1,2025-03-29,2025-03-31,General,High,Completed,109.63
336,80,1,2024-06-02,2024-06-12,Electrical,Normal,Completed,276.65
337,80,1,2026-08-06,2026-08-27,Plumbing,Normal,Completed,620.82
338,80,1,2026-03-22,2026-03-25,HVAC,High,Completed,433.53
339,81,1,2025-08-13,2025-08-15,General,High,Completed,182.14
340,81,1,2025-03-21,2025-03-28,HVAC,Normal,Completed,302.16
341,81,1,2025-05-28,2025-05-29,General,Normal,Completed,188.17
342,81,1,2025-01-05,2025-01-05,HVAC,Emergency,Completed,1026.73
343,82,1,2025-02-16,2025-02-27,Plumbing,Low,Completed,300.33
344,82,1,2025-07-10,2025-08-12,General,Low,Completed,190.94
345,82,1,2026-08-09,2026-08-24,Electrical,Low,Completed,195.77
346,82,1,2026-01-03,2026-01-04,General,High,Completed,303.36
347,83,1,2024-05-24,2024-08-12,Pest,Low,Completed,113.58
348,84,1,2025-10-01,2025-10-08,Appliance,Normal,Completed,405.81
349,84,1,2024-03-16,2024-03-16,General,Emergency,Completed,226.04
350,84,1,2026-02-26,2026-03-05,Pest,Normal,Completed,120.97
351,84,1,2026-05-04,2026-05-04,General,Emergency,Completed,214.05
352,84,1,2024-07-15,2024-07-15,Appliance,High,Completed,418.32
353,85,1,2026-04-18,2026-04-19,Electrical,Normal,Completed,439.05
354,85,1,2024-04-20,2024-05-06,Plumbing,Normal,Completed,400.04
355,85,1,2025-06-14,2025-06-19,Appliance,High,Completed,170.34
356,85,1,2025-08-09,2025-08-17,Plumbing,Normal,Completed,108.29
357,85,1,2025-12-18,2025-12-21,General,Normal,Completed,205.35
358,86,1,2025-08-17,2025-08-18,Roofing,Normal,Completed,1875.14
359,86,1,2026-09-03,2026-09-07,Plumbing,Normal,Completed,757.49
360,86,1,2024-02-24,2024-03-19,Appliance,Low,Completed,396.56
361,86,1,2026-07-18,2026-07-18,Appliance,Normal,Completed,114.44
362,86,1,2025-01-18,2025-02-14,Plumbing,Normal,Completed,373.66
363,87,1,2026-06-26,2026-07-04,Electrical,Low,Completed,522.25
364,87,1,2024-12-23,2025-01-04,Pest,Normal,Completed,97.91
365,87,1,2025-09-18,2025-09-27,Plumbing,Normal,Completed,544.36
366,88,1,2025-06-05,2025-06-06,Plumbing,High,Completed,342.04
367,89,1,2024-11-29,2024-12-01,Appliance,Normal,Completed,313.57
368,89,1,2024-08-09,2024-08-11,Appliance,High,Completed,387.15
369,90,1,2026-02-01,2026-02-20,HVAC,Normal,Completed,392.04
370,90,1,2024-09-28,2024-10-12,General,Low,Completed,116.76
371,90,1,2024-10-04,2024-10-25,Plumbing,Normal,Completed,411.85
372,90,1,2026-01-03,2026-01-05,Electrical,Emergency,Completed,193.69
373,91,1,2026-07-06,2026-07-08,Electrical,High,Completed,1319.99
374,91,1,2025-11-09,2025-11-22,HVAC,Low,Completed,1588.62
375,91,1,2025-09-20,2025-09-22,HVAC,Normal,Completed,669.02
376,91,1,2025-01-28,2025-02-16,Appliance,Low,Completed,135.95
377,92,1,2025-05-06,2025-05-29,General,Normal,Completed,141.91
378,92,1,2025-06-25,2025-06-27,Plumbing,Emergency,Completed,639.73
379,92,1,2024-03-31,2024-04-11,HVAC,Low,Completed,269.84
380,92,1,2024-10-11,2024-10-13,Plumbing,High,Completed,501.07
381,93,1,2024-07-24,2024-07-27,HVAC,High,Completed,592.13
382,93,1,2025-07-25,2025-07-26,Pest,Normal,Completed,206.36
383,93,1,2025-08-01,2025-08-04,General,Normal,Completed,143.79
384,93,1,2024-06-25,2024-06-27,Plumbing,High,Completed,294.41
385,94,1,2025-09-23,2025-10-01,HVAC,High,Completed,203.54
386,94,1,2025-12-13,2025-12-13,Electrical,Emergency,Completed,393.43
387,94,1,2026-08-14,2026-08-17,Plumbing,High,Completed,597.55
388,94,1,2024-03-11,2024-03-17,General,Normal,Completed,140.77
389,94,1,2025-11-15,2025-11-21,Appliance,Normal,Completed,119.37
390,94,1,2025-02-17,2025-03-06,Electrical,Low,Completed,392.79
391,95,1,2025-08-28,2025-09-01,Appliance,Normal,Completed,152.58
392,96,1,2024-10-22,2024-10-26,Appliance,Normal,Completed,165.38
393,96,1,2024-07-01,2024-07-08,HVAC,High,Completed,123.67
394,96,1,2024-10-23,2024-10-24,HVAC,Normal,Completed,1894.6
395,96,1,2024-02-01,2024-02-09,Electrical,Low,Completed,276.92
396,96,1,2026-04-08,2026-05-03,General,Normal,Completed,90.42
397,97,1,2024-06-08,2024-06-11,Appliance,Normal,Completed,282.33
398,98,1,2025-06-10,2025-06-12,General,Normal,Completed,81.81
399,98,1,2025-12-24,2026-01-02,Plumbing,Normal,Completed,418.39
400,98,1,2024-03-24,2024-03-28,HVAC,Normal,Completed,639.45
401,98,1,2025-11-24,2025-12-05,Appliance,Normal,Completed,160.72
402,98,1,2025-01-18,2025-01-18,General,Emergency,Completed,330.81
403,99,1,2025-05-18,2025-05-31,Roofing,Low,Completed,2661.25
404,99,1,2025-07-06,2025-07-11,HVAC,Normal,Completed,880.84
405,99,1,2024-09-05,2024-09-08,Appliance,Low,Completed,74.74
406,100,1,2024-06-05,2024-06-19,Pest,Low,Completed,65.16
407,100,1,2025-03-22,2025-03-26,Appliance,Normal,Completed,204.04
408,100,1,2024-07-31,2024-08-02,Roofing,High,Completed,3926.77
409,100,1,2024-08-19,2024-08-22,Electrical,Normal,Completed,243.46
410,100,1,2025-06-29,2025-07-12,Appliance,Normal,Completed,66.57
411,100,1,2025-01-11,2025-01-25,HVAC,Low,Completed,727.5
412,101,1,2025-09-16,2025-09-21,Plumbing,Low,Completed,145.85
413,102,2,2026-04-11,2026-04-17,Appliance,Normal,Completed,199.68
414,102,2,2025-10-25,2025-10-27,General,Normal,Completed,35.24
415,102,2,2025-01-30,2025-02-09,Plumbing,Normal,Completed,153.2
416,102,2,2025-05-06,2025-05-15,Appliance,Low,Completed,150.82
417,102,2,2025-02-21,2025-03-17,General,Low,Completed,137.44
418,102,2,2024-05-04,2024-05-09,General,Normal,Completed,113.97
419,103,2,2024-04-07,2024-04-25,General,Low,Completed,68.93
420,103,2,2024-01-26,2024-01-31,HVAC,Normal,Completed,1251.66
421,104,2,2024-07-16,2024-07-19,Appliance,High,Completed,152.18
422,104,2,2024-10-15,2024-10-17,Plumbing,High,Completed,148.36
423,104,2,2026-03-03,2026-03-12,Plumbing,Normal,Completed,112.98
424,104,2,2025-07-23,2025-07-27,Plumbing,High,Completed,742.78
425,104,2,2024-03-22,2024-04-03,Appliance,Low,Completed,147.21
426,105,2,2026-07-24,2026-07-24,HVAC,Low,Completed,1609.47
427,105,2,2024-04-04,2024-04-05,Appliance,High,Completed,269.32
428,105,2,2026-05-17,2026-05-28,Electrical,Normal,Completed,1169.11
429,105,2,2025-01-06,2025-01-19,HVAC,Normal,Completed,1065.72
430,105,2,2025-06-19,2025-06-20,Pest,Normal,Completed,69.18
431,106,2,2026-09-08,2026-09-08,Plumbing,Normal,Completed,781.6
432,106,2,2026-03-17,2026-03-18,Plumbing,Normal,Completed,391.13
433,106,2,2024-09-29,2024-09-29,Plumbing,High,Completed,296.07
434,106,2,2026-05-12,2026-05-13,Appliance,High,Completed,180.14
435,107,2,2026-05-06,2026-05-13,General,Normal,Completed,74.4
436,107,2,2026-01-14,2026-01-18,Plumbing,Normal,Completed,1083.8
437,107,2,2024-07-31,2024-08-01,Appliance,High,Completed,193.75
438,107,2,2024-11-07,2024-12-05,General,Low,Completed,81.27
439,107,2,2026-02-06,2026-02-09,Pest,Normal,Completed,190.83
440,108,2,2024-05-01,2024-05-10,Appliance,Normal,Completed,250.08
441,108,2,2024-01-04,2024-01-11,Appliance,Low,Completed,423.22
442,108,2,2026-04-01,2026-04-05,Plumbing,Normal,Completed,316.53
443,108,2,2024-10-03,2024-10-13,General,Normal,Completed,50.26
444,108,2,2026-02-18,2026-03-20,Plumbing,Normal,Completed,418.15
445,109,2,2024-01-10,2024-01-23,Electrical,Normal,Completed,228.38
446,109,2,2024-06-11,2024-06-26,Electrical,Low,Completed,209.69
447,109,2,2025-09-14,2025-09-16,Plumbing,High,Completed,597.79
448,110,2,2024-04-16,2024-04-16,Pest,Emergency,Completed,86.77
449,110,2,2025-03-19,2025-03-26,Plumbing,Normal,Completed,445.1
450,110,2,2024-04-14,2024-04-16,HVAC,Normal,Completed,782.38
451,110,2,2025-09-08,2025-09-08,Roofing,Emergency,Completed,2373.96
452,110,2,2026-05-03,2026-05-20,Appliance,Normal,Completed,224.76
453,110,2,2025-05-30,2025-05-30,Electrical,High,Completed,147.24
454,110,2,2025-07-18,2025-08-18,Electrical,Low,Completed,366.17
455,111,2,2025-07-04,2025-07-04,Plumbing,Normal,Completed,249.49
456,111,2,2024-02-29,2024-03-15,HVAC,Low,Completed,510.76
457,111,2,2025-06-19,2025-06-23,Appliance,Normal,Completed,208.09
458,112,2,2026-05-27,2026-06-08,General,Normal,Completed,431.27
459,112,2,2025-12-26,2025-12-29,Electrical,High,Completed,180.27
460,112,2,2024-11-01,2024-11-27,Electrical,Low,Completed,125.81
461,112,2,2024-04-20,2024-04-22,Plumbing,Normal,Completed,250.02
462,113,2,2024-05-19,2024-06-27,General,Low,Completed,95.42
463,113,2,2024-05-19,2024-05-24,Plumbing,Normal,Completed,893.05
464,113,2,2025-06-12,2025-06-17,General,Normal,Completed,71.07
465,113,2,2026-03-09,2026-03-16,HVAC,Normal,Completed,1087.2
466,113,2,2026-07-02,2026-07-02,General,Emergency,Completed,46.5
467,113,2,2024-11-15,2024-11-17,General,High,Completed,112.57
468,113,2,2026-06-25,2026-06-30,HVAC,Normal,Completed,2085.92
469,113,2,2026-02-23,2026-02-24,Appliance,Normal,Completed,168.85
470,113,2,2024-08-19,2024-09-05,General,Low,Completed,268.52
471,114,2,2026-04-18,2026-05-13,Plumbing,Low,Completed,546.19
472,114,2,2025-08-18,2025-08-26,Plumbing,Normal,Completed,185.3
473,114,2,2025-04-23,2025-04-26,General,High,Completed,88.44
474,114,2,2026-02-19,2026-02-19,Roofing,Normal,Completed,1477.01
475,114,2,2025-11-19,2025-12-04,General,Normal,Completed,64.56
476,114,2,2026-09-03,2026-09-08,Plumbing,High,Completed,260.23
477,114,2,2025-02-24,2025-03-24,Appliance,Low,Completed,352.84
478,114,2,2026-08-20,2026-09-07,Appliance,Normal,Completed,141.71
479,114,2,2025-06-23,2025-06-26,HVAC,Normal,Completed,2448.82
480,114,2,2024-08-29,2024-09-07,Pest,Low,Completed,160.86
481,114,2,2025-07-11,2025-07-15,Electrical,Normal,Completed,276.44
482,115,2,2024-06-08,2024-06-19,Pest,Normal,Completed,86.29
483,115,2,2026-03-08,2026-03-13,General,Low,Completed,227.14
484,115,2,2025-03-18,2025-03-22,Plumbing,Normal,Completed,183.56
485,116,2,2024-02-17,2024-02-25,Appliance,Normal,Completed,269.27
486,117,2,2026-09-17,2026-09-20,General,Normal,Completed,99.75
487,117,2,2024-03-19,2024-04-09,Plumbing,Low,Completed,337.0
488,117,2,2026-08-21,2026-08-23,Appliance,Normal,Completed,369.82
489,117,2,2025-06-06,2025-06-12,General,High,Completed,86.39
490,117,2,2024-07-11,2024-07-16,HVAC,Low,Completed,230.77
491,118,2,2025-07-17,2025-07-24,Electrical,Low,Completed,184.09
492,118,2,2025-12-16,2026-01-04,Plumbing,Low,Completed,395.8
493,118,2,2024-04-01,2024-04-09,Plumbing,Low,Completed,281.66
494,118,2,2025-07-12,2025-07-15,General,Emergency,Completed,223.54
495,118,2,2025-12-08,2025-12-20,Electrical,Low,Completed,153.68
496,119,2,2026-01-06,2026-01-06,Plumbing,High,Completed,266.59
497,119,2,2024-10-15,2024-10-16,HVAC,Normal,Completed,493.69
498,119,2,2024-11-02,2024-11-15,Pest,Low,Completed,174.53
499,120,2,2025-01-30,2025-02-12,Appliance,Low,Completed,223.95
500,120,2,2025-02-27,2025-03-05,General,Normal,Completed,135.29
501,120,2,2025-01-12,2025-01-14,General,High,Completed,126.09
502,121,2,2024-07-24,2024-07-27,General,Normal,Completed,476.32
503,121,2,2025-06-29,2025-07-11,HVAC,Low,Completed,229.44
504,121,2,2024-05-18,2024-05-19,HVAC,Emergency,Completed,499.62
505,121,2,2025-01-25,2025-01-31,Pest,Normal,Completed,191.13
506,121,2,2026-06-16,2026-07-07,Plumbing,Normal,Completed,717.94
507,121,2,2025-11-03,2025-11-07,General,High,Completed,71.27
508,121,2,2024-03-31,2024-04-02,HVAC,High,Completed,443.1
509,121,2,2025-08-01,2025-08-04,Plumbing,High,Completed,236.12
510,122,2,2025-04-04,2025-04-16,Electrical,Low,Completed,237.13
511,122,2,2025-01-03,2025-01-12,HVAC,Low,Completed,508.02
512,123,2,2026-06-12,2026-07-01,Electrical,Normal,Completed,37.84
513,123,2,2026-09-02,2026-09-15,HVAC,Low,Completed,1684.55
514,123,2,2024-11-23,2024-11-26,Pest,Normal,Completed,388.06
515,123,2,2024-09-12,2024-09-27,Electrical,Normal,Completed,220.89
516,123,2,2026-08-24,2026-09-10,HVAC,Low,Completed,965.68
517,124,2,2025-05-27,2025-05-31,Electrical,High,Completed,217.01
518,124,2,2025-12-24,2025-12-30,Appliance,Normal,Completed,463.59
519,124,2,2026-07-01,2026-07-05,Pest,High,Completed,189.32
520,124,2,2024-01-21,2024-01-28,Appliance,Normal,Completed,100.09
521,125,2,2024-06-14,2024-06-15,Electrical,Normal,Completed,375.18
522,125,2,2024-01-06,2024-01-14,Plumbing,Normal,Completed,248.92
523,125,2,2024-03-26,2024-03-29,HVAC,Normal,Completed,468.58
524,126,2,2026-03-03,2026-03-10,Electrical,Normal,Completed,219.13
525,126,2,2026-03-13,2026-03-16,Plumbing,Normal,Completed,482.57
526,126,2,2025-08-26,2025-08-31,General,High,Completed,127.88
527,126,2,2024-07-26,2024-08-04,Electrical,Normal,Completed,232.19
528,126,2,2024-09-15,2024-09-17,Plumbing,Normal,Completed,311.75
529,126,2,2026-02-11,2026-02-11,Electrical,High,Completed,272.45
530,126,2,2025-09-14,2025-09-15,General,Emergency,Completed,57.56
531,126,2,2024-09-07,2024-09-16,HVAC,Normal,Completed,684.14
532,126,2,2025-11-09,2025-11-10,Electrical,Emergency,Completed,335.06
533,126,2,2024-09-19,2024-09-22,Appliance,Emergency,Completed,634.38
534,127,2,2025-06-20,2025-06-22,Pest,High,Completed,107.59
535,127,2,2024-08-12,2024-08-31,Electrical,Normal,Completed,324.25
536,127,2,2024-06-05,2024-06-17,General,Normal,Completed,130.18
537,127,2,2025-04-02,2025-04-02,HVAC,Emergency,Completed,378.22
538,128,2,2025-06-24,2025-07-05,General,Normal,Completed,104.2
539,128,2,2025-02-27,2025-03-02,Plumbing,Normal,Completed,254.32
540,128,2,2024-12-12,2024-12-28,Electrical,Normal,Completed,333.19
541,128,2,2025-05-19,2025-05-27,Electrical,Normal,Completed,1199.95
542,128,2,2024-10-28,2024-10-29,Roofing,Normal,Completed,959.51
543,128,2,2025-07-28,2025-08-06,HVAC,Normal,Completed,1056.85
544,129,2,2025-03-05,2025-03-08,Appliance,Low,Completed,399.06
545,129,2,2025-05-30,2025-06-01,HVAC,High,Completed,1083.27
546,130,2,2025-04-03,2025-04-15,HVAC,Normal,Completed,506.65
547,130,2,2025-05-03,2025-05-18,Electrical,Low,Completed,281.29
548,130,2,2025-07-05,2025-07-08,General,Normal,Completed,231.65
549,130,2,2025-06-27,2025-07-03,Appliance,High,Completed,426.71
550,130,2,2024-01-27,2024-02-02,Pest,Normal,Completed,180.58
551,131,2,2024-12-27,2025-01-13,General,Low,Completed,123.45
552,131,2,2025-11-25,2025-11-27,General,High,Completed,335.65
553,131,2,2024-03-15,2024-03-17,HVAC,Normal,Completed,277.74
554,131,2,2025-06-06,2025-06-15,General,Normal,Completed,76.13
555,131,2,2024-11-13,2024-11-25,Plumbing,Normal,Completed,117.16
556,131,2,2026-02-18,2026-02-24,Pest,High,Completed,63.25
557,131,2,2025-07-17,2025-07-26,Plumbing,Low,Completed,283.85
558,131,2,2025-06-23,2025-06-28,General,Normal,Completed,145.41
559,131,2,2024-01-21,2024-01-23,HVAC,High,Completed,414.56
560,132,2,2026-06-27,2026-08-02,HVAC,Low,Completed,437.64
561,132,2,2026-03-25,2026-04-01,Appliance,Normal,Completed,164.27
562,132,2,2024-02-06,2024-02-06,Plumbing,High,Completed,173.98
563,132,2,2024-01-22,2024-01-24,HVAC,Normal,Completed,1046.75
564,132,2,2024-03-09,2024-03-24,Pest,Normal,Completed,150.83
565,132,2,2025-06-03,2025-06-08,HVAC,High,Completed,872.77
566,132,2,2024-03-10,2024-03-13,Plumbing,Normal,Completed,889.43
567,132,2,2024-02-16,2024-03-08,General,Normal,Completed,95.99
568,133,2,2024-07-27,2024-08-02,Plumbing,Normal,Completed,488.42
569,133,2,2025-07-15,2025-07-22,Plumbing,Low,Completed,502.88
570,133,2,2024-09-02,2024-09-12,General,Low,Completed,137.55
571,133,2,2025-08-01,2025-08-27,Pest,Low,Completed,170.02
572,133,2,2026-09-11,2026-09-22,Appliance,Normal,Completed,182.88
573,133,2,2024-04-08,2024-04-15,Plumbing,Normal,Completed,309.78
574,134,2,2024-02-13,2024-02-25,Electrical,Normal,Completed,566.08
575,134,2,2025-03-09,2025-04-02,General,Low,Completed,65.41
576,134,2,2024-02-10,2024-02-14,Electrical,Normal,Completed,243.26
577,134,2,2025-03-22,2025-03-28,General,Normal,Completed,220.27
578,134,2,2024-09-28,2024-10-06,Appliance,Normal,Completed,159.35
579,134,2,2026-01-21,2026-02-10,HVAC,Low,Completed,746.79
580,135,2,2026-09-23,2026-09-26,General,High,Completed,150.9
581,135,2,2025-09-01,2025-09-15,Plumbing,Low,Completed,362.3
582,135,2,2025-11-19,2025-11-19,HVAC,Emergency,Completed,877.69
583,135,2,2024-04-04,2024-04-19,Appliance,Normal,Completed,307.44
584,135,2,2026-03-29,2026-04-02,General,High,Completed,133.98
585,136,2,2025-12-07,2025-12-08,HVAC,Emergency,Completed,415.09
586,136,2,2024-05-21,2024-05-23,Plumbing,Normal,Completed,297.45
587,136,2,2024-11-17,2024-12-18,General,Low,Completed,136.02
588,136,2,2024-12-11,2024-12-19,HVAC,Normal,Completed,584.06
589,136,2,2025-11-20,2025-11-30,Roofing,Normal,Completed,3830.52
590,136,2,2026-09-13,,Appliance,Normal,Open,
591,136,2,2025-09-25,2025-09-30,Plumbing,Normal,Completed,342.45
592,136,2,2026-08-21,2026-09-18,General,Low,Completed,54.67
593,137,2,2025-05-08,2025-05-11,Electrical,Normal,Completed,123.18
594,137,2,2025-11-05,2025-11-11,General,Normal,Completed,166.13
595,138,2,2024-11-21,2024-11-25,Appliance,Normal,Completed,159.79
596,138,2,2024-09-17,2024-09-26,General,High,Completed,45.77
597,138,2,2024-07-22,2024-07-31,Electrical,Normal,Completed,280.75
598,138,2,2025-01-09,2025-01-19,General,Normal,Completed,130.19
599,138,2,2026-09-03,2026-09-05,Electrical,Emergency,Completed,681.22
600,138,2,2024-07-31,2024-08-09,HVAC,Low,Completed,690.97
601,138,2,2025-10-12,2025-10-13,Plumbing,High,Completed,260.39
602,138,2,2026-09-01,2026-09-20,Electrical,Normal,Completed,145.35
603,138,2,2026-01-08,2026-01-09,Appliance,Normal,Completed,385.92
604,140,2,2024-04-27,2024-05-19,General,Low,Completed,96.87
605,140,2,2025-09-14,2025-10-10,Appliance,Low,Completed,84.63
606,141,2,2025-09-25,2025-09-27,Plumbing,Low,Completed,138.37
607,141,2,2025-07-12,2025-07-15,General,Normal,Completed,94.74
608,141,2,2025-03-11,2025-03-13,Appliance,High,Completed,365.34
609,141,2,2025-05-20,2025-06-08,General,Normal,Completed,459.03
610,141,2,2026-05-19,2026-05-22,Appliance,Normal,Completed,469.19
611,142,2,2025-10-29,2025-11-12,HVAC,Normal,Completed,955.12
612,142,2,2025-10-15,2025-10-23,Plumbing,High,Completed,112.3
613,142,2,2025-12-09,2025-12-22,General,Normal,Completed,80.47
614,142,2,2025-10-30,2025-11-02,General,Normal,Completed,259.27
615,142,2,2024-06-01,2024-06-01,Electrical,High,Completed,315.2
616,142,2,2026-05-27,2026-05-30,General,Normal,Completed,66.15
617,143,2,2025-01-03,2025-01-04,General,Emergency,Completed,158.15
618,143,2,2026-05-18,2026-06-11,Pest,Normal,Completed,98.35
619,143,2,2026-07-25,2026-07-28,Plumbing,High,Completed,302.75
620,143,2,2026-06-18,2026-06-21,General,High,Completed,244.18
621,143,2,2024-06-19,2024-06-30,HVAC,Low,Completed,598.35
622,143,2,2024-05-22,2024-05-26,Appliance,High,Completed,460.95
623,143,2,2025-10-02,2025-11-17,Electrical,Low,Completed,560.52
624,144,2,2024-01-26,2024-01-30,General,High,Completed,192.13
625,144,2,2024-12-19,2025-01-03,HVAC,Normal,Completed,1240.98
626,144,2,2025-04-22,2025-05-10,HVAC,Low,Completed,470.88
627,144,2,2025-05-27,2025-06-18,Appliance,Low,Completed,229.22
628,144,2,2026-02-17,2026-02-21,General,Low,Completed,26.87
629,145,2,2026-04-18,2026-04-27,Pest,Normal,Completed,86.08
630,145,2,2024-06-23,2024-07-01,HVAC,Normal,Completed,638.23
631,145,2,2025-01-22,2025-01-24,General,Normal,Completed,216.61
632,145,2,2024-08-05,2024-08-07,Electrical,High,Completed,144.01
633,145,2,2026-06-26,2026-06-29,General,Normal,Completed,54.48
634,145,2,2026-08-06,2026-08-14,Roofing,Low,Completed,990.19
635,145,2,2024-04-03,2024-04-03,General,Normal,Completed,81.68
636,146,2,2025-01-27,2025-01-29,HVAC,Normal,Completed,1436.81
637,146,2,2026-01-25,2026-02-10,Appliance,Normal,Completed,423.55
638,146,2,2025-05-05,2025-05-17,HVAC,Normal,Completed,696.94
639,146,2,2024-02-13,2024-02-25,Pest,Normal,Completed,102.72
640,146,2,2024-12-06,2024-12-26,Appliance,Normal,Completed,279.63
641,147,2,2025-06-10,2025-06-11,Appliance,Normal,Completed,241.29
642,147,2,2024-03-23,2024-04-16,HVAC,Normal,Completed,498.3
643,147,2,2025-01-20,2025-01-25,General,Normal,Completed,207.58
644,147,2,2024-07-05,2024-07-09,Plumbing,Normal,Completed,388.67
645,147,2,2024-04-29,2024-05-02,Appliance,Normal,Completed,93.37
646,147,2,2026-04-07,2026-04-10,Appliance,Normal,Completed,383.79
647,147,2,2025-07-30,2025-08-07,Electrical,Normal,Completed,259.68
648,148,2,2024-09-13,2024-09-14,General,High,Completed,84.94
649,148,2,2026-09-07,2026-09-10,Pest,High,Completed,263.96
650,148,2,2026-06-17,2026-06-26,General,Normal,Completed,225.31
651,148,2,2024-08-20,2024-08-21,Plumbing,Normal,Completed,442.28
652,148,2,2024-02-16,2024-03-08,Plumbing,Normal,Completed,287.4
653,149,2,2026-04-19,2026-05-20,General,Low,Completed,73.7
654,150,2,2024-04-16,2024-04-17,General,High,Completed,70.16
655,150,2,2024-01-08,2024-01-21,Plumbing,Normal,Completed,361.48
656,151,2,2025-06-08,2025-06-09,General,Emergency,Completed,89.35
657,151,2,2026-06-20,2026-06-29,Plumbing,High,Completed,269.55
658,151,2,2024-09-25,2024-10-01,General,Normal,Completed,76.27
659,151,2,2026-03-01,2026-03-19,Appliance,Low,Completed,212.4
660,152,2,2025-04-27,2025-05-01,Plumbing,Normal,Completed,474.16
661,152,2,2024-01-07,2024-01-18,General,Normal,Completed,72.41
662,152,2,2024-06-17,2024-06-20,Electrical,Normal,Completed,224.44
663,152,2,2025-10-19,2025-10-21,Plumbing,Normal,Completed,438.41
664,153,2,2024-05-24,2024-05-27,HVAC,Normal,Completed,280.17
665,153,2,2026-04-14,2026-04-16,General,Normal,Completed,75.89
666,153,2,2024-10-02,2024-10-08,Plumbing,Low,Completed,553.53
667,153,2,2024-07-22,2024-08-08,Plumbing,Normal,Completed,199.38
668,154,2,2026-02-26,2026-03-02,General,Normal,Completed,75.63
669,154,2,2026-05-30,2026-06-05,Plumbing,Low,Completed,336.1
670,154,2,2024-10-26,2024-10-31,HVAC,High,Completed,533.69
671,154,2,2024-12-10,2024-12-17,Plumbing,Normal,Completed,271.61
672,155,2,2024-01-03,2024-01-09,HVAC,High,Completed,1231.68
673,155,2,2025-07-27,2025-08-15,Plumbing,Low,Completed,657.33
674,155,2,2026-02-15,2026-02-17,HVAC,High,Completed,584.96
675,155,2,2025-04-30,2025-05-03,Pest,High,Completed,73.66
676,155,2,2025-10-23,2025-10-30,Plumbing,Low,Completed,331.66
677,155,2,2024-05-05,2024-05-14,Appliance,High,Completed,145.31
678,155,2,2025-12-23,2025-12-27,Plumbing,Normal,Completed,268.14
679,156,2,2024-08-09,2024-08-10,General,Low,Completed,277.87
680,156,2,2025-05-23,2025-06-05,HVAC,Normal,Completed,747.22
681,157,2,2024-02-01,2024-02-04,General,High,Completed,82.24
682,157,2,2024-01-15,2024-01-18,General,Normal,Completed,91.12
683,157,2,2025-10-21,2025-10-24,Plumbing,Normal,Completed,750.7
684,157,2,2024-10-25,2024-11-06,HVAC,Normal,Completed,321.87
685,157,2,2024-03-08,2024-03-14,Pest,Normal,Completed,74.29
686,157,2,2025-10-18,2025-10-23,HVAC,Normal,Completed,842.68
687,158,2,2024-12-21,2024-12-21,Appliance,Normal,Completed,452.67
688,158,2,2026-07-17,2026-07-27,Roofing,Normal,Completed,1305.96
689,158,2,2024-03-18,2024-03-18,Appliance,High,Completed,63.53
690,158,2,2026-01-29,2026-02-09,Appliance,Normal,Completed,133.26
691,158,2,2025-05-03,2025-05-16,Appliance,Normal,Completed,316.02
692,158,2,2024-05-25,2024-05-28,General,Low,Completed,107.03
693,158,2,2024-02-26,2024-02-28,HVAC,Normal,Completed,274.83
694,158,2,2025-08-14,2025-08-21,General,Normal,Completed,118.33
695,159,2,2026-09-22,,General,Low,Open,
696,159,2,2024-11-30,2024-12-06,Appliance,Low,Completed,240.87
697,159,2,2025-04-27,2025-05-02,General,High,Completed,122.94
698,160,2,2025-11-11,2025-12-11,General,Low,Completed,110.95
699,160,2,2026-01-02,2026-01-14,Plumbing,Low,Completed,210.77
700,160,2,2024-06-26,2024-07-24,Pest,Normal,Completed,242.25
701,160,2,2024-11-07,2024-11-26,HVAC,Low,Completed,992.35
702,160,2,2024-06-21,2024-06-23,Pest,High,Completed,214.59
703,161,2,2026-06-05,2026-06-08,HVAC,Normal,Completed,659.98
704,161,2,2025-02-12,2025-02-20,Electrical,Low,Completed,592.56
705,161,2,2025-02-06,2025-02-07,Appliance,High,Completed,247.97
706,161,2,2024-09-12,2024-09-13,HVAC,Normal,Completed,1287.54
707,161,2,2025-02-26,2025-03-03,HVAC,Normal,Completed,993.68
708,162,2,2025-02-26,2025-03-12,Plumbing,Normal,Completed,227.26
709,162,2,2025-09-06,2025-09-11,HVAC,Normal,Completed,475.15
710,162,2,2024-08-24,2024-08-27,HVAC,Normal,Completed,843.87
711,162,2,2024-12-18,2024-12-18,Plumbing,Emergency,Completed,139.71
712,162,2,2026-05-18,2026-05-18,Electrical,Normal,Completed,133.18
713,162,2,2026-04-17,2026-04-30,Appliance,Low,Completed,800.22
714,163,2,2025-09-08,2025-09-22,Electrical,Normal,Completed,269.29
715,163,2,2025-08-09,2025-08-11,Pest,High,Completed,120.44
716,163,2,2025-09-02,2025-09-27,Plumbing,Low,Completed,182.72
717,163,2,2024-10-11,2024-10-14,HVAC,Normal,Completed,496.75
718,163,2,2025-01-26,2025-02-06,Appliance,Normal,Completed,119.18
719,163,2,2026-04-08,2026-04-10,Plumbing,Normal,Completed,249.56
720,163,2,2024-09-16,2024-09-18,Appliance,Emergency,Completed,226.58
721,164,2,2026-04-01,2026-04-28,Plumbing,Low,Completed,373.0
722,164,2,2026-03-28,2026-04-25,Pest,Normal,Completed,62.15
723,164,2,2026-02-14,2026-03-13,Plumbing,Low,Completed,284.41
724,164,2,2025-08-02,2025-09-03,General,Normal,Completed,212.75
725,165,2,2025-05-10,2025-05-31,Electrical,Low,Completed,240.17
726,165,2,2025-07-31,2025-08-03,Electrical,Normal,Completed,707.2
727,165,2,2026-03-03,2026-03-24,Appliance,Low,Completed,312.14
728,165,2,2024-01-29,2024-02-28,General,Normal,Completed,360.87
729,165,2,2025-08-18,2025-08-18,General,Emergency,Completed,194.33
730,165,2,2026-03-13,2026-03-15,Plumbing,Normal,Completed,264.55
731,166,2,2025-07-27,2025-07-27,Plumbing,High,Completed,330.5
732,166,2,2025-06-02,2025-06-03,Pest,Normal,Completed,81.86
733,166,2,2025-04-13,2025-04-16,HVAC,High,Completed,2008.74
734,167,2,2024-09-22,2024-09-25,Plumbing,High,Completed,140.26
735,167,2,2024-01-21,2024-01-28,Plumbing,Normal,Completed,145.61
736,167,2,2025-08-12,2025-08-16,HVAC,Normal,Completed,696.84
737,168,2,2026-09-02,2026-09-19,HVAC,Normal,Completed,621.43
738,168,2,2024-08-07,2024-08-14,Electrical,Normal,Completed,511.58
739,168,2,2026-02-18,2026-02-21,HVAC,Normal,Completed,531.92
740,168,2,2024-02-19,2024-03-01,Appliance,Normal,Completed,404.51
741,168,2,2025-02-28,2025-03-12,General,Low,Completed,137.98
742,169,3,2025-09-25,2025-10-14,Appliance,Normal,Completed,188.78
743,169,3,2026-09-06,2026-09-09,General,Low,Completed,56.25
744,169,3,2024-07-31,2024-08-06,HVAC,Normal,Completed,432.75
745,169,3,2025-11-30,2025-12-06,Appliance,Normal,Completed,433.19
746,169,3,2026-05-14,2026-05-19,General,High,Completed,73.75
747,169,3,2024-07-01,2024-07-04,Pest,Normal,Completed,71.16
748,169,3,2025-04-24,2025-04-28,General,Normal,Completed,110.56
749,169,3,2024-12-16,2024-12-23,HVAC,Low,Completed,796.6
750,169,3,2025-06-21,2025-06-25,Appliance,Normal,Completed,171.66
751,170,3,2025-01-04,2025-01-06,General,Normal,Completed,111.79
752,171,3,2024-01-30,2024-02-11,HVAC,Low,Completed,1146.85
753,171,3,2026-04-23,2026-05-02,Electrical,Normal,Completed,194.58
754,171,3,2024-03-14,2024-03-25,General,Low,Completed,150.13
755,172,3,2025-05-31,2025-06-12,Plumbing,Normal,Completed,837.16
756,172,3,2025-09-16,2025-09-23,General,High,Completed,145.96
757,173,3,2025-02-10,2025-02-12,Plumbing,Normal,Completed,102.3
758,173,3,2026-08-31,2026-09-06,Electrical,High,Completed,222.35
759,173,3,2025-06-02,2025-06-19,HVAC,Normal,Completed,1170.94
760,173,3,2026-02-15,2026-02-17,Plumbing,Normal,Completed,344.16
761,174,3,2026-04-14,2026-04-18,HVAC,Normal,Completed,1127.4
762,174,3,2024-03-05,2024-03-09,Electrical,Normal,Completed,324.7
763,175,3,2024-06-12,2024-07-06,HVAC,Low,Completed,568.53
764,175,3,2024-11-26,2024-12-07,Appliance,Low,Completed,142.74
765,175,3,2024-11-08,2024-11-22,Appliance,Normal,Completed,169.36
766,175,3,2025-06-09,2025-07-02,HVAC,Normal,Completed,470.44
767,175,3,2024-10-01,2024-10-07,Electrical,Normal,Completed,526.4
768,175,3,2026-01-16,2026-02-05,Plumbing,Normal,Completed,602.28
769,176,3,2024-10-10,2024-10-10,Plumbing,Normal,Completed,221.63
770,176,3,2025-11-19,2025-11-23,Plumbing,High,Completed,219.27
771,176,3,2024-02-05,2024-02-09,Plumbing,Low,Completed,467.14
772,176,3,2024-04-10,2024-04-14,General,Low,Completed,126.43
773,177,3,2025-02-19,2025-02-27,Appliance,Normal,Completed,273.6
774,177,3,2025-01-12,2025-01-13,HVAC,Emergency,Completed,600.91
775,177,3,2026-06-18,2026-07-03,General,Low,Completed,20.76
776,177,3,2024-05-22,2024-05-22,Electrical,Emergency,Completed,520.26
777,177,3,2026-01-23,2026-01-28,Plumbing,High,Completed,172.87
778,178,3,2025-02-09,2025-02-15,General,Low,Completed,125.1
779,179,3,2024-08-31,2024-09-02,Appliance,High,Completed,123.44
780,180,3,2026-04-12,2026-05-16,Pest,Low,Completed,379.44
781,181,3,2025-06-10,2025-06-17,Plumbing,Normal,Completed,292.69
782,181,3,2026-03-21,2026-03-29,Appliance,Normal,Completed,83.48
783,181,3,2026-03-17,2026-03-23,Plumbing,Normal,Completed,255.24
784,181,3,2024-06-21,2024-06-28,General,Normal,Completed,281.92
785,182,3,2026-09-07,2026-09-17,Plumbing,Normal,Completed,116.81
786,182,3,2026-08-02,2026-08-13,General,Normal,Completed,47.17
787,182,3,2025-05-07,2025-05-17,General,Normal,Completed,218.09
788,182,3,2025-06-23,2025-06-24,Electrical,Emergency,Completed,211.75
789,182,3,2025-05-22,2025-06-07,Electrical,Normal,Completed,180.17
790,183,3,2025-07-03,2025-07-08,Electrical,High,Completed,738.16
791,183,3,2024-03-03,2024-03-10,General,Normal,Completed,752.51
792,183,3,2025-06-24,2025-06-25,Electrical,Normal,Completed,146.46
793,183,3,2025-02-21,2025-02-26,HVAC,Normal,Completed,430.28
794,184,3,2025-11-30,2025-12-01,Plumbing,High,Completed,267.24
795,184,3,2026-01-29,2026-01-31,Plumbing,High,Completed,150.26
796,185,3,2024-08-06,2024-08-07,Appliance,Emergency,Completed,97.26
797,185,3,2025-08-06,2025-08-20,Pest,Normal,Completed,63.59
798,185,3,2025-01-16,2025-01-21,Plumbing,High,Completed,375.66
799,186,3,2026-08-16,2026-08-27,Appliance,Low,Completed,122.47
800,186,3,2025-01-03,2025-01-09,HVAC,Normal,Completed,768.08
801,187,3,2025-12-27,2026-01-15,General,Low,Completed,203.47
802,187,3,2026-09-08,2026-09-18,Pest,High,Completed,169.6
803,187,3,2024-04-29,2024-05-04,Plumbing,High,Completed,534.53
804,187,3,2025-11-12,2025-11-16,Pest,High,Completed,168.56
805,187,3,2026-03-29,2026-04-04,Plumbing,Normal,Completed,439.38
806,188,3,2024-02-11,2024-02-12,Appliance,Emergency,Completed,341.06
807,188,3,2025-10-11,2025-10-15,General,Normal,Completed,146.5
808,189,3,2025-08-29,2025-09-03,Appliance,Normal,Completed,124.56
809,190,3,2025-08-11,2025-08-16,Plumbing,Low,Completed,373.71
810,190,3,2026-06-16,2026-06-23,General,High,Completed,126.93
811,190,3,2026-02-02,2026-02-04,General,High,Completed,153.77
812,190,3,2026-02-26,2026-03-01,Appliance,High,Completed,138.39
813,190,3,2025-03-06,2025-03-11,Appliance,Normal,Completed,302.48
814,191,3,2026-05-17,2026-05-23,HVAC,Normal,Completed,625.95
815,192,3,2026-02-14,2026-03-13,Plumbing,Low,Completed,264.73
816,192,3,2025-10-20,2025-10-20,General,High,Completed,150.75
817,192,3,2025-01-21,2025-01-26,HVAC,High,Completed,404.35
818,193,3,2025-08-03,2025-08-09,Pest,High,Completed,116.82
819,193,3,2024-05-03,2024-05-06,General,High,Completed,120.02
820,193,3,2025-10-29,2025-11-12,Appliance,Low,Completed,324.27
821,194,3,2024-10-03,2024-10-11,HVAC,Low,Completed,158.56
822,194,3,2026-01-13,2026-02-04,Plumbing,Normal,Completed,913.28
823,195,3,2025-01-02,2025-01-14,Appliance,Normal,Completed,137.09
824,195,3,2026-02-01,2026-02-02,Electrical,Emergency,Completed,692.04
825,195,3,2025-12-01,2025-12-20,Plumbing,Low,Completed,417.6
826,196,3,2025-11-10,2025-11-16,Appliance,Low,Completed,285.4
827,196,3,2025-01-18,2025-01-28,Plumbing,Low,Completed,196.4
828,196,3,2025-08-12,2025-08-27,Electrical,Normal,Completed,454.22
829,196,3,2024-09-10,2024-09-27,Appliance,Low,Completed,123.3
830,196,3,2025-04-17,2025-04-24,Appliance,High,Completed,206.01
831,197,3,2024-03-01,2024-03-07,Roofing,Normal,Completed,2075.25
832,197,3,2024-04-12,2024-05-15,Electrical,Low,Completed,68.85
833,197,3,2024-07-14,2024-07-18,Plumbing,High,Completed,329.54
834,197,3,2024-04-29,2024-04-29,Plumbing,Normal,Completed,334.66
835,198,3,2025-04-25,2025-04-28,Appliance,Normal,Completed,528.37
836,198,3,2026-07-17,2026-07-21,Pest,High,Completed,175.25
837,199,3,2024-08-23,2024-08-31,General,Normal,Completed,176.65
838,199,3,2026-04-05,2026-04-18,Appliance,High,Completed,440.79
839,199,3,2025-11-02,2025-11-14,HVAC,Normal,Completed,920.88
840,200,3,2024-06-30,2024-07-08,Electrical,Low,Completed,204.85
841,200,3,2025-02-22,2025-02-28,Plumbing,Normal,Completed,200.11
842,201,3,2024-11-04,2024-11-22,Appliance,Low,Completed,212.6
843,201,3,2026-08-16,2026-08-25,Pest,Normal,Completed,209.47
844,201,3,2024-11-02,2024-11-11,HVAC,Low,Completed,469.32
845,201,3,2026-01-20,2026-01-26,Plumbing,Normal,Completed,450.58
846,201,3,2025-03-27,2025-04-01,HVAC,Normal,Completed,274.91
847,201,3,2026-03-02,2026-03-23,General,Low,Completed,108.51
848,202,3,2026-08-30,2026-09-03,Roofing,High,Completed,2787.69
849,202,3,2025-03-10,2025-03-20,Pest,Normal,Completed,219.27
850,202,3,2024-07-20,2024-07-22,Electrical,Emergency,Completed,859.36
851,202,3,2024-06-24,2024-07-24,General,Normal,Completed,143.86
852,204,3,2026-08-31,2026-08-31,General,Normal,Completed,56.14
853,204,3,2024-12-30,2025-01-15,HVAC,Low,Completed,695.83
854,204,3,2025-03-23,2025-04-01,Electrical,Normal,Completed,143.9
855,205,3,2026-05-19,2026-05-31,Electrical,Normal,Completed,387.12
856,205,3,2026-09-16,2026-09-16,Pest,High,Completed,282.01
857,205,3,2024-10-01,2024-10-10,Plumbing,Normal,Completed,526.23
858,206,3,2026-03-11,2026-03-11,Appliance,High,Completed,354.06
859,206,3,2024-05-04,2024-06-10,HVAC,Low,Completed,1052.45
860,206,3,2025-03-06,2025-03-06,Electrical,Emergency,Completed,464.56
861,207,3,2026-04-11,2026-04-24,Pest,Normal,Completed,128.61
862,207,3,2025-02-21,2025-03-03,General,Normal,Completed,435.72
863,207,3,2025-07-22,2025-07-25,General,Normal,Completed,129.55
864,207,3,2025-04-02,2025-04-10,HVAC,Normal,Completed,787.48
865,207,3,2025-09-05,2025-09-09,Plumbing,Normal,Completed,293.01
866,207,3,2026-07-02,2026-07-06,Electrical,Normal,Completed,718.56
867,207,3,2024-11-04,2024-11-12,HVAC,Low,Completed,639.01
868,208,3,2025-12-24,2026-01-02,Appliance,Normal,Completed,472.38
869,208,3,2026-06-09,2026-06-11,Plumbing,High,Completed,570.11
870,208,3,2024-09-28,2024-10-04,Roofing,Normal,Completed,1441.18
871,209,3,2025-05-21,2025-05-28,Plumbing,Normal,Completed,495.31
872,209,3,2026-01-27,2026-02-14,HVAC,Low,Completed,269.66
873,209,3,2026-09-05,2026-09-22,General,Normal,Completed,110.56
874,209,3,2024-03-02,2024-03-03,Electrical,High,Completed,278.28
875,209,3,2025-11-22,2025-11-27,Plumbing,Normal,Completed,175.03
876,210,3,2025-05-09,2025-05-24,General,Normal,Completed,280.48
877,210,3,2026-06-18,2026-06-24,General,High,Completed,101.62
878,210,3,2024-07-11,2024-07-26,Appliance,Low,Completed,321.5
879,210,3,2025-05-14,2025-05-14,Pest,Emergency,Completed,47.64
880,210,3,2026-03-20,2026-03-30,HVAC,Normal,Completed,854.07
881,211,3,2026-05-28,2026-06-15,Plumbing,Normal,Completed,415.09
882,211,3,2025-10-01,2025-10-06,HVAC,Low,Completed,2273.35
883,212,3,2026-04-16,2026-04-20,Roofing,Normal,Completed,3199.13
884,212,3,2024-05-18,2024-05-24,Appliance,Normal,Completed,352.26
885,213,3,2025-08-09,2025-08-16,Plumbing,Low,Completed,291.6
886,213,3,2025-07-06,2025-07-07,HVAC,Normal,Completed,393.28
887,213,3,2024-04-29,2024-05-10,Plumbing,Low,Completed,1009.21
888,213,3,2025-06-15,2025-06-17,Plumbing,Normal,Completed,250.14
889,213,3,2025-06-12,2025-06-16,HVAC,High,Completed,423.27
890,214,3,2026-04-05,2026-04-16,Plumbing,Normal,Completed,99.93
891,214,3,2026-07-29,2026-08-11,General,Normal,Completed,132.46
892,215,3,2025-01-02,2025-01-02,General,High,Completed,113.44
893,215,3,2026-08-11,2026-08-24,Appliance,Normal,Completed,61.86
894,215,3,2025-12-14,2025-12-19,Plumbing,Normal,Completed,368.55
895,215,3,2026-09-16,2026-09-18,Plumbing,High,Completed,386.95
896,215,3,2026-05-09,2026-05-21,General,Normal,Completed,77.25
897,215,3,2025-08-25,2025-08-27,General,Normal,Completed,50.8
898,215,3,2024-03-07,2024-03-20,General,Normal,Completed,41.25
899,216,3,2025-04-24,2025-04-28,Plumbing,Normal,Completed,786.65
900,216,3,2025-02-06,2025-02-17,Appliance,High,Completed,328.57
901,216,3,2025-02-27,2025-03-03,Electrical,High,Completed,335.91
902,216,3,2025-07-11,2025-07-28,General,Low,Completed,188.41
903,216,3,2025-05-27,2025-06-07,Plumbing,Normal,Completed,201.93
904,217,3,2025-07-24,2025-07-31,General,Normal,Completed,290.21
905,218,3,2024-04-25,2024-05-01,Plumbing,Normal,Completed,95.92
906,219,3,2025-06-05,2025-06-09,General,Normal,Completed,131.38
907,219,3,2024-12-04,2024-12-04,General,Emergency,Completed,149.82
908,219,3,2025-07-14,2025-07-15,Electrical,Normal,Completed,326.27
909,219,3,2024-02-07,2024-02-14,Appliance,Normal,Completed,278.49
910,219,3,2024-04-06,2024-04-11,HVAC,Normal,Completed,382.56
911,220,3,2026-01-01,2026-01-12,Plumbing,Low,Completed,188.47
912,220,3,2025-05-22,2025-06-01,Roofing,Low,Completed,1363.37
913,220,3,2026-01-14,2026-01-27,HVAC,Low,Completed,293.12
914,220,3,2025-07-18,2025-07-23,General,High,Completed,127.57
915,221,3,2024-06-13,2024-06-23,Electrical,Low,Completed,210.94
916,221,3,2024-12-11,2024-12-12,Appliance,High,Completed,344.68
917,221,3,2024-05-08,2024-05-10,Plumbing,High,Completed,1005.17
918,221,3,2025-08-07,2025-08-07,Appliance,Normal,Completed,88.5
919,222,3,2025-10-06,2025-10-08,General,Normal,Completed,135.42
920,222,3,2024-01-17,2024-01-19,HVAC,High,Completed,885.02
921,222,3,2025-02-14,2025-03-18,General,Low,Completed,176.99
922,222,3,2024-02-11,2024-02-12,Electrical,Normal,Completed,140.55
923,223,3,2024-04-28,2024-05-11,HVAC,Normal,Completed,291.04
924,223,3,2025-04-19,2025-04-28,General,Normal,Completed,114.23
925,224,3,2024-12-08,2024-12-10,Appliance,Emergency,Completed,74.83
926,224,3,2024-02-21,2024-02-23,Plumbing,Normal,Completed,407.76
927,225,3,2024-10-07,2024-10-08,HVAC,High,Completed,471.28
928,225,3,2026-08-20,2026-08-28,General,Low,Completed,63.42
929,225,3,2026-03-10,2026-03-10,Appliance,Emergency,Completed,349.09
930,226,3,2025-04-14,2025-04-28,Appliance,Normal,Completed,168.6
931,227,3,2026-01-14,2026-01-19,Plumbing,Normal,Completed,285.88
932,228,3,2024-07-01,2024-07-13,Plumbing,Normal,Completed,254.86
933,228,3,2025-01-06,2025-01-17,Plumbing,Normal,Completed,198.24
934,228,3,2024-07-07,2024-07-10,Appliance,High,Completed,100.74
935,228,3,2024-04-12,2024-04-16,Pest,High,Completed,59.76
936,228,3,2025-09-01,2025-09-06,General,Normal,Completed,80.65
937,228,3,2024-09-18,2024-09-18,Plumbing,Normal,Completed,306.38
938,229,3,2026-05-10,2026-05-24,Plumbing,Normal,Completed,218.0
939,229,3,2025-04-02,2025-04-07,General,Normal,Completed,44.79
940,229,3,2026-03-10,2026-03-17,General,High,Completed,83.78
941,229,3,2025-01-16,2025-01-17,HVAC,High,Completed,657.45
942,230,3,2025-03-14,2025-03-22,General,Normal,Completed,101.17
943,230,3,2024-09-27,2024-09-30,General,Normal,Completed,153.02
944,230,3,2025-12-25,2025-12-29,Plumbing,Normal,Completed,133.16
945,230,3,2026-05-07,2026-05-17,General,Normal,Completed,49.37
946,230,3,2025-05-01,2025-05-07,Plumbing,High,Completed,801.06
947,230,3,2025-02-09,2025-02-25,General,Low,Completed,118.83
948,230,3,2025-08-03,2025-08-22,General,Normal,Completed,93.61
949,231,3,2025-04-26,2025-04-29,Electrical,Normal,Completed,79.69
950,231,3,2025-04-29,2025-05-14,HVAC,Normal,Completed,989.18
951,231,3,2025-10-26,2025-11-01,Appliance,Normal,Completed,189.26
952,231,3,2024-11-28,2024-12-02,Electrical,Normal,Completed,173.38
953,231,3,2024-04-07,2024-04-10,Electrical,Normal,Completed,133.15
954,232,3,2024-12-19,2024-12-28,Plumbing,Normal,Completed,294.27
955,232,3,2024-04-04,2024-05-07,HVAC,Low,Completed,959.91
956,232,3,2025-11-22,2025-12-05,General,Low,Completed,382.09
957,233,3,2025-04-04,2025-04-23,Electrical,Low,Completed,118.48
958,233,3,2025-07-26,2025-08-09,Pest,Normal,Completed,247.88
959,233,3,2026-02-26,2026-03-01,Plumbing,High,Completed,526.35
960,234,3,2025-01-14,2025-02-11,General,Low,Completed,208.23
961,234,3,2025-03-08,2025-03-13,Electrical,Normal,Completed,135.32
962,234,3,2026-03-29,2026-04-16,Plumbing,Normal,Completed,1094.57
963,234,3,2024-09-03,2024-09-05,Electrical,Normal,Completed,109.73
964,234,3,2024-08-11,2024-08-13,Plumbing,Normal,Completed,122.82
965,234,3,2026-05-21,2026-06-11,Electrical,Normal,Completed,1652.81
966,234,3,2025-04-11,2025-04-14,Plumbing,Normal,Completed,409.83
967,235,3,2026-08-08,2026-08-11,Appliance,High,Completed,188.99
968,235,3,2025-01-19,2025-01-21,Pest,Normal,Completed,131.45
969,235,3,2026-07-10,2026-07-11,HVAC,Normal,Completed,463.64
970,235,3,2025-09-01,2025-09-04,General,Normal,Completed,340.18
971,236,3,2025-07-15,2025-08-11,HVAC,Low,Completed,1458.19
972,236,3,2024-08-23,2024-08-26,HVAC,High,Completed,361.59
973,237,3,2024-02-22,2024-02-28,Appliance,High,Completed,116.0
974,237,3,2025-09-18,2025-09-19,Appliance,Emergency,Completed,65.88
975,237,3,2026-01-18,2026-02-12,Plumbing,Low,Completed,355.07
976,238,3,2025-06-06,2025-06-16,Plumbing,Normal,Completed,269.84
977,238,3,2024-06-27,2024-06-30,Pest,Normal,Completed,53.63
978,239,3,2025-04-28,2025-05-08,HVAC,Low,Completed,1131.25
979,239,3,2024-03-03,2024-03-28,General,Normal,Completed,128.28
980,239,3,2024-06-15,2024-06-23,Appliance,Normal,Completed,221.87
981,239,3,2025-11-16,2025-11-26,Electrical,Normal,Completed,151.52
982,239,3,2025-02-22,2025-03-11,Plumbing,Normal,Completed,199.89
983,240,3,2026-08-12,2026-08-23,General,Low,Completed,68.99
984,240,3,2025-05-16,2025-05-23,Appliance,Low,Completed,158.32
985,241,3,2025-02-12,2025-02-15,General,Low,Completed,64.29
986,241,3,2025-11-11,2025-11-13,Plumbing,High,Completed,255.64
987,241,3,2024-07-23,2024-07-23,General,Emergency,Completed,291.46
988,241,3,2026-09-23,2026-09-29,Plumbing,Normal,Completed,149.47
989,241,3,2025-09-22,2025-09-24,Plumbing,High,Completed,918.13
990,242,3,2026-06-17,2026-06-22,HVAC,Normal,Completed,253.35
991,242,3,2026-06-04,2026-06-11,Plumbing,Low,Completed,146.18
992,242,3,2024-04-03,2024-04-12,General,Normal,Completed,73.87
993,242,3,2024-01-07,2024-01-09,Electrical,High,Completed,321.36
994,243,3,2024-09-03,2024-09-05,Pest,Low,Completed,43.64
995,243,3,2026-06-23,2026-07-02,Roofing,Low,Completed,1507.44
996,243,3,2026-07-26,2026-08-07,HVAC,Normal,Completed,293.16
997,243,3,2025-11-11,2025-11-14,Electrical,Normal,Completed,434.48
998,244,3,2025-10-09,2025-10-16,Plumbing,Normal,Completed,121.4
999,244,3,2026-09-23,2026-09-28,Roofing,High,Completed,974.06
1000,244,3,2026-09-28,2026-09-30,Electrical,High,Completed,429.38
1001,244,3,2025-06-17,2025-06-19,HVAC,High,Completed,587.62
1002,244,3,2024-12-24,2025-01-09,Appliance,Normal,Completed,208.42
1003,245,3,2026-09-02,2026-09-13,Plumbing,Normal,Completed,384.33
1004,245,3,2026-09-16,,Appliance,Low,Open,
1005,246,4,2024-01-16,2024-01-17,HVAC,Normal,Completed,432.27
1006,246,4,2025-10-23,2025-10-23,HVAC,Emergency,Completed,1368.1
1007,246,4,2024-09-09,2024-09-18,Electrical,Normal,Completed,147.62
1008,246,4,2026-03-29,2026-04-10,Roofing,Normal,Completed,754.94
1009,246,4,2025-01-12,2025-01-15,General,High,Completed,157.53
1010,247,4,2025-07-17,2025-07-23,Plumbing,Low,Completed,132.91
1011,247,4,2024-03-10,2024-03-16,HVAC,Low,Completed,549.46
1012,247,4,2024-05-25,2024-05-26,General,Low,Completed,123.25
1013,247,4,2024-10-26,2024-10-28,Electrical,High,Completed,419.3
1014,248,4,2026-04-27,2026-05-01,Appliance,Normal,Completed,521.56
1015,248,4,2026-06-29,2026-06-30,Plumbing,Emergency,Completed,315.37
1016,249,4,2024-09-09,2024-09-13,Plumbing,Normal,Completed,232.18
1017,249,4,2025-09-10,2025-09-12,General,High,Completed,78.33
1018,249,4,2024-08-15,2024-09-11,Appliance,Low,Completed,128.71
1019,250,5,2025-01-01,2025-01-03,General,Normal,Completed,175.49
1020,250,5,2024-02-13,2024-02-27,Appliance,Normal,Completed,103.44
1021,250,5,2024-09-04,2024-09-07,Plumbing,High,Completed,476.2
1022,251,5,2025-03-07,2025-03-14,Appliance,High,Completed,215.25
1023,251,5,2025-11-30,2025-12-02,Appliance,High,Completed,491.74
1024,251,5,2025-07-19,2025-08-08,Electrical,Normal,Completed,394.13
1025,251,5,2026-01-04,2026-01-14,Appliance,Low,Completed,310.24
1026,251,5,2026-09-27,,General,Normal,Open,
1027,251,5,2024-02-01,2024-02-06,General,Normal,Completed,70.31
1028,252,5,2025-05-31,2025-07-06,HVAC,Low,Completed,1210.45
1029,252,5,2025-04-26,2025-04-27,General,High,Completed,80.06
1030,252,5,2025-12-28,2026-01-13,Appliance,Normal,Completed,239.41
1031,252,5,2025-03-18,2025-04-06,Plumbing,Low,Completed,272.55
1032,252,5,2026-02-02,2026-02-11,Roofing,Normal,Completed,3359.84
1033,253,5,2025-06-09,2025-06-09,Plumbing,Normal,Completed,264.91
1034,253,5,2024-01-14,2024-01-16,Pest,Normal,Completed,93.44
1035,253,5,2024-01-29,2024-02-06,Appliance,Normal,Completed,442.91
1036,253,5,2024-12-21,2024-12-22,HVAC,Normal,Completed,264.54
1037,253,5,2025-12-02,2025-12-02,Appliance,Emergency,Completed,146.17
1038,253,5,2024-11-09,2024-11-20,Appliance,Normal,Completed,193.73
1039,253,5,2024-10-14,2024-10-30,General,Low,Completed,523.35
1040,254,5,2025-09-18,2025-09-27,Plumbing,Normal,Completed,563.61
1041,254,5,2024-02-06,2024-02-08,Roofing,Low,Completed,4513.21
1042,254,5,2026-01-16,2026-01-16,Plumbing,High,Completed,402.01
1043,254,5,2024-07-03,2024-07-07,Plumbing,Normal,Completed,179.73
1044,255,5,2024-01-25,2024-02-12,General,Low,Completed,112.03
1045,255,5,2025-12-07,2025-12-09,Appliance,High,Completed,141.54
1046,255,5,2024-03-30,2024-04-01,Electrical,Normal,Completed,256.81
1047,255,5,2026-02-01,2026-02-04,Appliance,Normal,Completed,333.69
1048,255,5,2025-03-24,2025-03-28,General,High,Completed,182.91
1049,255,5,2024-09-28,2024-10-06,General,Normal,Completed,231.38
1050,255,5,2026-07-13,2026-07-15,Plumbing,Low,Completed,607.11
1051,256,5,2024-10-23,2024-10-23,Electrical,Normal,Completed,345.68
1052,256,5,2024-12-08,2024-12-22,General,Low,Completed,124.06
1053,256,5,2024-10-16,2024-10-27,Appliance,Low,Completed,502.55
1054,256,5,2025-10-20,2025-10-24,Plumbing,Normal,Completed,790.3
1055,256,5,2024-09-25,2024-10-10,General,Low,Completed,224.84
1056,256,5,2025-05-27,2025-05-31,Appliance,High,Completed,199.91
1057,257,5,2025-08-24,2025-08-31,General,High,Completed,125.86
1058,257,5,2026-02-28,2026-03-04,HVAC,Normal,Completed,936.93
1059,257,5,2025-12-25,2025-12-25,General,Normal,Completed,123.21
1060,257,5,2024-09-17,2024-09-20,General,Normal,Completed,93.77
1061,257,5,2025-10-10,2025-10-12,Plumbing,High,Completed,146.91
1062,257,5,2024-08-23,2024-09-08,HVAC,Normal,Completed,878.7
1063,257,5,2024-07-26,2024-08-07,General,Low,Completed,102.74
1064,257,5,2026-04-25,2026-04-29,General,High,Completed,172.72
1065,257,5,2024-01-12,2024-01-24,Pest,Normal,Completed,111.99
1066,257,5,2025-03-11,2025-03-16,Pest,Normal,Completed,128.94
1067,258,5,2025-03-29,2025-04-02,HVAC,Low,Completed,1116.9
1068,258,5,2025-01-14,2025-01-21,Appliance,Low,Completed,121.96
1069,258,5,2024-12-08,2024-12-16,Plumbing,Low,Completed,328.86
1070,258,5,2026-03-02,2026-03-04,Appliance,Low,Completed,218.79
1071,258,5,2026-02-23,2026-03-01,Pest,Normal,Completed,151.63
1072,259,5,2025-04-02,2025-04-07,Appliance,Normal,Completed,198.87
1073,260,5,2024-06-05,2024-06-08,Appliance,Normal,Completed,732.64
1074,260,5,2025-07-10,2025-07-10,General,Emergency,Completed,150.09
1075,260,5,2025-07-19,2025-07-21,HVAC,High,Completed,385.03
1076,260,5,2025-09-01,2025-09-06,Appliance,Normal,Completed,262.34
1077,260,5,2026-09-09,2026-09-16,Plumbing,Low,Completed,1482.99
1078,261,5,2024-05-14,2024-05-16,Appliance,High,Completed,436.1
1079,261,5,2024-07-31,2024-08-06,General,Normal,Completed,71.16
1080,261,5,2026-06-19,2026-07-09,Electrical,Normal,Completed,179.01
1081,261,5,2025-07-28,2025-08-12,HVAC,Normal,Completed,2298.76
1082,261,5,2024-04-13,2024-04-19,HVAC,Normal,Completed,641.91
1083,262,5,2026-04-17,2026-04-21,Plumbing,High,Completed,338.98
1084,262,5,2025-07-01,2025-07-17,Plumbing,Normal,Completed,343.51
1085,262,5,2025-04-13,2025-04-13,General,High,Completed,80.46
1086,262,5,2024-08-14,2024-08-16,Electrical,Emergency,Completed,191.15
1087,262,5,2024-12-29,2025-01-03,Appliance,Normal,Completed,127.08
1088,262,5,2024-12-24,2024-12-29,Plumbing,Normal,Completed,267.69
1089,262,5,2026-08-31,2026-09-10,Appliance,Low,Completed,148.45
1090,263,5,2025-09-26,2025-09-27,HVAC,Normal,Completed,576.59
1091,263,5,2025-02-02,2025-02-08,Electrical,Normal,Completed,241.04
1092,263,5,2024-07-20,2024-07-20,Plumbing,Emergency,Completed,523.66
1093,263,5,2024-07-11,2024-07-13,General,High,Completed,298.11
1094,263,5,2024-10-11,2024-10-16,HVAC,Normal,Completed,351.58
1095,263,5,2024-01-31,2024-02-16,Electrical,Normal,Completed,573.99
1096,264,5,2025-12-06,2025-12-24,General,Normal,Completed,73.06
1097,264,5,2024-10-02,2024-10-03,General,Normal,Completed,484.82
1098,264,5,2026-01-27,2026-02-08,HVAC,Normal,Completed,1033.3
1099,264,5,2024-11-01,2024-11-01,General,Emergency,Completed,202.51
1100,264,5,2025-11-16,2025-11-21,Plumbing,Normal,Completed,455.44
1101,264,5,2025-07-15,2025-07-18,Pest,Normal,Completed,81.9
1102,265,5,2025-03-24,2025-03-26,General,High,Completed,60.46
1103,265,5,2025-12-21,2025-12-27,General,High,Completed,288.88
1104,265,5,2024-03-14,2024-03-19,Electrical,Low,Completed,542.23
1105,266,5,2025-05-02,2025-05-04,HVAC,High,Completed,729.67
1106,266,5,2024-07-22,2024-08-07,Pest,Normal,Completed,111.79
1107,266,5,2026-02-10,2026-02-10,Appliance,Low,Completed,87.58
1108,266,5,2026-03-26,2026-03-29,Roofing,Normal,Completed,834.21
1109,266,5,2024-02-01,2024-03-14,General,Low,Completed,179.77
1110,266,5,2026-06-24,2026-06-27,General,Normal,Completed,68.54
1111,267,6,2024-11-27,2024-12-08,Electrical,Low,Completed,820.51
1112,268,6,2026-06-24,2026-07-03,Plumbing,Normal,Completed,682.96
1113,268,6,2026-02-19,2026-02-24,HVAC,High,Completed,1368.9
1114,268,6,2024-11-15,2024-11-16,Plumbing,High,Completed,287.53
1115,268,6,2025-02-16,2025-02-21,HVAC,Normal,Completed,225.62
1116,268,6,2025-09-24,2025-10-01,HVAC,Normal,Completed,307.48
1117,269,6,2025-01-01,2025-01-30,Appliance,Low,Completed,190.12
1118,270,6,2026-09-17,,Electrical,Low,Open,
1119,271,6,2025-02-18,2025-03-01,General,Normal,Completed,54.48
1120,271,6,2025-12-18,2025-12-25,General,Normal,Completed,299.85
1121,271,6,2025-10-22,2025-10-29,Appliance,High,Completed,911.72
1122,272,6,2024-04-30,2024-05-25,Pest,Low,Completed,114.67
1123,272,6,2025-01-23,2025-01-27,HVAC,High,Completed,478.54
1124,272,6,2025-09-20,2025-09-24,Electrical,Normal,Completed,261.8
1125,272,6,2026-05-30,2026-06-03,General,Normal,Completed,163.21
1126,272,6,2026-03-29,2026-04-11,Appliance,Normal,Completed,224.15
1127,272,6,2026-06-20,2026-07-11,Appliance,Low,Completed,974.11
1128,273,6,2026-05-18,2026-05-25,Plumbing,Normal,Completed,633.49
1129,273,6,2026-05-28,2026-05-28,General,Emergency,Completed,105.05
1130,273,6,2026-05-15,2026-05-17,Plumbing,Normal,Completed,478.69
1131,273,6,2025-07-21,2025-08-16,Plumbing,Low,Completed,306.74
1132,274,6,2024-09-02,2024-09-14,HVAC,Normal,Completed,318.54
1133,274,6,2026-01-17,2026-01-29,Electrical,Normal,Completed,709.13
1134,274,6,2024-06-14,2024-06-22,Appliance,Normal,Completed,325.08
1135,275,6,2026-03-10,2026-04-07,Electrical,Low,Completed,111.18
1136,275,6,2024-06-10,2024-06-12,Plumbing,High,Completed,95.57
1137,275,6,2025-04-23,2025-05-03,Pest,Normal,Completed,301.18
1138,275,6,2025-05-11,2025-05-16,General,Normal,Completed,383.75
1139,275,6,2025-04-21,2025-04-23,General,Normal,Completed,112.38
1140,275,6,2024-08-31,2024-09-04,Appliance,High,Completed,1241.61
1141,275,6,2025-09-03,2025-09-09,Plumbing,Low,Completed,256.07
1142,275,6,2025-05-13,2025-05-19,Electrical,Low,Completed,153.69
1143,275,6,2025-12-20,2026-01-05,Plumbing,Normal,Completed,828.73
1144,276,6,2025-05-21,2025-06-04,Plumbing,Normal,Completed,405.95
1145,276,6,2024-02-29,2024-03-02,Appliance,Normal,Completed,155.6
1146,277,6,2024-02-04,2024-02-12,Plumbing,Normal,Completed,592.6
1147,277,6,2025-10-23,2025-10-28,General,Normal,Completed,113.57
1148,277,6,2025-08-21,2025-09-05,General,Low,Completed,418.08
1149,278,6,2026-05-30,2026-07-01,Appliance,Low,Completed,257.58
1150,278,6,2026-08-23,2026-09-14,General,Low,Completed,95.36
1151,278,6,2024-09-03,2024-09-09,Plumbing,Normal,Completed,747.02
1152,279,6,2024-06-18,2024-06-30,HVAC,Normal,Completed,837.86
1153,279,6,2024-02-25,2024-02-28,Plumbing,High,Completed,415.86
1154,279,6,2024-02-19,2024-02-20,Electrical,High,Completed,384.59
1155,280,6,2024-07-08,2024-07-14,HVAC,Normal,Completed,274.79
1156,281,6,2024-02-08,2024-02-12,Electrical,Low,Completed,269.28
1157,281,6,2024-01-13,2024-01-15,Appliance,Normal,Completed,135.8
1158,281,6,2026-02-02,2026-02-05,Plumbing,Normal,Completed,180.02
1159,281,6,2025-11-01,2025-11-09,HVAC,Normal,Completed,428.15
1160,281,6,2026-05-16,2026-05-28,Plumbing,Normal,Completed,143.4
1161,282,6,2024-09-30,2024-10-16,Appliance,Low,Completed,354.32
1162,283,6,2026-08-02,2026-08-11,Plumbing,Normal,Completed,257.52
1163,283,6,2026-05-30,2026-05-31,Plumbing,High,Completed,215.64
1164,283,6,2026-09-06,,Appliance,Low,Open,
1165,283,6,2025-09-03,2025-09-07,General,Normal,Completed,203.59
1166,283,6,2026-04-17,2026-04-21,General,Normal,Completed,80.94
1167,283,6,2025-05-02,2025-05-03,Electrical,Emergency,Completed,328.33
1168,284,6,2025-04-12,2025-04-14,Electrical,Normal,Completed,230.24
1169,284,6,2024-02-27,2024-02-27,General,Emergency,Completed,259.87
1170,284,6,2026-01-14,2026-01-14,Pest,Emergency,Completed,276.83
1171,284,6,2024-11-12,2024-11-19,HVAC,High,Completed,587.35
1172,284,6,2025-04-06,2025-04-11,Plumbing,Normal,Completed,286.26
1173,284,6,2024-05-30,2024-06-05,Pest,Low,Completed,181.28
1174,284,6,2026-04-30,2026-05-14,Pest,Normal,Completed,80.7
1175,285,6,2025-07-12,2025-07-13,HVAC,Emergency,Completed,658.04
1176,285,6,2024-08-27,2024-08-29,Electrical,Normal,Completed,107.54
1177,285,6,2024-05-24,2024-06-08,Plumbing,Low,Completed,277.42
1178,285,6,2024-12-06,2024-12-11,Plumbing,Low,Completed,163.64
1179,286,6,2025-03-28,2025-04-06,HVAC,Normal,Completed,1859.51
1180,287,6,2025-05-12,2025-05-14,Electrical,Normal,Completed,513.41
1181,287,6,2026-08-20,2026-08-23,Plumbing,High,Completed,272.15
1182,287,6,2024-04-16,2024-04-20,HVAC,Normal,Completed,1019.74
1183,288,6,2024-08-21,2024-09-15,Plumbing,Low,Completed,576.02
1184,288,6,2026-06-23,2026-07-10,Appliance,Low,Completed,269.18
1185,288,6,2024-07-18,2024-07-24,Plumbing,Normal,Completed,515.04
1186,288,6,2026-09-12,,Roofing,Normal,Open,
1187,288,6,2026-08-11,2026-08-14,HVAC,Normal,Completed,638.64
1188,289,6,2026-05-27,2026-05-31,Roofing,Normal,Completed,1864.99
1189,289,6,2025-01-01,2025-01-15,Plumbing,Normal,Completed,292.85
1190,289,6,2025-04-27,2025-05-01,General,Low,Completed,118.68
1191,290,6,2024-02-06,2024-02-10,Plumbing,High,Completed,587.82
1192,291,6,2025-09-13,2025-09-28,Appliance,Normal,Completed,492.91
1193,291,6,2026-06-30,2026-07-20,General,Normal,Completed,71.89
1194,291,6,2026-03-04,2026-03-23,Appliance,Low,Completed,416.99
1195,292,6,2026-09-15,2026-09-24,Plumbing,Normal,Completed,514.8
1196,293,6,2026-08-01,2026-08-04,Appliance,Normal,Completed,170.51
1197,294,6,2026-05-23,2026-05-31,HVAC,Normal,Completed,368.51
1198,294,6,2025-04-23,2025-05-05,Pest,Normal,Completed,165.66
1199,295,7,2026-07-03,2026-08-02,HVAC,Low,Completed,325.54
1200,295,7,2024-08-10,2024-08-16,General,Normal,Completed,88.97
1201,296,7,2024-01-23,2024-02-02,HVAC,Normal,Completed,546.63
1202,296,7,2024-12-06,2024-12-09,Plumbing,Normal,Completed,321.25
1203,296,7,2026-04-01,2026-04-15,Appliance,Normal,Completed,168.82
1204,297,7,2024-07-27,2024-07-28,Plumbing,Normal,Completed,391.12
1205,297,7,2024-08-20,2024-09-05,HVAC,Normal,Completed,1154.23
1206,297,7,2026-03-25,2026-03-26,General,High,Completed,98.56
1207,297,7,2026-02-28,2026-03-17,Roofing,Normal,Completed,2200.81
1208,297,7,2024-08-20,2024-08-22,General,Normal,Completed,155.54
1209,297,7,2026-01-20,2026-01-31,Pest,Low,Completed,89.61
1210,298,7,2026-03-03,2026-03-06,Plumbing,Low,Completed,339.82
1211,298,7,2024-01-25,2024-02-07,Plumbing,High,Completed,538.58
1212,298,7,2024-01-24,2024-02-01,Electrical,Normal,Completed,368.48
1213,298,7,2025-03-07,2025-03-08,Appliance,High,Completed,263.38
1214,298,7,2025-12-03,2025-12-04,General,Normal,Completed,67.79
1215,298,7,2024-08-14,2024-08-22,HVAC,Normal,Completed,584.21
1216,298,7,2025-09-29,2025-10-01,General,High,Completed,195.3
1217,299,7,2026-05-03,2026-05-27,HVAC,Low,Completed,423.41
1218,299,7,2024-04-05,2024-04-10,HVAC,Normal,Completed,1017.62
1219,300,7,2025-10-13,2025-10-26,Pest,Low,Completed,304.68
1220,300,7,2026-02-13,2026-02-27,Plumbing,Low,Completed,475.42
1221,301,7,2026-02-24,2026-03-12,General,High,Completed,165.26
1222,302,7,2025-06-27,2025-07-11,Plumbing,Normal,Completed,552.53
1223,302,7,2025-02-21,2025-03-01,HVAC,Normal,Completed,938.93
1224,302,7,2024-09-14,2024-09-18,HVAC,Normal,Completed,508.3
1225,302,7,2024-07-22,2024-08-03,HVAC,Low,Completed,1826.46
1226,303,7,2024-04-06,2024-04-08,HVAC,Normal,Completed,254.13
1227,303,7,2026-09-18,2026-09-21,Plumbing,Normal,Completed,130.03
1228,303,7,2024-08-31,2024-08-31,HVAC,Normal,Completed,644.53
1229,303,7,2026-08-29,2026-08-31,General,High,Completed,143.06
1230,303,7,2026-01-17,2026-01-21,Plumbing,High,Completed,437.33
1231,304,7,2026-03-31,2026-04-03,Electrical,Normal,Completed,147.06
1232,304,7,2024-11-27,2024-11-28,Electrical,Emergency,Completed,235.69
1233,305,7,2024-06-11,2024-06-14,General,High,Completed,95.16
1234,306,7,2024-08-27,2024-09-02,HVAC,Normal,Completed,488.04
1235,306,7,2026-07-23,2026-07-27,General,Normal,Completed,67.63
1236,306,7,2024-03-17,2024-03-18,Plumbing,Normal,Completed,162.74
1237,306,7,2026-04-16,2026-04-17,Pest,Emergency,Completed,447.71
1238,307,7,2026-07-06,2026-07-22,Plumbing,Normal,Completed,342.08
1239,307,7,2025-03-22,2025-03-23,Plumbing,Normal,Completed,239.18
1240,307,7,2025-07-08,2025-07-08,General,Emergency,Completed,57.19
1241,308,7,2025-04-30,2025-05-12,General,Low,Completed,159.26
1242,308,7,2026-07-07,2026-07-08,General,Normal,Completed,62.17
1243,308,7,2026-03-17,2026-03-26,Plumbing,Normal,Completed,339.59
1244,308,7,2026-03-12,2026-03-15,General,High,Completed,185.6
1245,309,7,2026-04-23,2026-05-04,Plumbing,Normal,Completed,442.03
1246,309,7,2025-09-10,2025-09-29,Roofing,Normal,Completed,1783.09
1247,309,7,2025-05-25,2025-05-31,Roofing,Normal,Completed,1037.41
1248,309,7,2026-06-30,2026-07-09,Roofing,Normal,Completed,2528.41
1249,310,7,2024-03-07,2024-03-10,HVAC,Normal,Completed,785.14
1250,310,7,2024-01-25,2024-02-05,Plumbing,Low,Completed,555.48
1251,311,8,2024-08-04,2024-08-09,Plumbing,Low,Completed,438.8
1252,311,8,2026-07-23,2026-07-25,HVAC,Emergency,Completed,1249.91
1253,312,8,2025-01-24,2025-01-25,Plumbing,High,Completed,88.76
1254,313,8,2024-05-02,2024-05-16,Pest,Low,Completed,185.94
1255,313,8,2025-12-26,2026-01-05,Appliance,Normal,Completed,332.32
1256,313,8,2024-12-23,2024-12-28,Roofing,Low,Completed,1771.92
1257,313,8,2026-04-25,2026-04-28,General,High,Completed,291.99
1258,314,8,2025-08-05,2025-08-05,Appliance,Emergency,Completed,856.36
1259,314,8,2024-07-17,2024-08-04,General,Low,Completed,92.77
1260,314,8,2025-12-12,2025-12-15,Electrical,High,Completed,257.31
1261,315,8,2025-02-05,2025-02-23,General,Normal,Completed,295.12
1262,315,8,2026-08-29,2026-09-13,Appliance,Normal,Completed,686.48
1263,316,8,2024-03-18,2024-04-01,HVAC,Normal,Completed,234.24
1264,317,8,2024-07-27,2024-08-01,Plumbing,High,Completed,404.78
1265,317,8,2025-10-12,2025-10-12,Plumbing,Emergency,Completed,779.12
1266,318,8,2025-06-13,2025-06-14,Appliance,High,Completed,323.46
1267,318,8,2024-03-13,2024-04-09,Plumbing,Low,Completed,400.17
1268,318,8,2026-09-27,,Appliance,Normal,Open,
1269,318,8,2025-02-26,2025-03-19,Appliance,Normal,Completed,118.6
1270,319,8,2026-08-08,2026-08-16,General,Normal,Completed,197.56
1271,319,8,2025-07-11,2025-07-18,Plumbing,Normal,Completed,286.24
1272,319,8,2025-12-19,2025-12-19,Roofing,High,Completed,1134.66
1273,320,8,2024-12-22,2024-12-25,Plumbing,High,Completed,177.2
1274,320,8,2026-02-05,2026-02-21,HVAC,Low,Completed,475.45
1275,320,8,2024-03-06,2024-03-06,Plumbing,Emergency,Completed,184.99
1276,320,8,2025-11-06,2025-11-12,Electrical,Normal,Completed,218.41
1277,321,8,2025-01-28,2025-02-11,Plumbing,Normal,Completed,405.9
1278,321,8,2024-10-28,2024-11-05,Appliance,Normal,Completed,317.53
1279,322,8,2024-10-22,2024-10-23,Plumbing,High,Completed,166.71
1280,322,8,2024-02-15,2024-02-18,Plumbing,Normal,Completed,177.48
1281,323,8,2025-10-24,2025-10-27,Plumbing,Normal,Completed,373.24
1282,323,8,2026-04-11,2026-04-11,Pest,Emergency,Completed,300.9
1283,323,8,2024-08-27,2024-08-28,Plumbing,Normal,Completed,264.29
1284,323,8,2025-01-24,2025-02-18,Plumbing,Low,Completed,822.27
1285,324,8,2026-06-07,2026-06-12,Electrical,Normal,Completed,107.74
1286,324,8,2026-03-09,2026-03-22,Plumbing,Normal,Completed,569.92
1287,324,8,2024-09-16,2024-10-12,Roofing,Normal,Completed,3124.85
1288,324,8,2025-09-07,2025-09-20,HVAC,Low,Completed,316.39
1289,324,8,2024-12-22,2024-12-26,Electrical,Low,Completed,285.76
1290,325,8,2024-11-06,2024-11-07,HVAC,High,Completed,662.54
1291,325,8,2024-10-17,2024-10-25,HVAC,Normal,Completed,596.56
1292,325,8,2024-06-13,2024-06-28,Plumbing,Normal,Completed,394.33
1293,326,8,2024-04-19,2024-05-10,General,Normal,Completed,131.86
1294,326,8,2024-08-11,2024-08-18,General,High,Completed,102.08
1295,327,8,2024-09-01,2024-09-07,Plumbing,Normal,Completed,262.3
1296,327,8,2024-11-16,2024-11-29,Plumbing,Normal,Completed,240.06
1297,327,8,2024-07-07,2024-07-17,Plumbing,Normal,Completed,338.99
1298,328,8,2024-06-26,2024-06-28,General,Normal,Completed,107.16
1299,328,8,2026-02-06,2026-02-08,Plumbing,High,Completed,154.43
1300,328,8,2024-12-02,2024-12-21,Appliance,Normal,Completed,368.17
1301,329,8,2024-02-11,2024-02-13,Electrical,Normal,Completed,158.63
1302,329,8,2025-02-21,2025-02-27,Electrical,High,Completed,110.98
1303,330,8,2026-01-25,2026-02-03,Plumbing,Normal,Completed,358.57
1304,330,8,2024-03-30,2024-04-04,General,High,Completed,53.15
1305,330,8,2025-07-19,2025-07-25,Plumbing,Normal,Completed,152.36
1306,330,8,2026-04-14,2026-05-08,Plumbing,Low,Completed,137.13
1307,330,8,2025-05-11,2025-05-13,Appliance,Normal,Completed,238.2
1308,330,8,2024-10-13,2024-11-11,Plumbing,Low,Completed,210.19
1309,330,8,2025-03-01,2025-03-06,General,Normal,Completed,201.95
1310,331,8,2025-09-08,2025-09-09,Electrical,High,Completed,755.75
1311,331,8,2024-04-30,2024-04-30,General,High,Completed,173.59
1312,331,8,2024-04-13,2024-04-18,General,Normal,Completed,176.01
1313,332,8,2024-04-21,2024-04-25,Plumbing,Low,Completed,279.49
1314,332,8,2025-07-08,2025-07-21,HVAC,Low,Completed,180.93
1315,332,8,2026-07-13,2026-07-16,Electrical,High,Completed,181.37
1316,332,8,2024-03-21,2024-03-25,Plumbing,High,Completed,600.29
1317,332,8,2024-01-07,2024-01-09,Electrical,High,Completed,389.46
1318,333,8,2026-01-20,2026-01-29,HVAC,Normal,Completed,751.4
1319,333,8,2025-06-27,2025-06-28,General,Normal,Completed,96.35
1320,333,8,2024-12-04,2024-12-08,General,Low,Completed,42.72
1321,333,8,2024-11-07,2024-11-07,Roofing,High,Completed,1355.04
1322,334,9,2025-05-22,2025-06-01,Electrical,Normal,Completed,399.78
1323,334,9,2025-06-06,2025-06-09,General,High,Completed,298.46
1324,334,9,2024-06-05,2024-06-26,Appliance,Low,Completed,128.76
1325,334,9,2026-02-20,2026-02-24,General,Normal,Completed,154.3
1326,334,9,2026-02-18,2026-03-03,General,Low,Completed,207.1
1327,335,9,2025-10-08,2025-10-09,General,High,Completed,34.5
1328,335,9,2025-09-22,2025-10-09,Electrical,Low,Completed,191.06
1329,335,9,2025-08-23,2025-09-05,General,Low,Completed,152.69
1330,335,9,2025-12-30,2026-01-15,Electrical,Normal,Completed,188.25
1331,335,9,2026-08-08,2026-08-09,Roofing,Emergency,Completed,3517.11
1332,336,9,2024-06-30,2024-07-02,General,Normal,Completed,24.57
1333,336,9,2024-06-14,2024-06-17,HVAC,High,Completed,1220.44
1334,336,9,2026-03-17,2026-03-20,Electrical,Normal,Completed,362.06
1335,336,9,2024-12-12,2024-12-14,Appliance,Normal,Completed,146.85
1336,336,9,2026-02-26,2026-02-26,HVAC,Emergency,Completed,827.88
1337,336,9,2026-06-22,2026-06-26,General,Normal,Completed,65.63
1338,336,9,2025-10-06,2025-10-07,Plumbing,High,Completed,191.78
1339,336,9,2024-09-17,2024-09-19,Appliance,Low,Completed,392.86
1340,336,9,2026-02-01,2026-02-19,General,Normal,Completed,115.26
1341,337,9,2026-03-21,2026-04-08,General,Normal,Completed,97.82
1342,337,9,2025-08-19,2025-09-06,General,Normal,Completed,126.59
1343,337,9,2026-08-23,2026-08-25,HVAC,Low,Completed,667.93
1344,338,9,2025-01-27,2025-01-29,HVAC,Normal,Completed,385.69
1345,338,9,2026-08-18,2026-08-30,Electrical,Low,Completed,622.15
1346,338,9,2026-07-13,2026-07-17,Electrical,Low,Completed,161.23
1347,338,9,2025-12-28,2025-12-30,Electrical,High,Completed,511.65
1348,338,9,2026-01-31,2026-02-09,Roofing,Low,Completed,803.33
1349,338,9,2026-08-26,2026-08-30,Pest,Normal,Completed,97.09
1350,339,9,2025-08-04,2025-08-04,Plumbing,Emergency,Completed,99.73
1351,339,9,2026-07-17,2026-07-22,Plumbing,Normal,Completed,966.9
1352,339,9,2024-09-10,2024-09-18,Roofing,Normal,Completed,2982.88
1353,340,10,2025-10-10,2025-10-20,Plumbing,Normal,Completed,428.29
1354,340,10,2026-07-08,2026-07-11,Pest,High,Completed,329.94
1355,340,10,2026-01-31,2026-02-07,HVAC,Normal,Completed,307.54
1356,340,10,2024-08-16,2024-08-22,HVAC,Normal,Completed,331.21
1357,340,10,2025-10-19,2025-11-05,General,Low,Completed,74.94
1358,340,10,2024-05-06,2024-05-10,HVAC,Normal,Completed,317.01
1359,341,10,2024-08-08,2024-08-09,Plumbing,Normal,Completed,583.49
1360,342,10,2024-12-09,2024-12-16,Plumbing,Low,Completed,124.94
1361,342,10,2024-07-27,2024-08-07,Appliance,Normal,Completed,241.94
1362,342,10,2026-07-10,2026-07-22,General,Normal,Completed,129.31
1363,342,10,2025-07-13,2025-07-15,Pest,Normal,Completed,75.21
1364,342,10,2024-11-09,2024-11-18,Plumbing,Low,Completed,518.29
1365,342,10,2025-08-20,2025-08-31,HVAC,Low,Completed,582.3
1366,343,10,2024-11-17,2024-11-23,Electrical,Normal,Completed,109.71
1367,343,10,2024-10-12,2024-10-24,General,Low,Completed,44.45
1368,343,10,2026-06-30,2026-07-03,General,High,Completed,76.78
1369,343,10,2025-08-02,2025-08-05,Appliance,Low,Completed,212.96
1370,343,10,2026-08-10,2026-08-12,Electrical,Low,Completed,101.74
1371,343,10,2024-01-14,2024-01-24,HVAC,Normal,Completed,1454.55
1372,344,10,2025-11-26,2025-11-29,General,Normal,Completed,146.21
1373,344,10,2025-05-29,2025-06-03,Appliance,Normal,Completed,294.38
1374,344,10,2025-12-17,2025-12-20,General,Normal,Completed,199.25
1375,345,10,2024-10-29,2024-10-31,General,Normal,Completed,168.67
1376,345,10,2024-03-12,2024-03-15,Electrical,Normal,Completed,268.64
1377,345,10,2024-03-16,2024-03-31,Appliance,Normal,Completed,256.8
1378,345,10,2026-09-11,2026-09-15,Electrical,Normal,Completed,139.65
1379,346,10,2025-05-12,2025-05-17,Plumbing,Normal,Completed,674.13
1380,346,10,2024-03-29,2024-04-03,HVAC,Normal,Completed,1105.24
1381,346,10,2024-06-01,2024-06-18,General,Low,Completed,63.97
1382,347,10,2026-09-28,,Electrical,Normal,Open,
1383,347,10,2024-09-01,2024-09-20,Appliance,Low,Completed,130.81
1384,347,10,2025-04-16,2025-04-17,HVAC,Normal,Completed,481.2
1385,347,10,2024-07-20,2024-07-22,General,Normal,Completed,273.68
1386,348,10,2024-01-13,2024-01-19,Pest,Normal,Completed,159.58
1387,348,10,2026-06-16,2026-06-30,Electrical,Low,Completed,233.76
1388,349,10,2025-12-25,2025-12-25,HVAC,Emergency,Completed,272.63
1389,350,10,2025-07-05,2025-07-12,Plumbing,Low,Completed,238.45
1390,350,10,2024-11-14,2024-11-28,HVAC,Normal,Completed,811.78
1391,350,10,2026-04-15,2026-04-22,General,Normal,Completed,189.31
1392,351,10,2025-10-26,2025-10-28,HVAC,Low,Completed,726.53
1393,351,10,2024-02-17,2024-02-19,Plumbing,High,Completed,697.39
1394,351,10,2024-03-26,2024-03-31,Roofing,High,Completed,766.04
1395,351,10,2024-01-17,2024-01-28,Plumbing,Normal,Completed,921.36
1396,352,10,2024-09-22,2024-09-27,Plumbing,Normal,Completed,78.76
1397,352,10,2024-07-16,2024-07-20,Plumbing,Normal,Completed,179.58
1398,352,10,2024-11-06,2024-11-08,Appliance,Normal,Completed,145.97
1399,352,10,2026-06-10,2026-06-13,HVAC,High,Completed,2678.78
1400,353,10,2024-12-04,2024-12-10,HVAC,High,Completed,1009.66
1401,353,10,2025-12-25,2025-12-26,HVAC,High,Completed,667.53
1402,353,10,2024-10-13,2024-10-15,General,High,Completed,80.28
1403,353,10,2026-05-29,2026-06-05,General,Normal,Completed,190.19
1404,353,10,2024-10-17,2024-10-18,General,High,Completed,187.38
1405,354,10,2025-03-13,2025-03-24,Appliance,Normal,Completed,278.94
1406,355,10,2025-05-14,2025-05-21,General,Normal,Completed,101.05
1407,355,10,2026-05-07,2026-05-07,HVAC,Emergency,Completed,771.29
1408,355,10,2024-02-15,2024-03-01,HVAC,Low,Completed,589.23
1409,355,10,2025-08-22,2025-08-23,General,High,Completed,305.0
1410,355,10,2026-09-17,2026-09-20,Plumbing,High,Completed,445.65
1411,355,10,2026-05-16,2026-05-31,Roofing,Low,Completed,816.74
1412,355,10,2024-04-04,2024-04-05,Electrical,Normal,Completed,1228.07
1413,357,10,2024-09-02,2024-09-09,General,Normal,Completed,237.5
1414,357,10,2025-03-19,2025-03-25,Appliance,Normal,Completed,330.81
1415,357,10,2025-11-22,2025-12-06,Plumbing,Normal,Completed,264.16
1416,357,10,2024-05-18,2024-05-20,Appliance,Normal,Completed,157.49
1417,358,10,2024-07-14,2024-07-22,Roofing,Normal,Completed,3838.91
1418,358,10,2026-04-24,2026-04-28,Appliance,Normal,Completed,162.71
1419,358,10,2025-03-22,2025-03-24,HVAC,High,Completed,826.73
1420,358,10,2026-06-15,2026-06-16,HVAC,High,Completed,935.67
1421,358,10,2026-07-15,2026-07-23,General,Normal,Completed,68.23
1422,358,10,2024-05-11,2024-05-12,Plumbing,Emergency,Completed,183.4
1423,359,10,2024-04-18,2024-04-25,Electrical,Normal,Completed,459.43
1424,359,10,2024-02-24,2024-03-03,General,Normal,Completed,79.32
1425,359,10,2024-06-17,2024-06-28,General,Normal,Completed,142.64
1426,359,10,2025-09-22,2025-09-23,Plumbing,High,Completed,343.45
1427,360,10,2024-10-26,2024-11-01,General,Normal,Completed,86.84
1428,360,10,2025-03-24,2025-03-24,HVAC,Emergency,Completed,1316.09
1429,360,10,2025-12-21,2025-12-22,Plumbing,High,Completed,141.1
1430,360,10,2026-09-23,2026-09-27,HVAC,Normal,Completed,439.36
1431,361,10,2026-09-14,2026-09-19,Plumbing,Normal,Completed,171.87
1432,361,10,2025-11-22,2025-11-22,Plumbing,Emergency,Completed,283.59
1433,361,10,2024-04-05,2024-04-11,Appliance,High,Completed,230.13
1434,361,10,2024-06-17,2024-06-20,Plumbing,High,Completed,376.3
1435,361,10,2025-06-29,2025-07-04,Electrical,Normal,Completed,402.93
1436,361,10,2024-08-27,2024-08-30,Pest,High,Completed,50.97
1437,361,10,2024-10-14,2024-10-29,Plumbing,Normal,Completed,161.19
1438,361,10,2024-10-14,2024-10-30,Appliance,Normal,Completed,241.43
1439,362,10,2024-06-10,2024-06-22,Appliance,Normal,Completed,399.03
1440,362,10,2024-09-18,2024-09-22,General,High,Completed,224.31
1441,362,10,2025-02-26,2025-02-27,Plumbing,High,Completed,175.87
1442,362,10,2025-01-24,2025-01-30,Pest,Normal,Completed,89.35
1443,362,10,2026-05-11,2026-05-15,General,High,Completed,67.69
1444,363,10,2026-02-12,2026-02-26,HVAC,Normal,Completed,1141.4
1445,363,10,2025-03-20,2025-03-29,General,High,Completed,87.85
1446,364,10,2026-08-04,2026-08-07,Plumbing,Normal,Completed,269.44
1447,364,10,2024-06-01,2024-06-05,HVAC,Normal,Completed,675.92
1448,364,10,2024-02-06,2024-02-26,General,Normal,Completed,40.43
1449,364,10,2024-04-19,2024-05-06,Electrical,Low,Completed,128.63
1450,365,10,2025-01-21,2025-01-21,Electrical,High,Completed,923.69
1451,365,10,2024-11-20,2024-11-24,Roofing,High,Completed,3821.04
1452,366,10,2024-08-28,2024-09-17,Electrical,Normal,Completed,307.56
1453,366,10,2025-09-22,2025-10-01,Roofing,Normal,Completed,3034.97
1454,366,10,2025-09-08,2025-09-09,Electrical,High,Completed,113.24
1455,366,10,2024-02-13,2024-02-27,HVAC,Normal,Completed,1454.86
1456,366,10,2024-07-26,2024-08-01,Electrical,Low,Completed,230.09
1457,367,10,2024-03-01,2024-03-04,Plumbing,Normal,Completed,110.4
1458,367,10,2025-01-29,2025-02-05,General,Low,Completed,92.74
1459,367,10,2025-09-13,2025-09-16,Electrical,High,Completed,521.98
1460,367,10,2025-03-23,2025-03-23,General,Normal,Completed,265.8
1461,368,10,2024-09-03,2024-09-21,General,Low,Completed,229.79
1462,368,10,2024-02-26,2024-03-04,Electrical,Normal,Completed,72.65
1463,368,10,2024-05-20,2024-05-25,Plumbing,Normal,Completed,399.46
1464,369,10,2024-09-08,2024-10-05,Appliance,Normal,Completed,223.27
1465,370,10,2024-07-30,2024-08-05,General,Normal,Completed,65.44
1466,370,10,2024-05-21,2024-05-27,Roofing,Normal,Completed,2466.41
1467,370,10,2024-05-12,2024-05-24,HVAC,Normal,Completed,895.09
1468,370,10,2025-03-28,2025-04-05,HVAC,Normal,Completed,1207.65
1469,371,10,2025-06-23,2025-06-24,HVAC,Emergency,Completed,931.33
1470,371,10,2024-07-01,2024-07-12,Plumbing,Low,Completed,482.59
1471,372,10,2024-11-21,2024-11-30,General,Normal,Completed,165.55
1472,372,10,2024-04-15,2024-04-18,HVAC,Low,Completed,294.5
1473,372,10,2025-01-02,2025-01-10,Plumbing,High,Completed,658.12
1474,372,10,2026-05-13,2026-05-13,Plumbing,Normal,Completed,586.53
1475,372,10,2024-06-02,2024-06-06,General,High,Completed,185.05
1476,373,10,2026-05-10,2026-05-22,HVAC,Normal,Completed,1180.08
1477,373,10,2026-09-04,2026-09-07,General,Normal,Completed,92.16
1478,373,10,2024-10-06,2024-10-12,General,Normal,Completed,104.92
1479,373,10,2024-04-13,2024-04-20,General,High,Completed,120.4
1480,373,10,2026-08-08,2026-08-08,HVAC,High,Completed,764.46
1481,373,10,2026-08-08,2026-08-10,Appliance,Normal,Completed,209.4
1482,373,10,2025-07-23,2025-07-26,Appliance,High,Completed,272.21
1483,373,10,2025-01-08,2025-01-27,General,Low,Completed,85.33
1484,374,10,2025-04-16,2025-04-23,General,Normal,Completed,103.21
1485,374,10,2025-12-18,2025-12-21,Appliance,Normal,Completed,392.92
1486,374,10,2025-11-27,2025-12-08,HVAC,Normal,Completed,901.63
1487,375,10,2024-07-14,2024-07-22,Pest,Normal,Completed,57.32
1488,375,10,2025-11-08,2025-11-11,Electrical,Normal,Completed,155.54
1489,376,10,2025-06-13,2025-06-17,Appliance,Normal,Completed,182.76
1490,376,10,2024-03-17,2024-03-21,Appliance,Normal,Completed,143.97
1491,376,10,2026-01-16,2026-01-18,General,High,Completed,113.52
1492,377,11,2025-08-27,2025-08-30,HVAC,Low,Completed,398.09
1493,377,11,2024-11-28,2024-11-29,Plumbing,Emergency,Completed,235.02
1494,377,11,2025-06-29,2025-07-13,Pest,Normal,Completed,58.33
1495,378,11,2026-02-28,2026-03-04,Appliance,High,Completed,193.4
1496,378,11,2025-04-20,2025-04-25,Plumbing,Low,Completed,213.35
1497,378,11,2025-09-02,2025-09-14,General,Low,Completed,90.73
1498,378,11,2025-11-20,2025-11-28,Plumbing,Low,Completed,407.88
1499,378,11,2024-05-03,2024-05-30,Appliance,Low,Completed,128.42
1500,378,11,2025-04-13,2025-04-24,Plumbing,Normal,Completed,280.75
1501,379,11,2026-06-18,2026-06-22,Pest,Normal,Completed,44.45
1502,379,11,2025-05-01,2025-05-03,Electrical,High,Completed,1770.82
1503,379,11,2024-11-11,2024-11-17,Appliance,Normal,Completed,221.36
1504,379,11,2025-05-10,2025-05-11,Appliance,Low,Completed,185.04
1505,379,11,2026-01-29,2026-01-31,Appliance,Low,Completed,225.69
1506,380,11,2024-08-29,2024-08-29,General,Emergency,Completed,134.18
1507,380,11,2024-02-19,2024-02-20,Roofing,Normal,Completed,1099.93
1508,380,11,2025-04-29,2025-05-07,HVAC,Normal,Completed,738.74
1509,381,11,2025-12-08,2026-01-13,Appliance,Low,Completed,108.94
1510,381,11,2024-05-16,2024-05-28,Appliance,Low,Completed,341.28
1511,381,11,2025-01-20,2025-01-20,Pest,Emergency,Completed,95.47
1512,381,11,2025-07-08,2025-07-22,Pest,Normal,Completed,232.37
1513,382,11,2024-08-07,2024-08-11,Appliance,Normal,Completed,225.57
1514,382,11,2025-07-19,2025-07-28,General,Normal,Completed,198.45
1515,383,11,2024-12-21,2024-12-31,HVAC,Low,Completed,372.64
1516,383,11,2024-05-04,2024-05-15,Electrical,Low,Completed,440.5
1517,383,11,2024-07-08,2024-07-10,Appliance,Normal,Completed,136.56
1518,384,11,2025-07-02,2025-07-04,General,Normal,Completed,161.21
1519,384,11,2026-07-24,2026-08-10,General,Low,Completed,90.95
1520,385,11,2026-01-02,2026-01-10,General,Normal,Completed,66.2
1521,385,11,2026-04-20,2026-04-24,Pest,High,Completed,97.09
1522,385,11,2025-04-21,2025-04-30,Electrical,Normal,Completed,256.54
1523,385,11,2026-04-10,2026-04-18,HVAC,Normal,Completed,1067.08
1524,386,11,2025-05-30,2025-05-30,HVAC,High,Completed,581.52
1525,386,11,2026-06-04,2026-06-13,General,Low,Completed,304.94
1526,386,11,2024-10-24,2024-11-07,Roofing,Low,Completed,3693.87
1527,386,11,2025-09-09,2025-09-11,Plumbing,Normal,Completed,518.06
1528,387,11,2024-02-17,2024-02-18,Plumbing,Emergency,Completed,458.19
1529,387,11,2024-01-03,2024-01-12,HVAC,Low,Completed,1369.38
1530,387,11,2024-03-22,2024-05-02,HVAC,Low,Completed,505.97
1531,387,11,2024-01-31,2024-02-09,Plumbing,Normal,Completed,612.43
1532,387,11,2025-11-29,2025-12-23,Plumbing,Low,Completed,293.6
1533,387,11,2025-02-01,2025-02-02,Roofing,Normal,Completed,2268.25
1534,387,11,2026-04-18,2026-04-29,General,Normal,Completed,194.38
1535,388,11,2025-06-30,2025-07-05,General,High,Completed,96.57
1536,388,11,2024-08-26,2024-08-27,Plumbing,High,Completed,394.44
1537,389,11,2026-05-11,2026-06-11,General,Low,Completed,135.13
1538,389,11,2024-06-06,2024-06-18,HVAC,Normal,Completed,920.38
1539,389,11,2026-08-09,2026-08-17,Electrical,Emergency,Completed,153.38
1540,390,11,2024-05-23,2024-05-27,Electrical,High,Completed,772.93
1541,390,11,2026-05-08,2026-05-11,Plumbing,Normal,Completed,459.13
1542,391,11,2025-10-02,2025-10-14,Plumbing,Normal,Completed,261.19
1543,391,11,2024-05-08,2024-05-13,Plumbing,High,Completed,400.65
1544,392,11,2025-03-02,2025-05-02,Electrical,Low,Completed,181.46
1545,392,11,2025-10-19,2025-10-21,Appliance,High,Completed,43.42
1546,392,11,2026-03-16,2026-03-21,Appliance,Normal,Completed,231.16
1547,392,11,2024-09-23,2024-09-24,Pest,Normal,Completed,244.14
1548,392,11,2025-01-11,2025-01-24,Plumbing,Normal,Completed,273.59
1549,392,11,2025-11-29,2025-12-04,Plumbing,Normal,Completed,436.13
1550,393,12,2026-05-06,2026-05-08,Plumbing,High,Completed,154.1
1551,393,12,2024-04-01,2024-04-20,Plumbing,Low,Completed,359.98
1552,394,12,2025-05-30,2025-06-01,Plumbing,High,Completed,221.31
1553,394,12,2025-07-21,2025-07-31,HVAC,Normal,Completed,350.59
1554,394,12,2024-05-21,2024-05-21,Electrical,Normal,Completed,1266.34
1555,395,12,2026-09-26,,General,Low,Open,
1556,395,12,2025-01-06,2025-01-12,Appliance,Normal,Completed,154.45
1557,395,12,2026-09-06,2026-09-12,Plumbing,Normal,Completed,390.96
1558,396,12,2024-12-14,2024-12-26,Plumbing,Normal,Completed,196.41
1559,396,12,2024-07-20,2024-07-24,HVAC,High,Completed,473.9
1560,396,12,2025-07-10,2025-07-25,Appliance,Normal,Completed,398.39
1561,396,12,2026-01-15,2026-02-02,HVAC,Normal,Completed,627.98
1562,396,12,2024-05-01,2024-05-12,Plumbing,Normal,Completed,646.34
1563,397,12,2024-05-07,2024-05-20,General,Normal,Completed,95.76
1564,397,12,2025-07-13,2025-07-16,General,High,Completed,111.69
1565,398,12,2025-02-27,2025-03-01,Roofing,High,Completed,3130.97
1566,398,12,2026-01-07,2026-01-13,Appliance,High,Completed,118.89
1567,399,12,2024-04-08,2024-04-18,General,Low,Completed,50.37
1568,399,12,2025-10-12,2025-10-17,Appliance,Low,Completed,415.34
1569,399,12,2025-08-06,2025-08-19,Appliance,Normal,Completed,227.53
1570,399,12,2024-02-14,2024-02-14,Plumbing,Low,Completed,513.89
1571,399,12,2024-10-04,2024-10-20,General,Low,Completed,131.26
1572,400,12,2026-09-08,2026-09-09,General,High,Completed,121.47
1573,400,12,2025-05-13,2025-05-15,HVAC,Normal,Completed,386.73
1574,401,12,2025-01-19,2025-01-25,HVAC,Normal,Completed,676.11
1575,402,12,2026-06-15,2026-06-16,Pest,High,Completed,583.91
1576,402,12,2024-01-06,2024-01-08,Electrical,High,Completed,147.43
1577,402,12,2026-05-07,2026-05-11,Electrical,High,Completed,211.03
1578,402,12,2025-07-27,2025-08-05,Electrical,Normal,Completed,537.58
1579,403,12,2026-03-22,2026-03-23,General,High,Completed,56.72
1580,403,12,2024-11-02,2024-11-03,Pest,High,Completed,310.04
1581,403,12,2024-02-10,2024-02-18,Electrical,Normal,Completed,589.9
1582,403,12,2025-01-08,2025-01-12,General,High,Completed,134.5
1583,404,12,2025-04-07,2025-04-15,Plumbing,Low,Completed,365.13
1584,405,12,2026-07-27,2026-07-31,Pest,Normal,Completed,109.61
1585,405,12,2024-11-02,2024-11-11,General,Low,Completed,191.26
1586,406,12,2025-02-15,2025-02-22,Electrical,Normal,Completed,368.54
1587,407,12,2025-08-09,2025-08-09,Appliance,Normal,Completed,163.64
1588,407,12,2026-04-14,2026-04-17,HVAC,Normal,Completed,239.44
1589,407,12,2025-12-23,2026-01-06,General,Normal,Completed,87.46
1590,407,12,2026-02-06,2026-02-15,Plumbing,Normal,Completed,603.1
1591,408,12,2024-02-17,2024-02-26,HVAC,Low,Completed,391.39
1592,408,12,2025-01-31,2025-02-01,General,Emergency,Completed,218.18
1593,409,12,2024-11-14,2024-11-15,HVAC,High,Completed,761.36
1594,409,12,2024-11-21,2024-12-10,Pest,Normal,Completed,313.53
1595,409,12,2024-11-13,2024-11-14,General,Normal,Completed,102.39
1596,410,12,2025-07-30,2025-07-31,Plumbing,Emergency,Completed,670.94
1597,410,12,2024-09-06,2024-09-16,General,Low,Completed,122.96
1598,411,12,2025-10-16,2025-10-26,Electrical,Low,Completed,409.44
1599,411,12,2024-04-15,2024-04-15,General,High,Completed,195.07
1600,412,12,2026-05-18,2026-05-20,Appliance,Normal,Completed,293.92
1601,412,12,2024-04-23,2024-04-26,Roofing,Normal,Completed,4539.95
1602,413,12,2025-03-28,2025-04-05,Plumbing,Normal,Completed,209.28
1603,414,12,2026-02-19,2026-02-25,Appliance,Low,Completed,74.64
1604,414,12,2024-09-04,2024-09-21,Appliance,Normal,Completed,280.16
1605,414,12,2026-08-18,2026-08-30,General,Low,Completed,120.38
1606,414,12,2025-12-27,2025-12-27,Plumbing,Emergency,Completed,137.37
1607,414,12,2024-10-14,2024-10-16,Appliance,High,Completed,537.36
1608,415,12,2024-12-28,2024-12-28,Electrical,Emergency,Completed,336.51
1609,415,12,2026-06-30,2026-06-30,HVAC,High,Completed,3031.18
1610,415,12,2024-02-29,2024-03-25,HVAC,Low,Completed,959.87
1611,416,12,2024-10-30,2024-11-05,HVAC,High,Completed,1371.79
1612,416,12,2026-09-29,,General,Normal,Open,
1613,417,12,2025-01-04,2025-01-07,HVAC,Normal,Completed,866.06
1614,417,12,2024-10-16,2024-10-27,Plumbing,Low,Completed,311.51
1615,417,12,2024-11-11,2024-11-20,Plumbing,Normal,Completed,176.47
1616,417,12,2024-08-19,2024-08-21,Pest,High,Completed,312.5
1617,417,12,2024-06-02,2024-06-12,General,Normal,Completed,102.84
1618,418,12,2025-08-23,2025-08-26,Appliance,Normal,Completed,60.51
1619,418,12,2025-07-07,2025-07-11,Plumbing,Normal,Completed,200.15
1620,418,12,2024-04-27,2024-05-02,General,Normal,Completed,79.65
1621,418,12,2024-12-30,2025-01-15,Electrical,Normal,Completed,341.0
1622,418,12,2024-02-23,2024-02-24,Appliance,Normal,Completed,383.99
1623,418,12,2024-01-19,2024-02-03,Electrical,Normal,Completed,161.79
1624,419,12,2026-08-18,2026-08-19,Plumbing,High,Completed,318.87
1625,420,12,2024-10-19,2024-10-25,Roofing,Normal,Completed,2172.4
1626,420,12,2024-11-20,2024-11-25,General,Low,Completed,206.92
1627,420,12,2026-05-29,2026-06-02,Appliance,Normal,Completed,123.16
1628,420,12,2026-04-12,2026-04-12,Plumbing,Emergency,Completed,137.31
1629,422,12,2025-02-01,2025-02-04,General,High,Completed,95.82
1630,422,12,2024-02-06,2024-02-15,Appliance,Normal,Completed,204.44
1631,422,12,2024-07-04,2024-07-07,General,Normal,Completed,219.75
1632,422,12,2025-12-02,2025-12-04,General,Emergency,Completed,337.54
1633,422,12,2024-11-23,2024-11-26,HVAC,Normal,Completed,818.37
1634,423,12,2026-09-10,2026-09-30,General,Normal,Completed,123.28
1635,423,12,2026-01-04,2026-01-05,General,High,Completed,105.35
1636,423,12,2024-04-01,2024-04-14,General,Normal,Completed,90.44
1637,423,12,2026-08-10,2026-09-06,Electrical,Normal,Completed,125.12
1638,424,12,2026-04-19,2026-04-22,Plumbing,High,Completed,281.79
1639,424,12,2025-11-14,2025-11-19,Appliance,Normal,Completed,310.11
1640,424,12,2025-10-05,2025-10-17,HVAC,Low,Completed,626.92
1641,424,12,2024-07-29,2024-07-29,Appliance,Emergency,Completed,61.78
1642,425,12,2024-01-16,2024-01-18,Plumbing,Emergency,Completed,217.32
1643,425,12,2026-08-16,2026-08-25,Electrical,Low,Completed,260.35
1644,425,12,2025-11-26,2025-11-27,HVAC,Normal,Completed,661.65
1645,425,12,2025-11-13,2025-11-20,Appliance,Normal,Completed,531.28
1646,425,12,2026-08-04,2026-08-12,Electrical,Normal,Completed,528.05
1647,426,12,2026-09-27,,Plumbing,High,Open,
1648,426,12,2026-04-09,2026-04-14,Appliance,High,Completed,37.66
1649,426,12,2024-10-10,2024-10-23,Electrical,Normal,Completed,78.6
1650,427,12,2024-04-02,2024-04-02,HVAC,High,Completed,380.63
1651,427,12,2024-12-01,2024-12-02,Electrical,High,Completed,419.43
1652,427,12,2025-10-07,2025-10-08,Appliance,Emergency,Completed,188.88
1653,427,12,2024-11-07,2024-11-08,Roofing,High,Completed,1356.56
1654,427,12,2026-04-27,2026-05-09,Appliance,Normal,Completed,167.64
1655,428,12,2026-09-27,,HVAC,Normal,Open,
1656,428,12,2024-07-12,2024-07-16,Electrical,Normal,Completed,461.52
1657,428,12,2024-03-04,2024-03-18,HVAC,Low,Completed,800.14
1658,429,12,2024-10-13,2024-10-29,Electrical,Normal,Completed,87.24
1659,429,12,2024-07-14,2024-08-18,HVAC,Low,Completed,1615.99
1660,429,12,2025-12-08,2025-12-12,HVAC,Normal,Completed,798.25
1661,429,12,2025-10-26,2025-11-02,Electrical,High,Completed,111.61
1662,429,12,2025-12-29,2026-01-08,General,Normal,Completed,138.08
1663,430,12,2026-02-12,2026-02-16,Plumbing,Normal,Completed,311.62
1664,430,12,2025-11-15,2025-11-22,Plumbing,High,Completed,229.85
1665,430,12,2024-01-24,2024-01-25,Electrical,Emergency,Completed,228.34
1666,430,12,2024-07-11,2024-07-11,Pest,Normal,Completed,219.21
1667,430,12,2025-12-30,2026-01-15,General,Normal,Completed,101.51
1668,431,12,2024-06-09,2024-07-16,Electrical,Low,Completed,214.84
1669,431,12,2024-02-22,2024-02-27,Electrical,Normal,Completed,156.5
1670,431,12,2025-04-16,2025-04-18,Appliance,High,Completed,378.86
1671,431,12,2026-04-18,2026-04-29,Roofing,Normal,Completed,6202.28
1672,431,12,2025-12-06,2025-12-09,Plumbing,Normal,Completed,1918.13
1673,431,12,2024-07-13,2024-07-16,Pest,Normal,Completed,175.36
1674,432,12,2025-03-01,2025-03-04,General,Normal,Completed,316.08
1675,432,12,2024-05-27,2024-06-06,Appliance,Normal,Completed,287.94
1676,432,12,2025-02-08,2025-02-20,Plumbing,Low,Completed,544.49
1677,433,12,2026-05-30,2026-06-04,HVAC,Normal,Completed,328.16
1678,433,12,2026-02-13,2026-03-12,Pest,Low,Completed,28.97
1679,434,12,2026-07-12,2026-07-15,Plumbing,High,Completed,198.19
1680,434,12,2024-10-27,2024-11-02,HVAC,High,Completed,1303.34
1681,434,12,2026-02-09,2026-02-24,Plumbing,Normal,Completed,1269.07
1682,434,12,2024-05-07,2024-05-15,Plumbing,Normal,Completed,285.17
1683,434,12,2024-03-31,2024-04-01,General,Normal,Completed,118.59
1684,434,12,2025-12-18,2026-01-09,HVAC,Low,Completed,694.8
1685,435,12,2026-08-07,2026-08-09,Plumbing,Emergency,Completed,219.6
1686,435,12,2025-04-15,2025-04-18,Electrical,High,Completed,119.74
1687,435,12,2024-09-01,2024-09-08,HVAC,Normal,Completed,392.78
1688,435,12,2024-04-06,2024-04-18,Plumbing,Normal,Completed,615.48
1689,436,12,2024-08-18,2024-08-22,Appliance,High,Completed,137.94
1690,436,12,2025-11-17,2025-11-25,General,Normal,Completed,109.03
1691,436,12,2026-09-01,2026-09-10,Roofing,Normal,Completed,1510.88
1692,437,12,2025-03-24,2025-04-13,Appliance,Normal,Completed,511.17
1693,437,12,2024-02-17,2024-02-19,Roofing,High,Completed,1034.43
1694,437,12,2025-09-10,2025-09-13,Appliance,High,Completed,176.68
1695,437,12,2026-07-17,2026-07-17,HVAC,High,Completed,305.58
1696,438,12,2024-10-09,2024-10-10,Plumbing,High,Completed,669.28
1697,438,12,2026-08-02,2026-08-19,Plumbing,Normal,Completed,333.75
1698,438,12,2024-10-21,2024-10-24,General,High,Completed,52.77
1699,439,12,2024-02-21,2024-03-06,General,Normal,Completed,81.55
1700,439,12,2024-03-14,2024-03-18,Plumbing,Normal,Completed,239.52
1701,440,12,2024-08-21,2024-08-28,Plumbing,Normal,Completed,338.95
1702,440,12,2025-04-12,2025-04-14,Electrical,Normal,Completed,102.37
1703,440,12,2025-04-18,2025-04-29,Appliance,Normal,Completed,113.67
1704,440,12,2024-08-17,2024-08-17,General,High,Completed,54.4
1705,441,12,2024-07-21,2024-07-23,HVAC,Normal,Completed,545.95
1706,442,12,2025-10-13,2025-10-20,Plumbing,Normal,Completed,210.13
1707,442,12,2025-12-15,2025-12-18,General,Normal,Completed,191.77
1708,442,12,2026-04-18,2026-04-25,General,Normal,Completed,140.72
1709,442,12,2025-09-20,2025-09-20,General,Emergency,Completed,128.7
1710,442,12,2024-06-15,2024-07-11,HVAC,Low,Completed,908.02
1711,442,12,2024-11-21,2024-11-23,Plumbing,High,Completed,702.19
1712,442,12,2026-04-06,2026-04-11,General,Normal,Completed,75.01
1713,443,12,2026-01-11,2026-01-13,HVAC,High,Completed,587.02
1714,443,12,2026-05-27,2026-06-08,Plumbing,Normal,Completed,550.88
1715,443,12,2024-06-06,2024-06-07,HVAC,Emergency,Completed,399.94
1716,444,12,2024-09-01,2024-09-11,General,Normal,Completed,183.94
1717,444,12,2024-05-28,2024-05-29,Appliance,High,Completed,229.85
1718,444,12,2024-01-24,2024-01-27,General,Low,Completed,193.08
1719,445,12,2026-08-23,2026-08-28,Pest,Normal,Completed,387.08
1720,445,12,2024-11-01,2024-11-08,Appliance,Normal,Completed,337.97
1721,445,12,2024-03-14,2024-03-22,Plumbing,Low,Completed,299.82
1722,446,12,2024-05-11,2024-05-18,HVAC,Normal,Completed,227.95
1723,446,12,2025-08-10,2025-08-13,General,Normal,Completed,121.37
1724,447,12,2025-01-02,2025-01-09,Plumbing,High,Completed,416.38
1725,447,12,2024-09-22,2024-09-28,Plumbing,Low,Completed,373.39
1726,448,12,2026-07-27,2026-08-01,HVAC,Normal,Completed,1204.17
1727,448,12,2024-11-17,2024-11-20,Pest,High,Completed,278.93
1728,448,12,2024-02-25,2024-04-08,Plumbing,Normal,Completed,167.82
1729,449,12,2024-07-11,2024-07-15,Electrical,Normal,Completed,192.72
1730,449,12,2024-07-23,2024-08-03,Plumbing,Low,Completed,741.77
1731,449,12,2025-09-14,2025-09-27,General,Low,Completed,74.81
1732,449,12,2026-02-15,2026-02-25,General,Normal,Completed,237.06
1733,450,12,2026-05-01,2026-05-07,HVAC,Low,Completed,797.23
1734,450,12,2025-08-20,2025-09-13,HVAC,Low,Completed,919.19
1735,450,12,2026-03-16,2026-03-17,Appliance,Low,Completed,111.57
1736,450,12,2025-12-10,2026-01-11,General,Low,Completed,166.82
1737,450,12,2024-04-19,2024-04-26,HVAC,Low,Completed,554.76
1738,450,12,2025-03-03,2025-03-19,Plumbing,Low,Completed,320.48
1739,450,12,2026-08-13,2026-08-22,HVAC,Low,Completed,695.11
1740,451,12,2026-01-30,2026-02-13,HVAC,Low,Completed,285.72
1741,451,12,2025-06-09,2025-06-30,General,Low,Completed,151.77
1742,451,12,2026-07-01,2026-07-10,Plumbing,Normal,Completed,130.82
1743,451,12,2025-12-12,2025-12-14,Appliance,High,Completed,195.46
1744,451,12,2026-09-10,2026-09-21,Pest,Low,Completed,174.27
1745,451,12,2024-07-18,2024-07-27,General,Normal,Completed,224.31
1746,452,12,2025-12-06,2025-12-12,Plumbing,Normal,Completed,365.96
1747,453,12,2024-06-12,2024-06-19,Appliance,Normal,Completed,133.59
1748,454,12,2024-05-14,2024-05-15,Appliance,Normal,Completed,127.22
1749,454,12,2026-07-22,2026-07-22,Appliance,Emergency,Completed,340.07
1750,454,12,2026-07-03,2026-07-06,Plumbing,High,Completed,457.85
1751,455,12,2024-02-10,2024-02-11,General,Emergency,Completed,61.89
1752,455,12,2026-05-18,2026-05-30,Appliance,Low,Completed,118.07
1753,456,12,2026-06-08,2026-06-10,Plumbing,High,Completed,575.63
1754,456,12,2026-05-22,2026-06-10,HVAC,Normal,Completed,221.16
1755,456,12,2024-01-25,2024-01-28,Plumbing,High,Completed,166.71
1756,457,12,2026-06-12,2026-06-16,Plumbing,Low,Completed,243.3
1757,457,12,2025-03-21,2025-03-22,Appliance,Normal,Completed,258.92
1758,457,12,2024-02-25,2024-03-10,HVAC,Low,Completed,444.99
1759,457,12,2024-03-05,2024-03-10,Electrical,Low,Completed,412.82
1760,457,12,2024-10-06,2024-10-08,General,Low,Completed,254.65
1761,457,12,2026-01-26,2026-01-30,General,Low,Completed,57.91
1762,458,12,2024-11-11,2024-11-14,Pest,Normal,Completed,223.28
1763,459,12,2025-05-03,2025-05-13,Plumbing,Normal,Completed,763.34
1764,459,12,2024-02-04,2024-02-10,General,Normal,Completed,81.67
1765,459,12,2026-04-18,2026-04-18,HVAC,High,Completed,1026.28
1766,459,12,2025-10-04,2025-10-08,Appliance,Low,Completed,585.84
1767,459,12,2024-12-29,2024-12-30,General,Normal,Completed,104.62
1768,460,12,2024-12-22,2024-12-23,Appliance,Emergency,Completed,487.8
1769,460,12,2026-04-25,2026-04-26,Electrical,Low,Completed,736.87
1770,460,12,2026-05-08,2026-05-13,Plumbing,Normal,Completed,446.21
1771,461,12,2024-03-04,2024-03-07,HVAC,Normal,Completed,2502.38
1772,461,12,2026-07-02,2026-07-11,Appliance,Normal,Completed,179.83
1773,461,12,2025-06-09,2025-06-16,Plumbing,Normal,Completed,69.83
1774,462,12,2025-11-14,2025-11-24,Pest,Normal,Completed,92.79
1775,462,12,2026-04-25,2026-05-21,Plumbing,Low,Completed,389.86
1776,463,12,2025-01-11,2025-01-15,HVAC,High,Completed,682.79
1777,463,12,2024-07-04,2024-07-05,Appliance,Normal,Completed,192.1
1778,463,12,2026-09-08,2026-09-11,Roofing,High,Completed,3459.37
1779,464,12,2024-07-08,2024-07-12,General,Low,Completed,281.06
1780,464,12,2024-12-09,2024-12-24,General,Normal,Completed,211.58
1781,464,12,2024-10-27,2024-10-29,Appliance,High,Completed,347.25
1782,465,12,2024-06-12,2024-06-23,General,Normal,Completed,110.01
1783,465,12,2025-03-10,2025-03-17,General,Normal,Completed,85.03
1784,465,12,2024-08-01,2024-08-07,General,Normal,Completed,177.58
1785,465,12,2026-02-23,2026-02-23,General,Normal,Completed,189.31
1786,466,12,2024-10-05,2024-10-05,HVAC,Emergency,Completed,340.31
1787,467,12,2026-05-25,2026-05-30,Plumbing,Emergency,Completed,242.95
1788,467,12,2025-06-06,2025-06-10,General,Normal,Completed,112.12
1789,468,12,2024-04-06,2024-04-07,General,Normal,Completed,85.48
1790,468,12,2024-04-10,2024-04-15,General,High,Completed,161.19
1791,468,12,2024-10-22,2024-10-23,Plumbing,High,Completed,385.93
1792,468,12,2025-12-10,2025-12-27,Electrical,Normal,Completed,587.23
1793,469,12,2025-11-03,2025-11-08,Plumbing,High,Completed,778.44
1794,470,13,2025-02-11,2025-03-13,General,Normal,Completed,133.31
1795,470,13,2025-02-21,2025-02-23,Appliance,Normal,Completed,160.03
1796,470,13,2025-02-24,2025-03-17,HVAC,Low,Completed,717.51
1797,470,13,2024-09-06,2024-09-14,Plumbing,Normal,Completed,579.22
1798,471,13,2026-03-22,2026-03-26,Appliance,Low,Completed,94.25
1799,472,13,2025-10-19,2025-10-19,Plumbing,Emergency,Completed,115.17
1800,473,13,2024-09-22,2024-09-26,HVAC,High,Completed,632.09
1801,473,13,2024-05-04,2024-05-04,HVAC,Emergency,Completed,642.66
1802,473,13,2026-04-21,2026-04-24,Pest,High,Completed,141.3
1803,473,13,2026-06-24,2026-06-29,Plumbing,Normal,Completed,484.36
1804,473,13,2025-11-13,2025-11-22,Electrical,Normal,Completed,280.5
1805,474,13,2025-08-13,2025-08-14,General,Emergency,Completed,77.14
1806,474,13,2026-07-10,2026-07-20,Appliance,Normal,Completed,269.64
1807,474,13,2024-09-06,2024-09-24,Electrical,Normal,Completed,248.95
1808,475,13,2025-03-08,2025-03-12,Plumbing,Normal,Completed,275.55
1809,475,13,2025-12-03,2025-12-06,General,Normal,Completed,121.05
1810,475,13,2026-04-12,2026-04-14,Electrical,Normal,Completed,360.59
1811,475,13,2024-07-03,2024-07-12,Appliance,Low,Completed,78.31
1812,475,13,2024-12-29,2025-01-03,Plumbing,Normal,Completed,285.36
1813,476,13,2025-04-02,2025-04-06,Plumbing,Normal,Completed,451.19
1814,476,13,2024-06-23,2024-06-25,Plumbing,High,Completed,108.91
1815,476,13,2025-11-09,2025-11-15,Plumbing,Normal,Completed,216.21
1816,476,13,2025-04-28,2025-05-02,Electrical,Normal,Completed,353.24
1817,476,13,2024-01-09,2024-01-14,Plumbing,Normal,Completed,144.48
1818,476,13,2024-05-06,2024-05-21,HVAC,Normal,Completed,836.75
1819,476,13,2025-09-10,2025-09-20,Appliance,Low,Completed,506.4
1820,476,13,2025-12-07,2025-12-15,Plumbing,Low,Completed,639.84
1821,476,13,2024-05-30,2024-06-25,Appliance,Low,Completed,260.35
1822,476,13,2024-03-07,2024-03-30,Appliance,Normal,Completed,280.24
1823,476,13,2024-09-13,2024-09-19,Appliance,Normal,Completed,340.03
1824,477,13,2025-03-04,2025-03-10,Plumbing,Normal,Completed,619.89
1825,477,13,2024-06-04,2024-06-06,HVAC,High,Completed,779.94
1826,477,13,2024-07-15,2024-07-28,Electrical,Low,Completed,73.66
1827,477,13,2026-03-23,2026-03-29,Appliance,High,Completed,350.89
1828,477,13,2024-10-27,2024-10-31,General,Normal,Completed,167.62
1829,477,13,2025-11-09,2025-11-22,Plumbing,Normal,Completed,368.61
1830,477,13,2026-09-28,,HVAC,Low,Open,
1831,477,13,2026-09-25,2026-09-27,Plumbing,Normal,Completed,443.33
1832,478,13,2026-08-06,2026-08-29,Pest,Low,Completed,124.76
1833,478,13,2026-07-29,2026-08-12,Appliance,High,Completed,53.11
1834,478,13,2025-02-15,2025-02-17,Roofing,Normal,Completed,3792.93
1835,479,13,2024-10-09,2024-10-15,General,High,Completed,81.22
1836,479,13,2026-06-14,2026-06-18,HVAC,High,Completed,816.64
1837,479,13,2025-08-12,2025-09-06,Plumbing,Normal,Completed,137.16
1838,479,13,2024-01-28,2024-01-30,Electrical,High,Completed,117.49
1839,479,13,2025-04-21,2025-05-09,Plumbing,Low,Completed,325.58
1840,479,13,2025-09-08,2025-09-10,General,High,Completed,156.91
1841,479,13,2025-07-31,2025-08-09,Plumbing,Normal,Completed,506.2
1842,479,13,2025-10-31,2025-11-02,General,Normal,Completed,96.69
1843,479,13,2025-05-10,2025-06-03,General,Low,Completed,220.75
1844,479,13,2026-06-25,2026-07-22,HVAC,Low,Completed,917.02
1845,480,13,2026-07-06,2026-07-10,Appliance,High,Completed,200.33
1846,480,13,2024-03-16,2024-04-05,Plumbing,Low,Completed,222.31
1847,480,13,2024-10-27,2024-11-01,Plumbing,Low,Completed,115.75
1848,480,13,2024-06-30,2024-07-11,Appliance,Normal,Completed,193.43
1849,480,13,2025-12-24,2025-12-31,Appliance,Normal,Completed,475.61
1850,481,13,2024-03-20,2024-03-24,HVAC,Normal,Completed,1250.4
1851,481,13,2024-01-28,2024-02-08,Appliance,Normal,Completed,175.64
1852,481,13,2025-07-23,2025-07-25,HVAC,High,Completed,1761.05
1853,481,13,2025-07-18,2025-08-05,Appliance,Normal,Completed,230.07
1854,481,13,2026-02-05,2026-02-06,Pest,High,Completed,131.65
1855,482,13,2026-03-08,2026-03-13,HVAC,Normal,Completed,505.91
1856,482,13,2025-05-20,2025-05-20,Plumbing,High,Completed,242.53
1857,482,13,2025-09-14,2025-09-18,Appliance,Normal,Completed,421.75
1858,482,13,2024-09-24,2024-10-06,HVAC,Low,Completed,349.14
1859,482,13,2026-05-20,2026-06-02,Electrical,Normal,Completed,225.13
1860,482,13,2026-03-02,2026-03-23,General,Low,Completed,77.78
1861,483,13,2025-05-22,2025-06-07,Plumbing,Low,Completed,411.42
1862,483,13,2026-06-16,2026-07-01,HVAC,Normal,Completed,1013.3
1863,483,13,2026-09-04,2026-09-10,HVAC,Normal,Completed,305.46
1864,483,13,2024-07-28,2024-08-06,Electrical,Normal,Completed,273.4
1865,483,13,2026-08-22,2026-08-24,Plumbing,High,Completed,373.23
1866,483,13,2024-02-29,2024-03-01,HVAC,High,Completed,1376.19
1867,483,13,2024-06-20,2024-06-22,General,Emergency,Completed,97.58
1868,483,13,2025-04-18,2025-05-10,General,Low,Completed,186.42
1869,483,13,2025-06-21,2025-07-30,General,Low,Completed,253.11
1870,483,13,2025-02-21,2025-03-02,HVAC,Low,Completed,496.61
1871,484,14,2024-01-04,2024-01-10,Electrical,High,Completed,481.65
1872,484,14,2025-12-21,2025-12-26,Electrical,High,Completed,209.43
1873,484,14,2025-11-29,2025-12-20,Plumbing,Normal,Completed,297.97
1874,485,14,2024-10-01,2024-10-17,General,Low,Completed,197.69
1875,485,14,2026-07-31,2026-08-03,Appliance,Normal,Completed,65.42
1876,485,14,2026-04-18,2026-04-22,General,Normal,Completed,72.19
1877,485,14,2025-01-15,2025-01-25,Plumbing,Low,Completed,1078.1
1878,486,14,2025-06-17,2025-07-02,General,Low,Completed,141.72
1879,486,14,2026-09-05,2026-09-05,Electrical,Normal,Completed,218.41
1880,487,14,2024-03-04,2024-03-05,Appliance,Normal,Completed,190.19
1881,487,14,2026-09-05,2026-09-10,Appliance,Normal,Completed,222.51
1882,487,14,2024-10-28,2024-10-30,Electrical,High,Completed,1013.26
1883,487,14,2024-01-12,2024-01-21,Roofing,Normal,Completed,666.95
1884,487,14,2026-07-21,2026-07-28,Electrical,Normal,Completed,319.99
1885,489,14,2025-03-23,2025-03-30,Electrical,Low,Completed,250.45
1886,489,14,2025-07-12,2025-07-12,Plumbing,High,Completed,231.18
1887,489,14,2026-02-27,2026-03-03,Plumbing,Normal,Completed,1935.65
1888,490,14,2026-04-16,2026-04-18,Plumbing,High,Completed,284.0
1889,490,14,2026-05-21,2026-05-23,Appliance,Normal,Completed,456.95
1890,490,14,2025-07-31,2025-09-05,HVAC,Low,Completed,479.96
1891,490,14,2025-03-25,2025-03-26,HVAC,Normal,Completed,930.17
1892,491,14,2024-12-01,2024-12-16,Pest,Low,Completed,42.54
1893,491,14,2026-08-04,2026-08-06,Appliance,High,Completed,179.18
1894,491,14,2025-01-27,2025-01-29,HVAC,Normal,Completed,377.79
1895,492,14,2026-09-26,2026-09-28,Plumbing,High,Completed,280.96
1896,492,14,2024-05-03,2024-05-14,Electrical,Low,Completed,356.65
1897,493,14,2026-09-02,2026-09-07,General,Normal,Completed,155.94
1898,493,14,2025-12-09,2025-12-15,HVAC,Low,Completed,1021.39
1899,493,14,2026-01-16,2026-02-04,HVAC,Normal,Completed,889.92
1900,493,14,2025-06-08,2025-06-11,General,High,Completed,208.94
1901,493,14,2025-08-28,2025-08-28,Plumbing,Normal,Completed,328.66
1902,493,14,2025-07-30,2025-08-16,HVAC,Low,Completed,864.89
1903,493,14,2024-12-21,2024-12-26,Plumbing,Normal,Completed,435.61
1904,493,14,2024-04-20,2024-04-25,HVAC,Normal,Completed,469.92
1905,493,14,2025-03-01,2025-03-02,General,High,Completed,120.08
1906,494,14,2026-08-09,2026-08-15,General,Normal,Completed,145.8
1907,494,14,2026-04-09,2026-04-11,General,Normal,Completed,277.17
1908,494,14,2024-01-21,2024-02-05,General,Low,Completed,51.12
1909,494,14,2025-03-08,2025-03-22,General,Normal,Completed,130.05
1910,494,14,2024-07-09,2024-07-16,HVAC,Normal,Completed,436.79
1911,495,14,2024-01-11,2024-01-22,Roofing,Normal,Completed,1623.24
1912,495,14,2026-05-16,2026-05-23,Roofing,Normal,Completed,2233.03
1913,495,14,2026-02-11,2026-02-16,HVAC,Normal,Completed,1015.86
1914,495,14,2024-09-24,2024-09-24,Appliance,High,Completed,676.91
1915,496,14,2024-12-15,2025-01-02,Electrical,Normal,Completed,341.19
1916,496,14,2024-12-13,2024-12-13,Appliance,Normal,Completed,113.09
1917,496,14,2026-08-16,2026-08-26,Plumbing,Normal,Completed,438.89
1918,496,14,2024-12-20,2024-12-26,HVAC,Normal,Completed,448.32
1919,497,14,2024-01-09,2024-02-01,Pest,Low,Completed,283.96
1920,497,14,2024-11-10,2024-11-15,Plumbing,Normal,Completed,358.46
1921,497,14,2024-05-16,2024-05-20,Plumbing,High,Completed,443.01
1922,497,14,2026-09-01,2026-09-05,Plumbing,Normal,Completed,111.7
1923,497,14,2024-09-17,2024-09-25,Electrical,Normal,Completed,498.43
1924,497,14,2024-06-06,2024-06-07,Electrical,High,Completed,186.21
1925,497,14,2026-06-10,2026-06-14,HVAC,Low,Completed,753.47
1926,498,14,2024-10-10,2024-10-22,Plumbing,Low,Completed,439.11
1927,498,14,2024-04-19,2024-05-05,Appliance,Normal,Completed,107.53
1928,498,14,2025-12-25,2026-01-07,Plumbing,Normal,Completed,403.44
1929,498,14,2024-10-03,2024-10-11,Plumbing,Normal,Completed,417.62
1930,499,14,2024-08-17,2024-08-24,HVAC,Normal,Completed,2082.15
1931,500,14,2025-01-13,2025-02-10,Roofing,Low,Completed,1839.89
1932,501,14,2025-06-27,2025-07-04,General,Normal,Completed,597.27
1933,501,14,2025-12-17,2025-12-23,Plumbing,Normal,Completed,587.57
1934,501,14,2025-02-14,2025-02-25,Plumbing,Low,Completed,146.23
1935,502,14,2024-02-29,2024-03-01,Pest,High,Completed,210.24
1936,502,14,2024-02-17,2024-03-01,Plumbing,Low,Completed,344.92
1937,502,14,2025-04-25,2025-05-10,Appliance,Normal,Completed,239.59
1938,503,14,2024-02-01,2024-02-09,General,Normal,Completed,134.06
1939,503,14,2025-03-29,2025-03-29,General,Emergency,Completed,89.79
1940,503,14,2024-07-10,2024-07-19,General,High,Completed,95.01
1941,504,14,2026-03-01,2026-03-01,General,High,Completed,56.6
1942,504,14,2026-09-03,2026-09-07,General,Normal,Completed,103.46
1943,504,14,2025-03-21,2025-03-31,General,Normal,Completed,93.99
1944,505,14,2024-03-07,2024-03-31,Appliance,Low,Completed,338.55
1945,505,14,2024-01-03,2024-01-09,General,Normal,Completed,114.43
1946,505,14,2025-06-07,2025-06-18,Plumbing,Normal,Completed,364.77
1947,506,14,2026-03-20,2026-03-27,Appliance,Normal,Completed,373.94
1948,506,14,2024-10-17,2024-10-28,Plumbing,Normal,Completed,424.27
1949,506,14,2025-02-28,2025-03-17,HVAC,Normal,Completed,997.75
1950,506,14,2025-06-29,2025-06-29,Pest,Emergency,Completed,172.98
1951,507,14,2024-12-15,2024-12-31,Plumbing,Normal,Completed,219.35
1952,507,14,2026-07-29,2026-07-29,Appliance,High,Completed,509.5
1953,507,14,2025-12-30,2026-01-04,Appliance,Normal,Completed,127.54
1954,507,14,2026-01-13,2026-01-14,Electrical,High,Completed,93.71
1955,508,14,2024-04-19,2024-05-07,General,Normal,Completed,100.46
1956,508,14,2025-02-05,2025-02-18,HVAC,Normal,Completed,1694.51
1957,508,14,2024-10-14,2024-10-18,Plumbing,Normal,Completed,247.74
1958,508,14,2024-04-29,2024-05-05,HVAC,Normal,Completed,800.41
1959,508,14,2024-08-18,2024-09-02,Plumbing,Low,Completed,309.06
1960,509,14,2025-09-26,2025-10-08,Plumbing,Low,Completed,343.03
1961,509,14,2026-08-08,2026-08-10,General,High,Completed,275.73
1962,509,14,2025-06-29,2025-07-10,Electrical,Normal,Completed,169.95
1963,510,14,2025-12-04,2025-12-09,Plumbing,Normal,Completed,314.81
1964,510,14,2026-09-28,,General,Normal,Open,
1965,510,14,2025-05-01,2025-05-26,Appliance,Normal,Completed,354.38
1966,511,14,2024-03-19,2024-03-23,Electrical,Normal,Completed,220.43
1967,511,14,2025-06-06,2025-06-12,Plumbing,Normal,Completed,553.24
1968,511,14,2025-09-16,2025-09-18,Plumbing,High,Completed,1046.92
1969,511,14,2025-05-06,2025-05-14,Plumbing,Normal,Completed,737.71
1970,511,14,2026-07-19,2026-07-24,Appliance,Normal,Completed,357.65
1971,512,14,2025-03-24,2025-03-30,Appliance,Emergency,Completed,262.87
1972,513,14,2024-06-10,2024-06-26,General,Normal,Completed,59.34
1973,513,14,2025-03-07,2025-03-18,Appliance,Low,Completed,188.7
1974,513,14,2024-11-12,2024-12-14,Plumbing,Low,Completed,138.37
1975,513,14,2025-08-29,2025-09-02,General,Normal,Completed,69.51
1976,513,14,2024-04-10,2024-04-27,HVAC,Low,Completed,249.03
1977,514,14,2025-09-24,2025-09-27,Appliance,High,Completed,124.85
1978,515,14,2026-03-29,2026-04-03,Electrical,High,Completed,240.06
1979,516,14,2025-07-31,2025-08-07,HVAC,Normal,Completed,439.3
1980,516,14,2025-12-10,2025-12-12,Appliance,Normal,Completed,126.0
1981,516,14,2024-04-23,2024-04-24,Plumbing,High,Completed,227.55
1982,516,14,2024-12-03,2024-12-07,Appliance,Normal,Completed,100.28
1983,516,14,2026-05-30,2026-06-01,Electrical,High,Completed,354.01
1984,517,14,2024-07-03,2024-07-07,Roofing,Normal,Completed,4502.56
1985,517,14,2026-05-13,2026-05-17,HVAC,High,Completed,902.05
1986,517,14,2025-08-23,2025-09-04,General,Low,Completed,111.47
1987,517,14,2025-09-17,2025-09-26,Plumbing,Normal,Completed,243.76
1988,518,14,2026-04-21,2026-04-27,Plumbing,Normal,Completed,315.22
1989,518,14,2024-08-16,2024-08-23,Appliance,Normal,Completed,107.15
1990,519,14,2024-08-21,2024-08-24,Plumbing,Normal,Completed,963.72
1991,519,14,2025-09-21,2025-10-10,HVAC,Low,Completed,847.09
1992,520,14,2025-10-15,2025-10-20,Plumbing,Normal,Completed,367.14
1993,521,14,2024-06-09,2024-06-15,Electrical,Normal,Completed,328.55
1994,522,14,2024-12-28,2024-12-31,HVAC,Low,Completed,725.08
1995,522,14,2026-01-27,2026-01-29,General,Normal,Completed,50.07
1996,523,14,2026-01-21,2026-01-23,Appliance,High,Completed,142.9
1997,523,14,2024-02-18,2024-02-19,Electrical,Emergency,Completed,337.39
1998,523,14,2026-08-16,2026-08-17,Electrical,High,Completed,260.14
1999,523,14,2026-06-20,2026-06-21,Appliance,Emergency,Completed,264.56
2000,523,14,2025-12-13,2025-12-14,General,Normal,Completed,222.34
2001,523,14,2025-03-11,2025-03-11,General,Emergency,Completed,214.79
2002,523,14,2026-01-04,2026-01-24,Electrical,Low,Completed,365.74
2003,523,14,2026-03-25,2026-04-07,General,Normal,Completed,452.32
2004,524,14,2025-01-21,2025-01-21,Plumbing,Low,Completed,156.78
2005,525,14,2025-03-11,2025-03-13,Appliance,High,Completed,116.83
2006,525,14,2024-01-07,2024-01-13,HVAC,Normal,Completed,206.27
2007,525,14,2024-05-14,2024-05-17,Electrical,High,Completed,200.65
2008,525,14,2025-04-28,2025-05-22,General,Low,Completed,204.08
2009,525,14,2026-01-27,2026-01-31,Electrical,Normal,Completed,198.35
2010,527,14,2026-03-11,2026-03-23,Pest,Normal,Completed,241.95
2011,527,14,2024-02-20,2024-02-22,General,Normal,Completed,453.34
2012,527,14,2025-11-03,2025-11-22,HVAC,Low,Completed,1580.64
2013,528,14,2026-06-21,2026-06-28,HVAC,Low,Completed,805.23
2014,528,14,2025-11-01,2025-11-12,HVAC,Normal,Completed,621.19
2015,528,14,2026-01-23,2026-02-13,HVAC,Normal,Completed,555.93
2016,529,14,2024-12-02,2024-12-13,HVAC,Normal,Completed,777.32
2017,529,14,2024-06-11,2024-06-16,General,Normal,Completed,278.33
2018,530,14,2026-06-23,2026-07-03,Appliance,Normal,Completed,211.5
2019,530,14,2026-05-18,2026-05-20,Plumbing,Normal,Completed,125.74
2020,530,14,2026-06-16,2026-06-24,Appliance,Normal,Completed,144.25
2021,530,14,2024-03-11,2024-03-23,Appliance,Low,Completed,124.61
2022,531,14,2026-08-15,2026-08-22,General,Normal,Completed,129.29
2023,531,14,2025-06-19,2025-06-21,Roofing,Emergency,Completed,3739.32
2024,531,14,2026-09-01,2026-09-03,Plumbing,High,Completed,349.93
2025,532,15,2026-09-02,2026-09-07,HVAC,Normal,Completed,851.77
2026,532,15,2025-12-06,2025-12-19,Plumbing,Low,Completed,277.24
2027,532,15,2025-01-16,2025-01-23,Plumbing,Normal,Completed,232.81
2028,532,15,2026-04-01,2026-04-06,Plumbing,Normal,Completed,502.62
2029,533,15,2026-01-22,2026-01-24,Appliance,Normal,Completed,811.46
2030,534,15,2025-02-17,2025-02-17,Roofing,Emergency,Completed,1171.7
2031,534,15,2025-09-12,2025-10-01,Electrical,Low,Completed,95.61
2032,535,15,2024-07-29,2024-08-03,Appliance,Normal,Completed,53.78
2033,535,15,2024-01-30,2024-02-02,Electrical,Normal,Completed,104.06
2034,535,15,2025-03-02,2025-03-06,Appliance,Normal,Completed,168.75
2035,536,15,2025-09-19,2025-09-25,General,High,Completed,101.58
2036,536,15,2024-05-26,2024-06-05,Electrical,Low,Completed,328.82
2037,536,15,2024-03-10,2024-03-14,Pest,Normal,Completed,117.89
2038,536,15,2026-05-28,2026-05-28,Plumbing,High,Completed,664.72
2039,536,15,2024-06-27,2024-07-05,Plumbing,Normal,Completed,339.25
2040,536,15,2025-04-23,2025-05-07,Plumbing,Normal,Completed,313.05
2041,537,15,2024-08-17,2024-08-20,HVAC,Normal,Completed,552.54
2042,537,15,2025-01-18,2025-01-25,General,Low,Completed,136.09
2043,538,15,2024-11-23,2024-11-23,HVAC,High,Completed,243.43
2044,538,15,2024-12-16,2024-12-16,Roofing,Emergency,Completed,2250.73
2045,539,15,2025-04-20,2025-04-24,Roofing,Normal,Completed,2717.97
2046,539,15,2025-12-06,2025-12-07,Appliance,Normal,Completed,167.44
2047,539,15,2024-02-16,2024-02-21,General,Normal,Completed,222.57
2048,540,15,2024-03-15,2024-03-21,Plumbing,Low,Completed,144.77
2049,541,15,2026-09-16,2026-09-20,General,Normal,Completed,54.06
2050,542,15,2025-12-25,2026-01-05,HVAC,Normal,Completed,589.1
2051,542,15,2025-11-09,2025-11-12,Pest,Emergency,Completed,200.45
2052,542,15,2025-07-30,2025-08-07,Roofing,Normal,Completed,742.1
2053,543,15,2025-04-04,2025-04-07,Appliance,Normal,Completed,67.49
2054,543,15,2026-06-07,2026-06-12,Plumbing,Low,Completed,487.95
2055,544,15,2026-07-06,2026-07-19,General,Low,Completed,172.9
2056,545,15,2026-09-10,2026-09-14,General,High,Completed,101.32
2057,545,15,2024-11-28,2024-12-02,Roofing,Normal,Completed,2823.79
2058,545,15,2025-06-26,2025-06-28,General,Emergency,Completed,309.98
2059,545,15,2025-05-08,2025-05-23,General,Normal,Completed,362.89
2060,545,15,2024-06-28,2024-07-17,Electrical,Low,Completed,263.83
2061,546,15,2026-06-21,2026-07-13,Plumbing,Low,Completed,926.27
2062,546,15,2025-08-06,2025-08-19,HVAC,Normal,Completed,2394.38
2063,546,15,2026-02-20,2026-03-02,Plumbing,Low,Completed,447.8
2064,546,15,2026-08-26,2026-08-26,Plumbing,Normal,Completed,388.08
2065,547,15,2026-05-13,2026-06-06,Plumbing,Normal,Completed,183.13
2066,547,15,2026-07-24,2026-07-28,Appliance,Normal,Completed,318.47
2067,547,15,2024-05-03,2024-05-05,Plumbing,High,Completed,409.31
2068,547,15,2026-06-10,2026-06-22,Plumbing,Normal,Completed,601.27
2069,548,15,2026-05-03,2026-05-06,Pest,Normal,Completed,161.69
2070,548,15,2025-02-07,2025-02-10,HVAC,High,Completed,461.85
2071,548,15,2024-01-24,2024-01-24,HVAC,High,Completed,1051.09
2072,548,15,2026-09-07,2026-09-11,Appliance,High,Completed,187.51
2073,548,15,2025-11-29,2025-12-07,General,Normal,Completed,132.6
2074,549,15,2024-10-11,2024-10-15,Appliance,Normal,Completed,333.0
2075,549,15,2024-03-09,2024-03-13,Electrical,Normal,Completed,169.99
2076,550,15,2026-08-15,2026-08-15,HVAC,Emergency,Completed,894.93
2077,550,15,2025-11-27,2025-12-08,HVAC,High,Completed,1064.13
2078,550,15,2026-02-11,2026-02-27,General,Low,Completed,152.43
2079,551,15,2025-09-03,2025-09-08,General,High,Completed,195.12
2080,551,15,2024-10-02,2024-10-02,HVAC,High,Completed,542.39
2081,551,15,2025-11-15,2025-11-16,Roofing,High,Completed,2321.32
2082,551,15,2025-10-13,2025-10-14,General,High,Completed,260.0
2083,551,15,2024-06-24,2024-06-30,General,High,Completed,105.75
2084,551,15,2026-01-04,2026-01-05,HVAC,High,Completed,278.5
2085,552,15,2025-07-26,2025-07-29,Plumbing,Normal,Completed,148.58
2086,552,15,2025-10-05,2025-11-08,HVAC,Low,Completed,459.32
2087,552,15,2024-01-05,2024-01-25,General,Normal,Completed,202.42
2088,555,15,2024-11-28,2024-11-28,HVAC,High,Completed,957.39
2089,556,15,2025-04-09,2025-04-14,Electrical,Normal,Completed,282.62
2090,556,15,2024-12-06,2024-12-09,HVAC,Low,Completed,1108.1
2091,556,15,2025-10-25,2025-10-31,General,Low,Completed,55.3
2092,556,15,2025-04-14,2025-04-29,Appliance,Low,Completed,484.65
2093,557,15,2025-06-25,2025-07-09,General,Low,Completed,100.5
2094,557,15,2026-04-09,2026-04-10,Plumbing,Emergency,Completed,331.15
2095,558,15,2026-01-19,2026-02-02,Plumbing,Normal,Completed,200.2
2096,558,15,2024-04-03,2024-04-07,HVAC,Normal,Completed,952.71
2097,558,15,2024-11-09,2024-11-12,Appliance,Normal,Completed,144.11
2098,559,15,2026-07-12,2026-07-13,Roofing,Normal,Completed,1633.86
2099,560,15,2024-11-25,2024-11-29,Appliance,Normal,Completed,157.5
2100,560,15,2024-06-06,2024-06-13,General,Normal,Completed,267.51
2101,560,15,2025-11-12,2025-11-16,Appliance,Low,Completed,137.59
2102,560,15,2026-07-03,2026-07-05,HVAC,Normal,Completed,387.27
2103,560,15,2026-09-16,2026-09-25,Appliance,Low,Completed,429.94
2104,560,15,2024-09-29,2024-10-04,General,Normal,Completed,124.39
2105,561,15,2024-11-19,2024-12-09,Electrical,Normal,Completed,114.44
2106,561,15,2026-08-13,2026-08-22,Plumbing,Normal,Completed,345.18
2107,561,15,2025-05-09,2025-05-22,Appliance,Normal,Completed,441.53
2108,562,15,2026-04-13,2026-04-17,General,Normal,Completed,210.86
2109,562,15,2025-05-25,2025-05-27,General,High,Completed,41.14
2110,562,15,2024-09-07,2024-09-17,General,Normal,Completed,108.91
2111,562,15,2026-02-03,2026-02-06,Plumbing,Normal,Completed,379.48
2112,563,15,2026-05-29,2026-06-05,Plumbing,Normal,Completed,142.16
2113,563,15,2025-06-04,2025-06-07,General,Normal,Completed,255.01
2114,563,15,2025-10-27,2025-10-30,Plumbing,Normal,Completed,230.53
2115,563,15,2025-06-16,2025-06-16,General,Emergency,Completed,65.78
2116,563,15,2026-04-25,2026-04-29,Appliance,High,Completed,171.29
2117,563,15,2025-05-02,2025-05-07,General,Normal,Completed,115.74
2118,563,15,2024-02-25,2024-02-29,Plumbing,Normal,Completed,275.26
2119,564,15,2025-03-12,2025-03-26,Electrical,Normal,Completed,433.75
2120,564,15,2024-03-22,2024-03-23,General,High,Completed,143.68
2121,564,15,2026-05-19,2026-06-03,Appliance,Normal,Completed,261.67
2122,565,15,2024-09-19,2024-09-26,Roofing,Normal,Completed,2882.14
2123,565,15,2024-11-19,2024-11-23,HVAC,Normal,Completed,821.57
2124,565,15,2024-06-09,2024-06-16,HVAC,Normal,Completed,390.63
2125,565,15,2024-12-31,2025-01-03,Appliance,Normal,Completed,229.1
2126,565,15,2024-08-21,2024-08-27,HVAC,Normal,Completed,330.61
2127,565,15,2025-12-15,2025-12-28,General,Normal,Completed,54.95
2128,566,15,2024-09-10,2024-09-15,HVAC,Low,Completed,632.3
2129,566,15,2026-03-31,2026-04-17,Plumbing,Normal,Completed,256.81
2130,566,15,2024-01-08,2024-01-11,HVAC,Low,Completed,629.32
2131,566,15,2026-04-06,2026-04-07,General,Normal,Completed,127.39
2132,566,15,2025-04-29,2025-04-30,Plumbing,Normal,Completed,361.94
2133,566,15,2026-05-25,2026-05-27,Electrical,Emergency,Completed,436.38
2134,566,15,2025-08-24,2025-08-24,Plumbing,Emergency,Completed,578.68
2135,567,15,2025-10-09,2025-10-10,Appliance,High,Completed,132.22
2136,567,15,2024-10-17,2024-10-17,HVAC,Normal,Completed,689.8
2137,567,15,2026-03-03,2026-03-10,Electrical,Normal,Completed,86.0
2138,568,15,2025-09-17,2025-09-28,General,Normal,Completed,57.22
2139,569,15,2024-08-04,2024-08-04,Plumbing,Normal,Completed,866.54
2140,569,15,2026-09-01,2026-09-05,Plumbing,Normal,Completed,424.57
2141,569,15,2025-05-10,2025-05-28,Electrical,Low,Completed,339.97
2142,569,15,2025-07-14,2025-07-14,Appliance,Normal,Completed,91.14
2143,569,15,2024-08-18,2024-08-24,Plumbing,Normal,Completed,235.88
2144,569,15,2025-08-20,2025-08-23,General,High,Completed,187.88
2145,570,15,2024-11-14,2024-11-18,Appliance,Normal,Completed,541.49
2146,570,15,2024-12-16,2024-12-27,Roofing,Normal,Completed,3129.29
2147,571,15,2025-08-28,2025-09-06,HVAC,Normal,Completed,356.08
2148,571,15,2025-09-19,2025-10-05,Pest,Normal,Completed,84.76
2149,572,15,2024-10-28,2024-11-05,General,Normal,Completed,123.61
2150,573,15,2024-11-28,2024-12-03,General,Low,Completed,36.52
2151,574,15,2024-08-05,2024-08-09,Plumbing,Normal,Completed,561.14
2152,574,15,2024-12-12,2024-12-15,Plumbing,Normal,Completed,448.06
2153,574,15,2025-08-29,2025-09-04,HVAC,High,Completed,369.63
2154,574,15,2024-08-10,2024-08-31,Plumbing,Normal,Completed,140.26
2155,575,15,2026-02-22,2026-02-23,General,Emergency,Completed,219.36
2156,575,15,2024-01-27,2024-02-19,HVAC,Low,Completed,625.78
2157,575,15,2025-03-25,2025-04-02,Pest,Low,Completed,75.56
2158,575,15,2024-12-03,2024-12-21,Roofing,Normal,Completed,1311.7
2159,576,15,2025-07-12,2025-07-12,Pest,Emergency,Completed,73.69
2160,577,16,2025-02-28,2025-03-02,HVAC,Normal,Completed,1092.99
2161,577,16,2025-01-09,2025-01-11,Appliance,Normal,Completed,171.23
2162,577,16,2026-06-12,2026-07-03,Electrical,Low,Completed,656.58
2163,577,16,2026-07-24,2026-07-27,HVAC,Normal,Completed,424.78
2164,577,16,2026-05-02,2026-05-04,HVAC,Normal,Completed,2394.57
2165,577,16,2025-10-18,2025-10-24,General,Normal,Completed,85.66
2166,577,16,2024-05-28,2024-05-29,Appliance,Emergency,Completed,312.82
2167,577,16,2026-03-15,2026-03-19,HVAC,High,Completed,463.76
2168,578,16,2024-07-09,2024-07-16,Electrical,Normal,Completed,394.54
2169,578,16,2026-02-01,2026-02-06,General,Normal,Completed,71.64
2170,578,16,2025-06-16,2025-06-17,HVAC,Emergency,Completed,1701.12
2171,579,16,2024-06-21,2024-07-06,Plumbing,Normal,Completed,350.67
2172,580,16,2026-05-30,2026-06-01,Electrical,Normal,Completed,374.31
2173,580,16,2024-09-24,2024-09-29,General,Normal,Completed,398.45
2174,580,16,2024-10-20,2024-10-22,General,Normal,Completed,62.45
2175,581,16,2024-08-11,2024-08-11,General,Emergency,Completed,142.79
2176,581,16,2025-05-21,2025-05-23,Plumbing,High,Completed,416.34
2177,581,16,2026-04-15,2026-04-18,General,High,Completed,180.97
2178,581,16,2025-04-24,2025-05-02,Plumbing,Normal,Completed,318.12
2179,582,16,2025-10-14,2025-10-25,General,Normal,Completed,72.31
2180,583,16,2025-01-30,2025-02-06,General,Normal,Completed,107.55
2181,583,16,2025-10-23,2025-10-24,General,High,Completed,95.61
2182,583,16,2025-05-15,2025-05-21,Plumbing,Normal,Completed,715.19
2183,584,16,2026-09-09,2026-09-19,Plumbing,Normal,Completed,473.68
2184,584,16,2025-08-19,2025-08-23,General,High,Completed,292.19
2185,584,16,2026-07-02,2026-07-03,Roofing,High,Completed,2713.36
2186,584,16,2024-09-08,2024-10-02,Appliance,Low,Completed,113.69
2187,584,16,2026-04-25,2026-05-02,Plumbing,Normal,Completed,209.2
2188,584,16,2025-12-18,2025-12-18,Plumbing,High,Completed,862.27
2189,585,16,2025-09-15,2025-09-28,Appliance,Normal,Completed,172.53
2190,585,16,2026-01-03,2026-01-04,Appliance,Normal,Completed,341.1
2191,585,16,2025-05-14,2025-05-17,Appliance,High,Completed,164.55
2192,585,16,2026-09-06,2026-09-11,General,Normal,Completed,103.07
2193,585,16,2026-04-07,2026-04-09,Appliance,Normal,Completed,175.42
2194,585,16,2024-05-07,2024-05-11,General,Low,Completed,64.45
2195,586,16,2024-09-12,2024-10-16,Electrical,Low,Completed,414.88
2196,586,16,2026-03-23,2026-03-31,Pest,Normal,Completed,630.44
2197,586,16,2026-02-27,2026-02-28,General,High,Completed,41.74
2198,586,16,2026-02-01,2026-02-17,General,Low,Completed,67.59
2199,586,16,2026-05-07,2026-05-21,General,Normal,Completed,134.24
2200,586,16,2025-06-02,2025-06-03,HVAC,Emergency,Completed,705.41
2201,587,16,2025-11-08,2025-11-10,Plumbing,Normal,Completed,254.84
2202,587,16,2026-05-21,2026-05-21,General,Normal,Completed,94.53
2203,588,16,2025-10-01,2025-10-16,HVAC,Low,Completed,336.51
2204,588,16,2024-03-28,2024-04-02,Plumbing,Normal,Completed,154.05
2205,588,16,2026-05-13,2026-05-14,Electrical,High,Completed,306.91
2206,589,16,2024-04-16,2024-04-25,Plumbing,Normal,Completed,163.26
2207,589,16,2025-08-25,2025-09-05,General,Low,Completed,244.97
2208,589,16,2026-07-02,2026-07-15,Plumbing,Normal,Completed,561.34
2209,590,16,2024-04-03,2024-04-09,Plumbing,Low,Completed,118.1
2210,590,16,2025-02-26,2025-02-27,Appliance,Normal,Completed,105.18
2211,591,16,2026-09-26,2026-09-28,Appliance,High,Completed,306.3
2212,591,16,2026-01-24,2026-01-27,HVAC,Normal,Completed,730.56
2213,591,16,2024-11-15,2024-11-17,Electrical,High,Completed,431.33
2214,591,16,2024-01-21,2024-01-21,HVAC,Normal,Completed,820.42
2215,591,16,2025-06-19,2025-06-23,Plumbing,Normal,Completed,378.36
2216,592,16,2025-12-24,2026-01-05,Plumbing,Normal,Completed,126.29
2217,592,16,2024-10-23,2024-10-25,HVAC,Normal,Completed,1243.76
2218,592,16,2025-01-27,2025-01-29,HVAC,High,Completed,1251.43
2219,592,16,2025-08-21,2025-08-22,Plumbing,High,Completed,390.58
2220,592,16,2025-03-06,2025-03-07,HVAC,High,Completed,1807.15
2221,592,16,2025-07-17,2025-07-27,Plumbing,Normal,Completed,164.38
2222,592,16,2024-09-20,2024-09-28,Appliance,Low,Completed,335.95
2223,593,16,2024-01-24,2024-02-14,Pest,Normal,Completed,132.78
2224,593,16,2024-02-05,2024-02-11,Appliance,Normal,Completed,103.9
2225,594,16,2025-07-11,2025-07-22,General,Normal,Completed,92.03
2226,594,16,2025-04-18,2025-05-01,Electrical,Normal,Completed,137.87
2227,595,17,2024-04-24,2024-05-03,Electrical,Normal,Completed,92.33
2228,595,17,2024-09-23,2024-09-30,Plumbing,Low,Completed,913.32
2229,595,17,2025-01-23,2025-01-25,Electrical,High,Completed,125.61
2230,595,17,2025-02-17,2025-03-13,General,Low,Completed,142.64
2231,595,17,2026-04-11,2026-04-20,General,Normal,Completed,229.41
2232,596,17,2024-09-17,2024-10-02,HVAC,Low,Completed,723.96
2233,597,17,2024-04-21,2024-06-01,General,Low,Completed,127.57
2234,597,17,2024-06-06,2024-06-11,Plumbing,Normal,Completed,292.87
2235,597,17,2026-01-27,2026-02-02,HVAC,Normal,Completed,512.41
2236,597,17,2024-06-06,2024-06-10,Appliance,Normal,Completed,219.9
2237,598,17,2025-07-12,2025-07-21,General,Normal,Completed,326.16
2238,599,17,2025-07-05,2025-07-06,Appliance,Low,Completed,116.1
2239,599,17,2024-10-25,2024-10-25,Plumbing,High,Completed,471.97
2240,599,17,2024-02-05,2024-02-07,General,Low,Completed,89.26
2241,600,17,2024-05-10,2024-05-17,General,High,Completed,100.75
2242,600,17,2024-12-31,2025-01-01,Appliance,Normal,Completed,668.23
2243,600,17,2026-07-29,2026-08-04,Plumbing,Normal,Completed,300.93
2244,600,17,2024-09-15,2024-09-24,Pest,Normal,Completed,115.03
2245,600,17,2024-12-30,2025-01-07,HVAC,Normal,Completed,589.0
2246,602,17,2025-06-14,2025-06-16,Plumbing,Emergency,Completed,428.87
2247,603,17,2024-06-19,2024-06-24,HVAC,Normal,Completed,482.03
2248,603,17,2024-04-11,2024-04-18,Appliance,High,Completed,177.82
2249,603,17,2024-03-19,2024-04-17,Plumbing,Low,Completed,191.22
2250,604,17,2024-09-03,2024-09-24,General,Low,Completed,36.45
2251,605,17,2024-08-27,2024-09-01,Electrical,Normal,Completed,197.97
2252,605,17,2025-01-15,2025-01-27,HVAC,Normal,Completed,478.44
2253,605,17,2025-06-13,2025-06-20,HVAC,Normal,Completed,444.31
2254,605,17,2026-06-19,2026-07-05,HVAC,Low,Completed,398.44
2255,605,17,2024-12-27,2025-01-08,Pest,Normal,Completed,155.72
2256,606,17,2024-10-20,2024-10-26,Plumbing,Normal,Completed,239.12
2257,606,17,2024-04-29,2024-04-29,Plumbing,Low,Completed,301.37
2258,606,17,2024-02-15,2024-03-25,HVAC,Low,Completed,721.28
2259,607,17,2024-11-13,2025-01-06,Appliance,Low,Completed,199.1
2260,607,17,2025-06-07,2025-06-21,Pest,Normal,Completed,107.47
2261,607,17,2025-03-13,2025-03-14,Plumbing,High,Completed,204.42
2262,607,17,2024-03-06,2024-03-09,Plumbing,Normal,Completed,540.16
2263,608,17,2025-01-28,2025-02-02,HVAC,Normal,Completed,580.04
2264,608,17,2024-05-30,2024-06-02,HVAC,High,Completed,586.69
2265,608,17,2026-04-24,2026-04-30,Plumbing,High,Completed,528.04
2266,608,17,2024-12-29,2025-01-01,Pest,High,Completed,175.13
2267,609,18,2024-07-29,2024-08-05,Plumbing,Low,Completed,453.92
2268,609,18,2024-09-17,2024-09-22,HVAC,Low,Completed,2307.03
2269,609,18,2024-09-27,2024-10-03,HVAC,Normal,Completed,535.34
2270,609,18,2025-06-02,2025-06-05,HVAC,High,Completed,525.54
2271,609,18,2026-03-02,2026-03-04,Electrical,Emergency,Completed,283.43
2272,609,18,2025-09-11,2025-09-16,HVAC,High,Completed,784.91
2273,610,18,2024-03-28,2024-04-04,Appliance,Normal,Completed,240.9
2274,610,18,2026-04-21,2026-05-03,Plumbing,Low,Completed,134.44
2275,610,18,2026-09-20,2026-09-25,Plumbing,Normal,Completed,927.38
2276,610,18,2025-11-18,2025-11-22,Pest,Normal,Completed,112.03
2277,611,18,2024-06-19,2024-06-25,Appliance,Normal,Completed,87.28
2278,611,18,2026-06-17,2026-06-30,Electrical,Low,Completed,289.48
2279,611,18,2025-10-28,2025-11-04,Plumbing,Normal,Completed,806.58
2280,611,18,2024-03-06,2024-03-09,Plumbing,High,Completed,452.12
2281,612,18,2024-01-15,2024-01-22,General,Normal,Completed,120.54
2282,612,18,2026-02-10,2026-02-17,General,Low,Completed,178.66
2283,612,18,2024-09-21,2024-09-21,HVAC,Emergency,Completed,1444.22
2284,612,18,2024-10-11,2024-10-13,Electrical,Normal,Completed,228.14
2285,612,18,2025-06-14,2025-06-21,Plumbing,Low,Completed,583.91
2286,613,18,2025-05-15,2025-05-23,Plumbing,Normal,Completed,312.19
2287,613,18,2025-08-15,2025-08-18,Plumbing,Normal,Completed,192.58
2288,613,18,2025-07-26,2025-07-31,Plumbing,Normal,Completed,755.53
2289,613,18,2024-01-23,2024-01-26,Electrical,High,Completed,206.51
2290,613,18,2025-07-21,2025-07-28,Plumbing,Low,Completed,285.92
2291,614,18,2024-08-23,2024-08-31,Plumbing,Normal,Completed,354.92
2292,614,18,2025-11-19,2025-11-21,General,High,Completed,120.46
2293,614,18,2026-01-19,2026-01-23,Appliance,Normal,Completed,165.57
2294,614,18,2024-01-14,2024-02-11,General,Normal,Completed,118.56
2295,614,18,2025-11-20,2025-11-20,Appliance,Emergency,Completed,343.19
2296,615,18,2026-01-02,2026-01-27,General,Low,Completed,134.1
2297,615,18,2024-09-26,2024-10-01,Electrical,Normal,Completed,243.28
2298,615,18,2026-07-12,2026-07-12,Plumbing,Emergency,Completed,421.05
2299,615,18,2024-02-21,2024-02-24,Electrical,High,Completed,215.71
2300,615,18,2026-03-23,2026-03-29,Plumbing,Normal,Completed,362.33
2301,616,18,2025-12-07,2025-12-15,Electrical,Low,Completed,279.49
2302,616,18,2024-01-29,2024-02-28,Electrical,Normal,Completed,172.31
2303,616,18,2024-10-27,2024-11-01,Plumbing,Normal,Completed,64.06
2304,617,18,2025-11-17,2025-11-22,General,High,Completed,170.47
2305,617,18,2025-05-31,2025-06-14,HVAC,Normal,Completed,597.08
2306,617,18,2024-10-13,2024-10-14,Pest,Normal,Completed,186.38
2307,617,18,2026-08-24,2026-08-25,Electrical,Normal,Completed,305.9
2308,617,18,2025-12-12,2025-12-16,Appliance,Normal,Completed,255.62
2309,617,18,2025-07-08,2025-07-12,HVAC,High,Completed,777.02
2310,617,18,2024-09-05,2024-09-12,Appliance,Normal,Completed,230.67
2311,617,18,2024-08-15,2024-08-15,General,High,Completed,103.44
2312,617,18,2026-05-31,2026-06-14,Electrical,Normal,Completed,280.65
2313,617,18,2025-07-12,2025-07-21,General,Normal,Completed,64.39
2314,617,18,2025-04-15,2025-04-18,Plumbing,Normal,Completed,204.89
2315,617,18,2026-06-29,2026-07-02,Plumbing,Low,Completed,416.52
2316,618,18,2024-09-29,2024-10-24,Electrical,Low,Completed,288.73
2317,618,18,2026-02-05,2026-02-16,Appliance,Normal,Completed,200.9
2318,618,18,2026-07-09,2026-07-12,General,Low,Completed,100.83
2319,618,18,2025-11-25,2025-11-29,Plumbing,High,Completed,106.08
2320,618,18,2026-08-27,2026-09-02,Pest,Normal,Completed,82.89
2321,618,18,2024-05-05,2024-05-16,Plumbing,Normal,Completed,224.22
2322,619,18,2024-12-01,2024-12-13,General,Normal,Completed,59.88
2323,619,18,2024-06-10,2024-06-19,General,Normal,Completed,155.13
2324,619,18,2025-07-14,2025-07-15,HVAC,Emergency,Completed,443.94
2325,619,18,2024-01-21,2024-01-21,Appliance,Emergency,Completed,289.37
2326,619,18,2024-01-22,2024-02-03,Appliance,Normal,Completed,170.0
2327,619,18,2026-03-30,2026-04-01,Roofing,Emergency,Completed,3663.31
2328,619,18,2026-02-11,2026-02-12,Pest,High,Completed,114.93
2329,620,18,2025-02-21,2025-03-29,General,Low,Completed,213.68
2330,620,18,2024-09-16,2024-09-21,Appliance,High,Completed,187.91
2331,620,18,2025-02-07,2025-02-17,General,Normal,Completed,175.28
2332,620,18,2024-11-13,2024-11-14,Appliance,High,Completed,306.0
2333,620,18,2026-03-17,2026-03-23,Appliance,Normal,Completed,344.83
2334,620,18,2024-03-13,2024-03-15,Plumbing,High,Completed,822.45
2335,621,18,2026-01-09,2026-01-22,Appliance,Low,Completed,218.86
2336,621,18,2025-06-09,2025-06-27,Appliance,Low,Completed,181.72
2337,621,18,2026-08-27,2026-08-29,Electrical,Normal,Completed,467.61
2338,621,18,2024-05-21,2024-05-23,Plumbing,High,Completed,633.54
2339,622,18,2026-07-23,2026-07-28,Plumbing,Normal,Completed,206.5
2340,622,18,2025-06-17,2025-07-01,Pest,Low,Completed,327.39
2341,622,18,2024-06-15,2024-06-21,Appliance,Normal,Completed,158.2
2342,622,18,2025-08-15,2025-08-30,Plumbing,Low,Completed,1018.21
2343,623,18,2024-05-11,2024-05-24,Plumbing,Normal,Completed,346.05
2344,623,18,2025-07-08,2025-07-10,Plumbing,Normal,Completed,483.87
2345,623,18,2024-09-16,2024-09-18,Appliance,High,Completed,559.92
2346,624,18,2025-12-03,2025-12-11,HVAC,Normal,Completed,394.91
2347,624,18,2024-04-26,2024-04-26,Plumbing,Emergency,Completed,980.89
2348,624,18,2024-05-13,2024-05-20,HVAC,High,Completed,375.04
2349,624,18,2025-09-24,2025-09-29,Pest,Normal,Completed,41.29
2350,624,18,2024-04-15,2024-04-16,Plumbing,High,Completed,854.69
2351,624,18,2025-11-21,2025-11-25,Appliance,Normal,Completed,102.01
2352,624,18,2024-07-02,2024-07-05,Electrical,Normal,Completed,374.36
2353,624,18,2024-12-28,2024-12-30,Pest,High,Completed,171.37
2354,624,18,2024-12-28,2025-01-08,HVAC,Normal,Completed,344.97
2355,625,18,2026-08-21,2026-08-22,Appliance,High,Completed,181.88
2356,625,18,2026-06-01,2026-06-08,Plumbing,Normal,Completed,119.91
2357,625,18,2024-08-30,2024-09-19,Appliance,Low,Completed,221.28
2358,626,19,2026-09-27,,Plumbing,Normal,Open,
2359,626,19,2024-05-15,2024-05-21,Plumbing,Normal,Completed,549.93
2360,626,19,2026-04-22,2026-05-03,Electrical,Normal,Completed,201.47
2361,626,19,2025-09-20,2025-09-24,Plumbing,Normal,Completed,161.97
2362,626,19,2025-05-11,2025-05-13,Plumbing,High,Completed,408.09
2363,627,19,2025-06-04,2025-06-06,General,Normal,Completed,91.1
2364,627,19,2024-06-15,2024-06-18,General,Normal,Completed,67.72
2365,627,19,2024-12-21,2024-12-21,Electrical,Normal,Completed,280.71
2366,627,19,2024-08-23,2024-08-29,HVAC,Low,Completed,504.12
2367,628,19,2024-01-18,2024-01-18,HVAC,Normal,Completed,584.37
2368,629,19,2024-05-11,2024-05-21,General,Normal,Completed,195.48
2369,629,19,2026-04-02,2026-04-05,Plumbing,Normal,Completed,285.03
2370,629,19,2026-05-06,2026-05-13,HVAC,Normal,Completed,730.97
2371,630,19,2024-08-12,2024-08-25,Appliance,Normal,Completed,110.82
2372,630,19,2025-08-15,2025-08-27,Appliance,Normal,Completed,248.43
2373,630,19,2026-03-31,2026-04-01,General,High,Completed,64.55
2374,630,19,2025-05-13,2025-06-01,Appliance,Low,Completed,113.41
2375,631,19,2026-07-06,2026-07-10,Appliance,Normal,Completed,132.02
2376,632,19,2025-12-16,2025-12-27,HVAC,Normal,Completed,714.64
2377,632,19,2025-07-04,2025-07-29,HVAC,Low,Completed,274.72
2378,632,19,2024-04-17,2024-04-19,Appliance,High,Completed,216.05
2379,632,19,2024-08-13,2024-08-23,HVAC,Normal,Completed,1514.18
2380,632,19,2025-09-11,2025-09-13,General,High,Completed,209.97
2381,632,19,2026-07-30,2026-07-30,General,Emergency,Completed,357.4
2382,632,19,2024-12-18,2024-12-24,General,Normal,Completed,111.42
2383,632,19,2026-04-12,2026-04-20,HVAC,Normal,Completed,1195.17
2384,633,20,2024-08-29,2024-09-01,General,Normal,Completed,136.68
2385,633,20,2026-04-30,2026-05-07,HVAC,Normal,Completed,466.04
2386,633,20,2026-05-04,2026-05-21,General,Low,Completed,162.35
2387,633,20,2025-03-12,2025-03-12,Electrical,Emergency,Completed,291.95
2388,634,20,2025-07-02,2025-07-04,Plumbing,High,Completed,541.31
2389,635,20,2025-11-07,2025-11-12,Plumbing,Normal,Completed,342.16
2390,635,20,2024-11-23,2024-12-03,Plumbing,Normal,Completed,324.41
2391,636,20,2025-07-09,2025-07-11,HVAC,Emergency,Completed,740.17
2392,636,20,2024-05-08,2024-05-17,Electrical,Normal,Completed,865.29
2393,636,20,2026-01-20,2026-01-23,Plumbing,Low,Completed,452.2
2394,636,20,2024-10-14,2024-10-27,Appliance,Normal,Completed,194.6
2395,637,20,2025-11-19,2025-11-30,Appliance,Low,Completed,163.23
2396,637,20,2025-01-14,2025-01-14,HVAC,Normal,Completed,463.55
2397,637,20,2026-02-21,2026-02-25,Electrical,Normal,Completed,409.43
2398,637,20,2024-01-18,2024-01-26,Plumbing,High,Completed,761.95
2399,637,20,2026-05-20,2026-05-21,Plumbing,High,Completed,115.31
2400,637,20,2026-08-30,2026-09-10,Appliance,Low,Completed,214.68
2401,637,20,2025-03-27,2025-04-10,Electrical,Low,Completed,393.06
2402,637,20,2025-07-20,2025-07-27,HVAC,Normal,Completed,924.53
2403,637,20,2025-12-25,2025-12-30,General,Normal,Completed,199.63
2404,638,20,2025-12-24,2025-12-27,General,Normal,Completed,190.72
2405,638,20,2025-03-23,2025-04-02,Roofing,Low,Completed,1162.87
2406,638,20,2024-09-04,2024-09-05,HVAC,Emergency,Completed,601.9
2407,638,20,2024-12-23,2024-12-28,HVAC,Normal,Completed,816.45
2408,638,20,2024-11-11,2024-11-20,Plumbing,High,Completed,590.45
2409,638,20,2024-04-06,2024-04-07,Plumbing,High,Completed,443.77
2410,638,20,2025-05-22,2025-05-26,Plumbing,Normal,Completed,454.96
2411,638,20,2025-11-21,2025-11-24,General,Normal,Completed,264.85
2412,638,20,2025-07-05,2025-07-15,General,Normal,Completed,53.46
2413,638,20,2025-11-17,2025-11-22,HVAC,Normal,Completed,734.11
2414,639,20,2025-03-17,2025-03-18,General,Normal,Completed,130.65
2415,639,20,2025-05-31,2025-06-05,Electrical,High,Completed,674.25
2416,639,20,2024-08-04,2024-08-06,HVAC,Normal,Completed,931.58
2417,639,20,2024-08-26,2024-08-26,Plumbing,Emergency,Completed,197.04
2418,639,20,2024-09-02,2024-09-07,Appliance,Normal,Completed,169.54
2419,640,20,2025-08-25,2025-09-07,General,Normal,Completed,34.81
2420,640,20,2026-03-31,2026-03-31,HVAC,Emergency,Completed,390.39
2421,640,20,2026-09-18,,Plumbing,Normal,Open,
2422,641,20,2025-03-04,2025-03-04,Plumbing,Emergency,Completed,529.23
2423,642,20,2026-03-21,2026-03-24,Appliance,Normal,Completed,470.03
2424,642,20,2024-01-14,2024-01-21,HVAC,Low,Completed,697.5
2425,642,20,2024-07-13,2024-07-21,General,Normal,Completed,44.1
2426,643,20,2025-12-12,2025-12-19,Electrical,Low,Completed,276.82
2427,643,20,2024-05-23,2024-05-24,Plumbing,Emergency,Completed,176.58
2428,643,20,2024-03-24,2024-04-08,Pest,Low,Completed,111.4
2429,643,20,2026-02-17,2026-02-20,HVAC,Normal,Completed,659.78
2430,643,20,2025-11-10,2025-11-11,General,High,Completed,167.09
2431,643,20,2026-04-24,2026-05-12,HVAC,Low,Completed,242.93
2432,644,20,2024-05-23,2024-05-29,General,Normal,Completed,81.83
2433,644,20,2025-09-06,2025-09-07,General,Normal,Completed,46.79
2434,644,20,2025-10-24,2025-10-28,Plumbing,Normal,Completed,301.7
2435,644,20,2025-11-09,2025-11-14,Electrical,High,Completed,864.26
2436,645,20,2025-07-28,2025-08-08,HVAC,Normal,Completed,461.11
2437,645,20,2024-10-23,2024-10-24,General,Emergency,Completed,183.63
2438,645,20,2024-05-23,2024-05-29,Plumbing,Normal,Completed,520.54
2439,645,20,2024-03-14,2024-03-30,HVAC,Normal,Completed,889.18
2440,645,20,2026-09-09,2026-09-30,Plumbing,Low,Completed,444.4
2441,646,20,2024-01-01,2024-01-04,HVAC,Normal,Completed,329.91
2442,646,20,2026-02-08,2026-02-15,HVAC,Normal,Completed,1274.89
2443,646,20,2024-08-24,2024-08-26,Appliance,High,Completed,357.8
2444,647,20,2024-03-24,2024-03-28,HVAC,Normal,Completed,533.02
2445,647,20,2024-02-29,2024-03-26,Plumbing,Normal,Completed,290.11
2446,647,20,2024-07-11,2024-07-13,Plumbing,High,Completed,144.42
2447,647,20,2024-01-05,2024-01-11,Pest,Normal,Completed,179.9
2448,647,20,2025-04-06,2025-04-08,General,High,Completed,133.01
2449,648,20,2024-12-28,2024-12-28,Plumbing,High,Completed,379.15
2450,648,20,2025-04-21,2025-04-24,Plumbing,High,Completed,232.62
2451,649,20,2026-03-13,2026-03-14,HVAC,Normal,Completed,401.82
2452,649,20,2024-09-26,2024-09-27,Electrical,High,Completed,329.88
2453,649,20,2025-12-20,2026-01-13,HVAC,Low,Completed,1198.56
2454,649,20,2025-07-04,2025-07-05,Appliance,High,Completed,309.0
2455,650,20,2024-02-07,2024-02-08,Plumbing,High,Completed,351.73
2456,650,20,2024-06-02,2024-07-08,Appliance,Low,Completed,258.46
2457,650,20,2026-08-11,2026-08-12,Appliance,High,Completed,184.45
2458,651,20,2025-01-24,2025-01-31,General,Normal,Completed,298.98
2459,651,20,2024-07-11,2024-07-25,General,Normal,Completed,328.5
2460,651,20,2025-08-03,2025-08-05,Appliance,Normal,Completed,289.59
2461,651,20,2025-07-25,2025-08-03,Plumbing,Normal,Completed,541.78
2462,651,20,2025-08-01,2025-08-12,Plumbing,Normal,Completed,211.18
2463,652,20,2024-12-21,2024-12-27,Appliance,Normal,Completed,251.55
2464,652,20,2026-08-20,2026-08-29,Appliance,High,Completed,311.92
2465,652,20,2024-06-09,2024-06-12,Pest,Normal,Completed,177.79
2466,652,20,2025-03-04,2025-03-06,Plumbing,Normal,Completed,429.57
2467,652,20,2024-06-11,2024-06-18,Plumbing,Normal,Completed,136.49
2468,652,20,2026-06-19,2026-06-26,Electrical,Normal,Completed,281.74
2469,653,20,2025-04-15,2025-04-21,General,High,Completed,203.33
2470,653,20,2024-03-12,2024-03-14,Electrical,Normal,Completed,208.28
2471,654,20,2024-12-19,2024-12-19,Electrical,Emergency,Completed,221.43
2472,654,20,2026-03-06,2026-03-10,HVAC,Normal,Completed,256.66
2473,654,20,2026-01-25,2026-02-06,Plumbing,Normal,Completed,191.4
2474,654,20,2025-12-17,2025-12-27,Electrical,Normal,Completed,187.53
2475,654,20,2026-05-06,2026-05-20,HVAC,Normal,Completed,1030.18
2476,654,20,2024-07-20,2024-07-26,HVAC,Normal,Completed,1153.81
2477,654,20,2026-05-07,2026-06-08,General,Low,Completed,111.91
2478,655,20,2026-05-27,2026-06-03,Appliance,Low,Completed,139.87
2479,655,20,2026-09-12,2026-09-13,Appliance,Emergency,Completed,467.6
2480,655,20,2025-01-31,2025-02-04,HVAC,Normal,Completed,1315.14
2481,655,20,2024-07-10,2024-07-10,HVAC,Emergency,Completed,515.79
2482,655,20,2025-11-17,2025-12-01,General,Normal,Completed,111.8
2483,655,20,2024-05-28,2024-06-10,Electrical,Normal,Completed,218.4
2484,655,20,2024-11-01,2024-11-03,Plumbing,Normal,Completed,116.93
2485,655,20,2025-10-17,2025-10-19,Electrical,High,Completed,473.03
2486,656,20,2024-11-03,2024-11-09,HVAC,Low,Completed,479.34
2487,656,20,2024-01-14,2024-01-15,HVAC,High,Completed,536.05
2488,656,20,2025-08-18,2025-08-21,General,Normal,Completed,189.83
2489,656,20,2026-09-21,,Electrical,Normal,Open,
2490,656,20,2024-01-30,2024-02-08,General,Normal,Completed,62.23
2491,657,21,2026-05-18,2026-05-21,HVAC,High,Completed,563.22
2492,657,21,2025-09-29,2025-10-16,General,Normal,Completed,50.76
2493,657,21,2026-07-08,2026-07-19,HVAC,Low,Completed,359.38
2494,657,21,2025-09-01,2025-09-11,Plumbing,Normal,Completed,179.36
2495,657,21,2025-01-19,2025-02-06,Roofing,Low,Completed,1750.96
2496,657,21,2024-03-17,2024-03-21,General,Low,Completed,154.47
2497,657,21,2025-04-15,2025-04-21,Roofing,Normal,Completed,942.07
2498,657,21,2024-03-20,2024-03-30,HVAC,Normal,Completed,406.15
2499,657,21,2024-09-21,2024-09-28,Appliance,Normal,Completed,205.33
2500,658,21,2025-12-15,2026-01-02,Pest,Low,Completed,118.67
2501,658,21,2025-06-15,2025-06-18,General,High,Completed,114.27
2502,658,21,2025-12-23,2025-12-26,Plumbing,Normal,Completed,135.89
2503,658,21,2026-09-15,2026-09-16,Electrical,Normal,Completed,96.13
2504,658,21,2025-07-25,2025-07-28,General,High,Completed,122.2
2505,658,21,2025-09-19,2025-09-20,Electrical,High,Completed,635.71
2506,658,21,2025-10-25,2025-10-30,General,Low,Completed,163.81
2507,658,21,2025-05-21,2025-05-25,General,Normal,Completed,121.62
2508,658,21,2026-05-08,2026-05-16,Plumbing,Normal,Completed,251.68
2509,658,21,2025-01-18,2025-01-21,Electrical,Emergency,Completed,127.48
2510,659,21,2024-12-16,2024-12-25,HVAC,Low,Completed,669.51
2511,659,21,2024-01-22,2024-01-28,General,Normal,Completed,200.81
2512,661,21,2026-03-08,2026-03-14,General,Normal,Completed,211.4
2513,661,21,2024-03-04,2024-03-08,General,Normal,Completed,343.17
2514,661,21,2025-09-25,2025-10-07,Plumbing,Low,Completed,417.43
2515,661,21,2025-06-14,2025-06-16,General,High,Completed,117.24
2516,662,21,2026-04-21,2026-04-22,Plumbing,Low,Completed,241.51
2517,662,21,2024-04-10,2024-04-22,Roofing,Normal,Completed,2330.05
2518,662,21,2024-06-28,2024-07-04,General,Normal,Completed,170.65
2519,662,21,2026-08-06,2026-09-02,Appliance,Low,Completed,161.16
2520,662,21,2024-08-28,2024-09-04,Electrical,Normal,Completed,270.68
2521,662,21,2024-02-05,2024-02-11,Pest,Normal,Completed,274.45
2522,662,21,2024-12-03,2024-12-13,Electrical,Normal,Completed,459.34
2523,663,21,2026-06-05,2026-06-07,General,Normal,Completed,69.09
2524,663,21,2025-05-24,2025-05-29,Plumbing,Normal,Completed,340.81
2525,663,21,2026-04-30,2026-04-30,HVAC,Normal,Completed,572.11
2526,663,21,2024-01-31,2024-02-01,HVAC,Emergency,Completed,611.29
2527,663,21,2026-05-07,2026-05-16,General,Normal,Completed,148.8
2528,664,21,2025-01-06,2025-01-11,Plumbing,Normal,Completed,450.17
2529,664,21,2024-05-28,2024-06-14,General,Normal,Completed,443.76
2530,665,21,2026-08-05,2026-08-06,HVAC,Normal,Completed,381.03
2531,665,21,2024-11-17,2024-11-28,Plumbing,Normal,Completed,238.23
2532,665,21,2026-05-27,2026-06-05,HVAC,High,Completed,847.67
2533,665,21,2025-02-27,2025-03-08,HVAC,Normal,Completed,808.89
2534,665,21,2026-02-08,2026-03-02,Plumbing,Low,Completed,763.01
2535,666,21,2026-02-13,2026-03-11,General,Normal,Completed,206.68
2536,666,21,2025-11-23,2025-11-30,Electrical,Low,Completed,1612.34
2537,666,21,2025-03-18,2025-03-24,HVAC,Normal,Completed,2284.86
2538,666,21,2024-01-20,2024-01-27,HVAC,Normal,Completed,1688.06
2539,666,21,2025-01-14,2025-01-15,Plumbing,Emergency,Completed,168.54
2540,667,21,2025-09-25,2025-10-03,Pest,Normal,Completed,108.23
2541,668,21,2025-05-20,2025-06-10,Electrical,Low,Completed,89.7
2542,668,21,2025-05-21,2025-05-24,Plumbing,Normal,Completed,125.23
2543,668,21,2025-11-10,2025-11-16,HVAC,Normal,Completed,414.47
2544,668,21,2024-06-01,2024-06-04,General,High,Completed,206.54
2545,669,21,2024-10-05,2024-10-07,HVAC,High,Completed,584.02
2546,669,21,2026-07-03,2026-07-05,Plumbing,Normal,Completed,377.64
2547,670,21,2024-12-26,2024-12-26,Plumbing,Normal,Completed,418.79
2548,670,21,2024-12-21,2024-12-31,General,Normal,Completed,45.64
2549,671,21,2026-08-25,2026-09-02,General,Normal,Completed,198.71
2550,671,21,2025-04-23,2025-05-04,General,Low,Completed,191.31
2551,671,21,2024-05-30,2024-06-02,Roofing,High,Completed,8354.47
2552,672,21,2026-09-27,,Pest,Normal,Open,
2553,672,21,2025-04-11,2025-04-26,Plumbing,Normal,Completed,245.9
2554,672,21,2025-07-09,2025-07-21,Appliance,Normal,Completed,193.2
2555,672,21,2024-10-02,2024-10-13,Plumbing,Normal,Completed,587.72
2556,672,21,2026-05-20,2026-05-29,Appliance,Low,Completed,109.5
2557,672,21,2024-01-04,2024-01-05,Appliance,Normal,Completed,829.06
2558,673,21,2025-04-20,2025-04-20,General,High,Completed,195.89
2559,673,21,2025-10-28,2025-11-02,HVAC,High,Completed,474.31
2560,673,21,2026-09-25,,Electrical,Normal,Open,
2561,673,21,2025-12-08,2025-12-10,Electrical,Normal,Completed,191.02
2562,673,21,2025-07-23,2025-07-27,General,Low,Completed,160.66
2563,673,21,2024-08-19,2024-08-22,Pest,Normal,Completed,104.02
2564,673,21,2025-07-10,2025-07-28,General,Normal,Completed,66.0
2565,674,21,2026-01-26,2026-01-29,HVAC,Normal,Completed,280.46
2566,674,21,2024-12-16,2024-12-19,Pest,Normal,Completed,221.46
2567,674,21,2025-08-03,2025-08-15,Electrical,Normal,Completed,182.13
2568,675,21,2026-08-08,2026-08-12,General,Normal,Completed,72.48
2569,675,21,2025-09-22,2025-09-27,Plumbing,Normal,Completed,186.87
2570,675,21,2025-04-16,2025-04-18,Appliance,Normal,Completed,434.3
2571,675,21,2026-09-29,,HVAC,Normal,Open,
2572,675,21,2026-08-16,2026-08-18,Plumbing,Emergency,Completed,417.85
2573,676,21,2026-06-15,2026-07-12,Electrical,Low,Completed,344.73
2574,676,21,2025-10-20,2025-11-02,HVAC,Normal,Completed,680.1
2575,676,21,2026-01-20,2026-01-30,Plumbing,Normal,Completed,556.69
2576,676,21,2024-07-01,2024-07-05,Plumbing,Normal,Completed,197.75
2577,676,21,2025-07-14,2025-07-16,Plumbing,Normal,Completed,343.85
2578,677,21,2025-07-03,2025-07-21,General,Normal,Completed,173.47
2579,677,21,2025-07-29,2025-08-06,General,High,Completed,297.04
2580,677,21,2024-08-24,2024-08-30,Electrical,Normal,Completed,182.34
2581,677,21,2026-02-14,2026-02-20,Plumbing,Normal,Completed,503.33
2582,677,21,2024-11-26,2024-11-30,HVAC,High,Completed,1389.08
2583,677,21,2025-01-03,2025-01-08,General,High,Completed,169.17
2584,678,21,2026-01-28,2026-02-22,Plumbing,Normal,Completed,399.37
2585,678,21,2025-10-20,2025-10-26,HVAC,Low,Completed,595.37
2586,678,21,2026-06-09,2026-06-10,Plumbing,High,Completed,246.55
2587,678,21,2025-12-10,2025-12-21,HVAC,Normal,Completed,295.02
2588,679,21,2026-07-31,2026-08-03,Plumbing,Normal,Completed,168.06
2589,679,21,2024-06-27,2024-07-04,Appliance,Normal,Completed,107.49
2590,679,21,2025-02-16,2025-02-17,Electrical,Normal,Completed,480.67
2591,679,21,2026-06-01,2026-06-03,Pest,High,Completed,255.28
2592,679,21,2025-04-16,2025-04-20,Electrical,Normal,Completed,429.81
2593,679,21,2026-03-12,2026-03-31,Plumbing,Low,Completed,303.98
2594,680,21,2025-03-22,2025-03-29,Appliance,Normal,Completed,198.11
2595,680,21,2025-02-25,2025-02-26,Appliance,Emergency,Completed,102.44
2596,680,21,2025-08-21,2025-08-22,Appliance,High,Completed,202.52
2597,681,21,2024-11-10,2024-12-06,Plumbing,Low,Completed,728.94
2598,681,21,2025-07-07,2025-07-13,Plumbing,Normal,Completed,359.29
2599,681,21,2025-12-01,2025-12-13,Electrical,Normal,Completed,328.71
2600,682,21,2025-03-12,2025-03-21,HVAC,Normal,Completed,266.99
2601,682,21,2024-01-05,2024-01-25,Plumbing,Low,Completed,742.43
2602,682,21,2026-07-24,2026-08-10,Appliance,Normal,Completed,148.95
2603,683,21,2026-03-23,2026-03-27,Pest,Normal,Completed,75.78
2604,683,21,2025-04-26,2025-05-04,General,Normal,Completed,82.5
2605,684,21,2024-03-14,2024-03-15,Plumbing,High,Completed,326.74
2606,684,21,2025-03-30,2025-04-13,Pest,Low,Completed,166.83
2607,684,21,2026-08-24,2026-08-26,General,Normal,Completed,105.24
2608,684,21,2024-04-08,2024-04-15,General,Normal,Completed,188.88
2609,684,21,2024-09-11,2024-09-14,Plumbing,Normal,Completed,1029.83
2610,684,21,2025-12-29,2026-01-06,Plumbing,High,Completed,411.7
2611,684,21,2026-02-06,2026-02-08,Plumbing,Normal,Completed,164.91
2612,685,21,2024-05-04,2024-05-09,Plumbing,High,Completed,259.18
2613,685,21,2026-09-20,2026-09-26,Pest,Normal,Completed,426.02
2614,685,21,2025-04-15,2025-04-15,Plumbing,High,Completed,230.44
2615,685,21,2024-01-24,2024-01-24,Plumbing,Emergency,Completed,260.9
2616,685,21,2025-08-28,2025-09-01,General,High,Completed,53.76
2617,685,21,2025-01-22,2025-01-28,Appliance,High,Completed,480.12
2618,686,21,2024-11-08,2024-11-27,Appliance,Low,Completed,271.19
2619,686,21,2026-03-07,2026-03-16,General,Low,Completed,193.31
2620,686,21,2024-03-18,2024-03-26,HVAC,Normal,Completed,1023.47
2621,687,21,2025-03-04,2025-03-14,Electrical,Normal,Completed,360.03
2622,687,21,2025-09-21,2025-09-21,General,Low,Completed,84.2
2623,687,21,2024-09-15,2024-09-24,Plumbing,Normal,Completed,306.11
2624,687,21,2024-12-18,2024-12-19,HVAC,High,Completed,1030.26
2625,687,21,2026-03-21,2026-03-22,Electrical,Normal,Completed,258.91
2626,688,21,2024-12-01,2024-12-10,Appliance,Normal,Completed,264.71
2627,688,21,2026-03-04,2026-03-12,Appliance,Low,Completed,222.42
2628,688,21,2025-06-14,2025-07-11,Appliance,Low,Completed,288.82
2629,688,21,2024-08-18,2024-08-27,General,Normal,Completed,97.38
2630,688,21,2025-03-07,2025-03-10,Plumbing,Normal,Completed,363.67
2631,689,21,2026-02-05,2026-02-06,Appliance,Emergency,Completed,188.13
2632,689,21,2025-04-05,2025-04-06,Plumbing,Emergency,Completed,463.25
2633,689,21,2025-11-20,2025-11-23,HVAC,High,Completed,1438.25
2634,689,21,2025-07-03,2025-07-16,General,Low,Completed,62.78
2635,689,21,2024-07-23,2024-08-08,General,Normal,Completed,192.63
2636,689,21,2024-06-28,2024-07-03,Plumbing,Normal,Completed,293.55
2637,690,21,2026-07-28,2026-08-09,Roofing,Normal,Completed,2225.56
2638,690,21,2024-08-18,2024-08-24,General,Normal,Completed,200.53
2639,690,21,2024-01-17,2024-01-23,General,High,Completed,95.38
2640,690,21,2025-04-24,2025-05-01,Electrical,Normal,Completed,162.92
2641,690,21,2024-01-28,2024-02-06,Appliance,Normal,Completed,96.32
2642,690,21,2024-10-06,2024-10-22,Appliance,Low,Completed,174.46
2643,690,21,2026-02-02,2026-02-08,Electrical,Normal,Completed,878.95
2644,690,21,2026-04-08,2026-04-08,General,Normal,Completed,47.37
2645,690,21,2026-08-10,2026-08-11,Appliance,Normal,Completed,184.8
2646,691,21,2026-07-18,2026-07-25,Electrical,Low,Completed,116.05
2647,691,21,2025-03-26,2025-03-29,General,Normal,Completed,136.24
2648,691,21,2024-06-13,2024-06-18,Appliance,Normal,Completed,426.71
2649,691,21,2024-06-06,2024-06-16,General,Low,Completed,167.79
2650,691,21,2025-06-02,2025-06-16,General,Normal,Completed,111.41
2651,691,21,2025-03-05,2025-03-09,Plumbing,Normal,Completed,387.32
2652,692,21,2025-10-18,2025-10-27,General,Normal,Completed,198.48
2653,692,21,2025-10-21,2025-10-28,Plumbing,Normal,Completed,385.78
2654,692,21,2024-02-11,2024-02-22,Plumbing,Normal,Completed,500.79
2655,693,21,2026-08-18,2026-08-27,Electrical,High,Completed,218.91
2656,693,21,2026-08-23,2026-08-24,General,High,Completed,47.51
2657,693,21,2026-01-28,2026-02-04,General,Low,Completed,145.41
2658,693,21,2026-06-12,2026-06-24,Appliance,High,Completed,622.4
2659,693,21,2025-06-07,2025-06-21,General,Low,Completed,54.64
2660,693,21,2024-08-31,2024-09-17,General,Low,Completed,54.03
2661,693,21,2026-02-24,2026-03-01,Electrical,Normal,Completed,282.06
2662,694,21,2024-07-19,2024-07-22,HVAC,Normal,Completed,560.97
2663,694,21,2024-07-21,2024-07-27,HVAC,Normal,Completed,988.37
2664,694,21,2025-07-02,2025-07-12,Electrical,Normal,Completed,204.8
2665,694,21,2026-03-09,2026-03-18,Pest,Normal,Completed,176.64
2666,695,21,2024-03-18,2024-03-29,HVAC,Low,Completed,922.04
2667,695,21,2025-12-16,2026-02-08,Plumbing,Low,Completed,385.16
2668,696,21,2024-09-25,2024-10-13,HVAC,Low,Completed,1175.7
2669,696,21,2025-09-07,2025-09-09,HVAC,Normal,Completed,947.4
2670,696,21,2026-01-08,2026-01-11,HVAC,Normal,Completed,174.94
2671,696,21,2026-06-16,2026-06-16,Electrical,High,Completed,684.73
2672,697,21,2026-08-14,2026-09-13,Appliance,Normal,Completed,686.09
2673,697,21,2024-07-03,2024-07-11,Electrical,Normal,Completed,921.56
2674,697,21,2025-07-10,2025-07-13,Appliance,Normal,Completed,136.48
2675,697,21,2025-10-21,2025-10-23,General,High,Completed,90.29
2676,698,21,2026-03-22,2026-03-25,General,High,Completed,65.48
2677,698,21,2025-01-17,2025-01-18,General,High,Completed,155.74
2678,698,21,2025-01-26,2025-02-07,Plumbing,Normal,Completed,229.2
2679,698,21,2025-06-09,2025-07-04,General,Low,Completed,57.75
2680,698,21,2026-01-02,2026-01-04,Plumbing,Normal,Completed,240.97
2681,699,21,2026-06-13,2026-06-22,Electrical,Normal,Completed,376.58
2682,699,21,2025-07-14,2025-07-19,General,Normal,Completed,97.47
2683,699,21,2025-09-30,2025-10-02,HVAC,Normal,Completed,567.27
2684,699,21,2025-12-10,2025-12-11,Plumbing,High,Completed,140.01
2685,699,21,2024-02-01,2024-02-01,Electrical,Emergency,Completed,277.67
2686,699,21,2025-08-28,2025-08-31,General,Low,Completed,94.36
2687,699,21,2024-11-05,2024-11-10,General,Normal,Completed,63.79
2688,699,21,2025-10-30,2025-11-03,Appliance,High,Completed,54.24
2689,700,21,2024-05-08,2024-05-12,Plumbing,Normal,Completed,203.88
2690,700,21,2026-08-05,2026-08-11,Appliance,Low,Completed,640.79
2691,700,21,2024-03-31,2024-04-03,Appliance,Normal,Completed,60.24
2692,700,21,2024-10-30,2024-10-31,Appliance,High,Completed,187.13
2693,700,21,2024-06-08,2024-06-10,Plumbing,High,Completed,859.55
2694,700,21,2024-07-28,2024-08-01,Plumbing,High,Completed,527.39
2695,700,21,2024-09-03,2024-09-04,Plumbing,High,Completed,283.31
2696,700,21,2024-10-04,2024-10-08,Appliance,High,Completed,87.9
2697,700,21,2025-07-26,2025-07-29,Appliance,High,Completed,138.34
2698,701,21,2024-08-26,2024-09-14,HVAC,Normal,Completed,282.62
2699,701,21,2024-09-11,2024-09-22,Plumbing,Normal,Completed,705.47
2700,702,21,2026-07-19,2026-08-01,Plumbing,Normal,Completed,1120.86
2701,702,21,2024-09-30,2024-10-03,General,High,Completed,88.95
2702,702,21,2024-10-19,2024-10-23,Plumbing,Normal,Completed,643.64
2703,702,21,2025-05-19,2025-05-20,General,Normal,Completed,36.05
2704,702,21,2024-03-27,2024-04-01,Plumbing,Low,Completed,645.62
2705,703,21,2024-07-10,2024-07-17,Plumbing,Normal,Completed,170.41
2706,703,21,2025-04-01,2025-04-05,Plumbing,High,Completed,285.16
2707,703,21,2025-11-15,2025-12-16,Electrical,Normal,Completed,447.71
2708,703,21,2026-03-27,2026-04-07,HVAC,Normal,Completed,1375.61
2709,703,21,2025-01-27,2025-01-27,HVAC,High,Completed,1034.36
2710,703,21,2025-01-31,2025-02-09,Electrical,Normal,Completed,335.85
2711,703,21,2024-07-29,2024-08-10,Plumbing,Low,Completed,153.88
2712,704,21,2024-10-14,2024-10-24,Pest,Normal,Completed,176.52
2713,704,21,2024-12-10,2024-12-11,General,Normal,Completed,129.42
2714,704,21,2025-03-05,2025-03-30,Appliance,Low,Completed,330.68
2715,705,21,2026-03-12,2026-03-17,Plumbing,Normal,Completed,413.79
2716,705,21,2024-08-19,2024-08-23,Electrical,Low,Completed,681.25
2717,705,21,2024-07-04,2024-07-10,Appliance,Normal,Completed,244.66
2718,705,21,2024-05-22,2024-06-14,HVAC,Normal,Completed,1610.96
2719,705,21,2026-08-22,2026-09-13,Appliance,Normal,Completed,315.59
2720,705,21,2024-05-03,2024-05-11,General,Normal,Completed,170.95
2721,706,21,2026-04-02,2026-04-05,HVAC,High,Completed,354.44
2722,706,21,2024-05-15,2024-05-21,Electrical,Normal,Completed,202.76
2723,706,21,2024-02-08,2024-02-15,Plumbing,Normal,Completed,217.01
2724,707,21,2025-02-05,2025-02-08,Plumbing,Normal,Completed,819.64
2725,707,21,2026-09-01,2026-09-04,Plumbing,Low,Completed,1044.01
2726,708,21,2025-03-14,2025-03-18,Plumbing,Normal,Completed,264.58
2727,708,21,2025-05-13,2025-05-24,Plumbing,Low,Completed,1381.71
2728,708,21,2025-07-04,2025-07-12,HVAC,Low,Completed,420.49
2729,708,21,2026-02-18,2026-02-19,General,Emergency,Completed,129.3
2730,708,21,2024-09-09,2024-09-13,Electrical,High,Completed,343.44
2731,709,21,2024-11-16,2024-11-23,Plumbing,Low,Completed,278.88
2732,709,21,2026-01-16,2026-01-27,Plumbing,Normal,Completed,331.04
2733,709,21,2024-12-13,2024-12-22,HVAC,Normal,Completed,592.57
2734,709,21,2026-01-26,2026-01-30,Plumbing,Normal,Completed,61.32
2735,709,21,2025-11-24,2025-12-12,Plumbing,Low,Completed,128.07
2736,710,21,2025-12-21,2025-12-29,Plumbing,Normal,Completed,816.31
2737,710,21,2024-05-12,2024-05-15,HVAC,High,Completed,530.99
2738,710,21,2026-06-06,2026-07-16,General,Low,Completed,190.38
2739,710,21,2026-04-20,2026-04-22,HVAC,Emergency,Completed,846.05
2740,710,21,2024-01-14,2024-01-27,Plumbing,Normal,Completed,518.17
2741,710,21,2026-05-01,2026-05-09,Plumbing,Normal,Completed,221.22
2742,710,21,2025-01-20,2025-01-21,Plumbing,High,Completed,331.23
2743,710,21,2026-09-15,,Plumbing,Normal,Open,
2744,711,21,2025-08-11,2025-08-15,General,High,Completed,124.64
2745,712,21,2026-08-27,2026-09-09,General,Normal,Completed,204.28
2746,712,21,2024-03-24,2024-05-14,Plumbing,Low,Completed,281.81
2747,712,21,2025-07-07,2025-07-09,Electrical,Normal,Completed,501.11
2748,712,21,2026-05-08,2026-05-12,HVAC,Normal,Completed,1116.61
2749,712,21,2024-05-18,2024-05-21,General,High,Completed,92.16
2750,713,21,2025-10-05,2025-10-07,General,Low,Completed,248.37
2751,714,21,2025-09-04,2025-09-15,Plumbing,Low,Completed,130.28
2752,714,21,2024-12-17,2024-12-17,HVAC,Emergency,Completed,725.44
2753,714,21,2026-05-10,2026-05-12,General,Normal,Completed,170.5
2754,714,21,2024-03-11,2024-03-23,General,Normal,Completed,213.36
2755,714,21,2024-05-06,2024-05-07,Electrical,Emergency,Completed,311.95
2756,714,21,2025-11-06,2025-11-18,General,Normal,Completed,80.41
2757,715,21,2024-07-31,2024-08-02,Plumbing,High,Completed,222.26
2758,715,21,2026-08-16,2026-08-21,HVAC,High,Completed,366.44
2759,715,21,2025-05-15,2025-05-18,General,Normal,Completed,144.02
2760,715,21,2024-04-26,2024-05-20,HVAC,Normal,Completed,204.88
2761,716,21,2025-06-30,2025-07-06,General,Normal,Completed,85.69
2762,716,21,2025-01-08,2025-01-13,Appliance,Normal,Completed,310.31
2763,717,21,2025-07-10,2025-07-10,HVAC,Emergency,Completed,209.08
2764,717,21,2025-01-26,2025-02-26,Appliance,Low,Completed,330.07
2765,717,21,2025-08-29,2025-09-07,General,Normal,Completed,167.01
2766,717,21,2025-05-21,2025-05-22,Appliance,Normal,Completed,219.64
2767,718,21,2025-03-01,2025-03-03,General,Normal,Completed,46.39
2768,718,21,2026-02-02,2026-02-06,Appliance,Normal,Completed,115.61
2769,718,21,2024-05-05,2024-05-07,Plumbing,High,Completed,259.17
2770,718,21,2024-09-12,2024-09-19,Appliance,Normal,Completed,195.45
2771,718,21,2025-04-22,2025-04-22,Plumbing,Normal,Completed,337.82
2772,719,21,2025-12-23,2025-12-29,Electrical,Normal,Completed,162.6
2773,719,21,2026-08-12,2026-08-18,Pest,Normal,Completed,224.03
2774,719,21,2024-08-30,2024-08-31,HVAC,Normal,Completed,181.07
2775,719,21,2024-09-18,2024-10-10,General,Low,Completed,125.99
2776,719,21,2025-11-26,2025-11-30,Electrical,Normal,Completed,167.83
2777,719,21,2026-08-11,2026-08-20,Electrical,Normal,Completed,239.8
2778,719,21,2025-07-20,2025-07-20,Plumbing,High,Completed,519.59
2779,720,21,2025-01-25,2025-02-04,Appliance,Normal,Completed,188.74
2780,720,21,2024-06-10,2024-06-30,Appliance,Low,Completed,269.12
2781,720,21,2024-08-28,2024-08-30,HVAC,High,Completed,317.97
2782,720,21,2025-03-01,2025-03-01,Plumbing,High,Completed,411.61
2783,721,21,2026-01-04,2026-01-15,Appliance,Low,Completed,174.18
2784,721,21,2024-10-23,2024-10-29,Plumbing,Normal,Completed,190.69
2785,721,21,2026-04-20,2026-04-23,HVAC,Normal,Completed,677.52
2786,722,21,2025-10-13,2025-10-14,Electrical,High,Completed,543.54
2787,722,21,2026-03-12,2026-03-22,Appliance,Low,Completed,319.72
2788,722,21,2025-05-15,2025-06-02,General,Normal,Completed,127.96
2789,722,21,2024-01-21,2024-01-30,Plumbing,Normal,Completed,290.66
2790,722,21,2024-07-22,2024-07-27,Plumbing,Normal,Completed,245.16
2791,722,21,2024-08-08,2024-08-08,Plumbing,Emergency,Completed,556.66
2792,722,21,2024-11-25,2024-11-25,General,High,Completed,82.47
2793,722,21,2024-01-27,2024-02-03,Plumbing,Normal,Completed,1095.68
2794,723,21,2024-04-26,2024-05-05,Electrical,Normal,Completed,274.01
2795,723,21,2025-08-15,2025-08-31,General,Low,Completed,251.23
2796,723,21,2024-11-27,2024-12-02,Electrical,High,Completed,150.15
2797,723,21,2026-08-21,2026-08-23,Appliance,Low,Completed,402.99
2798,723,21,2025-04-10,2025-04-20,Appliance,Normal,Completed,84.32
2799,723,21,2024-04-20,2024-04-27,HVAC,Normal,Completed,537.7
2800,723,21,2025-01-08,2025-01-09,Plumbing,Emergency,Completed,450.53
2801,723,21,2026-01-27,2026-02-07,HVAC,Low,Completed,1016.27
2802,723,21,2025-06-25,2025-07-03,General,High,Completed,314.1
2803,724,21,2024-11-27,2024-12-27,Roofing,Low,Completed,1483.42
2804,724,21,2025-10-21,2025-10-25,Appliance,Normal,Completed,396.32
2805,724,21,2024-07-15,2024-07-18,Electrical,Normal,Completed,489.3
2806,725,21,2026-09-07,2026-09-07,Electrical,Emergency,Completed,355.34
2807,725,21,2024-05-19,2024-05-30,Appliance,Low,Completed,336.6
2808,725,21,2024-09-19,2024-09-19,Appliance,Emergency,Completed,102.83
2809,725,21,2024-04-14,2024-04-16,Roofing,High,Completed,2384.15
2810,726,21,2025-10-14,2025-10-16,Appliance,Normal,Completed,343.99
2811,726,21,2025-02-21,2025-02-26,Appliance,High,Completed,202.42
2812,726,21,2024-10-12,2024-11-01,General,Normal,Completed,182.38
2813,726,21,2024-01-20,2024-01-22,Plumbing,High,Completed,587.54
2814,727,21,2024-12-20,2024-12-20,HVAC,High,Completed,422.82
2815,727,21,2025-11-17,2025-11-18,General,High,Completed,247.89
2816,727,21,2026-06-23,2026-06-24,HVAC,Emergency,Completed,399.29
2817,727,21,2026-07-29,2026-08-08,Roofing,Normal,Completed,7510.78
2818,728,21,2026-02-09,2026-02-13,Electrical,High,Completed,638.78
2819,728,21,2025-10-28,2025-11-07,Appliance,Normal,Completed,275.04
2820,728,21,2025-08-05,2025-08-08,General,High,Completed,92.16
2821,728,21,2025-10-17,2025-11-02,HVAC,Normal,Completed,442.96
2822,728,21,2026-01-10,2026-01-14,General,High,Completed,81.62
2823,729,21,2025-08-08,2025-08-16,Appliance,Normal,Completed,311.8
2824,729,21,2024-05-12,2024-05-13,General,Normal,Completed,313.04
2825,729,21,2025-10-30,2025-11-16,General,Normal,Completed,47.79
2826,730,21,2024-07-15,2024-07-15,Electrical,Normal,Completed,183.44
2827,730,21,2024-03-18,2024-03-21,Pest,High,Completed,182.4
2828,730,21,2024-09-24,2024-10-07,General,Normal,Completed,153.41
2829,730,21,2025-05-23,2025-06-04,General,Low,Completed,115.36
2830,730,21,2024-03-16,2024-03-20,Electrical,Low,Completed,567.65
2831,731,21,2024-12-25,2024-12-30,Electrical,High,Completed,202.37
2832,731,21,2026-09-02,2026-09-03,Plumbing,Emergency,Completed,714.34
2833,731,21,2026-02-19,2026-02-27,Appliance,Normal,Completed,225.8
2834,731,21,2025-07-08,2025-07-08,Appliance,Normal,Completed,553.87
2835,731,21,2026-01-24,2026-01-27,Appliance,Emergency,Completed,686.62
2836,732,21,2025-08-24,2025-09-03,General,Normal,Completed,106.7
2837,732,21,2026-08-18,2026-08-23,Roofing,Normal,Completed,1296.06
2838,732,21,2025-04-30,2025-05-03,General,High,Completed,199.31
2839,732,21,2025-02-10,2025-02-25,HVAC,Normal,Completed,339.82
2840,732,21,2024-08-14,2024-08-24,Plumbing,Low,Completed,197.32
2841,732,21,2026-07-06,2026-07-15,Appliance,Normal,Completed,164.37
2842,732,21,2024-06-28,2024-07-10,Appliance,Normal,Completed,540.43
2843,733,21,2024-09-03,2024-09-06,General,Normal,Completed,80.91
2844,733,21,2026-07-04,2026-07-05,HVAC,Emergency,Completed,1169.75
2845,733,21,2025-01-27,2025-01-30,Electrical,Normal,Completed,212.11
2846,733,21,2025-01-08,2025-01-12,General,High,Completed,85.22
2847,733,21,2025-12-22,2025-12-26,Plumbing,High,Completed,349.16
2848,733,21,2025-04-10,2025-04-20,General,Normal,Completed,587.4
2849,734,21,2024-05-16,2024-05-30,Plumbing,Normal,Completed,154.43
2850,734,21,2025-05-05,2025-05-06,HVAC,High,Completed,317.61
2851,735,21,2025-06-14,2025-07-16,Appliance,Low,Completed,286.2
2852,735,21,2025-10-30,2025-10-30,Electrical,Normal,Completed,93.12
2853,735,21,2025-04-28,2025-04-30,Plumbing,Emergency,Completed,308.25
2854,735,21,2024-10-16,2024-10-18,Electrical,Normal,Completed,217.12
2855,735,21,2026-09-26,2026-09-30,Roofing,Normal,Completed,880.04
2856,735,21,2024-09-06,2024-09-07,Appliance,High,Completed,799.98
2857,736,21,2024-01-14,2024-01-24,Appliance,Normal,Completed,188.57
2858,736,21,2024-04-05,2024-04-18,Roofing,Normal,Completed,1700.39
2859,736,21,2025-10-01,2025-10-01,General,Emergency,Completed,87.95
2860,737,21,2024-09-16,2024-09-22,Pest,Normal,Completed,91.57
2861,737,21,2025-01-03,2025-01-05,Plumbing,Emergency,Completed,481.71
2862,737,21,2025-09-04,2025-09-09,Plumbing,Normal,Completed,128.11
2863,738,22,2025-07-17,2025-07-20,General,High,Completed,147.42
2864,739,22,2026-01-11,2026-02-01,HVAC,Normal,Completed,689.23
2865,739,22,2026-03-19,2026-03-21,Electrical,Normal,Completed,374.11
2866,739,22,2026-08-09,2026-08-14,Pest,High,Completed,238.21
2867,739,22,2026-05-10,2026-05-18,Electrical,Normal,Completed,198.8
2868,740,22,2025-06-01,2025-06-18,General,Low,Completed,108.56
2869,740,22,2026-03-05,2026-03-20,Plumbing,Low,Completed,233.68
2870,740,22,2026-01-22,2026-02-05,Plumbing,Low,Completed,369.19
2871,741,22,2025-08-10,2025-08-13,General,Normal,Completed,120.74
2872,741,22,2026-07-15,2026-08-10,Electrical,Normal,Completed,190.31
2873,741,22,2024-01-02,2024-01-04,Appliance,High,Completed,778.95
2874,741,22,2026-05-07,2026-07-02,Appliance,Low,Completed,186.82
2875,741,22,2025-08-06,2025-08-12,Appliance,Normal,Completed,362.75
2876,742,22,2024-01-02,2024-01-11,Pest,Normal,Completed,148.48
2877,742,22,2024-01-23,2024-01-31,Plumbing,Normal,Completed,174.72
2878,743,22,2026-03-04,2026-03-05,Plumbing,Low,Completed,178.21
2879,743,22,2025-02-21,2025-02-25,Electrical,Normal,Completed,131.44
2880,743,22,2025-04-04,2025-04-11,Pest,High,Completed,226.61
2881,743,22,2025-11-03,2025-11-26,Plumbing,Low,Completed,237.84
2882,744,22,2026-02-10,2026-02-19,General,Low,Completed,214.82
2883,744,22,2025-05-15,2025-05-18,Electrical,High,Completed,588.26
2884,745,22,2025-07-21,2025-07-31,Pest,Normal,Completed,84.69
2885,745,22,2026-07-13,2026-07-17,Appliance,High,Completed,208.71
2886,745,22,2025-01-27,2025-02-03,HVAC,Normal,Completed,809.76
2887,746,23,2026-02-26,2026-03-01,Appliance,High,Completed,136.5
2888,746,23,2024-02-10,2024-02-15,HVAC,Normal,Completed,405.09
2889,746,23,2024-03-20,2024-03-30,Electrical,Normal,Completed,161.89
2890,746,23,2026-09-02,2026-09-06,Electrical,High,Completed,264.66
2891,746,23,2025-09-23,2025-09-24,Roofing,High,Completed,719.36
2892,747,23,2024-01-13,2024-01-16,General,High,Completed,129.71
2893,747,23,2025-09-04,2025-09-07,Plumbing,High,Completed,261.76
2894,747,23,2024-05-25,2024-05-31,Electrical,Low,Completed,371.68
2895,747,23,2024-05-05,2024-05-06,Plumbing,Normal,Completed,217.6
2896,747,23,2026-06-20,2026-06-21,Electrical,Emergency,Completed,218.42
2897,748,23,2025-11-17,2025-11-17,Plumbing,Normal,Completed,401.26
2898,749,23,2025-08-15,2025-08-19,General,Normal,Completed,99.79
2899,749,23,2026-01-30,2026-02-18,Electrical,Normal,Completed,233.89
2900,749,23,2025-03-05,2025-03-22,Pest,Normal,Completed,121.77
2901,749,23,2024-10-22,2024-10-24,Plumbing,Normal,Completed,247.76
2902,750,23,2026-05-04,2026-05-06,Plumbing,Emergency,Completed,175.84
2903,750,23,2024-12-14,2024-12-27,Pest,Normal,Completed,69.61
2904,750,23,2025-04-08,2025-04-10,Plumbing,Normal,Completed,333.25
2905,750,23,2025-02-17,2025-02-24,General,Normal,Completed,338.73
2906,750,23,2024-03-26,2024-04-10,HVAC,Normal,Completed,142.7
2907,750,23,2026-04-22,2026-04-25,Plumbing,Normal,Completed,166.13
2908,750,23,2026-02-18,2026-02-26,General,Low,Completed,259.9
2909,751,23,2025-02-20,2025-03-03,General,Normal,Completed,185.98
2910,751,23,2024-10-13,2024-10-13,Roofing,Normal,Completed,1387.66
2911,751,23,2026-02-11,2026-03-02,Plumbing,Normal,Completed,211.13
2912,751,23,2026-02-17,2026-02-19,Pest,Normal,Completed,83.42
2913,752,23,2024-05-09,2024-05-19,Electrical,Low,Completed,543.08
2914,752,23,2025-07-01,2025-07-11,Plumbing,Normal,Completed,299.39
2915,752,23,2025-08-06,2025-08-06,General,High,Completed,46.63
2916,752,23,2024-08-11,2024-08-19,HVAC,Low,Completed,214.96
2917,752,23,2025-09-24,2025-10-02,Plumbing,Normal,Completed,1165.91
2918,752,23,2024-03-08,2024-03-10,Electrical,Normal,Completed,213.91
2919,752,23,2026-02-10,2026-02-10,Plumbing,Emergency,Completed,435.76
2920,752,23,2026-03-16,2026-03-17,Plumbing,High,Completed,255.88
2921,753,23,2024-01-26,2024-02-06,Plumbing,Normal,Completed,588.51
2922,753,23,2025-10-22,2025-10-23,Electrical,Emergency,Completed,85.35
2923,753,23,2025-11-08,2025-11-23,General,Normal,Completed,95.01
2924,754,23,2026-07-16,2026-07-23,General,Normal,Completed,108.42
2925,754,23,2024-08-28,2024-09-16,General,Low,Completed,62.87
2926,754,23,2025-07-27,2025-07-28,Plumbing,High,Completed,376.7
2927,754,23,2025-05-02,2025-05-22,General,Low,Completed,249.06
2928,754,23,2026-06-12,2026-06-16,Plumbing,Normal,Completed,205.29
2929,755,23,2026-09-06,2026-09-18,Plumbing,Low,Completed,242.39
2930,755,23,2025-05-08,2025-05-09,General,High,Completed,122.68
2931,755,23,2026-04-19,2026-04-22,General,High,Completed,29.44
2932,755,23,2024-10-01,2024-10-02,Appliance,Normal,Completed,117.55
2933,756,23,2025-06-15,2025-06-25,General,Low,Completed,62.7
2934,756,23,2025-05-26,2025-06-02,HVAC,Low,Completed,402.92
2935,756,23,2025-02-20,2025-03-06,Appliance,Normal,Completed,108.71
2936,756,23,2025-09-28,2025-10-03,Appliance,Low,Completed,44.8
2937,757,23,2025-04-08,2025-04-11,General,Normal,Completed,199.79
2938,757,23,2024-01-28,2024-01-29,HVAC,High,Completed,956.45
2939,757,23,2024-12-27,2025-01-01,HVAC,Normal,Completed,284.04
2940,757,23,2024-11-01,2024-11-03,Plumbing,Normal,Completed,372.51
2941,757,23,2024-09-03,2024-09-08,HVAC,High,Completed,205.5
2942,757,23,2024-09-14,2024-09-30,Plumbing,Normal,Completed,636.83
2943,758,23,2025-04-15,2025-04-18,Plumbing,High,Completed,238.31
2944,758,23,2026-07-01,2026-07-02,General,Normal,Completed,183.12
2945,758,23,2026-09-28,,General,Normal,Open,
2946,759,23,2025-05-31,2025-06-11,Pest,Low,Completed,76.99
2947,759,23,2024-01-17,2024-01-20,General,Normal,Completed,216.54
2948,760,23,2025-08-09,2025-08-21,Roofing,Normal,Completed,3709.34
2949,760,23,2026-01-19,2026-01-20,General,Emergency,Completed,141.22
2950,760,23,2024-08-12,2024-09-02,Plumbing,Normal,Completed,391.83
2951,760,23,2026-04-05,2026-04-12,General,Normal,Completed,289.83
2952,761,23,2025-03-14,2025-03-22,HVAC,Low,Completed,886.25
2953,761,23,2025-08-06,2025-08-13,HVAC,Low,Completed,1128.03
2954,761,23,2026-03-15,2026-03-19,Plumbing,High,Completed,753.84
2955,761,23,2024-01-26,2024-02-10,General,Normal,Completed,62.81
2956,761,23,2024-05-20,2024-05-27,HVAC,Normal,Completed,376.04
2957,762,23,2024-05-12,2024-05-16,Plumbing,Normal,Completed,688.72
2958,762,23,2025-04-14,2025-04-15,General,Normal,Completed,60.79
2959,762,23,2026-07-27,2026-07-28,HVAC,High,Completed,738.07
2960,762,23,2024-07-14,2024-07-29,Pest,Low,Completed,237.78
2961,762,23,2026-02-11,2026-02-23,Plumbing,Low,Completed,409.11
2962,762,23,2025-02-17,2025-02-25,Electrical,Normal,Completed,115.6
2963,762,23,2025-06-01,2025-06-02,General,Normal,Completed,39.72
2964,763,23,2025-02-23,2025-02-23,Electrical,Emergency,Completed,218.97
2965,763,23,2025-10-12,2025-10-19,General,Normal,Completed,157.27
2966,763,23,2025-05-31,2025-06-25,Pest,Low,Completed,237.27
2967,763,23,2024-06-21,2024-07-08,General,Normal,Completed,77.48
2968,763,23,2025-12-02,2025-12-03,Appliance,High,Completed,619.73
2969,763,23,2025-12-31,2026-01-02,Appliance,High,Completed,173.7
2970,764,23,2025-06-28,2025-06-28,Plumbing,Normal,Completed,288.4
2971,764,23,2025-09-18,2025-09-20,Plumbing,High,Completed,312.18
2972,765,23,2025-03-04,2025-03-05,Appliance,Emergency,Completed,174.87
2973,765,23,2024-08-07,2024-08-08,Plumbing,Normal,Completed,619.71
2974,765,23,2026-09-20,2026-09-23,Plumbing,Normal,Completed,521.92
2975,765,23,2025-09-01,2025-09-11,Electrical,Normal,Completed,168.99
2976,765,23,2024-06-25,2024-06-26,HVAC,Normal,Completed,657.56
2977,765,23,2025-08-20,2025-08-21,General,High,Completed,221.72
2978,766,23,2025-02-27,2025-03-04,HVAC,Normal,Completed,484.06
2979,766,23,2024-11-10,2024-11-19,General,Low,Completed,140.22
2980,766,23,2025-01-01,2025-01-07,Plumbing,Normal,Completed,544.35
2981,766,23,2024-02-01,2024-02-05,HVAC,Normal,Completed,379.36
2982,766,23,2024-03-20,2024-03-20,Plumbing,Normal,Completed,292.92
2983,766,23,2025-09-21,2025-09-29,Appliance,Normal,Completed,231.67
2984,767,23,2024-08-08,2024-08-11,HVAC,High,Completed,813.78
2985,767,23,2026-08-11,2026-08-12,Pest,Normal,Completed,222.74
2986,769,23,2025-06-19,2025-06-22,Plumbing,Normal,Completed,273.84
2987,769,23,2024-01-28,2024-02-04,Pest,High,Completed,174.17
2988,769,23,2025-05-18,2025-05-26,General,Normal,Completed,114.43
2989,769,23,2025-09-20,2025-09-20,General,Normal,Completed,111.76
2990,770,23,2024-04-05,2024-04-07,HVAC,High,Completed,186.28
2991,770,23,2024-10-05,2024-11-01,Roofing,Low,Completed,2084.67
2992,770,23,2025-10-29,2025-11-05,Appliance,Normal,Completed,113.7
2993,771,23,2025-04-18,2025-04-27,Plumbing,Normal,Completed,169.65
2994,771,23,2026-07-05,2026-07-19,HVAC,Normal,Completed,782.17
2995,772,23,2026-02-15,2026-02-25,Plumbing,Normal,Completed,910.81
2996,772,23,2024-06-20,2024-06-24,HVAC,High,Completed,326.04
2997,773,23,2026-06-19,2026-06-29,HVAC,Normal,Completed,501.04
2998,773,23,2024-06-20,2024-06-22,General,Normal,Completed,192.5
2999,773,23,2025-01-21,2025-01-21,Plumbing,High,Completed,567.73
3000,773,23,2026-05-09,2026-05-14,Electrical,Normal,Completed,280.48
3001,774,23,2025-05-07,2025-05-11,HVAC,Low,Completed,455.91
3002,774,23,2025-04-19,2025-05-07,HVAC,Low,Completed,406.6
3003,774,23,2025-02-01,2025-02-08,Plumbing,Low,Completed,102.57
3004,774,23,2024-07-21,2024-08-15,General,Low,Completed,191.74
3005,774,23,2025-05-12,2025-05-18,HVAC,Normal,Completed,672.65
3006,774,23,2025-06-10,2025-06-13,Plumbing,High,Completed,67.22
3007,775,23,2024-06-27,2024-07-02,Plumbing,High,Completed,163.98
3008,775,23,2024-12-22,2024-12-24,Plumbing,High,Completed,596.67
3009,775,23,2026-05-24,2026-06-12,HVAC,Low,Completed,1088.4
3010,775,23,2025-06-20,2025-06-28,Plumbing,Normal,Completed,447.88
3011,775,23,2024-08-11,2024-08-28,Appliance,Normal,Completed,471.59
3012,775,23,2025-09-29,2025-09-29,Electrical,Normal,Completed,226.46
3013,776,23,2025-04-23,2025-04-26,General,Normal,Completed,188.06
3014,776,23,2024-03-17,2024-03-20,Appliance,Normal,Completed,916.28
3015,776,23,2025-05-02,2025-05-02,HVAC,High,Completed,1145.86
3016,776,23,2026-07-27,2026-08-09,HVAC,Normal,Completed,841.37
3017,776,23,2026-04-22,2026-04-26,HVAC,High,Completed,417.3
3018,777,23,2024-02-24,2024-02-25,HVAC,High,Completed,858.68
3019,777,23,2025-04-11,2025-04-12,Appliance,Low,Completed,252.05
3020,777,23,2025-08-17,2025-08-21,Plumbing,High,Completed,161.91
3021,777,23,2024-06-11,2024-06-11,Appliance,High,Completed,126.75
3022,777,23,2025-12-01,2025-12-06,General,Normal,Completed,122.62
3023,777,23,2025-06-26,2025-06-29,Pest,High,Completed,235.82
3024,778,23,2026-02-06,2026-02-15,General,Normal,Completed,37.38
3025,778,23,2026-03-08,2026-03-09,Plumbing,Low,Completed,611.5
3026,778,23,2026-02-06,2026-02-07,Appliance,Normal,Completed,182.54
3027,778,23,2024-11-22,2024-11-24,Pest,Normal,Completed,408.59
3028,778,23,2025-04-02,2025-04-03,HVAC,Low,Completed,420.45
3029,778,23,2025-06-16,2025-06-29,HVAC,Normal,Completed,642.84
3030,779,23,2024-04-12,2024-04-15,Plumbing,Normal,Completed,849.99
3031,779,23,2024-02-14,2024-02-25,Appliance,Normal,Completed,99.63
3032,779,23,2026-03-11,2026-03-16,HVAC,High,Completed,416.27
3033,779,23,2025-04-24,2025-04-27,Appliance,Normal,Completed,272.73
3034,779,23,2025-10-18,2025-11-30,Plumbing,Low,Completed,99.54
3035,779,23,2025-07-03,2025-07-10,Plumbing,Normal,Completed,134.33
3036,780,23,2026-02-21,2026-03-01,Electrical,Normal,Completed,380.54
3037,780,23,2024-06-11,2024-06-16,Electrical,Normal,Completed,295.63
3038,780,23,2025-02-27,2025-03-01,General,Emergency,Completed,129.15
3039,780,23,2026-05-22,2026-05-25,HVAC,Normal,Completed,303.73
3040,780,23,2024-04-11,2024-04-25,Plumbing,Normal,Completed,137.33
3041,781,23,2025-03-17,2025-03-25,Appliance,Normal,Completed,181.52
3042,781,23,2025-02-26,2025-03-02,Electrical,Normal,Completed,267.99
3043,781,23,2025-05-27,2025-06-03,General,Low,Completed,63.72
3044,781,23,2025-02-12,2025-02-15,Electrical,High,Completed,278.16
3045,782,23,2025-09-12,2025-09-24,Plumbing,Normal,Completed,396.99
3046,782,23,2026-08-09,2026-08-15,Plumbing,Normal,Completed,84.72
3047,782,23,2026-03-05,2026-03-14,General,Normal,Completed,142.32
3048,782,23,2025-01-02,2025-01-15,Appliance,Normal,Completed,172.51
3049,782,23,2024-05-12,2024-05-15,HVAC,High,Completed,823.49
3050,782,23,2026-07-21,2026-08-08,Plumbing,Normal,Completed,433.4
3051,783,23,2025-10-27,2025-10-28,General,High,Completed,164.25
3052,783,23,2024-12-25,2024-12-27,Appliance,High,Completed,301.94
3053,783,23,2025-09-02,2025-09-08,Electrical,Normal,Completed,571.95
3054,783,23,2025-06-21,2025-07-01,Plumbing,Normal,Completed,1352.55
3055,783,23,2024-03-10,2024-04-11,HVAC,Low,Completed,453.37
3056,783,23,2024-08-21,2024-08-25,HVAC,Normal,Completed,191.82
3057,783,23,2025-12-16,2025-12-23,Roofing,Normal,Completed,4306.57
3058,784,23,2026-07-24,2026-08-15,Plumbing,Normal,Completed,179.95
3059,784,23,2024-10-20,2024-10-26,Electrical,Low,Completed,320.04
3060,784,23,2026-03-11,2026-03-29,HVAC,Normal,Completed,1055.14
3061,784,23,2026-01-17,2026-01-20,General,High,Completed,63.57
3062,784,23,2025-01-31,2025-02-08,HVAC,Normal,Completed,248.19
3063,785,23,2025-01-14,2025-02-04,Electrical,Normal,Completed,275.45
3064,786,23,2024-07-02,2024-07-11,Plumbing,Normal,Completed,254.78
3065,786,23,2024-03-30,2024-04-14,Plumbing,Normal,Completed,227.87
3066,786,23,2025-02-23,2025-02-26,Plumbing,Normal,Completed,337.77
3067,786,23,2025-08-25,2025-09-04,HVAC,Normal,Completed,353.34
3068,786,23,2024-11-12,2024-11-18,Appliance,Normal,Completed,310.19
3069,786,23,2026-03-23,2026-04-04,Electrical,Normal,Completed,266.13
3070,786,23,2025-11-25,2025-11-30,HVAC,Normal,Completed,1158.63
3071,787,23,2024-08-03,2024-08-07,General,Normal,Completed,148.66
3072,787,23,2024-04-07,2024-04-07,Electrical,Emergency,Completed,82.49
3073,787,23,2026-06-14,2026-06-14,Plumbing,Emergency,Completed,65.47
3074,788,23,2026-07-23,2026-08-06,HVAC,Low,Completed,654.12
3075,788,23,2025-08-30,2025-09-06,Appliance,High,Completed,257.99
3076,788,23,2025-11-26,2025-11-28,Appliance,High,Completed,133.18
3077,788,23,2024-03-21,2024-03-23,Plumbing,Normal,Completed,620.15
3078,788,23,2026-03-03,2026-03-11,General,Low,Completed,176.77
3079,789,23,2026-04-10,2026-04-14,HVAC,Low,Completed,960.36
3080,789,23,2025-12-26,2025-12-27,General,Emergency,Completed,120.25
3081,790,23,2026-07-10,2026-07-26,Electrical,Low,Completed,250.34
3082,790,23,2026-06-06,2026-06-13,Plumbing,Normal,Completed,183.57
3083,790,23,2024-02-19,2024-02-29,General,Normal,Completed,85.21
3084,790,23,2026-09-16,2026-09-18,HVAC,Low,Completed,3123.86
3085,790,23,2026-03-31,2026-04-03,Plumbing,Normal,Completed,347.16
3086,790,23,2024-08-26,2024-08-30,General,Normal,Completed,173.66
3087,791,23,2024-03-26,2024-03-28,Pest,High,Completed,331.07
3088,791,23,2024-07-10,2024-07-12,Plumbing,Normal,Completed,263.03
3089,791,23,2026-03-04,2026-03-04,Plumbing,Emergency,Completed,219.82
3090,792,23,2024-11-15,2024-11-16,HVAC,Normal,Completed,1572.37
3091,792,23,2026-08-02,2026-08-24,Electrical,Normal,Completed,113.77
3092,792,23,2025-08-13,2025-08-23,General,Normal,Completed,210.47
3093,792,23,2024-01-11,2024-01-15,Appliance,Normal,Completed,226.3
3094,793,23,2024-08-14,2024-08-15,Appliance,Emergency,Completed,213.35
3095,793,23,2025-07-09,2025-07-23,HVAC,Normal,Completed,1248.08
3096,793,23,2025-01-21,2025-01-22,Plumbing,Normal,Completed,247.76
3097,793,23,2025-08-23,2025-09-02,Appliance,Normal,Completed,91.42
3098,794,23,2025-06-05,2025-06-06,HVAC,Emergency,Completed,346.81
3099,794,23,2026-04-24,2026-04-29,General,High,Completed,51.24
3100,794,23,2026-09-22,2026-09-22,Plumbing,Normal,Completed,551.01
3101,794,23,2025-03-23,2025-05-01,Pest,Low,Completed,165.06
3102,794,23,2025-11-30,2025-12-01,Electrical,High,Completed,212.93
3103,795,23,2025-12-07,2025-12-12,Electrical,Normal,Completed,289.48
3104,795,23,2025-09-07,2025-09-10,Plumbing,Low,Completed,353.87
3105,795,23,2024-01-11,2024-01-25,Plumbing,Normal,Completed,840.59
3106,795,23,2025-10-15,2025-10-17,Electrical,High,Completed,191.71
3107,795,23,2025-09-25,2025-10-02,HVAC,Normal,Completed,850.88
3108,795,23,2025-03-08,2025-03-24,Plumbing,Low,Completed,428.79
3109,796,23,2026-01-18,2026-01-30,Plumbing,Low,Completed,257.2
3110,796,23,2025-07-14,2025-07-20,HVAC,Low,Completed,284.63
3111,796,23,2024-01-16,2024-01-30,General,Normal,Completed,96.19
3112,797,23,2024-06-17,2024-07-03,Plumbing,Normal,Completed,579.01
3113,797,23,2026-04-16,2026-04-25,Pest,Low,Completed,56.79
3114,797,23,2024-04-06,2024-04-10,Electrical,Normal,Completed,70.07
3115,797,23,2025-03-06,2025-03-08,Electrical,Low,Completed,96.05
3116,797,23,2024-10-15,2024-10-20,Appliance,High,Completed,137.86
3117,797,23,2025-01-06,2025-01-18,General,Low,Completed,194.48
3118,798,23,2024-05-15,2024-05-17,HVAC,Normal,Completed,196.4
3119,798,23,2026-01-25,2026-02-08,HVAC,Low,Completed,754.48
3120,799,23,2026-05-26,2026-06-15,Pest,Low,Completed,98.27
3121,799,23,2025-12-19,2026-01-08,General,Normal,Completed,110.06
3122,799,23,2025-10-27,2025-11-03,Plumbing,Normal,Completed,259.0
3123,800,23,2026-08-26,2026-08-26,General,Emergency,Completed,84.55
3124,800,23,2025-01-10,2025-01-11,HVAC,High,Completed,788.73
3125,800,23,2025-06-03,2025-06-08,General,Normal,Completed,146.56
3126,800,23,2024-06-09,2024-06-13,Plumbing,High,Completed,101.96
3127,801,23,2025-07-17,2025-07-20,Plumbing,Normal,Completed,1282.92
3128,801,23,2024-05-13,2024-05-23,HVAC,Normal,Completed,881.61
3129,801,23,2026-04-30,2026-05-01,Pest,Normal,Completed,565.02
3130,802,23,2025-11-05,2025-11-06,Roofing,Emergency,Completed,3006.33
3131,802,23,2026-02-16,2026-02-18,Plumbing,High,Completed,446.79
3132,802,23,2025-10-01,2025-10-19,Plumbing,Normal,Completed,520.14
3133,802,23,2026-04-05,2026-04-23,HVAC,Normal,Completed,607.84
3134,802,23,2025-03-24,2025-03-25,HVAC,Emergency,Completed,832.58
3135,803,23,2025-09-10,2025-09-11,HVAC,Emergency,Completed,479.66
3136,803,23,2024-01-10,2024-01-15,Plumbing,Low,Completed,342.8
3137,803,23,2024-02-25,2024-03-02,HVAC,Normal,Completed,862.79
3138,803,23,2026-07-22,2026-07-22,HVAC,High,Completed,1079.66
3139,803,23,2024-02-08,2024-03-03,Plumbing,Low,Completed,114.34
3140,803,23,2024-04-05,2024-04-06,Plumbing,Low,Completed,134.34
3141,803,23,2025-07-26,2025-07-27,HVAC,Emergency,Completed,1230.67
3142,803,23,2025-09-20,2025-09-21,HVAC,High,Completed,1139.95
3143,804,23,2025-09-30,2025-10-16,HVAC,Low,Completed,476.16
3144,804,23,2024-11-02,2024-11-07,Appliance,Low,Completed,128.2
3145,805,23,2024-09-23,2024-09-29,General,Normal,Completed,101.12
3146,805,23,2026-09-05,2026-09-09,General,Normal,Completed,241.35
3147,805,23,2025-01-05,2025-01-15,HVAC,Low,Completed,467.05
3148,805,23,2025-02-25,2025-03-18,General,Low,Completed,141.45
3149,805,23,2025-04-01,2025-04-10,HVAC,Low,Completed,561.55
3150,805,23,2025-06-26,2025-07-03,Appliance,Normal,Completed,468.62
3151,806,23,2024-08-04,2024-08-16,Plumbing,Normal,Completed,921.84
3152,806,23,2024-11-06,2024-11-18,Plumbing,Low,Completed,301.93
3153,806,23,2026-05-26,2026-05-29,Plumbing,Normal,Completed,343.36
3154,806,23,2026-07-16,2026-07-24,General,High,Completed,75.57
3155,806,23,2026-08-23,2026-08-31,HVAC,Normal,Completed,706.97
3156,806,23,2026-06-08,2026-06-08,HVAC,High,Completed,572.17
3157,807,23,2025-12-08,2025-12-24,Plumbing,Low,Completed,375.3
3158,807,23,2024-09-20,2024-09-30,Electrical,Normal,Completed,213.85
3159,807,23,2026-03-11,2026-03-26,Electrical,Normal,Completed,153.63
3160,807,23,2025-07-30,2025-08-05,Appliance,Normal,Completed,211.13
3161,808,23,2024-05-13,2024-05-22,Appliance,Normal,Completed,522.29
3162,808,23,2025-08-02,2025-08-13,General,Normal,Completed,141.8
3163,808,23,2025-03-13,2025-03-21,Plumbing,High,Completed,236.56
3164,808,23,2024-01-14,2024-01-15,Plumbing,Emergency,Completed,709.78
3165,808,23,2026-03-03,2026-03-04,General,Normal,Completed,211.56
3166,809,23,2025-06-30,2025-07-01,Appliance,Normal,Completed,175.53
3167,810,23,2026-03-15,2026-03-26,Electrical,Normal,Completed,504.95
3168,811,23,2025-11-26,2025-12-10,HVAC,Low,Completed,958.52
3169,811,23,2024-09-25,2024-09-27,Plumbing,Normal,Completed,206.19
3170,811,23,2024-11-27,2024-12-02,Plumbing,Normal,Completed,304.29
3171,811,23,2025-06-19,2025-06-25,Electrical,Low,Completed,247.9
3172,811,23,2024-02-26,2024-02-29,Plumbing,High,Completed,156.98
3173,811,23,2024-05-11,2024-05-26,HVAC,Normal,Completed,587.44
3174,812,23,2024-07-01,2024-07-08,Appliance,Normal,Completed,160.15
3175,812,23,2025-04-18,2025-04-20,Appliance,High,Completed,252.41
3176,812,23,2026-05-04,2026-05-12,General,Low,Completed,85.7
3177,812,23,2024-09-23,2024-09-27,Electrical,High,Completed,213.79
3178,812,23,2025-10-09,2025-10-12,Plumbing,High,Completed,402.8
3179,812,23,2024-01-20,2024-01-27,HVAC,Low,Completed,577.39
3180,813,23,2024-12-30,2025-01-10,HVAC,Low,Completed,1260.98
3181,813,23,2024-07-05,2024-07-05,Roofing,Normal,Completed,1839.13
3182,813,23,2024-10-08,2024-10-29,HVAC,Low,Completed,348.65
3183,814,23,2025-08-28,2025-09-04,HVAC,High,Completed,531.46
3184,814,23,2025-03-25,2025-04-02,Plumbing,Normal,Completed,314.27
3185,814,23,2024-05-21,2024-05-24,Roofing,High,Completed,1106.61
3186,814,23,2024-08-03,2024-08-03,Plumbing,Emergency,Completed,192.44
3187,814,23,2026-09-23,2026-09-28,HVAC,Normal,Completed,499.77
3188,814,23,2025-08-11,2025-08-16,Plumbing,Emergency,Completed,265.44
3189,814,23,2024-09-09,2024-09-26,Pest,Normal,Completed,150.68
3190,815,23,2024-05-14,2024-05-15,General,Low,Completed,114.29
3191,815,23,2025-06-13,2025-06-16,Electrical,Normal,Completed,1055.36
3192,815,23,2025-04-21,2025-04-22,HVAC,Normal,Completed,913.71
3193,815,23,2024-03-05,2024-03-12,HVAC,Normal,Completed,361.88
3194,815,23,2024-10-20,2024-10-20,Plumbing,High,Completed,225.9
3195,815,23,2024-12-20,2024-12-27,Appliance,Normal,Completed,178.1
3196,815,23,2025-10-27,2025-10-30,Plumbing,High,Completed,426.36
3197,815,23,2024-01-20,2024-01-21,Appliance,High,Completed,128.01
3198,815,23,2024-02-23,2024-03-07,General,Low,Completed,84.84
3199,816,23,2025-08-01,2025-08-06,Electrical,Normal,Completed,1075.68
3200,816,23,2024-12-03,2024-12-04,Plumbing,High,Completed,343.52
3201,817,23,2025-01-16,2025-01-19,Pest,Low,Completed,192.85
3202,817,23,2024-03-20,2024-03-27,Appliance,Normal,Completed,588.8
3203,817,23,2026-01-07,2026-01-16,HVAC,Normal,Completed,479.55
3204,818,23,2026-08-02,2026-08-10,Plumbing,Normal,Completed,325.6
3205,818,23,2025-08-07,2025-08-10,Pest,Low,Completed,77.7
3206,818,23,2025-09-06,2025-09-10,Plumbing,Normal,Completed,170.12
3207,818,23,2026-01-08,2026-01-11,Appliance,Normal,Completed,150.32
3208,818,23,2026-08-26,2026-08-26,Pest,Normal,Completed,177.32
3209,818,23,2025-07-14,2025-07-15,HVAC,Normal,Completed,328.29
3210,818,23,2024-11-09,2024-11-14,HVAC,Normal,Completed,689.82
3211,819,23,2024-03-20,2024-03-26,Plumbing,Normal,Completed,609.93
3212,819,23,2026-01-06,2026-01-30,General,Normal,Completed,153.25
3213,819,23,2026-09-22,2026-09-23,Plumbing,High,Completed,411.54
3214,819,23,2025-11-25,2025-11-29,Electrical,Normal,Completed,244.51
3215,819,23,2025-05-28,2025-05-28,Plumbing,Emergency,Completed,227.91
3216,820,23,2026-07-02,2026-07-09,Appliance,Normal,Completed,193.56
3217,820,23,2026-07-08,2026-07-10,General,Normal,Completed,63.97
3218,820,23,2025-04-20,2025-04-23,HVAC,Low,Completed,1461.41
3219,820,23,2026-09-21,2026-09-26,Electrical,High,Completed,323.17
3220,820,23,2025-01-01,2025-01-20,General,Normal,Completed,51.21
3221,820,23,2025-02-27,2025-02-28,Roofing,High,Completed,1988.64
3222,821,23,2026-09-22,2026-09-24,Plumbing,Low,Completed,140.09
3223,821,23,2025-06-16,2025-07-03,HVAC,Low,Completed,1252.53
3224,821,23,2025-05-03,2025-05-06,Appliance,Normal,Completed,136.77
3225,822,23,2026-08-06,2026-08-12,Plumbing,Normal,Completed,141.74
3226,822,23,2024-10-03,2024-10-05,Plumbing,Emergency,Completed,217.79
3227,822,23,2026-01-13,2026-01-19,General,Normal,Completed,198.1
3228,822,23,2025-11-21,2025-12-06,Plumbing,Low,Completed,265.37
3229,823,23,2024-01-08,2024-01-09,Plumbing,Normal,Completed,1243.2
3230,823,23,2026-07-11,2026-07-31,Plumbing,Normal,Completed,263.83
3231,823,23,2024-12-23,2024-12-25,Plumbing,Low,Completed,84.85
3232,824,23,2025-04-10,2025-04-24,Appliance,Normal,Completed,108.5
3233,824,23,2026-03-10,2026-03-19,Appliance,Low,Completed,51.17
3234,824,23,2024-02-27,2024-02-29,Roofing,High,Completed,676.18
3235,824,23,2024-08-28,2024-09-04,General,Normal,Completed,248.72
3236,825,23,2025-07-19,2025-07-25,Plumbing,Normal,Completed,297.2
3237,825,23,2026-01-18,2026-01-21,HVAC,High,Completed,604.32
3238,825,23,2025-03-20,2025-03-22,General,Normal,Completed,137.72
3239,825,23,2024-05-31,2024-06-07,Plumbing,Normal,Completed,264.05
3240,825,23,2024-08-14,2024-08-28,Appliance,Normal,Completed,185.18
3241,826,23,2026-04-03,2026-04-12,Plumbing,Normal,Completed,547.84
3242,826,23,2025-08-29,2025-09-03,Plumbing,High,Completed,249.1
3243,826,23,2025-09-30,2025-09-30,Appliance,High,Completed,226.59
3244,826,23,2026-07-19,2026-07-20,Appliance,High,Completed,94.72
3245,827,23,2025-04-15,2025-04-19,Appliance,Normal,Completed,1193.04
3246,827,23,2025-08-08,2025-08-10,Plumbing,Emergency,Completed,307.68
3247,827,23,2024-09-23,2024-09-24,Electrical,High,Completed,121.98
3248,827,23,2024-02-10,2024-02-11,Plumbing,Emergency,Completed,227.18
3249,827,23,2025-12-15,2026-01-03,Plumbing,Normal,Completed,196.02
3250,828,23,2024-03-30,2024-04-13,Electrical,Normal,Completed,372.13
3251,828,23,2026-08-26,2026-08-31,General,Low,Completed,78.16
3252,828,23,2025-07-22,2025-07-24,Electrical,Normal,Completed,172.16
3253,828,23,2025-04-24,2025-04-29,Appliance,Normal,Completed,183.66
3254,828,23,2026-08-22,2026-09-23,Plumbing,Low,Completed,70.88
3255,829,23,2026-08-18,2026-08-26,Plumbing,Low,Completed,506.16
3256,829,23,2024-09-21,2024-10-26,Plumbing,Low,Completed,129.23
3257,829,23,2025-06-10,2025-06-10,Electrical,Emergency,Completed,527.02
3258,829,23,2026-08-30,2026-09-27,Plumbing,Low,Completed,381.46
3259,830,23,2025-07-29,2025-08-08,Plumbing,Normal,Completed,563.1
3260,831,23,2026-02-20,2026-02-27,Plumbing,High,Completed,281.91
3261,831,23,2025-12-27,2025-12-31,HVAC,Normal,Completed,210.21
3262,831,23,2024-05-26,2024-06-07,General,Normal,Completed,107.02
3263,832,23,2026-02-02,2026-02-02,HVAC,Emergency,Completed,234.06
3264,832,23,2025-03-10,2025-03-23,HVAC,Normal,Completed,874.53
3265,832,23,2025-06-01,2025-06-08,Appliance,Normal,Completed,167.55
3266,833,23,2024-12-12,2024-12-24,General,Normal,Completed,266.66
3267,834,23,2026-03-28,2026-04-08,General,High,Completed,94.39
3268,834,23,2026-08-16,2026-08-18,General,High,Completed,202.17
3269,834,23,2024-02-19,2024-02-22,HVAC,Normal,Completed,553.84
3270,834,23,2024-02-03,2024-02-09,Plumbing,Low,Completed,262.24
3271,834,23,2025-01-22,2025-01-27,HVAC,Normal,Completed,393.9
3272,834,23,2024-02-09,2024-02-23,HVAC,Low,Completed,756.87
3273,834,23,2026-08-04,2026-08-09,Plumbing,High,Completed,264.6
3274,835,23,2026-01-27,2026-01-28,Appliance,High,Completed,464.24
3275,835,23,2025-08-20,2025-08-31,Plumbing,Normal,Completed,450.57
3276,835,23,2024-07-19,2024-07-24,General,Normal,Completed,132.66
3277,835,23,2025-09-19,2025-09-27,Electrical,Normal,Completed,196.49
3278,836,23,2025-01-17,2025-01-21,HVAC,High,Completed,615.78
3279,836,23,2025-03-24,2025-04-06,General,Low,Completed,55.36
3280,837,23,2026-04-01,2026-04-12,Plumbing,Normal,Completed,338.67
3281,837,23,2025-09-26,2025-10-06,General,Normal,Completed,107.02
3282,838,23,2024-03-18,2024-03-30,Pest,Normal,Completed,120.45
3283,838,23,2026-07-05,2026-07-15,Plumbing,Normal,Completed,199.2
3284,838,23,2025-03-15,2025-03-17,HVAC,Low,Completed,498.92
3285,838,23,2025-01-01,2025-01-04,Roofing,Normal,Completed,2443.53
3286,838,23,2024-12-03,2024-12-07,HVAC,Normal,Completed,820.84
3287,838,23,2026-04-16,2026-04-20,Plumbing,Normal,Completed,231.73
3288,838,23,2024-01-24,2024-01-27,Plumbing,Normal,Completed,382.75
3289,838,23,2024-09-21,2024-09-23,Plumbing,High,Completed,496.43
3290,839,23,2026-05-16,2026-06-14,Electrical,Low,Completed,198.2
3291,839,23,2024-04-22,2024-04-25,Plumbing,High,Completed,304.24
3292,839,23,2025-10-14,2025-10-14,Electrical,Emergency,Completed,349.23
3293,839,23,2024-06-14,2024-06-21,Electrical,Normal,Completed,364.83
3294,840,23,2024-10-02,2024-10-04,HVAC,Normal,Completed,515.99
3295,840,23,2026-01-01,2026-01-16,Roofing,Low,Completed,1570.18
3296,840,23,2025-10-11,2025-10-14,General,Normal,Completed,101.24
3297,840,23,2026-06-21,2026-06-25,General,Normal,Completed,129.87
3298,840,23,2026-06-17,2026-06-23,Plumbing,Low,Completed,460.84
3299,841,23,2025-07-15,2025-07-20,Electrical,Normal,Completed,246.54
3300,841,23,2025-12-14,2025-12-20,Appliance,Normal,Completed,98.73
3301,841,23,2026-03-13,2026-03-23,Appliance,Normal,Completed,186.39
3302,841,23,2026-02-09,2026-02-11,General,High,Completed,266.54
3303,841,23,2025-05-24,2025-06-03,Plumbing,Low,Completed,689.2
3304,842,23,2026-04-27,2026-04-28,HVAC,Normal,Completed,2085.4
3305,842,23,2026-09-27,2026-09-29,Electrical,High,Completed,186.77
3306,842,23,2025-10-30,2025-11-05,General,Normal,Completed,127.98
3307,842,23,2025-04-04,2025-04-09,Appliance,Normal,Completed,347.95
3308,843,23,2024-12-22,2024-12-23,Roofing,Normal,Completed,2863.32
3309,843,23,2026-06-30,2026-07-01,HVAC,High,Completed,460.66
3310,843,23,2024-11-30,2024-12-01,General,High,Completed,77.04
3311,843,23,2026-01-08,2026-01-24,Plumbing,Low,Completed,281.14
3312,843,23,2026-02-10,2026-02-18,Plumbing,Normal,Completed,257.83
3313,843,23,2024-11-23,2024-11-26,HVAC,High,Completed,169.6
3314,843,23,2025-08-31,2025-08-31,General,High,Completed,158.61
3315,843,23,2024-12-30,2025-01-03,Plumbing,Normal,Completed,281.86
3316,844,23,2025-07-30,2025-08-06,Appliance,Low,Completed,95.37
3317,844,23,2026-07-26,2026-08-01,Electrical,Normal,Completed,489.15
3318,844,23,2024-11-03,2024-11-11,Appliance,Normal,Completed,151.65
3319,844,23,2025-10-04,2025-10-07,HVAC,High,Completed,209.81
3320,844,23,2024-07-10,2024-08-04,Plumbing,Low,Completed,424.81
3321,844,23,2025-12-16,2026-01-08,Plumbing,Low,Completed,103.87
3322,844,23,2024-02-11,2024-02-12,General,High,Completed,137.78
3323,845,23,2025-09-06,2025-09-18,HVAC,Low,Completed,213.5
3324,845,23,2025-05-24,2025-05-27,HVAC,High,Completed,961.1
3325,845,23,2026-02-13,2026-02-20,Roofing,Normal,Completed,1186.16
3326,845,23,2026-01-21,2026-01-27,Pest,Normal,Completed,121.15
3327,845,23,2024-07-25,2024-08-20,HVAC,Normal,Completed,477.69
3328,846,23,2026-06-30,2026-07-02,Appliance,High,Completed,36.22
3329,847,23,2024-11-05,2024-11-09,Electrical,Normal,Completed,234.74
3330,847,23,2024-10-26,2024-11-03,HVAC,Normal,Completed,1106.95
3331,847,23,2024-02-28,2024-03-03,General,High,Completed,252.37
3332,847,23,2026-08-13,2026-08-31,General,Low,Completed,101.32
3333,847,23,2026-01-07,2026-01-23,General,Low,Completed,532.2
3334,847,23,2024-11-18,2024-11-26,Plumbing,Normal,Completed,685.91
3335,847,23,2025-01-24,2025-02-03,Plumbing,Normal,Completed,284.34
3336,848,23,2024-06-18,2024-07-03,Plumbing,Normal,Completed,233.86
3337,848,23,2024-05-19,2024-06-12,Plumbing,Low,Completed,482.66
3338,848,23,2025-10-26,2025-11-17,Plumbing,Normal,Completed,1082.74
3339,848,23,2026-09-15,,Plumbing,Low,Open,
3340,848,23,2025-10-07,2025-10-08,Plumbing,High,Completed,381.04
3341,848,23,2024-08-24,2024-08-27,Appliance,Normal,Completed,240.3
3342,849,23,2026-03-19,2026-04-09,Electrical,Normal,Completed,691.29
3343,849,23,2024-10-07,2024-10-12,HVAC,Normal,Completed,146.92
3344,850,23,2026-04-29,2026-04-30,Appliance,High,Completed,144.06
3345,850,23,2026-01-13,2026-01-21,General,Low,Completed,230.97
3346,850,23,2026-04-24,2026-04-24,Roofing,Emergency,Completed,1242.16
3347,850,23,2024-03-31,2024-04-04,Appliance,High,Completed,343.23
3348,850,23,2025-11-17,2025-11-28,General,Low,Completed,150.74
3349,850,23,2026-04-18,2026-04-21,Appliance,High,Completed,165.27
3350,851,23,2025-05-31,2025-06-06,General,Low,Completed,230.08
3351,851,23,2025-02-03,2025-02-08,General,Normal,Completed,138.05
3352,852,23,2026-09-26,2026-09-26,Plumbing,Emergency,Completed,505.98
3353,852,23,2024-12-12,2024-12-29,General,Low,Completed,168.73
3354,853,23,2024-01-27,2024-01-29,Plumbing,Normal,Completed,399.28
3355,853,23,2026-08-03,2026-08-10,General,Low,Completed,204.14
3356,853,23,2025-01-28,2025-02-01,Plumbing,High,Completed,272.89
3357,854,23,2026-07-19,2026-07-23,Plumbing,Normal,Completed,287.03
3358,855,23,2024-04-06,2024-04-11,Plumbing,High,Completed,464.83
3359,856,23,2024-08-10,2024-08-16,Plumbing,Normal,Completed,223.95
3360,856,23,2025-08-24,2025-08-26,General,Normal,Completed,90.51
3361,856,23,2024-11-10,2024-11-19,Appliance,Normal,Completed,93.08
3362,857,23,2025-06-18,2025-06-30,Appliance,Normal,Completed,336.37
3363,858,23,2024-05-07,2024-05-11,Electrical,Normal,Completed,203.37
3364,858,23,2024-08-09,2024-08-18,General,Normal,Completed,80.8
3365,858,23,2026-08-19,2026-08-25,Electrical,Normal,Completed,254.04
3366,858,23,2024-12-05,2024-12-18,HVAC,Normal,Completed,1166.57
3367,858,23,2024-01-10,2024-02-02,General,Low,Completed,118.58
3368,858,23,2025-06-29,2025-07-15,Plumbing,Normal,Completed,777.72
3369,858,23,2026-06-19,2026-06-21,HVAC,Normal,Completed,1963.48
3370,858,23,2026-05-18,2026-06-03,General,Low,Completed,157.53
3371,859,23,2025-10-19,2025-10-22,Plumbing,Normal,Completed,148.84
3372,859,23,2026-09-11,2026-09-18,General,Normal,Completed,55.03
3373,860,23,2025-10-17,2025-10-31,General,Low,Completed,144.28
3374,860,23,2026-01-27,2026-02-07,General,Normal,Completed,313.28
3375,861,24,2026-09-10,2026-09-16,General,Normal,Completed,73.69
3376,861,24,2024-03-01,2024-03-03,HVAC,High,Completed,886.27
3377,862,24,2025-05-27,2025-06-07,General,Normal,Completed,170.61
3378,862,24,2024-06-11,2024-06-12,Plumbing,Emergency,Completed,154.14
3379,863,24,2026-02-17,2026-02-21,Pest,High,Completed,644.87
3380,864,24,2026-01-20,2026-01-26,Plumbing,Low,Completed,312.49
3381,864,24,2024-08-25,2024-09-05,Electrical,Normal,Completed,216.79
3382,864,24,2026-05-24,2026-07-17,General,Low,Completed,196.9
3383,864,24,2024-09-09,2024-09-11,Appliance,High,Completed,337.56
3384,865,24,2025-04-19,2025-05-06,General,Normal,Completed,40.81
3385,865,24,2024-05-31,2024-06-13,Plumbing,Low,Completed,364.23
3386,865,24,2024-06-09,2024-06-09,Appliance,Normal,Completed,270.25
3387,865,24,2025-05-09,2025-05-13,General,High,Completed,152.9
3388,865,24,2025-10-30,2025-10-31,HVAC,High,Completed,371.06
3389,866,24,2026-06-17,2026-06-22,Plumbing,Low,Completed,314.13
3390,866,24,2026-02-05,2026-02-14,Plumbing,Normal,Completed,427.82
3391,867,24,2024-01-25,2024-01-26,General,Normal,Completed,107.14
3392,867,24,2026-02-13,2026-02-27,General,Normal,Completed,151.65
3393,867,24,2025-08-19,2025-08-23,Plumbing,Low,Completed,561.3
3394,868,24,2025-09-14,2025-09-19,Appliance,Normal,Completed,87.8
3395,868,24,2026-01-11,2026-01-13,HVAC,Normal,Completed,359.34
3396,868,24,2026-04-10,2026-04-14,Appliance,Normal,Completed,345.8
3397,869,24,2026-05-10,2026-05-11,Roofing,High,Completed,3740.13
3398,869,24,2024-08-04,2024-08-09,Plumbing,Normal,Completed,499.01
3399,869,24,2026-09-28,,Plumbing,Normal,Open,
3400,870,24,2025-12-11,2025-12-18,HVAC,High,Completed,859.98
3401,870,24,2025-06-07,2025-06-15,Plumbing,Normal,Completed,195.1
3402,871,24,2025-05-06,2025-05-16,HVAC,Normal,Completed,407.47
3403,871,24,2024-04-06,2024-04-14,General,High,Completed,91.99
3404,871,24,2026-02-23,2026-02-27,HVAC,Normal,Completed,996.3
3405,871,24,2025-10-29,2025-11-07,General,Normal,Completed,343.85
3406,871,24,2024-05-28,2024-06-26,Appliance,Normal,Completed,203.25
3407,872,24,2025-10-28,2025-11-02,General,Normal,Completed,140.43
3408,872,24,2024-03-06,2024-03-31,General,Low,Completed,204.88
3409,872,24,2024-03-03,2024-03-04,Electrical,High,Completed,216.05
3410,872,24,2024-06-21,2024-07-01,Pest,Normal,Completed,175.11
3411,872,24,2024-01-08,2024-01-11,Plumbing,Emergency,Completed,557.48
3412,873,24,2025-10-12,2025-10-17,Plumbing,High,Completed,604.77
3413,873,24,2024-10-02,2024-10-03,HVAC,Normal,Completed,521.22
3414,874,24,2024-12-07,2024-12-17,Plumbing,Normal,Completed,458.19
3415,874,24,2024-08-05,2024-08-08,Pest,High,Completed,131.72
3416,874,24,2026-08-07,2026-09-12,HVAC,Low,Completed,634.91
3417,875,24,2024-08-18,2024-08-18,Electrical,Normal,Completed,138.91
3418,875,24,2024-07-07,2024-07-07,General,High,Completed,441.58
3419,875,24,2024-08-26,2024-08-27,Appliance,High,Completed,226.32
3420,875,24,2024-12-01,2024-12-04,Appliance,High,Completed,345.94
3421,876,24,2026-08-01,2026-08-06,Plumbing,Low,Completed,214.25
3422,877,24,2024-10-14,2024-10-14,Electrical,Normal,Completed,209.05
3423,877,24,2024-11-17,2024-11-20,Appliance,Normal,Completed,152.37
3424,877,24,2026-06-25,2026-06-28,Appliance,High,Completed,210.05
3425,878,24,2026-03-07,2026-03-15,General,Normal,Completed,97.02
3426,878,24,2024-02-16,2024-02-27,Plumbing,Low,Completed,126.17
3427,879,24,2024-04-22,2024-05-25,General,Low,Completed,77.62
3428,879,24,2024-07-11,2024-07-12,General,High,Completed,59.9
3429,879,24,2026-05-24,2026-05-29,Plumbing,Normal,Completed,501.34
3430,880,24,2024-03-10,2024-03-26,Electrical,Low,Completed,250.56
3431,880,24,2025-02-22,2025-03-08,Appliance,Normal,Completed,88.22
3432,880,24,2026-05-29,2026-06-15,HVAC,Normal,Completed,467.24
3433,882,24,2026-04-16,2026-04-19,HVAC,Normal,Completed,360.99
3434,883,24,2024-12-19,2024-12-23,Plumbing,Low,Completed,94.05
3435,884,24,2026-09-20,2026-09-22,Electrical,High,Completed,335.38
3436,884,24,2025-06-01,2025-06-09,Appliance,Normal,Completed,98.72
3437,884,24,2025-03-12,2025-03-15,Electrical,Normal,Completed,158.73
3438,884,24,2024-01-02,2024-01-18,Electrical,Low,Completed,245.25
3439,885,24,2025-05-12,2025-05-16,Plumbing,Normal,Completed,397.48
3440,885,24,2026-05-31,2026-06-01,General,High,Completed,93.95
3441,885,24,2024-08-25,2024-09-11,Plumbing,Low,Completed,90.79
3442,885,24,2025-09-01,2025-09-07,Electrical,Low,Completed,477.52
3443,886,24,2026-08-22,2026-09-03,Plumbing,Normal,Completed,445.56
3444,886,24,2024-02-22,2024-02-27,General,Normal,Completed,104.86
3445,886,24,2025-01-01,2025-01-07,Electrical,High,Completed,552.13
3446,887,24,2024-05-13,2024-06-02,Pest,Normal,Completed,105.78
3447,887,24,2024-04-04,2024-04-05,General,High,Completed,54.92
3448,887,24,2026-01-24,2026-01-31,Plumbing,High,Completed,337.25
3449,887,24,2026-07-05,2026-07-11,Plumbing,Normal,Completed,183.04
3450,888,24,2024-02-19,2024-02-26,Appliance,Low,Completed,142.01
3451,888,24,2024-12-19,2024-12-21,Plumbing,High,Completed,234.57
3452,889,24,2024-11-06,2024-11-13,Electrical,Normal,Completed,389.67
3453,889,24,2026-07-03,2026-07-27,Plumbing,Normal,Completed,291.3
3454,889,24,2025-06-10,2025-06-13,Roofing,High,Completed,1993.27
3455,889,24,2024-04-01,2024-04-15,Electrical,High,Completed,417.07
3456,890,24,2026-08-11,2026-08-20,General,Normal,Completed,158.64
3457,890,24,2025-10-06,2025-10-26,Plumbing,Normal,Completed,367.9
3458,890,24,2025-02-10,2025-03-08,General,Low,Completed,236.81
3459,891,24,2026-03-18,2026-03-27,Roofing,Normal,Completed,1468.79
3460,891,24,2024-08-29,2024-09-11,Plumbing,Normal,Completed,299.11
3461,892,24,2024-12-08,2024-12-13,Appliance,Normal,Completed,299.52
3462,892,24,2025-06-30,2025-07-02,Plumbing,Emergency,Completed,135.02
3463,892,24,2026-06-10,2026-06-18,HVAC,Low,Completed,352.47
3464,893,24,2024-05-31,2024-06-01,General,High,Completed,46.9
3465,893,24,2025-03-16,2025-03-23,General,Normal,Completed,105.47
3466,893,24,2024-01-22,2024-02-03,Plumbing,Low,Completed,404.63
3467,893,24,2024-12-11,2024-12-11,HVAC,Emergency,Completed,567.73
3468,893,24,2025-05-08,2025-05-09,General,High,Completed,38.61
3469,893,24,2026-01-21,2026-01-31,General,Normal,Completed,107.87
3470,893,24,2024-06-02,2024-06-10,General,Normal,Completed,69.36
3471,893,24,2026-02-10,2026-02-18,HVAC,Normal,Completed,442.88
3472,893,24,2026-06-03,2026-06-03,Appliance,Normal,Completed,189.26
3473,893,24,2024-09-25,2024-09-28,Appliance,Normal,Completed,449.68
3474,893,24,2025-09-01,2025-09-09,Electrical,Normal,Completed,513.19
3475,894,24,2025-08-13,2025-08-17,Plumbing,High,Completed,631.33
3476,895,24,2026-08-31,2026-09-01,Pest,Emergency,Completed,85.78
3477,895,24,2024-12-28,2025-01-01,Electrical,Normal,Completed,202.45
3478,895,24,2024-10-06,2024-10-08,General,Normal,Completed,84.91
3479,895,24,2025-12-19,2025-12-19,Plumbing,Emergency,Completed,334.9
3480,895,24,2024-10-30,2024-11-01,General,Normal,Completed,285.81
3481,895,24,2025-06-09,2025-06-12,HVAC,Normal,Completed,169.06
3482,896,24,2025-08-22,2025-08-28,General,Normal,Completed,114.26
3483,897,24,2026-09-04,2026-09-04,Pest,High,Completed,297.81
3484,897,24,2025-12-29,2025-12-30,General,High,Completed,262.56
3485,898,24,2025-10-16,2025-10-20,Plumbing,Normal,Completed,256.24
3486,898,24,2026-04-07,2026-05-02,General,Low,Completed,82.09
3487,898,24,2025-06-27,2025-07-02,Plumbing,Normal,Completed,131.36
3488,899,24,2024-04-14,2024-05-12,HVAC,Low,Completed,477.14
3489,899,24,2026-02-10,2026-02-14,HVAC,High,Completed,579.31
3490,900,24,2024-03-21,2024-03-26,General,Normal,Completed,126.66
3491,901,24,2025-04-07,2025-05-21,General,Low,Completed,133.78
3492,901,24,2025-04-13,2025-04-23,HVAC,Normal,Completed,165.79
3493,902,24,2024-02-07,2024-03-10,Appliance,Low,Completed,165.63
3494,902,24,2024-07-29,2024-08-08,Appliance,Low,Completed,93.11
3495,902,24,2024-06-29,2024-07-19,Plumbing,Low,Completed,240.71
3496,902,24,2026-07-31,2026-08-26,Electrical,Normal,Completed,489.08
3497,903,24,2024-04-15,2024-04-19,Plumbing,Normal,Completed,288.31
3498,903,24,2025-01-13,2025-01-14,Appliance,High,Completed,228.31
3499,903,24,2025-02-17,2025-02-24,Plumbing,Low,Completed,209.01
3500,903,24,2025-12-05,2025-12-06,Appliance,High,Completed,158.93
3501,903,24,2024-07-14,2024-07-22,Plumbing,Normal,Completed,646.48
3502,903,24,2024-10-23,2024-10-24,Plumbing,Low,Completed,492.84
3503,903,24,2025-08-11,2025-08-17,Plumbing,Normal,Completed,330.89
3504,903,24,2024-09-26,2024-10-07,Electrical,Normal,Completed,143.52
3505,904,24,2024-03-16,2024-03-22,General,High,Completed,154.0
3506,904,24,2025-04-30,2025-05-04,Electrical,Normal,Completed,400.56
3507,905,24,2025-01-11,2025-02-12,HVAC,Low,Completed,434.83
3508,905,24,2025-05-18,2025-05-23,Roofing,Normal,Completed,3952.23
3509,905,24,2024-01-25,2024-01-27,Appliance,High,Completed,223.67
3510,905,24,2024-05-27,2024-06-09,Electrical,Low,Completed,183.66
3511,905,24,2025-07-17,2025-07-27,Plumbing,Normal,Completed,92.77
3512,906,24,2025-07-15,2025-07-16,Plumbing,Normal,Completed,235.52
3513,907,24,2026-03-14,2026-03-17,Pest,Normal,Completed,140.12
3514,907,24,2024-02-28,2024-02-28,HVAC,High,Completed,353.39
3515,907,24,2025-06-12,2025-06-13,Plumbing,High,Completed,915.73
3516,907,24,2025-06-30,2025-07-10,Plumbing,Normal,Completed,512.02
3517,907,24,2024-01-25,2024-02-14,Plumbing,Low,Completed,560.26
3518,907,24,2024-06-06,2024-06-12,Plumbing,Low,Completed,93.91
3519,908,24,2025-09-07,2025-09-19,General,Normal,Completed,47.93
3520,908,24,2024-10-20,2024-10-30,Appliance,Low,Completed,265.34
3521,908,24,2025-11-23,2025-11-27,Plumbing,Normal,Completed,594.85
3522,908,24,2025-10-17,2025-10-25,General,High,Completed,80.73
3523,909,24,2024-02-10,2024-02-14,Appliance,Normal,Completed,330.63
3524,909,24,2024-01-23,2024-01-30,HVAC,Normal,Completed,659.99
3525,909,24,2026-04-07,2026-04-08,HVAC,High,Completed,666.5
3526,909,24,2025-09-18,2025-09-26,Pest,Normal,Completed,72.06
3527,910,24,2025-06-23,2025-06-27,Plumbing,High,Completed,280.19
3528,910,24,2025-08-08,2025-08-08,Appliance,Normal,Completed,155.29
3529,910,24,2024-12-01,2024-12-18,Plumbing,Low,Completed,632.71
3530,911,24,2026-07-15,2026-07-17,HVAC,Normal,Completed,327.6
3531,912,24,2024-03-11,2024-03-14,HVAC,High,Completed,347.38
3532,912,24,2025-04-05,2025-04-17,General,Low,Completed,79.46
3533,913,24,2024-02-07,2024-02-15,Plumbing,Low,Completed,242.66
3534,913,24,2026-09-03,2026-09-18,Plumbing,Normal,Completed,454.51
3535,913,24,2025-05-01,2025-05-15,Appliance,Normal,Completed,320.86
3536,913,24,2024-07-12,2024-07-12,Appliance,Normal,Completed,481.42
3537,913,24,2026-03-18,2026-03-29,Plumbing,Normal,Completed,397.66
3538,913,24,2025-04-04,2025-04-15,Appliance,Normal,Completed,311.54
3539,913,24,2026-08-17,2026-08-25,General,Normal,Completed,189.52
3540,913,24,2025-02-04,2025-02-04,Appliance,Emergency,Completed,55.17
3541,914,24,2026-04-06,2026-05-21,General,Low,Completed,155.89
3542,914,24,2024-04-04,2024-04-21,Electrical,Low,Completed,1157.34
3543,914,24,2024-07-07,2024-08-11,Appliance,Normal,Completed,269.35
3544,914,24,2025-04-02,2025-04-07,Electrical,Normal,Completed,257.73
3545,915,24,2025-12-30,2026-01-05,Appliance,Normal,Completed,348.11
3546,915,24,2026-06-18,2026-07-10,General,Normal,Completed,226.14
3547,915,24,2025-04-14,2025-05-03,General,Normal,Completed,355.05
3548,915,24,2026-06-29,2026-07-07,Electrical,Normal,Completed,202.24
3549,915,24,2026-02-06,2026-02-09,Electrical,High,Completed,138.21
3550,916,24,2025-09-03,2025-09-05,Appliance,High,Completed,435.13
3551,916,24,2024-11-01,2024-11-06,Appliance,Normal,Completed,403.88
3552,917,24,2024-10-02,2024-10-02,Pest,High,Completed,108.15
3553,917,24,2026-07-09,2026-07-23,General,Normal,Completed,80.62
3554,918,24,2025-05-31,2025-06-04,HVAC,Normal,Completed,521.26
3555,918,24,2024-07-06,2024-07-07,HVAC,Emergency,Completed,359.29
3556,918,24,2026-09-04,2026-09-15,Plumbing,Normal,Completed,511.11
3557,918,24,2026-01-12,2026-01-13,Plumbing,High,Completed,274.48
3558,919,24,2026-09-13,2026-09-13,HVAC,High,Completed,815.45
3559,919,24,2026-01-21,2026-02-06,General,Normal,Completed,112.65
3560,919,24,2024-12-30,2024-12-31,Plumbing,High,Completed,224.91
3561,919,24,2026-01-29,2026-02-01,General,High,Completed,167.1
3562,919,24,2025-07-24,2025-07-30,General,Normal,Completed,271.12
3563,919,24,2026-06-15,2026-06-23,Appliance,Low,Completed,175.56
3564,922,24,2025-02-10,2025-02-16,Pest,Normal,Completed,104.98
3565,922,24,2026-07-11,2026-07-12,Appliance,High,Completed,185.83
3566,922,24,2025-01-13,2025-01-27,Plumbing,Normal,Completed,243.41
3567,922,24,2024-10-11,2024-10-22,Plumbing,Low,Completed,295.13
3568,922,24,2024-12-29,2025-01-04,General,Normal,Completed,139.76
3569,923,24,2024-07-26,2024-08-16,HVAC,Low,Completed,575.03
3570,923,24,2024-05-15,2024-05-29,Appliance,Normal,Completed,141.79
3571,923,24,2025-09-14,2025-09-15,General,High,Completed,134.88
3572,924,24,2024-01-21,2024-01-23,Electrical,Normal,Completed,561.31
3573,924,24,2026-06-20,2026-06-28,General,Normal,Completed,189.16
3574,924,24,2026-01-08,2026-01-12,Plumbing,High,Completed,128.96
3575,924,24,2025-12-04,2025-12-07,Roofing,High,Completed,1107.01
3576,925,24,2024-07-11,2024-07-18,General,Normal,Completed,182.13
3577,925,24,2024-07-02,2024-07-15,Appliance,Low,Completed,112.88
3578,925,24,2024-05-02,2024-05-05,Plumbing,Normal,Completed,222.14
3579,926,24,2024-04-02,2024-04-10,HVAC,Normal,Completed,1242.25
3580,927,24,2025-09-08,2025-09-13,Plumbing,High,Completed,298.24
3581,927,24,2025-06-16,2025-06-18,Roofing,Normal,Completed,3818.63
3582,927,24,2024-06-27,2024-06-28,Roofing,Emergency,Completed,2221.46
3583,927,24,2025-01-18,2025-01-23,General,Low,Completed,96.86
3584,928,24,2025-07-30,2025-08-04,Roofing,Normal,Completed,2965.67
3585,928,24,2026-09-02,2026-09-04,Plumbing,Low,Completed,422.58
3586,928,24,2026-09-04,2026-09-07,HVAC,Normal,Completed,584.91
3587,929,24,2026-09-11,2026-09-12,HVAC,Normal,Completed,563.56
3588,929,24,2025-09-24,2025-09-29,Electrical,Normal,Completed,198.9
3589,929,24,2025-03-14,2025-04-02,Appliance,Low,Completed,728.16
3590,930,24,2026-04-21,2026-04-26,Appliance,Normal,Completed,246.69
3591,930,24,2025-05-22,2025-05-24,Plumbing,High,Completed,101.85
3592,931,24,2026-08-14,2026-08-14,HVAC,High,Completed,508.51
3593,931,24,2026-04-11,2026-04-13,General,High,Completed,99.63
3594,931,24,2024-12-14,2024-12-17,HVAC,High,Completed,1263.52
3595,932,24,2026-02-16,2026-02-27,HVAC,Normal,Completed,345.79
3596,932,24,2025-11-07,2025-11-17,Plumbing,Low,Completed,259.91
3597,932,24,2026-08-20,2026-08-28,Appliance,Normal,Completed,292.13
3598,932,24,2024-02-09,2024-02-21,Plumbing,Normal,Completed,635.98
3599,933,24,2025-05-12,2025-05-20,Electrical,Normal,Completed,456.71
3600,933,24,2024-05-16,2024-05-26,Electrical,Normal,Completed,275.35
3601,933,24,2025-10-26,2025-11-01,Appliance,High,Completed,311.98
3602,933,24,2024-07-09,2024-07-14,HVAC,Normal,Completed,594.56
3603,933,24,2026-06-06,2026-06-14,General,Normal,Completed,137.58
3604,934,24,2025-08-08,2025-08-24,Plumbing,Low,Completed,488.43
3605,934,24,2026-09-22,2026-09-30,Plumbing,Normal,Completed,939.18
3606,935,24,2025-04-27,2025-05-10,Roofing,Low,Completed,569.96
3607,935,24,2025-08-30,2025-09-04,HVAC,High,Completed,347.8
3608,935,24,2026-09-25,,General,Normal,Open,
3609,935,24,2025-01-08,2025-01-18,Appliance,Normal,Completed,223.77
3610,936,24,2024-05-25,2024-05-30,General,Low,Completed,46.14
3611,937,24,2026-05-20,2026-05-29,HVAC,Normal,Completed,827.24
3612,937,24,2025-09-03,2025-09-03,Appliance,High,Completed,175.12
3613,937,24,2025-09-22,2025-10-04,Plumbing,Normal,Completed,1199.81
3614,938,24,2026-03-06,2026-03-27,Plumbing,Normal,Completed,383.26
3615,938,24,2025-11-08,2025-11-12,General,Normal,Completed,97.63
3616,938,24,2026-03-05,2026-03-08,Appliance,High,Completed,484.7
3617,938,24,2025-11-29,2025-12-19,Electrical,Low,Completed,751.84
3618,939,24,2025-07-23,2025-07-28,Plumbing,Normal,Completed,434.0
3619,940,24,2026-07-22,2026-07-28,Appliance,Normal,Completed,434.37
3620,940,24,2026-01-21,2026-02-01,HVAC,Low,Completed,435.72
3621,940,24,2024-08-09,2024-08-15,General,Normal,Completed,213.62
3622,941,24,2024-04-21,2024-04-30,Appliance,Low,Completed,464.55
3623,941,24,2026-07-31,2026-08-09,HVAC,Normal,Completed,370.45
3624,941,24,2025-03-15,2025-03-16,Appliance,Normal,Completed,478.84
3625,942,25,2024-07-12,2024-08-03,Pest,Low,Completed,386.41
3626,942,25,2025-12-27,2026-01-07,Plumbing,Low,Completed,248.14
3627,942,25,2026-02-14,2026-02-17,Plumbing,Normal,Completed,247.32
3628,942,25,2026-04-26,2026-04-29,General,High,Completed,87.95
3629,943,25,2026-05-04,2026-05-09,General,High,Completed,197.73
3630,945,25,2026-02-28,2026-03-10,HVAC,Normal,Completed,728.4
3631,945,25,2025-05-19,2025-05-23,Plumbing,High,Completed,302.72
3632,945,25,2026-02-03,2026-02-08,Plumbing,Normal,Completed,1093.27
3633,945,25,2024-06-11,2024-06-19,Plumbing,Normal,Completed,275.53
3634,946,25,2024-12-23,2024-12-25,Appliance,Normal,Completed,146.44
3635,946,25,2024-08-28,2024-08-28,Electrical,High,Completed,285.81
3636,946,25,2025-01-16,2025-01-25,HVAC,Normal,Completed,488.97
3637,947,25,2026-03-02,2026-03-06,Plumbing,High,Completed,213.99
3638,947,25,2024-04-30,2024-05-09,Appliance,Normal,Completed,110.63
3639,947,25,2025-12-18,2026-01-02,HVAC,Low,Completed,581.31
3640,948,25,2026-06-08,2026-07-24,Plumbing,Low,Completed,1020.39
3641,948,25,2024-02-11,2024-02-16,Appliance,Emergency,Completed,560.48
3642,949,25,2025-01-08,2025-01-13,Appliance,Normal,Completed,361.94
3643,950,26,2024-04-09,2024-04-16,General,Normal,Completed,42.24
3644,950,26,2024-10-27,2024-11-16,Electrical,Low,Completed,172.37
3645,950,26,2026-06-02,2026-06-09,General,Low,Completed,167.64
3646,950,26,2024-08-20,2024-08-29,Appliance,Normal,Completed,187.58
3647,950,26,2026-08-18,2026-08-18,Roofing,Normal,Completed,2889.53
3648,951,26,2025-04-16,2025-04-19,Roofing,Normal,Completed,1332.46
3649,951,26,2025-09-15,2025-09-15,HVAC,Emergency,Completed,3133.67
3650,951,26,2025-06-17,2025-06-19,Appliance,High,Completed,128.66
3651,952,26,2026-05-09,2026-05-10,Plumbing,High,Completed,538.4
3652,952,26,2024-05-29,2024-06-24,Appliance,Normal,Completed,218.66
3653,952,26,2024-07-28,2024-08-07,Plumbing,Normal,Completed,299.4
3654,953,26,2025-07-12,2025-07-21,General,Low,Completed,125.98
3655,954,26,2025-11-05,2025-11-05,Roofing,Emergency,Completed,3760.85
3656,954,26,2025-01-08,2025-01-12,Electrical,Normal,Completed,816.09
3657,955,26,2025-06-01,2025-06-05,Plumbing,Normal,Completed,384.95
3658,955,26,2025-08-06,2025-08-14,Pest,Normal,Completed,72.65
3659,956,26,2026-07-14,2026-07-15,Roofing,Normal,Completed,2863.88
3660,956,26,2024-10-11,2024-11-12,HVAC,Low,Completed,507.35
3661,956,26,2026-09-27,,HVAC,Normal,Open,
3662,956,26,2024-09-18,2024-10-21,Appliance,Low,Completed,67.26
3663,957,26,2025-03-03,2025-03-14,Plumbing,Normal,Completed,445.84
3664,957,26,2025-10-04,2025-10-05,Plumbing,High,Completed,684.57
3665,957,26,2024-04-06,2024-04-08,Pest,Emergency,Completed,154.49
3666,957,26,2026-09-03,2026-09-06,Plumbing,Low,Completed,368.08
3667,957,26,2025-06-11,2025-06-14,HVAC,Low,Completed,1815.05
3668,958,26,2026-01-02,2026-03-05,HVAC,Low,Completed,478.86
3669,958,26,2025-02-28,2025-03-08,General,Normal,Completed,97.93
3670,958,26,2024-09-10,2024-09-13,HVAC,Normal,Completed,763.64
3671,958,26,2024-01-24,2024-01-31,General,Normal,Completed,48.49
3672,959,26,2024-03-12,2024-03-16,General,Low,Completed,47.97
3673,959,26,2025-08-27,2025-09-07,General,Low,Completed,145.27
3674,959,26,2024-10-15,2024-10-21,Electrical,Normal,Completed,741.49
3675,959,26,2024-09-01,2024-09-18,Electrical,Normal,Completed,320.91
3676,959,26,2026-05-11,2026-05-11,Electrical,Normal,Completed,167.54
3677,959,26,2025-05-22,2025-06-10,HVAC,Low,Completed,1752.07
3678,959,26,2024-05-29,2024-06-01,Appliance,Normal,Completed,133.64
3679,959,26,2024-02-17,2024-02-19,Plumbing,Normal,Completed,523.49
3680,960,26,2024-12-20,2024-12-29,HVAC,Normal,Completed,496.41
3681,960,26,2025-09-03,2025-09-07,General,Normal,Completed,97.98
3682,960,26,2025-07-16,2025-08-01,General,Normal,Completed,79.12
3683,960,26,2026-04-17,2026-05-06,Plumbing,Normal,Completed,348.93
3684,961,26,2025-12-16,2025-12-27,HVAC,Low,Completed,469.13
3685,961,26,2024-03-30,2024-03-31,Appliance,High,Completed,164.07
3686,961,26,2026-05-01,2026-05-08,General,Normal,Completed,106.61
3687,961,26,2024-05-09,2024-05-20,General,Normal,Completed,131.49
3688,962,26,2024-06-06,2024-06-12,Plumbing,Normal,Completed,223.9
3689,963,26,2025-12-28,2026-01-06,Pest,Normal,Completed,74.43
3690,963,26,2026-06-18,2026-07-07,General,Low,Completed,310.09
3691,963,26,2026-08-03,2026-08-04,Appliance,High,Completed,76.28
3692,963,26,2026-04-30,2026-05-01,Appliance,Normal,Completed,343.52
3693,963,26,2025-07-07,2025-07-07,Plumbing,Emergency,Completed,201.09
3694,963,26,2025-03-02,2025-03-07,Appliance,Normal,Completed,226.19
3695,963,26,2025-04-22,2025-05-01,HVAC,Low,Completed,641.23
3696,963,26,2026-03-05,2026-03-14,Roofing,Normal,Completed,1364.45
3697,964,26,2026-02-23,2026-02-28,Pest,Normal,Completed,196.74
3698,964,26,2025-01-30,2025-02-10,General,Normal,Completed,213.07
3699,964,26,2026-09-27,2026-09-29,Roofing,High,Completed,5071.46
3700,964,26,2026-09-11,2026-09-20,Plumbing,Low,Completed,542.76
3701,965,26,2024-01-18,2024-01-30,Plumbing,Normal,Completed,373.24
3702,965,26,2026-07-10,2026-07-11,Appliance,High,Completed,459.99
3703,965,26,2025-02-15,2025-02-18,General,Normal,Completed,148.83
3704,965,26,2025-05-07,2025-05-24,Appliance,Low,Completed,70.01
3705,966,26,2025-04-17,2025-04-22,HVAC,Normal,Completed,256.98
3706,966,26,2024-09-20,2024-10-27,HVAC,Low,Completed,402.67
3707,966,26,2026-08-09,2026-08-19,General,Low,Completed,129.06
3708,966,26,2025-04-16,2025-04-19,Plumbing,Normal,Completed,122.7
3709,967,26,2025-01-09,2025-01-12,Plumbing,Normal,Completed,92.12
3710,968,26,2024-05-10,2024-05-16,Appliance,Normal,Completed,339.48
3711,968,26,2025-06-24,2025-07-02,Appliance,High,Completed,443.32
3712,969,26,2026-04-29,2026-05-12,Pest,Normal,Completed,140.8
3713,969,26,2025-08-17,2025-08-18,Pest,Normal,Completed,74.44
3714,969,26,2024-11-25,2024-11-27,Plumbing,Emergency,Completed,473.3
3715,969,26,2024-10-12,2024-11-14,HVAC,Low,Completed,559.55
3716,970,26,2024-06-04,2024-06-07,Appliance,Normal,Completed,407.3
3717,970,26,2025-02-04,2025-02-12,General,Normal,Completed,45.8
3718,970,26,2024-07-09,2024-07-22,HVAC,Normal,Completed,2023.37
3719,971,26,2024-03-09,2024-03-20,HVAC,Normal,Completed,965.1
3720,972,26,2025-02-19,2025-02-19,General,Emergency,Completed,83.8
3721,972,26,2024-01-14,2024-01-15,Electrical,High,Completed,190.23
3722,973,26,2026-05-25,2026-05-31,HVAC,Normal,Completed,1761.51
3723,973,26,2026-09-27,,General,Normal,Open,
3724,974,26,2025-09-15,2025-09-29,Roofing,Low,Completed,2136.74
3725,974,26,2025-08-03,2025-08-18,Plumbing,Normal,Completed,289.45
3726,974,26,2024-09-25,2024-10-03,HVAC,Normal,Completed,864.48
3727,974,26,2026-03-23,2026-03-28,General,Normal,Completed,57.54
3728,974,26,2025-09-07,2025-09-12,Plumbing,Normal,Completed,372.88
3729,974,26,2024-06-14,2024-06-19,Appliance,Normal,Completed,200.55
3730,974,26,2025-03-19,2025-04-01,General,Normal,Completed,113.2
3731,974,26,2024-11-20,2024-11-28,Plumbing,Normal,Completed,708.54
3732,975,26,2025-12-09,2025-12-18,HVAC,Low,Completed,201.57
3733,975,26,2024-01-15,2024-01-20,General,Normal,Completed,202.94
3734,975,26,2026-02-02,2026-02-03,Roofing,Emergency,Completed,2061.16
3735,975,26,2024-08-23,2024-08-27,Plumbing,High,Completed,751.86
3736,975,26,2025-05-23,2025-06-17,HVAC,Low,Completed,522.86
3737,975,26,2024-05-14,2024-05-17,Pest,Low,Completed,102.66
3738,975,26,2025-10-12,2025-10-13,Plumbing,High,Completed,90.11
3739,975,26,2024-08-06,2024-08-06,General,Emergency,Completed,68.77
3740,976,27,2026-03-05,2026-03-12,Plumbing,Normal,Completed,814.64
3741,976,27,2025-04-10,2025-04-13,Plumbing,Low,Completed,1101.48
3742,976,27,2025-01-03,2025-01-08,HVAC,Low,Completed,856.17
3743,976,27,2026-08-12,2026-09-02,General,Normal,Completed,144.76
3744,977,27,2024-12-07,2024-12-25,General,Low,Completed,94.95
3745,977,27,2026-07-25,2026-07-28,Pest,Normal,Completed,442.59
3746,977,27,2025-09-09,2025-09-17,General,Normal,Completed,128.11
3747,977,27,2026-05-05,2026-05-07,HVAC,Normal,Completed,738.65
3748,977,27,2024-10-10,2024-10-11,Electrical,Low,Completed,495.51
3749,978,27,2026-05-22,2026-05-22,HVAC,High,Completed,498.44
3750,979,27,2024-05-16,2024-06-29,Plumbing,Low,Completed,213.96
3751,979,27,2024-05-13,2024-05-20,HVAC,Low,Completed,652.78
3752,979,27,2026-09-20,2026-09-24,Plumbing,High,Completed,411.39
3753,979,27,2025-03-13,2025-03-14,Plumbing,Normal,Completed,814.26
3754,979,27,2025-03-05,2025-03-11,Appliance,Normal,Completed,527.67
3755,979,27,2024-12-28,2025-02-05,Plumbing,Low,Completed,590.83
3756,979,27,2026-09-22,,Plumbing,Low,Open,
3757,980,27,2026-08-26,2026-09-02,General,Low,Completed,256.45
3758,980,27,2025-09-08,2025-09-17,Roofing,High,Completed,1188.97
3759,980,27,2025-02-16,2025-03-01,Appliance,Normal,Completed,752.21
3760,980,27,2026-05-18,2026-05-21,Plumbing,High,Completed,245.01
3761,980,27,2026-04-26,2026-04-27,Appliance,Emergency,Completed,88.72
3762,980,27,2024-08-20,2024-08-23,Appliance,Normal,Completed,368.52
3763,980,27,2025-11-16,2025-11-19,Appliance,Normal,Completed,126.92
3764,980,27,2026-05-30,2026-06-10,General,Normal,Completed,158.28
3765,980,27,2025-07-25,2025-08-01,Plumbing,Normal,Completed,484.31
3766,981,27,2026-09-04,2026-09-05,HVAC,Emergency,Completed,1787.94
3767,981,27,2024-02-10,2024-02-21,Plumbing,Normal,Completed,365.25
3768,981,27,2026-09-27,2026-09-27,HVAC,High,Completed,835.14
3769,981,27,2024-10-28,2024-11-12,HVAC,Normal,Completed,630.52
3770,982,27,2025-11-26,2025-12-06,Plumbing,Normal,Completed,420.53
3771,982,27,2025-02-15,2025-02-18,Electrical,Normal,Completed,441.24
3772,982,27,2026-08-24,2026-08-29,HVAC,Normal,Completed,1711.52
3773,982,27,2024-08-30,2024-09-02,General,Normal,Completed,791.6
3774,983,27,2024-03-24,2024-03-26,Plumbing,Normal,Completed,317.52
3775,983,27,2025-10-03,2025-11-06,Appliance,Low,Completed,185.4
3776,983,27,2024-05-23,2024-05-30,Electrical,Normal,Completed,153.57
3777,983,27,2026-07-30,2026-08-02,HVAC,Low,Completed,1794.14
3778,983,27,2024-11-30,2024-12-03,Plumbing,Low,Completed,458.37
3779,984,27,2024-10-18,2024-10-24,Plumbing,Low,Completed,605.62
3780,984,27,2024-01-07,2024-01-13,Plumbing,Normal,Completed,293.69
3781,985,27,2026-07-22,2026-07-30,Plumbing,Normal,Completed,366.16
3782,986,27,2026-03-31,2026-04-02,Plumbing,Normal,Completed,436.96
3783,986,27,2025-12-05,2025-12-17,Electrical,Low,Completed,800.65
3784,986,27,2024-03-03,2024-03-03,HVAC,Emergency,Completed,747.5
3785,987,27,2025-01-30,2025-02-05,Plumbing,Low,Completed,252.66
3786,987,27,2024-05-25,2024-05-31,Electrical,Normal,Completed,411.99
3787,987,27,2025-02-17,2025-02-23,General,Normal,Completed,157.2
3788,987,27,2026-02-11,2026-02-11,Plumbing,Normal,Completed,288.09
3789,987,27,2024-01-18,2024-01-28,Appliance,Low,Completed,391.97
3790,988,27,2025-02-13,2025-02-23,HVAC,Low,Completed,1984.29
3791,988,27,2025-05-31,2025-06-01,HVAC,Low,Completed,1688.55
3792,988,27,2025-12-21,2025-12-28,Electrical,Normal,Completed,777.25
3793,989,27,2024-09-03,2024-09-11,General,Normal,Completed,87.09
3794,989,27,2024-01-03,2024-01-06,Pest,High,Completed,120.78
3795,990,27,2026-02-06,2026-02-08,Plumbing,High,Completed,160.19
3796,990,27,2024-12-09,2024-12-10,Appliance,High,Completed,167.35
3797,991,27,2026-01-20,2026-01-31,HVAC,Low,Completed,653.27
3798,991,27,2025-11-18,2025-11-23,Roofing,Normal,Completed,5450.12
3799,991,27,2024-12-11,2024-12-20,Electrical,Normal,Completed,435.03
3800,992,27,2026-07-30,2026-08-02,HVAC,High,Completed,416.36
3801,992,27,2024-05-20,2024-06-07,Plumbing,Normal,Completed,1193.77
3802,992,27,2025-12-15,2025-12-22,Plumbing,Normal,Completed,259.86
3803,992,27,2025-12-06,2025-12-07,HVAC,Emergency,Completed,801.72
3804,992,27,2024-10-10,2024-11-01,Plumbing,Low,Completed,332.37
3805,992,27,2026-02-09,2026-02-15,HVAC,High,Completed,609.79
3806,993,27,2025-02-15,2025-02-17,Electrical,High,Completed,75.15
3807,993,27,2024-09-25,2024-09-28,Pest,High,Completed,120.54
3808,993,27,2025-07-06,2025-07-10,Pest,High,Completed,122.85
3809,993,27,2026-04-26,2026-04-29,Plumbing,Normal,Completed,577.9
3810,993,27,2024-01-26,2024-01-29,Appliance,Normal,Completed,156.69
3811,993,27,2025-04-07,2025-04-21,Pest,Normal,Completed,53.1
3812,994,27,2025-07-14,2025-07-22,HVAC,Normal,Completed,325.38
3813,994,27,2024-07-05,2024-07-08,General,Normal,Completed,64.92
3814,994,27,2026-07-26,2026-07-29,Appliance,High,Completed,243.64
3815,995,27,2026-09-08,,General,Low,Open,
3816,995,27,2024-10-16,2024-10-19,HVAC,High,Completed,447.0
3817,996,27,2025-03-30,2025-04-09,HVAC,Normal,Completed,479.33
3818,996,27,2026-05-05,2026-05-07,Pest,Normal,Completed,144.02
3819,996,27,2024-01-23,2024-01-26,Pest,Normal,Completed,32.97
3820,996,27,2025-05-28,2025-06-01,Appliance,Normal,Completed,202.13
3821,996,27,2024-05-28,2024-06-07,Electrical,Normal,Completed,302.89
3822,996,27,2026-08-29,2026-09-01,Pest,High,Completed,196.93
3823,996,27,2026-08-27,2026-08-29,Plumbing,Low,Completed,149.18
3824,996,27,2025-03-13,2025-03-24,Plumbing,Low,Completed,337.75
3825,996,27,2025-12-22,2025-12-24,Appliance,Normal,Completed,233.83
3826,997,27,2025-08-08,2025-08-23,Plumbing,Low,Completed,175.3
3827,997,27,2024-11-26,2024-12-03,Appliance,Normal,Completed,87.5
3828,997,27,2024-04-11,2024-04-21,Electrical,Low,Completed,268.92
3829,997,27,2024-08-12,2024-08-14,Plumbing,High,Completed,1043.78
3830,998,27,2025-12-05,2025-12-11,Plumbing,Low,Completed,738.21
3831,998,27,2025-09-30,2025-10-01,Appliance,Normal,Completed,165.76
3832,998,27,2024-01-03,2024-01-16,General,Low,Completed,101.98
3833,998,27,2025-02-19,2025-02-22,General,Low,Completed,102.6
3834,998,27,2025-11-26,2025-12-01,General,Normal,Completed,30.44
3835,998,27,2025-10-10,2025-10-11,Appliance,High,Completed,858.39
3836,999,27,2026-09-22,2026-09-26,Plumbing,Normal,Completed,392.6
3837,999,27,2026-02-26,2026-03-05,Pest,High,Completed,275.46
3838,999,27,2025-06-24,2025-06-24,General,Normal,Completed,253.28
3839,999,27,2024-04-16,2024-04-20,Plumbing,Normal,Completed,895.39
3840,999,27,2025-10-10,2025-10-10,Plumbing,Emergency,Completed,704.48
3841,999,27,2024-08-01,2024-08-01,HVAC,Emergency,Completed,650.12
3842,1000,27,2025-02-15,2025-03-04,General,Normal,Completed,425.01
3843,1000,27,2025-01-23,2025-02-04,General,Normal,Completed,163.15
3844,1000,27,2024-11-03,2024-11-06,Pest,Normal,Completed,168.6
3845,1000,27,2024-03-06,2024-03-10,Electrical,Normal,Completed,144.16
3846,1000,27,2026-02-16,2026-02-22,Electrical,High,Completed,804.75
3847,1000,27,2026-06-28,2026-06-30,HVAC,Normal,Completed,497.91
3848,1000,27,2025-06-27,2025-06-27,General,Emergency,Completed,149.76
3849,1001,27,2026-06-21,2026-06-28,Plumbing,Low,Completed,661.04
3850,1001,27,2025-08-19,2025-08-27,Plumbing,Normal,Completed,278.34
3851,1002,27,2025-12-25,2025-12-30,Appliance,Low,Completed,319.54
3852,1002,27,2025-05-03,2025-05-11,Electrical,Normal,Completed,198.89
3853,1002,27,2025-12-19,2025-12-26,General,Normal,Completed,57.24
3854,1003,27,2025-03-10,2025-03-12,HVAC,High,Completed,333.94
3855,1003,27,2025-09-06,2025-09-07,Appliance,High,Completed,511.69
3856,1003,27,2024-09-29,2024-09-30,Electrical,Normal,Completed,418.86
3857,1004,28,2024-01-06,2024-01-19,Electrical,Normal,Completed,163.64
3858,1004,28,2025-05-14,2025-05-15,HVAC,Emergency,Completed,337.86
3859,1005,28,2024-05-03,2024-05-09,General,Normal,Completed,86.01
3860,1005,28,2024-10-06,2024-10-18,HVAC,Normal,Completed,580.73
3861,1005,28,2025-12-31,2026-01-03,HVAC,Normal,Completed,1502.81
3862,1006,28,2025-09-07,2025-09-08,Pest,Emergency,Completed,151.6
3863,1007,28,2024-05-16,2024-05-24,Appliance,Normal,Completed,126.14
3864,1007,28,2025-07-21,2025-07-21,Plumbing,Emergency,Completed,146.37
3865,1008,28,2024-02-24,2024-03-10,General,Normal,Completed,369.7
3866,1008,28,2026-03-26,2026-03-29,Plumbing,Emergency,Completed,617.46
3867,1009,28,2024-05-10,2024-05-16,Plumbing,High,Completed,628.66
3868,1009,28,2026-05-09,2026-05-12,Roofing,Low,Completed,1637.72
3869,1010,28,2025-05-04,2025-05-04,General,Emergency,Completed,59.85
3870,1010,28,2025-06-16,2025-06-16,Plumbing,High,Completed,172.92
3871,1011,28,2024-12-21,2025-01-03,Electrical,Normal,Completed,242.27
3872,1011,28,2025-11-01,2025-11-03,Plumbing,Normal,Completed,344.02
3873,1012,28,2025-03-13,2025-03-21,Electrical,Normal,Completed,165.59
3874,1012,28,2025-10-08,2025-10-13,Roofing,Normal,Completed,925.46
3875,1013,28,2024-12-29,2024-12-30,HVAC,Emergency,Completed,266.98
3876,1014,28,2025-01-13,2025-01-30,Appliance,Normal,Completed,57.04
3877,1014,28,2025-08-22,2025-08-24,Plumbing,High,Completed,192.5
3878,1014,28,2026-05-29,2026-06-06,HVAC,Low,Completed,454.73
3879,1014,28,2025-10-01,2025-10-02,Appliance,Normal,Completed,193.76
3880,1014,28,2026-06-30,2026-07-12,Pest,High,Completed,125.3
3881,1015,28,2026-06-18,2026-06-24,General,Low,Completed,128.34
3882,1015,28,2025-06-02,2025-06-25,HVAC,Normal,Completed,292.98
3883,1015,28,2025-11-10,2025-11-14,Appliance,High,Completed,73.13
3884,1016,28,2025-04-11,2025-04-27,Electrical,Low,Completed,294.8
3885,1016,28,2024-12-16,2024-12-16,Plumbing,Emergency,Completed,460.92
3886,1016,28,2025-10-10,2025-10-13,General,Normal,Completed,187.91
3887,1016,28,2025-04-11,2025-04-16,Plumbing,Normal,Completed,400.91
3888,1017,28,2024-09-25,2024-09-26,Electrical,Emergency,Completed,353.84
3889,1017,28,2025-03-16,2025-03-20,HVAC,Normal,Completed,456.21
3890,1017,28,2024-04-24,2024-04-25,Plumbing,Normal,Completed,650.51
3891,1017,28,2026-08-14,2026-08-18,General,High,Completed,53.17
3892,1018,28,2025-03-30,2025-04-01,Plumbing,High,Completed,567.04
3893,1018,28,2024-03-18,2024-03-22,HVAC,Normal,Completed,1669.13
3894,1018,28,2026-01-18,2026-01-31,Electrical,Normal,Completed,172.37
3895,1018,28,2026-05-06,2026-05-16,Electrical,Low,Completed,246.1
3896,1018,28,2025-02-16,2025-02-25,General,Normal,Completed,62.61
3897,1018,28,2025-05-10,2025-06-01,Appliance,Normal,Completed,115.23
3898,1019,28,2024-08-17,2024-09-23,HVAC,Low,Completed,618.53
3899,1020,28,2026-09-29,2026-09-30,Appliance,Emergency,Completed,210.36
3900,1021,28,2025-03-28,2025-04-10,HVAC,Low,Completed,846.86
3901,1021,28,2026-04-25,2026-04-29,Electrical,Normal,Completed,429.44
3902,1021,28,2026-01-03,2026-01-11,Appliance,Normal,Completed,143.78
3903,1021,28,2025-04-24,2025-04-28,Electrical,Normal,Completed,484.94
3904,1021,28,2024-05-19,2024-06-03,General,Normal,Completed,58.05
3905,1022,28,2025-03-18,2025-03-19,Appliance,Emergency,Completed,143.6
3906,1022,28,2025-03-26,2025-05-01,HVAC,Low,Completed,559.24
3907,1022,28,2025-04-08,2025-04-15,Plumbing,Normal,Completed,317.4
3908,1022,28,2025-05-24,2025-06-03,General,Normal,Completed,72.06
3909,1023,28,2024-01-30,2024-02-21,Pest,Low,Completed,132.34
3910,1023,28,2024-11-04,2024-11-04,Pest,Emergency,Completed,310.72
3911,1023,28,2026-05-24,2026-06-14,General,Low,Completed,130.91
3912,1023,28,2025-05-16,2025-05-18,Appliance,Normal,Completed,131.26
3913,1023,28,2025-11-16,2025-11-17,Electrical,Emergency,Completed,336.95
3914,1024,28,2025-12-03,2025-12-14,General,Low,Completed,123.71
3915,1024,28,2025-08-17,2025-08-19,HVAC,Normal,Completed,803.33
3916,1025,28,2026-04-24,2026-04-30,General,High,Completed,83.99
3917,1025,28,2025-04-01,2025-04-03,Roofing,Normal,Completed,974.38
3918,1026,28,2026-07-23,2026-08-04,Plumbing,Low,Completed,361.52
3919,1026,28,2026-09-10,2026-09-17,HVAC,High,Completed,278.81
3920,1026,28,2024-09-11,2024-09-14,Pest,Normal,Completed,103.4
3921,1027,28,2024-09-25,2024-10-11,Electrical,Low,Completed,484.27
3922,1027,28,2025-02-23,2025-03-01,Plumbing,Normal,Completed,377.45
3923,1027,28,2024-12-05,2024-12-05,Plumbing,Emergency,Completed,342.98
3924,1028,28,2024-01-29,2024-02-07,HVAC,High,Completed,488.78
3925,1028,28,2024-03-11,2024-03-11,Appliance,Emergency,Completed,1367.7
3926,1029,28,2026-05-20,2026-06-04,HVAC,Normal,Completed,262.69
3927,1029,28,2025-04-08,2025-04-10,Appliance,Normal,Completed,248.27
3928,1029,28,2025-08-07,2025-08-09,Plumbing,Normal,Completed,510.25
3929,1030,28,2026-06-13,2026-06-17,Plumbing,Normal,Completed,304.88
3930,1030,28,2025-01-14,2025-01-27,Plumbing,Normal,Completed,124.29
3931,1031,28,2024-02-07,2024-02-13,Plumbing,High,Completed,198.61
3932,1031,28,2025-08-19,2025-09-06,General,Low,Completed,127.39
3933,1032,28,2024-10-24,2024-10-30,Appliance,Normal,Completed,299.62
3934,1033,28,2024-10-10,2024-10-13,HVAC,Normal,Completed,360.36
3935,1033,28,2025-05-21,2025-05-30,General,Normal,Completed,50.14
3936,1033,28,2024-04-08,2024-04-12,General,High,Completed,42.28
3937,1033,28,2025-07-21,2025-07-25,General,High,Completed,74.68
3938,1034,28,2025-02-14,2025-02-18,Pest,High,Completed,256.41
3939,1034,28,2024-07-05,2024-07-05,HVAC,Normal,Completed,680.82
3940,1035,28,2024-11-27,2024-11-29,Appliance,Low,Completed,96.83
3941,1036,28,2026-02-03,2026-02-12,Plumbing,Normal,Completed,466.43
3942,1036,28,2024-11-10,2024-11-12,HVAC,Normal,Completed,1938.56
3943,1036,28,2024-11-08,2024-11-14,HVAC,Normal,Completed,351.16
3944,1037,28,2025-05-09,2025-05-15,General,Normal,Completed,252.93
3945,1037,28,2024-12-23,2024-12-28,Plumbing,Normal,Completed,230.13
3946,1037,28,2025-01-04,2025-01-08,Electrical,Normal,Completed,736.73
3947,1038,28,2026-05-07,2026-05-15,Electrical,Low,Completed,203.5
3948,1039,28,2025-05-19,2025-05-26,Appliance,Normal,Completed,458.89
3949,1040,28,2024-07-12,2024-07-19,Plumbing,Low,Completed,647.81
3950,1040,28,2024-10-04,2024-10-09,General,High,Completed,291.56
3951,1040,28,2024-03-13,2024-03-20,General,Normal,Completed,133.56
3952,1041,28,2024-12-25,2024-12-26,General,Normal,Completed,213.42
3953,1041,28,2024-03-13,2024-03-20,General,Normal,Completed,60.19
3954,1041,28,2024-01-05,2024-01-10,Appliance,High,Completed,427.73
3955,1042,28,2024-05-24,2024-05-25,Plumbing,Normal,Completed,322.36
3956,1043,28,2024-06-02,2024-06-06,HVAC,Normal,Completed,574.12
3957,1043,28,2026-07-26,2026-08-04,HVAC,Normal,Completed,1475.33
3958,1043,28,2026-06-18,2026-06-24,HVAC,Normal,Completed,346.64
3959,1044,28,2026-08-02,2026-08-10,Plumbing,Normal,Completed,240.51
3960,1045,28,2025-08-16,2025-08-24,Electrical,Normal,Completed,349.68
3961,1046,28,2025-07-30,2025-08-03,Plumbing,Normal,Completed,774.73
3962,1046,28,2024-05-17,2024-05-21,General,Normal,Completed,136.15
3963,1046,28,2025-05-15,2025-05-19,Plumbing,Normal,Completed,407.65
3964,1046,28,2025-11-04,2025-11-11,General,Normal,Completed,118.78
3965,1047,28,2025-07-24,2025-08-04,General,Normal,Completed,172.6
3966,1047,28,2025-09-25,2025-09-25,Electrical,Emergency,Completed,182.33
3967,1047,28,2025-12-16,2025-12-21,Appliance,Normal,Completed,178.63
3968,1048,28,2025-06-02,2025-06-03,Plumbing,High,Completed,540.72
3969,1049,28,2025-03-23,2025-03-27,Plumbing,Normal,Completed,90.17
3970,1050,28,2026-08-09,2026-08-18,Plumbing,Normal,Completed,631.52
3971,1050,28,2024-12-24,2024-12-24,General,High,Completed,81.88
3972,1050,28,2025-10-09,2025-10-30,HVAC,Normal,Completed,1185.2
3973,1051,28,2024-10-10,2024-10-10,Plumbing,High,Completed,186.01
3974,1051,28,2024-09-24,2024-09-30,HVAC,Low,Completed,355.29
3975,1051,28,2025-09-23,2025-09-26,Plumbing,Normal,Completed,379.8
3976,1051,28,2026-04-17,2026-04-18,General,Normal,Completed,159.77
3977,1052,28,2025-12-02,2025-12-18,Electrical,Normal,Completed,575.18
3978,1052,28,2024-06-28,2024-07-10,General,Normal,Completed,88.54
3979,1052,28,2025-12-13,2025-12-15,Pest,High,Completed,277.52
3980,1052,28,2024-06-08,2024-06-17,General,Normal,Completed,326.92
3981,1052,28,2026-05-10,2026-05-12,Electrical,Low,Completed,292.72
3982,1052,28,2025-11-28,2025-12-01,Pest,High,Completed,209.15
3983,1053,28,2026-07-14,2026-08-09,General,Normal,Completed,194.53
3984,1053,28,2025-04-18,2025-05-02,Pest,Normal,Completed,152.16
3985,1053,28,2024-06-13,2024-06-17,General,Normal,Completed,155.78
3986,1053,28,2024-03-22,2024-04-10,Pest,Normal,Completed,222.98
3987,1053,28,2026-08-15,2026-08-27,Electrical,Normal,Completed,1018.22
3988,1053,28,2025-12-07,2025-12-23,Plumbing,Low,Completed,142.62
3989,1054,28,2025-07-28,2025-07-30,Appliance,Normal,Completed,148.49
3990,1054,28,2025-09-06,2025-09-11,General,High,Completed,107.71
3991,1055,28,2024-02-27,2024-02-28,General,Emergency,Completed,70.76
3992,1055,28,2024-06-01,2024-06-05,Appliance,Normal,Completed,274.18
3993,1055,28,2024-10-10,2024-10-11,General,Emergency,Completed,56.74
3994,1057,28,2025-04-22,2025-05-04,General,Normal,Completed,144.77
3995,1057,28,2026-07-18,2026-07-24,Electrical,Normal,Completed,731.18
3996,1057,28,2024-01-12,2024-01-18,Roofing,Normal,Completed,2893.26
3997,1058,28,2026-06-28,2026-06-30,Appliance,High,Completed,131.03
3998,1058,28,2024-01-08,2024-01-09,Pest,Normal,Completed,95.95
3999,1058,28,2024-02-16,2024-02-17,Plumbing,High,Completed,132.83
4000,1058,28,2026-04-26,2026-05-08,Electrical,Low,Completed,377.34
4001,1058,28,2024-04-20,2024-05-18,Electrical,Normal,Completed,83.11
4002,1059,28,2026-03-09,2026-03-16,Plumbing,Normal,Completed,341.02
4003,1059,28,2024-01-27,2024-02-03,HVAC,Normal,Completed,449.25
4004,1059,28,2024-12-15,2024-12-27,Electrical,Normal,Completed,693.76
4005,1059,28,2024-06-27,2024-06-29,Electrical,High,Completed,176.0
4006,1059,28,2025-04-12,2025-04-25,Plumbing,Normal,Completed,1107.78
4007,1059,28,2026-04-20,2026-04-21,Electrical,High,Completed,271.94
4008,1059,28,2026-06-23,2026-06-28,Electrical,High,Completed,225.86
4009,1060,28,2024-04-20,2024-04-22,Plumbing,Normal,Completed,165.31
4010,1060,28,2024-02-23,2024-03-09,Electrical,Normal,Completed,337.47
4011,1061,28,2024-07-11,2024-07-14,Appliance,Normal,Completed,382.54
4012,1062,28,2024-06-14,2024-06-17,Roofing,High,Completed,2407.32
4013,1062,28,2026-06-24,2026-06-24,Electrical,High,Completed,252.37
4014,1063,28,2025-09-08,2025-09-20,HVAC,Normal,Completed,354.77
4015,1063,28,2025-05-15,2025-05-20,General,Normal,Completed,137.47
4016,1063,28,2025-09-27,2025-10-02,General,Normal,Completed,125.09
4017,1064,28,2024-07-22,2024-07-24,HVAC,Normal,Completed,229.2
4018,1064,28,2026-09-04,2026-09-06,HVAC,High,Completed,1042.87
4019,1065,28,2026-07-13,2026-07-16,Electrical,Normal,Completed,247.79
4020,1065,28,2026-03-05,2026-03-15,Appliance,Normal,Completed,190.56
4021,1065,28,2026-06-04,2026-06-08,Appliance,High,Completed,244.28
4022,1065,28,2024-03-15,2024-03-29,Appliance,Low,Completed,208.5
4023,1065,28,2024-10-10,2024-10-17,Plumbing,Normal,Completed,196.86
4024,1066,28,2026-08-06,2026-08-09,HVAC,Normal,Completed,327.7
4025,1066,28,2024-10-22,2024-10-31,Electrical,Normal,Completed,353.47
4026,1066,28,2025-11-01,2025-11-03,General,Normal,Completed,79.45
4027,1066,28,2025-04-11,2025-04-16,HVAC,Normal,Completed,799.73
4028,1066,28,2026-09-22,2026-09-26,Appliance,Normal,Completed,67.1
4029,1067,28,2025-10-12,2025-10-18,HVAC,High,Completed,392.29
4030,1067,28,2024-09-14,2024-09-15,Roofing,Normal,Completed,1709.99
4031,1068,28,2026-06-26,2026-06-30,General,Normal,Completed,109.75
4032,1068,28,2026-04-12,2026-04-14,Plumbing,High,Completed,231.71
4033,1068,28,2025-02-03,2025-02-03,Roofing,High,Completed,1891.9
4034,1068,28,2024-08-04,2024-08-08,Electrical,Normal,Completed,669.87
4035,1069,28,2024-09-26,2024-10-05,Plumbing,High,Completed,551.43
4036,1069,28,2025-03-25,2025-03-28,Plumbing,Normal,Completed,471.05
4037,1069,28,2024-01-30,2024-02-02,Plumbing,Normal,Completed,811.8
4038,1070,28,2024-07-07,2024-08-08,Plumbing,Low,Completed,265.08
4039,1070,28,2025-01-23,2025-01-29,General,High,Completed,158.07
4040,1070,28,2025-08-10,2025-08-24,General,Normal,Completed,75.48
4041,1070,28,2026-05-03,2026-05-03,Plumbing,Emergency,Completed,411.34
4042,1071,28,2025-02-18,2025-02-28,Plumbing,Normal,Completed,187.12
4043,1072,28,2026-09-25,,Electrical,Normal,Open,
4044,1072,28,2024-03-30,2024-04-21,Electrical,Low,Completed,329.11
4045,1072,28,2024-01-06,2024-01-12,General,Normal,Completed,47.84
4046,1072,28,2024-09-12,2024-09-29,General,Normal,Completed,96.98
4047,1072,28,2024-07-15,2024-07-21,General,Normal,Completed,29.93
4048,1072,28,2025-03-01,2025-03-03,Electrical,Emergency,Completed,849.62
4049,1073,28,2025-09-04,2025-09-05,Pest,Emergency,Completed,274.82
4050,1073,28,2024-02-27,2024-02-28,General,High,Completed,125.35
4051,1073,28,2025-06-23,2025-07-01,General,Normal,Completed,59.91
4052,1074,28,2026-08-10,2026-08-14,Electrical,High,Completed,247.4
4053,1075,28,2024-07-22,2024-08-01,Pest,Low,Completed,56.87
4054,1075,28,2026-03-24,2026-04-13,Roofing,Low,Completed,2390.11
4055,1077,28,2025-08-30,2025-08-31,HVAC,Normal,Completed,480.23
4056,1077,28,2024-03-04,2024-03-22,General,Low,Completed,289.62
4057,1077,28,2025-08-26,2025-08-31,Appliance,High,Completed,181.82
4058,1077,28,2024-02-16,2024-02-17,Electrical,Normal,Completed,740.47
4059,1077,28,2025-03-14,2025-03-25,Plumbing,Normal,Completed,777.01
4060,1077,28,2025-08-17,2025-08-23,Plumbing,Normal,Completed,553.2
4061,1078,28,2025-03-04,2025-03-14,Plumbing,Normal,Completed,345.21
4062,1079,28,2024-01-13,2024-01-20,General,Normal,Completed,44.17
4063,1079,28,2025-09-20,2025-09-23,Pest,Normal,Completed,108.43
4064,1079,28,2026-08-30,2026-09-15,General,Low,Completed,58.05
4065,1080,28,2024-12-16,2025-01-09,Electrical,Normal,Completed,259.83
4066,1080,28,2024-04-11,2024-04-15,Appliance,Normal,Completed,216.44
4067,1081,28,2025-07-28,2025-07-29,HVAC,Normal,Completed,458.16
4068,1081,28,2025-01-27,2025-02-03,General,Normal,Completed,266.3
4069,1081,28,2024-12-14,2024-12-21,Plumbing,Normal,Completed,427.86
4070,1081,28,2026-03-18,2026-03-22,HVAC,Normal,Completed,683.96
4071,1082,28,2025-07-31,2025-08-11,Plumbing,Normal,Completed,582.8
4072,1082,28,2025-05-07,2025-05-26,Electrical,Normal,Completed,408.97
4073,1082,28,2024-04-19,2024-04-25,General,High,Completed,64.59
4074,1082,28,2025-05-19,2025-05-20,Plumbing,Emergency,Completed,451.51
4075,1083,28,2025-08-21,2025-08-22,General,High,Completed,74.73
4076,1083,28,2024-07-14,2024-07-18,General,Normal,Completed,144.54
4077,1084,28,2026-06-23,2026-07-08,Plumbing,Normal,Completed,441.49
4078,1084,28,2024-11-26,2024-12-15,HVAC,Normal,Completed,979.86
4079,1084,28,2026-03-30,2026-05-05,Plumbing,Normal,Completed,404.97
4080,1085,28,2026-01-09,2026-01-22,Plumbing,Normal,Completed,749.32
4081,1085,28,2026-07-05,2026-07-13,Appliance,Low,Completed,249.04
4082,1085,28,2024-04-10,2024-04-11,Appliance,High,Completed,224.35
4083,1085,28,2025-05-08,2025-05-15,Plumbing,Normal,Completed,1211.67
4084,1086,28,2025-04-10,2025-04-11,Electrical,High,Completed,756.03
4085,1086,28,2025-02-08,2025-02-15,Appliance,Normal,Completed,192.47
4086,1086,28,2026-02-14,2026-02-28,Plumbing,Normal,Completed,382.54
4087,1086,28,2025-05-16,2025-05-30,Electrical,Low,Completed,132.9
4088,1086,28,2026-05-03,2026-05-09,Appliance,Normal,Completed,196.41
4089,1087,28,2026-01-21,2026-01-25,Electrical,Normal,Completed,594.13
4090,1087,28,2024-12-24,2025-01-01,HVAC,Low,Completed,682.88
4091,1087,28,2025-07-20,2025-07-23,Plumbing,Normal,Completed,1227.19
4092,1088,28,2026-03-24,2026-03-29,General,Normal,Completed,432.62
4093,1089,28,2026-08-17,2026-08-31,Plumbing,Normal,Completed,360.96
4094,1089,28,2026-03-01,2026-03-01,Roofing,Normal,Completed,874.05
4095,1090,28,2025-07-06,2025-07-07,Plumbing,High,Completed,334.21
4096,1090,28,2025-03-28,2025-04-22,Pest,Normal,Completed,202.56
4097,1090,28,2025-01-08,2025-01-11,General,Normal,Completed,267.88
4098,1091,28,2024-04-11,2024-04-18,Plumbing,Normal,Completed,511.41
4099,1093,28,2026-03-02,2026-03-13,Plumbing,Normal,Completed,282.92
4100,1093,28,2026-05-02,2026-05-02,HVAC,High,Completed,798.25
4101,1094,28,2024-11-21,2024-11-25,Electrical,High,Completed,69.19
4102,1094,28,2025-02-09,2025-02-18,Appliance,Normal,Completed,85.15
4103,1094,28,2024-06-05,2024-06-07,Pest,Normal,Completed,153.2
4104,1094,28,2025-01-10,2025-01-13,General,Normal,Completed,265.19
4105,1094,28,2025-05-07,2025-05-08,Electrical,Normal,Completed,126.62
4106,1094,28,2025-02-22,2025-02-22,Electrical,High,Completed,621.62
4107,1095,28,2024-12-21,2024-12-23,Pest,Normal,Completed,362.0
4108,1095,28,2024-02-06,2024-02-16,General,Normal,Completed,226.93
4109,1095,28,2025-08-27,2025-08-31,Plumbing,High,Completed,1188.38
4110,1095,28,2024-10-07,2024-10-10,Appliance,Normal,Completed,124.04
4111,1096,28,2026-03-11,2026-03-13,Plumbing,High,Completed,393.93
4112,1096,28,2025-01-02,2025-01-02,Electrical,High,Completed,342.13
4113,1096,28,2025-01-24,2025-01-26,Appliance,Normal,Completed,226.14
4114,1096,28,2024-11-11,2024-11-11,HVAC,High,Completed,770.59
4115,1097,28,2026-01-13,2026-01-18,General,Low,Completed,78.92
4116,1097,28,2025-02-28,2025-03-05,HVAC,Normal,Completed,534.23
4117,1098,28,2024-01-05,2024-01-07,HVAC,Normal,Completed,1134.22
4118,1098,28,2024-12-03,2024-12-08,Plumbing,Normal,Completed,665.86
4119,1099,28,2025-10-01,2025-10-04,Electrical,Normal,Completed,401.26
4120,1099,28,2024-07-02,2024-07-08,Plumbing,Normal,Completed,282.4
4121,1099,28,2026-09-12,2026-09-13,Plumbing,High,Completed,162.75
4122,1099,28,2025-08-12,2025-08-23,Appliance,Normal,Completed,239.88
4123,1099,28,2024-02-08,2024-02-12,General,Normal,Completed,81.34
4124,1100,28,2026-09-10,2026-09-15,General,Normal,Completed,187.3
4125,1100,28,2026-02-09,2026-02-19,Plumbing,Low,Completed,260.28
4126,1100,28,2026-09-07,2026-09-09,Plumbing,Normal,Completed,244.01
4127,1100,28,2025-05-09,2025-05-21,Electrical,Low,Completed,238.93
4128,1100,28,2025-05-16,2025-07-05,HVAC,Low,Completed,1138.45
4129,1101,28,2026-01-23,2026-01-23,General,Emergency,Completed,137.9
4130,1101,28,2026-07-07,2026-07-10,Plumbing,High,Completed,400.32
4131,1101,28,2024-05-04,2024-05-07,Electrical,Normal,Completed,221.55
4132,1102,28,2025-01-24,2025-01-27,Appliance,Normal,Completed,131.9
4133,1102,28,2024-07-25,2024-08-18,General,Normal,Completed,79.06
4134,1102,28,2024-12-06,2024-12-09,Electrical,Normal,Completed,207.14
4135,1102,28,2026-05-15,2026-06-17,Appliance,Low,Completed,233.6
4136,1102,28,2026-04-01,2026-04-24,General,Normal,Completed,522.88
4137,1103,28,2025-01-03,2025-01-09,Pest,Normal,Completed,126.12
4138,1103,28,2025-09-18,2025-09-25,HVAC,Normal,Completed,412.32
4139,1103,28,2025-09-02,2025-09-07,HVAC,Normal,Completed,424.38
4140,1103,28,2024-02-22,2024-03-01,General,Normal,Completed,98.4
4141,1103,28,2026-01-29,2026-01-31,Electrical,High,Completed,345.6
4142,1104,28,2024-03-05,2024-03-14,Appliance,Normal,Completed,323.09
4143,1104,28,2025-06-24,2025-06-28,Electrical,Normal,Completed,335.79
4144,1105,28,2026-09-19,2026-09-27,Appliance,High,Completed,381.68
4145,1105,28,2025-01-17,2025-01-19,Electrical,Normal,Completed,240.7
4146,1105,28,2026-02-06,2026-02-07,HVAC,Normal,Completed,1345.65
4147,1106,28,2026-09-22,,HVAC,Low,Open,
4148,1106,28,2024-11-29,2024-12-05,General,Normal,Completed,323.61
4149,1107,28,2025-04-19,2025-04-19,HVAC,Normal,Completed,533.21
4150,1107,28,2024-09-05,2024-09-17,Appliance,Normal,Completed,305.43
4151,1107,28,2024-03-15,2024-03-17,Appliance,Emergency,Completed,277.51
4152,1108,28,2024-03-13,2024-03-21,General,Low,Completed,459.57
4153,1108,28,2025-10-23,2025-10-29,Appliance,Normal,Completed,272.39
4154,1108,28,2025-08-24,2025-08-31,HVAC,High,Completed,684.14
4155,1108,28,2026-05-03,2026-05-08,HVAC,Normal,Completed,495.4
4156,1108,28,2024-01-08,2024-01-12,Plumbing,Normal,Completed,150.36
4157,1108,28,2025-05-18,2025-06-02,Appliance,Normal,Completed,301.95
4158,1110,28,2026-09-25,2026-09-27,General,Emergency,Completed,184.73
4159,1110,28,2026-07-31,2026-08-11,Plumbing,Normal,Completed,297.03
4160,1111,29,2025-04-06,2025-04-14,HVAC,Normal,Completed,466.02
4161,1111,29,2025-08-22,2025-08-23,Appliance,Emergency,Completed,87.99
4162,1111,29,2026-03-30,2026-04-03,Roofing,Normal,Completed,865.98
4163,1111,29,2026-01-21,2026-02-13,Electrical,Normal,Completed,392.82
4164,1111,29,2024-02-28,2024-03-10,HVAC,Low,Completed,1093.06
4165,1111,29,2024-12-02,2024-12-04,Appliance,High,Completed,425.4
4166,1111,29,2026-09-02,2026-09-25,Appliance,Normal,Completed,142.21
4167,1112,29,2025-06-19,2025-06-27,General,Normal,Completed,189.1
4168,1113,29,2024-02-28,2024-03-02,HVAC,Normal,Completed,361.0
4169,1113,29,2024-02-18,2024-02-23,HVAC,Normal,Completed,433.37
4170,1113,29,2025-02-05,2025-02-09,Electrical,High,Completed,229.91
4171,1113,29,2026-01-07,2026-01-14,HVAC,Normal,Completed,1042.04
4172,1114,29,2025-05-02,2025-05-07,General,Low,Completed,56.54
4173,1114,29,2025-12-22,2025-12-29,Plumbing,High,Completed,1018.69
4174,1114,29,2025-03-20,2025-03-23,General,Normal,Completed,334.4
4175,1114,29,2025-03-09,2025-03-17,Appliance,Normal,Completed,222.55
4176,1114,29,2024-11-14,2024-11-23,General,High,Completed,203.53
4177,1115,29,2026-09-05,2026-09-07,Plumbing,High,Completed,739.72
4178,1115,29,2025-10-23,2025-11-08,Plumbing,Normal,Completed,283.26
4179,1115,29,2026-08-16,2026-08-17,Appliance,High,Completed,159.63
4180,1115,29,2024-07-02,2024-07-04,Appliance,Emergency,Completed,117.86
4181,1115,29,2024-01-14,2024-02-13,Appliance,Low,Completed,406.87
4182,1115,29,2025-09-02,2025-09-11,Electrical,Low,Completed,573.78
4183,1116,29,2025-07-20,2025-07-26,General,High,Completed,97.95
4184,1117,29,2025-01-09,2025-01-11,Pest,High,Completed,159.11
4185,1117,29,2024-09-03,2024-09-03,Plumbing,Low,Completed,541.47
4186,1117,29,2026-03-20,2026-03-26,Electrical,Normal,Completed,282.32
4187,1117,29,2025-06-03,2025-06-08,Electrical,Normal,Completed,106.64
4188,1117,29,2024-04-29,2024-05-20,General,Low,Completed,208.59
4189,1117,29,2025-03-18,2025-03-20,General,High,Completed,267.94
4190,1118,29,2026-09-17,,Electrical,Low,Open,
4191,1118,29,2024-02-20,2024-03-03,General,Normal,Completed,155.58
4192,1119,29,2024-02-27,2024-03-01,Plumbing,Normal,Completed,327.35
4193,1119,29,2024-03-21,2024-03-23,Pest,Normal,Completed,501.2
4194,1119,29,2025-08-07,2025-08-24,HVAC,Low,Completed,617.48
4195,1120,29,2025-08-08,2025-08-31,Appliance,Low,Completed,417.54
4196,1120,29,2025-03-17,2025-03-20,Plumbing,High,Completed,1033.53
4197,1120,29,2024-10-01,2024-10-10,Appliance,Low,Completed,242.16
4198,1120,29,2024-02-27,2024-03-09,HVAC,Normal,Completed,1320.9
4199,1121,29,2024-12-05,2024-12-07,Plumbing,High,Completed,569.65
4200,1121,29,2024-12-13,2024-12-14,Plumbing,High,Completed,588.93
4201,1121,29,2026-03-17,2026-04-03,Plumbing,Low,Completed,171.11
4202,1121,29,2025-01-24,2025-01-29,Plumbing,Low,Completed,550.97
4203,1121,29,2024-06-08,2024-06-13,Plumbing,Low,Completed,301.63
4204,1122,29,2026-06-13,2026-06-16,Electrical,High,Completed,160.12
4205,1122,29,2026-04-19,2026-04-23,Electrical,High,Completed,221.47
4206,1123,29,2024-11-21,2024-11-25,HVAC,Normal,Completed,1444.31
4207,1123,29,2024-11-20,2024-11-21,Plumbing,Emergency,Completed,144.41
4208,1123,29,2026-06-11,2026-06-15,HVAC,High,Completed,483.57
4209,1123,29,2024-07-07,2024-07-15,Electrical,High,Completed,333.81
4210,1123,29,2024-05-01,2024-06-09,General,Low,Completed,322.09
4211,1124,29,2024-08-28,2024-09-23,General,Low,Completed,77.97
4212,1124,29,2024-08-17,2024-09-05,HVAC,Normal,Completed,2470.11
4213,1124,29,2024-06-26,2024-06-30,Electrical,High,Completed,212.24
4214,1125,29,2025-09-08,2025-09-15,Pest,Normal,Completed,327.27
4215,1125,29,2025-05-08,2025-05-12,General,Normal,Completed,49.64
4216,1125,29,2025-01-04,2025-01-09,Plumbing,High,Completed,408.43
4217,1125,29,2025-06-13,2025-06-13,HVAC,Normal,Completed,630.7
4218,1125,29,2025-10-03,2025-10-14,Plumbing,Normal,Completed,883.42
4219,1126,29,2025-05-01,2025-05-07,HVAC,Low,Completed,496.23
4220,1126,29,2024-01-07,2024-01-11,Pest,Normal,Completed,169.49
4221,1127,30,2025-08-13,2025-09-10,Appliance,Normal,Completed,118.33
4222,1127,30,2025-08-15,2025-08-20,Appliance,Normal,Completed,273.75
4223,1127,30,2026-08-31,2026-09-12,Electrical,Low,Completed,338.05
4224,1127,30,2024-07-14,2024-07-29,General,Normal,Completed,67.69
4225,1127,30,2026-02-22,2026-02-24,General,High,Completed,83.62
4226,1127,30,2026-08-28,2026-09-09,HVAC,Normal,Completed,299.61
4227,1128,30,2025-12-28,2026-01-05,Roofing,Normal,Completed,777.26
4228,1128,30,2024-04-03,2024-04-04,Electrical,Normal,Completed,268.15
4229,1129,30,2026-03-06,2026-03-17,HVAC,Normal,Completed,645.36
4230,1129,30,2025-12-07,2025-12-16,Plumbing,Normal,Completed,233.38
4231,1130,30,2025-01-21,2025-01-25,Appliance,High,Completed,284.45
4232,1130,30,2025-11-28,2025-12-11,General,Normal,Completed,131.18
4233,1130,30,2024-09-30,2024-10-11,HVAC,Low,Completed,847.0
4234,1131,30,2025-09-24,2025-10-12,General,Normal,Completed,131.75
4235,1131,30,2024-06-07,2024-06-26,Plumbing,Normal,Completed,304.56
4236,1131,30,2025-07-15,2025-07-22,Appliance,High,Completed,153.71
4237,1131,30,2025-06-08,2025-06-17,Electrical,Normal,Completed,311.59
4238,1131,30,2024-08-31,2024-09-03,General,High,Completed,100.5
4239,1132,30,2025-07-29,2025-08-03,Appliance,High,Completed,460.36
4240,1132,30,2025-05-05,2025-05-06,Roofing,High,Completed,1573.55
4241,1132,30,2026-08-25,2026-08-27,Electrical,Low,Completed,212.78
4242,1132,30,2024-06-13,2024-06-20,Electrical,Low,Completed,191.78
4243,1132,30,2026-06-24,2026-07-01,General,Low,Completed,311.58
4244,1133,30,2024-05-29,2024-06-04,HVAC,Low,Completed,309.54
4245,1133,30,2025-07-26,2025-08-04,Plumbing,Normal,Completed,213.97
4246,1135,31,2025-02-15,2025-02-17,Plumbing,Normal,Completed,699.23
4247,1135,31,2025-11-05,2025-11-08,Pest,Normal,Completed,170.55
4248,1135,31,2024-04-06,2024-04-09,HVAC,Normal,Completed,384.98
4249,1136,31,2024-02-01,2024-02-17,HVAC,Low,Completed,330.24
4250,1136,31,2025-07-19,2025-07-21,Plumbing,Low,Completed,295.65
4251,1136,31,2024-11-29,2024-12-14,Plumbing,Normal,Completed,293.8
4252,1136,31,2026-01-17,2026-01-19,Plumbing,High,Completed,669.65
4253,1136,31,2025-01-25,2025-01-31,HVAC,Normal,Completed,368.12
4254,1137,31,2025-12-02,2025-12-07,Appliance,Low,Completed,194.77
4255,1137,31,2026-08-20,2026-08-25,HVAC,High,Completed,724.43
4256,1137,31,2026-07-02,2026-07-04,Plumbing,High,Completed,587.82
4257,1138,31,2024-10-02,2024-10-10,Appliance,Normal,Completed,98.34
4258,1138,31,2024-02-15,2024-03-02,Appliance,Normal,Completed,475.07
4259,1138,31,2025-10-19,2025-10-24,Electrical,Normal,Completed,264.99
4260,1138,31,2024-07-18,2024-07-22,Appliance,Normal,Completed,206.77
4261,1138,31,2024-09-18,2024-09-20,Electrical,Normal,Completed,374.83
4262,1138,31,2025-07-01,2025-07-05,HVAC,High,Completed,401.91
4263,1138,31,2025-12-29,2025-12-30,Appliance,Emergency,Completed,452.71
4264,1138,31,2026-03-24,2026-04-06,General,Low,Completed,179.0
4265,1139,31,2026-04-17,2026-04-25,Plumbing,Normal,Completed,319.92
4266,1139,31,2024-11-26,2024-12-10,Electrical,Low,Completed,259.07
4267,1139,31,2024-08-28,2024-08-29,Appliance,High,Completed,319.78
4268,1139,31,2026-07-14,2026-07-18,HVAC,High,Completed,1054.35
4269,1139,31,2025-05-05,2025-05-08,HVAC,Normal,Completed,574.95
4270,1139,31,2024-07-25,2024-07-26,Pest,High,Completed,207.16
4271,1139,31,2025-07-28,2025-08-08,HVAC,Normal,Completed,466.44
4272,1139,31,2025-07-28,2025-08-03,Electrical,Normal,Completed,559.06
4273,1139,31,2025-02-05,2025-02-15,HVAC,Low,Completed,592.81
4274,1139,31,2025-12-24,2025-12-24,Pest,Normal,Completed,328.81
4275,1140,31,2024-01-29,2024-02-01,Plumbing,Normal,Completed,448.05
4276,1140,31,2024-01-13,2024-02-03,HVAC,Low,Completed,217.96
4277,1140,31,2025-06-02,2025-06-05,General,High,Completed,72.67
4278,1140,31,2025-04-30,2025-05-08,HVAC,High,Completed,549.99
4279,1140,31,2024-06-13,2024-06-18,Appliance,High,Completed,100.44
4280,1140,31,2025-06-27,2025-06-28,Electrical,Normal,Completed,328.2
4281,1141,31,2025-01-30,2025-02-05,HVAC,Normal,Completed,768.21
4282,1141,31,2024-07-23,2024-07-26,Electrical,Normal,Completed,590.09
4283,1141,31,2024-12-11,2025-01-20,General,Low,Completed,296.99
4284,1141,31,2025-12-16,2025-12-22,Plumbing,Normal,Completed,302.55
4285,1141,31,2025-11-08,2025-11-08,Electrical,Emergency,Completed,522.66
4286,1141,31,2025-06-29,2025-06-29,General,Normal,Completed,275.52
4287,1142,31,2024-12-12,2024-12-30,Plumbing,Low,Completed,296.62
4288,1142,31,2025-07-12,2025-07-13,HVAC,Normal,Completed,294.46
4289,1143,31,2024-02-05,2024-02-28,Electrical,Low,Completed,386.65
4290,1143,31,2025-11-26,2025-12-04,General,Normal,Completed,183.67
4291,1143,31,2024-04-25,2024-04-28,General,Normal,Completed,223.2
4292,1143,31,2026-08-10,2026-08-14,HVAC,Normal,Completed,1622.69
4293,1144,31,2025-12-22,2025-12-27,HVAC,Normal,Completed,890.94
4294,1144,31,2024-07-16,2024-07-17,Appliance,High,Completed,130.69
4295,1144,31,2024-02-20,2024-03-09,Electrical,Normal,Completed,36.1
4296,1144,31,2026-01-17,2026-01-26,HVAC,Normal,Completed,2461.53
4297,1145,32,2025-03-29,2025-03-31,General,High,Completed,107.47
4298,1145,32,2026-02-08,2026-02-12,Roofing,Low,Completed,1018.71
4299,1145,32,2024-03-22,2024-04-05,Plumbing,Normal,Completed,314.19
4300,1145,32,2024-07-06,2024-07-06,General,Emergency,Completed,152.85
4301,1146,32,2026-03-10,2026-04-02,General,Low,Completed,192.97
4302,1146,32,2024-04-17,2024-04-21,Appliance,High,Completed,172.47
4303,1146,32,2026-07-09,2026-07-18,General,Normal,Completed,116.58
4304,1146,32,2024-12-16,2024-12-16,General,Emergency,Completed,241.25
4305,1146,32,2026-07-23,2026-07-24,General,Emergency,Completed,88.98
4306,1146,32,2025-08-19,2025-09-05,Plumbing,Normal,Completed,200.55
4307,1147,32,2026-02-14,2026-02-20,HVAC,Normal,Completed,718.56
4308,1147,32,2025-05-07,2025-05-09,Plumbing,Normal,Completed,744.36
4309,1147,32,2024-05-03,2024-05-08,Electrical,Normal,Completed,134.75
4310,1147,32,2024-01-08,2024-01-11,Roofing,High,Completed,1316.39
4311,1147,32,2025-06-06,2025-06-20,Plumbing,Normal,Completed,517.64
4312,1148,32,2024-03-16,2024-03-27,Appliance,Normal,Completed,456.19
4313,1148,32,2025-08-31,2025-09-02,Plumbing,Normal,Completed,274.85
4314,1148,32,2025-12-26,2025-12-31,Pest,Normal,Completed,28.35
4315,1148,32,2024-05-21,2024-06-12,Appliance,Low,Completed,83.35
4316,1148,32,2025-12-06,2026-01-26,Electrical,Low,Completed,198.77
4317,1148,32,2026-04-18,2026-05-03,HVAC,Normal,Completed,969.31
4318,1148,32,2025-10-11,2025-10-17,Plumbing,Normal,Completed,324.2
4319,1149,32,2025-08-30,2025-09-02,Electrical,Normal,Completed,398.58
4320,1149,32,2026-02-14,2026-03-10,Plumbing,Low,Completed,165.25
4321,1149,32,2026-09-21,,Appliance,Normal,Open,
4322,1150,32,2025-10-29,2025-11-02,Electrical,Low,Completed,331.78
4323,1150,32,2025-02-12,2025-02-18,General,Low,Completed,112.61
4324,1150,32,2024-06-17,2024-06-24,HVAC,Normal,Completed,1865.83
4325,1151,32,2026-05-06,2026-05-10,Electrical,Low,Completed,356.39
4326,1151,32,2025-01-11,2025-01-15,HVAC,High,Completed,405.04
4327,1151,32,2025-03-13,2025-04-02,Appliance,Low,Completed,150.37
4328,1151,32,2025-05-18,2025-06-30,Appliance,Low,Completed,264.99
4329,1151,32,2026-01-03,2026-01-07,Plumbing,High,Completed,662.46
4330,1151,32,2026-02-12,2026-02-12,Electrical,Normal,Completed,550.78
4331,1152,32,2026-03-25,2026-04-01,Electrical,Low,Completed,380.65
4332,1152,32,2026-03-31,2026-04-19,Roofing,Low,Completed,2136.46
4333,1152,32,2025-03-22,2025-03-29,Plumbing,Normal,Completed,297.87
4334,1152,32,2026-09-10,2026-09-22,Plumbing,Normal,Completed,725.41
4335,1153,32,2025-01-13,2025-01-17,Appliance,High,Completed,373.45
4336,1153,32,2026-01-06,2026-01-13,Plumbing,Normal,Completed,202.47
4337,1153,32,2026-09-07,2026-09-22,Appliance,Normal,Completed,149.22
4338,1153,32,2025-07-18,2025-08-02,Plumbing,Low,Completed,284.03
4339,1153,32,2025-04-18,2025-04-20,Plumbing,High,Completed,574.5
4340,1154,32,2024-02-09,2024-02-13,Appliance,High,Completed,409.94
4341,1154,32,2025-05-22,2025-05-23,Appliance,Emergency,Completed,187.58
4342,1154,32,2024-09-23,2024-09-25,General,Normal,Completed,179.19
4343,1154,32,2026-04-09,2026-04-13,General,High,Completed,121.94
4344,1154,32,2026-02-28,2026-03-02,HVAC,Normal,Completed,545.62
4345,1155,32,2024-01-06,2024-01-11,Pest,High,Completed,132.31
4346,1155,32,2026-07-24,2026-07-24,HVAC,Emergency,Completed,561.32
4347,1155,32,2024-12-29,2025-01-22,Plumbing,Normal,Completed,989.27
4348,1155,32,2024-06-23,2024-07-09,Appliance,Normal,Completed,223.08
4349,1155,32,2026-01-31,2026-02-26,Electrical,Low,Completed,362.69
4350,1155,32,2024-04-18,2024-04-19,HVAC,High,Completed,572.29
4351,1156,32,2025-04-29,2025-04-29,Pest,Low,Completed,104.51
4352,1156,32,2025-02-28,2025-03-13,Appliance,Normal,Completed,186.74
4353,1156,32,2025-02-04,2025-02-05,HVAC,Normal,Completed,1551.6
4354,1156,32,2024-01-31,2024-02-12,General,Normal,Completed,528.9
4355,1157,32,2024-05-28,2024-06-10,HVAC,Normal,Completed,362.96
4356,1157,32,2026-07-14,2026-07-25,Appliance,Normal,Completed,172.08
4357,1157,32,2026-05-10,2026-05-14,General,Normal,Completed,132.44
4358,1157,32,2024-01-23,2024-01-27,Appliance,Normal,Completed,108.87
4359,1157,32,2024-02-12,2024-03-03,HVAC,Normal,Completed,906.51
4360,1157,32,2026-04-14,2026-04-18,Plumbing,Normal,Completed,348.79
4361,1158,32,2024-08-16,2024-08-24,Plumbing,Normal,Completed,199.89
4362,1159,32,2025-01-28,2025-02-01,General,Normal,Completed,131.51
4363,1159,32,2026-02-28,2026-03-01,General,Emergency,Completed,196.01
4364,1159,32,2025-08-22,2025-09-03,Appliance,Normal,Completed,386.32
4365,1160,32,2026-04-13,2026-04-16,Electrical,High,Completed,331.42
4366,1160,32,2024-05-08,2024-05-14,Appliance,Normal,Completed,214.42
4367,1160,32,2024-12-14,2024-12-14,General,Low,Completed,66.95
4368,1160,32,2024-11-25,2024-12-04,Pest,Normal,Completed,86.49
4369,1161,32,2024-07-28,2024-07-31,Electrical,High,Completed,306.49
4370,1161,32,2026-07-08,2026-07-09,Appliance,High,Completed,130.18
4371,1161,32,2024-07-30,2024-07-31,Electrical,High,Completed,538.77
4372,1161,32,2025-02-04,2025-02-13,Appliance,High,Completed,266.89
4373,1161,32,2025-03-28,2025-04-02,Electrical,Normal,Completed,358.18
4374,1161,32,2024-11-21,2024-12-05,Electrical,Normal,Completed,140.09
4375,1162,32,2025-02-17,2025-02-25,Appliance,Normal,Completed,311.45
4376,1162,32,2026-05-27,2026-05-27,Appliance,Normal,Completed,480.61
4377,1163,32,2026-07-05,2026-07-16,HVAC,Low,Completed,994.16
4378,1163,32,2025-10-02,2025-10-13,Appliance,Normal,Completed,570.36
4379,1163,32,2025-05-27,2025-05-27,Plumbing,High,Completed,539.51
4380,1163,32,2024-12-10,2024-12-29,Pest,Low,Completed,89.9
4381,1164,32,2024-03-27,2024-03-30,Appliance,High,Completed,165.5
4382,1164,32,2026-02-18,2026-03-02,Electrical,High,Completed,235.52
4383,1165,32,2025-09-04,2025-09-06,Appliance,High,Completed,198.76
4384,1165,32,2026-05-25,2026-06-02,Appliance,Low,Completed,127.35
4385,1166,32,2026-04-24,2026-05-06,General,Normal,Completed,119.83
4386,1166,32,2026-08-17,2026-08-18,Appliance,Emergency,Completed,105.97
4387,1166,32,2025-06-04,2025-06-04,HVAC,High,Completed,733.12
4388,1166,32,2024-01-09,2024-01-11,General,Emergency,Completed,52.87
4389,1166,32,2025-07-12,2025-07-13,Appliance,Normal,Completed,91.32
4390,1166,32,2026-04-13,2026-04-19,General,Normal,Completed,72.73
4391,1166,32,2025-05-22,2025-05-26,Appliance,High,Completed,254.03
4392,1167,32,2025-01-11,2025-01-11,General,High,Completed,147.99
4393,1167,32,2024-07-11,2024-07-13,General,High,Completed,77.66
4394,1167,32,2025-03-08,2025-03-09,Appliance,Low,Completed,369.54
4395,1168,32,2026-06-13,2026-06-16,General,High,Completed,58.93
4396,1168,32,2025-07-18,2025-07-23,Appliance,Low,Completed,751.51
4397,1168,32,2024-06-17,2024-06-18,HVAC,High,Completed,776.72
4398,1168,32,2024-04-10,2024-04-13,Appliance,Normal,Completed,213.11
4399,1169,32,2025-03-11,2025-03-13,General,Emergency,Completed,59.99
4400,1169,32,2024-04-26,2024-05-08,Appliance,Low,Completed,241.08
4401,1169,32,2026-09-08,2026-09-10,General,Normal,Completed,77.02
4402,1169,32,2024-12-09,2024-12-28,Appliance,Low,Completed,314.31
4403,1169,32,2024-01-08,2024-01-11,Electrical,High,Completed,1550.47
4404,1169,32,2026-03-16,2026-03-26,Plumbing,Normal,Completed,255.11
4405,1170,32,2026-01-09,2026-01-11,HVAC,Normal,Completed,711.72
4406,1170,32,2024-04-24,2024-04-30,Pest,High,Completed,55.98
4407,1171,32,2025-10-21,2025-10-22,General,Normal,Completed,65.91
4408,1171,32,2025-04-17,2025-04-25,Appliance,High,Completed,298.83
4409,1171,32,2024-01-09,2024-01-11,General,High,Completed,83.89
4410,1171,32,2025-10-11,2025-10-18,HVAC,Normal,Completed,430.72
4411,1171,32,2025-12-13,2025-12-18,Plumbing,Normal,Completed,373.9
4412,1172,32,2025-10-09,2025-10-31,Plumbing,Low,Completed,937.36
4413,1172,32,2024-06-15,2024-06-19,Roofing,High,Completed,1263.56
4414,1172,32,2024-10-25,2024-11-14,Electrical,Normal,Completed,405.11
4415,1172,32,2025-05-17,2025-05-18,Pest,Emergency,Completed,222.58
4416,1172,32,2024-08-15,2024-08-15,General,Emergency,Completed,261.41
4417,1173,32,2025-05-06,2025-05-19,Electrical,Low,Completed,279.93
4418,1173,32,2024-05-26,2024-05-28,Appliance,High,Completed,571.81
4419,1173,32,2024-01-03,2024-01-10,Appliance,Normal,Completed,134.51
4420,1174,32,2026-02-04,2026-02-24,General,Low,Completed,88.88
4421,1174,32,2024-09-26,2024-09-27,HVAC,Normal,Completed,113.8
4422,1174,32,2025-06-23,2025-06-27,General,Normal,Completed,310.37
4423,1175,32,2024-11-11,2024-11-13,Appliance,High,Completed,608.44
4424,1175,32,2024-09-10,2024-09-18,Plumbing,Normal,Completed,312.2
4425,1175,32,2024-03-18,2024-03-19,HVAC,Normal,Completed,648.38
4426,1175,32,2024-08-12,2024-08-13,General,Normal,Completed,153.87
4427,1175,32,2026-07-08,2026-07-12,HVAC,High,Completed,959.69
4428,1176,32,2026-03-04,2026-03-09,Appliance,Normal,Completed,256.26
4429,1176,32,2025-06-27,2025-07-07,Appliance,Normal,Completed,405.45
4430,1176,32,2025-01-07,2025-01-23,Appliance,Low,Completed,170.75
4431,1177,32,2026-01-02,2026-01-12,HVAC,Normal,Completed,379.72
4432,1177,32,2025-01-14,2025-01-22,Plumbing,Normal,Completed,421.51
4433,1177,32,2024-03-01,2024-03-03,HVAC,Normal,Completed,507.48
4434,1177,32,2026-05-20,2026-05-20,General,High,Completed,312.02
4435,1177,32,2026-02-02,2026-02-15,Plumbing,Normal,Completed,120.23
4436,1177,32,2024-03-03,2024-03-09,HVAC,Normal,Completed,386.37
4437,1178,32,2025-12-17,2025-12-23,Appliance,Normal,Completed,89.52
4438,1178,32,2024-04-30,2024-04-30,HVAC,Normal,Completed,573.08
4439,1178,32,2024-04-08,2024-04-11,General,Normal,Completed,138.08
4440,1178,32,2024-07-23,2024-08-02,General,Normal,Completed,255.72
4441,1178,32,2024-02-10,2024-03-05,Electrical,Low,Completed,149.71
4442,1178,32,2024-07-19,2024-07-24,General,Normal,Completed,178.93
4443,1179,32,2026-07-04,2026-07-09,HVAC,Normal,Completed,736.15
4444,1179,32,2026-05-03,2026-05-05,Electrical,Normal,Completed,294.7
4445,1179,32,2025-02-07,2025-02-08,Plumbing,Normal,Completed,242.94
4446,1179,32,2024-03-31,2024-04-07,HVAC,Normal,Completed,2487.68
4447,1180,32,2025-11-27,2025-11-27,General,Normal,Completed,206.02
4448,1180,32,2026-02-15,2026-02-24,Plumbing,Low,Completed,483.27
4449,1180,32,2024-05-26,2024-06-04,HVAC,Normal,Completed,195.08
4450,1180,32,2025-06-10,2025-06-21,Plumbing,Normal,Completed,295.29
4451,1181,32,2024-05-08,2024-05-09,Roofing,Normal,Completed,1508.76
4452,1181,32,2026-02-23,2026-03-24,Appliance,Low,Completed,37.41
4453,1181,32,2024-06-03,2024-06-17,HVAC,Normal,Completed,451.16
4454,1181,32,2026-08-11,2026-08-11,Plumbing,High,Completed,561.74
4455,1181,32,2024-09-20,2024-10-06,General,Normal,Completed,128.56
4456,1181,32,2024-02-24,2024-03-04,Pest,Low,Completed,109.54
4457,1182,32,2024-05-07,2024-05-10,General,Normal,Completed,90.91
4458,1182,32,2024-06-19,2024-06-25,Roofing,Normal,Completed,1736.74
4459,1182,32,2026-05-15,2026-05-16,Appliance,Normal,Completed,151.12
4460,1182,32,2025-09-01,2025-09-01,Plumbing,High,Completed,563.48
4461,1182,32,2025-10-22,2025-11-05,Plumbing,Normal,Completed,425.88
4462,1183,32,2025-10-09,2025-10-10,Appliance,High,Completed,120.87
4463,1183,32,2026-07-02,2026-07-02,General,Emergency,Completed,131.33
4464,1183,32,2024-02-11,2024-02-15,General,Normal,Completed,141.25
4465,1183,32,2025-07-12,2025-07-15,Appliance,High,Completed,47.82
4466,1183,32,2025-09-03,2025-09-15,Electrical,Normal,Completed,328.68
4467,1184,32,2024-10-25,2024-10-27,HVAC,Normal,Completed,680.42
4468,1184,32,2024-07-12,2024-07-15,Pest,High,Completed,113.5
4469,1184,32,2025-10-22,2025-11-09,General,Low,Completed,39.84
4470,1184,32,2025-02-20,2025-02-23,HVAC,Normal,Completed,588.98
4471,1185,32,2024-04-16,2024-04-19,General,Normal,Completed,52.66
4472,1185,32,2024-11-30,2024-12-03,Electrical,High,Completed,297.82
4473,1185,32,2024-05-05,2024-05-22,General,Normal,Completed,104.26
4474,1185,32,2025-12-15,2025-12-20,Pest,Normal,Completed,214.36
4475,1185,32,2026-09-22,,General,Low,Open,
4476,1185,32,2024-05-01,2024-05-10,Roofing,Normal,Completed,984.81
4477,1185,32,2024-12-10,2024-12-15,Appliance,Normal,Completed,400.25
4478,1185,32,2026-01-18,2026-01-23,Pest,Low,Completed,555.93
4479,1185,32,2024-08-11,2024-08-17,General,Normal,Completed,122.24
4480,1186,32,2025-11-20,2025-11-24,General,Low,Completed,69.88
4481,1186,32,2024-12-07,2025-01-03,Electrical,Normal,Completed,404.61
4482,1186,32,2025-12-06,2025-12-26,Electrical,Normal,Completed,236.34
4483,1186,32,2025-09-28,2025-10-02,HVAC,High,Completed,628.1
4484,1187,32,2026-06-13,2026-07-05,Appliance,Low,Completed,304.66
4485,1187,32,2026-07-23,2026-07-23,HVAC,Emergency,Completed,514.01
4486,1187,32,2025-07-02,2025-07-23,HVAC,Low,Completed,920.25
4487,1187,32,2026-04-28,2026-05-03,Electrical,Normal,Completed,101.29
4488,1188,32,2025-09-12,2025-09-21,General,Normal,Completed,93.86
4489,1188,32,2025-06-30,2025-06-30,Electrical,Normal,Completed,252.84
4490,1188,32,2025-09-21,2025-09-23,Plumbing,Normal,Completed,208.21
4491,1188,32,2025-08-25,2025-08-28,Appliance,Normal,Completed,99.06
4492,1188,32,2024-11-07,2024-11-08,Plumbing,Emergency,Completed,396.84
4493,1188,32,2026-01-02,2026-01-06,Appliance,Normal,Completed,88.37
4494,1188,32,2025-06-13,2025-07-03,HVAC,Normal,Completed,659.23
4495,1188,32,2026-01-31,2026-03-05,General,Low,Completed,198.17
4496,1189,32,2025-06-21,2025-06-23,General,Normal,Completed,243.3
4497,1189,32,2025-07-02,2025-07-16,General,Normal,Completed,35.65
4498,1189,32,2025-03-24,2025-04-02,General,Normal,Completed,112.88
4499,1190,32,2024-10-02,2024-10-08,Plumbing,Normal,Completed,208.32
4500,1190,32,2024-11-05,2024-11-16,General,Normal,Completed,481.38
4501,1190,32,2025-08-12,2025-08-18,Electrical,Normal,Completed,284.93
4502,1190,32,2024-05-01,2024-05-16,Plumbing,Low,Completed,240.6
4503,1190,32,2025-07-20,2025-08-19,HVAC,Low,Completed,165.97
4504,1191,32,2025-07-26,2025-07-27,Plumbing,Emergency,Completed,374.71
4505,1191,32,2026-09-29,2026-09-30,Plumbing,High,Completed,317.49
4506,1192,32,2025-11-26,2025-12-18,General,Normal,Completed,185.57
4507,1192,32,2024-09-10,2024-09-12,Electrical,Emergency,Completed,189.27
4508,1192,32,2026-07-01,2026-07-15,Electrical,Low,Completed,261.42
4509,1192,32,2026-08-22,2026-08-25,Plumbing,Normal,Completed,158.86
4510,1192,32,2024-02-11,2024-02-18,Pest,Low,Completed,195.37
4511,1192,32,2026-02-17,2026-02-19,Pest,High,Completed,495.23
4512,1194,32,2026-09-21,2026-09-24,Electrical,High,Completed,347.79
4513,1194,32,2026-01-18,2026-01-18,Plumbing,Emergency,Completed,208.04
4514,1194,32,2026-09-12,2026-09-14,General,Emergency,Completed,234.42
4515,1195,32,2024-03-14,2024-03-20,General,High,Completed,165.52
4516,1195,32,2024-01-27,2024-02-10,General,Low,Completed,152.54
4517,1195,32,2024-11-01,2024-12-04,Roofing,Low,Completed,1717.15
4518,1196,32,2025-09-15,2025-09-18,Appliance,Normal,Completed,148.88
4519,1196,32,2024-01-22,2024-02-10,HVAC,Normal,Completed,553.04
4520,1196,32,2025-07-23,2025-08-05,HVAC,Low,Completed,291.21
4521,1196,32,2026-07-25,2026-07-27,Plumbing,High,Completed,235.68
4522,1197,32,2026-09-12,2026-09-15,General,High,Completed,97.28
4523,1198,32,2025-10-08,2025-10-13,Pest,Normal,Completed,202.71
4524,1198,32,2026-05-07,2026-05-10,Plumbing,Low,Completed,628.83
4525,1198,32,2025-11-29,2025-12-05,Plumbing,Normal,Completed,225.53
4526,1198,32,2024-04-05,2024-04-07,Plumbing,Normal,Completed,255.28
4527,1198,32,2026-09-23,2026-09-25,HVAC,High,Completed,752.4
4528,1198,32,2024-11-09,2024-11-12,Electrical,Normal,Completed,402.05
4529,1198,32,2024-08-25,2024-08-28,Plumbing,High,Completed,115.43
4530,1198,32,2026-06-25,2026-06-25,Plumbing,High,Completed,295.0
4531,1199,32,2025-07-10,2025-07-11,Plumbing,High,Completed,757.07
4532,1199,32,2024-07-02,2024-07-06,Plumbing,Normal,Completed,147.88
4533,1199,32,2024-03-22,2024-03-29,Appliance,Normal,Completed,329.86
4534,1199,32,2025-11-14,2025-11-26,Plumbing,Low,Completed,538.36
4535,1200,32,2026-06-19,2026-06-20,Plumbing,High,Completed,658.47
4536,1200,32,2026-04-28,2026-05-03,General,Normal,Completed,68.83
4537,1200,32,2024-03-09,2024-03-22,Roofing,Low,Completed,845.42
4538,1201,32,2024-07-25,2024-07-29,Plumbing,High,Completed,199.14
4539,1201,32,2024-08-01,2024-08-07,Plumbing,Normal,Completed,312.39
4540,1201,32,2024-04-03,2024-04-10,Plumbing,Normal,Completed,908.25
4541,1202,32,2026-07-24,2026-07-25,Appliance,High,Completed,488.65
4542,1202,32,2024-01-19,2024-01-22,Pest,Normal,Completed,104.25
4543,1202,32,2025-09-25,2025-10-11,Appliance,Normal,Completed,120.77
4544,1203,32,2026-01-31,2026-01-31,Plumbing,High,Completed,662.3
4545,1203,32,2026-03-13,2026-03-23,Appliance,Normal,Completed,236.67
4546,1203,32,2025-09-18,2025-09-26,Plumbing,High,Completed,183.1
4547,1203,32,2026-02-13,2026-02-14,Plumbing,Normal,Completed,787.26
4548,1203,32,2025-03-18,2025-04-02,HVAC,Low,Completed,159.34
4549,1203,32,2025-11-18,2025-11-22,Electrical,Normal,Completed,354.69
4550,1204,32,2026-03-29,2026-04-20,Electrical,Low,Completed,250.42
4551,1204,32,2026-01-14,2026-01-14,Plumbing,High,Completed,290.82
4552,1204,32,2025-05-05,2025-05-16,Plumbing,Normal,Completed,144.38
4553,1204,32,2024-10-16,2024-10-18,Pest,High,Completed,269.6
4554,1204,32,2025-01-05,2025-01-07,HVAC,High,Completed,397.04
4555,1204,32,2024-02-21,2024-02-21,HVAC,Normal,Completed,1328.81
4556,1205,32,2026-08-10,2026-08-28,Plumbing,Normal,Completed,204.39
4557,1205,32,2026-04-23,2026-05-08,Plumbing,Low,Completed,119.2
4558,1205,32,2025-07-19,2025-07-20,Electrical,Normal,Completed,62.84
4559,1205,32,2024-12-05,2024-12-10,Plumbing,Normal,Completed,164.76
4560,1205,32,2024-12-29,2024-12-30,HVAC,Normal,Completed,459.6
4561,1205,32,2024-06-07,2024-06-08,General,High,Completed,142.6
4562,1206,32,2025-12-19,2025-12-24,Plumbing,High,Completed,498.51
4563,1206,32,2025-10-27,2025-11-02,Appliance,High,Completed,233.8
4564,1206,32,2025-12-26,2026-01-07,Plumbing,High,Completed,134.56
4565,1206,32,2025-01-28,2025-01-31,General,Normal,Completed,119.13
4566,1206,32,2026-07-23,2026-07-23,Plumbing,Emergency,Completed,349.58
4567,1206,32,2025-08-31,2025-09-02,General,Normal,Completed,77.16
4568,1206,32,2026-01-27,2026-01-27,General,Emergency,Completed,94.58
4569,1206,32,2024-01-29,2024-02-12,Appliance,Low,Completed,163.37
4570,1207,32,2025-09-25,2025-10-02,Appliance,Low,Completed,449.46
4571,1207,32,2026-05-15,2026-05-16,Appliance,Normal,Completed,227.58
4572,1208,32,2025-04-14,2025-05-21,Plumbing,Low,Completed,216.71
4573,1209,32,2024-03-14,2024-03-14,General,Emergency,Completed,43.16
4574,1209,32,2024-10-17,2024-11-23,HVAC,Low,Completed,471.77
4575,1209,32,2025-03-14,2025-03-16,General,High,Completed,122.83
4576,1209,32,2025-12-25,2025-12-27,Appliance,High,Completed,794.65
4577,1210,32,2026-04-25,2026-04-29,General,High,Completed,233.83
4578,1210,32,2024-11-28,2024-12-29,General,Low,Completed,118.24
4579,1210,32,2025-05-09,2025-05-13,HVAC,High,Completed,635.48
4580,1210,32,2025-02-08,2025-02-10,Plumbing,High,Completed,267.51
4581,1210,32,2024-02-05,2024-02-10,Appliance,Normal,Completed,233.73
4582,1210,32,2026-09-15,2026-09-24,General,Normal,Completed,214.91
4583,1210,32,2024-08-05,2024-08-15,Plumbing,Normal,Completed,174.3
4584,1210,32,2026-01-28,2026-02-06,Appliance,Normal,Completed,430.37
4585,1211,32,2026-09-27,,Plumbing,Normal,Open,
4586,1211,32,2025-10-25,2025-11-07,General,Low,Completed,264.25
4587,1211,32,2026-02-03,2026-02-10,HVAC,Normal,Completed,647.5
4588,1212,32,2026-08-20,2026-08-20,Appliance,Normal,Completed,158.28
4589,1212,32,2025-05-27,2025-05-30,Pest,Normal,Completed,324.75
4590,1212,32,2025-12-09,2025-12-12,General,High,Completed,54.59
4591,1212,32,2025-09-15,2025-10-04,Plumbing,Low,Completed,219.72
4592,1213,32,2024-09-19,2024-10-07,HVAC,Normal,Completed,683.99
4593,1213,32,2026-03-25,2026-03-29,Appliance,Normal,Completed,223.76
4594,1213,32,2025-06-23,2025-06-25,HVAC,Normal,Completed,775.1
4595,1213,32,2024-04-23,2024-04-28,Pest,Low,Completed,134.54
4596,1213,32,2026-03-01,2026-03-05,Appliance,Normal,Completed,307.4
4597,1214,32,2024-02-24,2024-02-25,General,Emergency,Completed,66.5
4598,1214,32,2026-04-03,2026-04-05,HVAC,High,Completed,271.07
4599,1214,32,2025-01-04,2025-01-07,Plumbing,Normal,Completed,236.0
4600,1214,32,2024-04-06,2024-04-12,Plumbing,Normal,Completed,294.84
4601,1215,32,2026-01-14,2026-01-15,Plumbing,Normal,Completed,407.09
4602,1215,32,2025-04-10,2025-04-16,Pest,High,Completed,273.39
4603,1215,32,2025-09-30,2025-11-13,Roofing,Low,Completed,1387.37
4604,1215,32,2025-08-10,2025-08-11,Plumbing,Low,Completed,330.79
4605,1215,32,2026-06-26,2026-06-27,Plumbing,Emergency,Completed,326.29
4606,1215,32,2025-08-04,2025-08-09,Plumbing,Normal,Completed,546.53
4607,1215,32,2025-01-31,2025-02-03,General,Normal,Completed,92.98
4608,1216,32,2025-04-06,2025-04-06,General,High,Completed,51.34
4609,1216,32,2026-04-13,2026-04-19,Plumbing,High,Completed,835.17
4610,1216,32,2026-08-17,2026-08-25,HVAC,Normal,Completed,593.5
4611,1216,32,2024-11-02,2024-11-07,Appliance,Low,Completed,215.31
4612,1216,32,2026-08-28,2026-09-06,General,Low,Completed,126.97
4613,1216,32,2025-01-05,2025-01-12,Plumbing,Low,Completed,405.16
4614,1216,32,2024-06-01,2024-06-05,Appliance,Normal,Completed,265.3
4615,1217,32,2026-04-20,2026-04-24,Appliance,Normal,Completed,157.18
4616,1217,32,2025-07-19,2025-07-30,HVAC,Normal,Completed,156.37
4617,1217,32,2024-12-26,2025-01-01,Plumbing,Normal,Completed,182.74
4618,1217,32,2026-03-27,2026-04-06,Pest,Normal,Completed,158.7
4619,1217,32,2025-02-23,2025-03-19,Pest,Normal,Completed,197.94
4620,1218,32,2024-03-25,2024-04-15,HVAC,Low,Completed,760.84
4621,1218,32,2026-06-02,2026-06-03,Plumbing,Emergency,Completed,365.1
4622,1218,32,2026-05-26,2026-06-15,Plumbing,Low,Completed,268.11
4623,1219,32,2025-02-28,2025-03-16,HVAC,Normal,Completed,123.09
4624,1219,32,2025-06-01,2025-06-06,General,Normal,Completed,126.36
4625,1219,32,2025-08-16,2025-08-17,General,Normal,Completed,116.81
4626,1219,32,2024-10-07,2024-10-28,Electrical,Low,Completed,168.62
4627,1219,32,2025-08-25,2025-08-31,Electrical,Normal,Completed,230.63
4628,1219,32,2024-12-13,2024-12-14,Appliance,High,Completed,80.63
4629,1219,32,2024-07-05,2024-08-27,HVAC,Low,Completed,549.72
4630,1220,32,2025-10-17,2025-10-30,Plumbing,Low,Completed,463.96
4631,1220,32,2024-05-28,2024-05-29,General,High,Completed,99.3
4632,1220,32,2024-07-12,2024-07-15,HVAC,High,Completed,854.41
4633,1220,32,2025-01-02,2025-01-04,HVAC,Normal,Completed,623.87
4634,1220,32,2025-03-15,2025-03-15,Electrical,Emergency,Completed,486.05
4635,1220,32,2024-04-06,2024-04-06,Plumbing,Emergency,Completed,788.28
4636,1220,32,2026-06-26,2026-07-04,Plumbing,Normal,Completed,462.15
4637,1220,32,2026-01-03,2026-01-06,Electrical,Normal,Completed,115.77
4638,1221,32,2024-08-21,2024-08-26,General,High,Completed,38.96
4639,1221,32,2026-07-07,2026-07-11,HVAC,High,Completed,580.69
4640,1221,32,2024-04-15,2024-04-23,HVAC,Normal,Completed,1411.81
4641,1221,32,2025-11-22,2025-11-29,HVAC,Normal,Completed,1050.22
4642,1221,32,2026-08-21,2026-08-22,HVAC,High,Completed,390.85
4643,1221,32,2024-10-22,2024-11-10,HVAC,Low,Completed,407.66
4644,1222,32,2026-01-11,2026-01-14,General,Low,Completed,48.76
4645,1222,32,2025-04-10,2025-04-29,HVAC,Normal,Completed,339.13
4646,1222,32,2025-08-11,2025-08-16,Pest,Low,Completed,139.6
4647,1222,32,2025-12-01,2025-12-06,HVAC,High,Completed,349.57
4648,1222,32,2025-04-02,2025-04-16,General,Normal,Completed,170.49
4649,1222,32,2025-02-03,2025-02-11,Plumbing,Low,Completed,275.83
4650,1223,32,2024-03-26,2024-03-27,Appliance,Normal,Completed,565.63
4651,1223,32,2025-10-29,2025-11-03,Plumbing,High,Completed,96.45
4652,1223,32,2026-03-10,2026-03-13,HVAC,High,Completed,659.29
4653,1223,32,2025-10-13,2025-10-16,Pest,Normal,Completed,84.64
4654,1223,32,2026-05-18,2026-05-18,Pest,Normal,Completed,177.93
4655,1224,32,2026-03-10,2026-03-14,General,High,Completed,103.8
4656,1224,32,2024-04-30,2024-05-01,Appliance,High,Completed,207.85
4657,1224,32,2024-05-10,2024-05-18,HVAC,Normal,Completed,463.89
4658,1224,32,2026-01-02,2026-01-05,Pest,Normal,Completed,94.69
4659,1224,32,2025-04-17,2025-04-22,General,Normal,Completed,146.43
4660,1224,32,2025-09-17,2025-09-30,General,Normal,Completed,238.58
4661,1224,32,2024-11-20,2024-11-20,General,Emergency,Completed,65.2
4662,1224,32,2026-01-08,2026-01-16,HVAC,Low,Completed,281.6
4663,1224,32,2026-07-24,2026-08-01,Plumbing,Normal,Completed,494.83
4664,1224,32,2025-03-12,2025-03-12,Electrical,Emergency,Completed,80.76
4665,1224,32,2025-12-04,2025-12-13,General,Normal,Completed,151.96
4666,1224,32,2025-07-14,2025-07-21,Appliance,Normal,Completed,219.28
4667,1224,32,2025-10-22,2025-10-23,General,Normal,Completed,112.53
4668,1225,32,2025-10-30,2025-11-05,HVAC,Normal,Completed,1256.22
4669,1225,32,2025-08-12,2025-08-15,General,Normal,Completed,56.21
4670,1225,32,2025-06-12,2025-07-13,General,Low,Completed,179.01
4671,1225,32,2024-09-28,2024-10-04,Appliance,High,Completed,171.23
4672,1226,32,2025-12-27,2026-01-01,Appliance,Normal,Completed,498.83
4673,1226,32,2025-04-02,2025-04-12,Pest,Normal,Completed,320.85
4674,1226,32,2026-07-26,2026-07-27,General,Normal,Completed,141.1
4675,1226,32,2024-10-28,2024-11-03,General,Low,Completed,287.14
4676,1226,32,2026-08-25,2026-09-02,General,Low,Completed,151.24
4677,1226,32,2025-03-17,2025-03-18,HVAC,Normal,Completed,766.76
4678,1227,32,2024-06-20,2024-07-01,General,Normal,Completed,165.44
4679,1227,32,2026-07-30,2026-07-31,Electrical,High,Completed,272.83
4680,1227,32,2024-05-17,2024-05-19,Electrical,Normal,Completed,233.95
4681,1228,32,2026-02-09,2026-02-09,Appliance,High,Completed,329.17
4682,1228,32,2025-04-15,2025-05-04,General,Low,Completed,87.13
4683,1228,32,2025-09-01,2025-09-25,Electrical,Low,Completed,480.36
4684,1229,32,2024-12-05,2024-12-20,Plumbing,Normal,Completed,284.01
4685,1229,32,2024-08-15,2024-08-19,Appliance,Normal,Completed,153.82
4686,1229,32,2024-05-11,2024-05-11,Plumbing,Normal,Completed,695.56
4687,1229,32,2025-11-24,2025-11-25,General,High,Completed,526.82
4688,1229,32,2025-08-31,2025-09-04,Appliance,Normal,Completed,203.39
4689,1229,32,2024-08-05,2024-08-25,Plumbing,Normal,Completed,236.87
4690,1229,32,2025-10-11,2025-10-15,Roofing,High,Completed,2289.15
4691,1229,32,2025-10-23,2025-11-06,Electrical,Low,Completed,227.1
4692,1230,32,2026-08-24,2026-08-29,General,Normal,Completed,59.92
4693,1230,32,2025-11-05,2025-11-24,Plumbing,Low,Completed,552.89
4694,1230,32,2025-02-13,2025-02-25,Roofing,Normal,Completed,1641.49
4695,1230,32,2024-11-29,2024-12-02,General,Emergency,Completed,49.87
4696,1230,32,2026-05-24,2026-05-25,Plumbing,Normal,Completed,354.09
4697,1230,32,2025-02-13,2025-02-28,Plumbing,Normal,Completed,314.55
4698,1231,32,2024-06-20,2024-06-24,Electrical,Normal,Completed,370.97
4699,1232,32,2024-06-15,2024-06-29,Plumbing,Low,Completed,325.86
4700,1232,32,2025-12-09,2025-12-11,Appliance,High,Completed,104.99
4701,1232,32,2025-10-04,2025-10-11,Plumbing,Normal,Completed,530.27
4702,1232,32,2024-10-27,2024-10-28,General,High,Completed,98.21
4703,1232,32,2026-05-04,2026-05-04,Pest,Normal,Completed,105.5
4704,1232,32,2024-10-07,2024-10-08,Appliance,High,Completed,183.38
4705,1232,32,2025-03-10,2025-03-12,Plumbing,High,Completed,327.5
4706,1232,32,2025-12-05,2025-12-12,General,High,Completed,96.2
4707,1233,32,2024-09-09,2024-09-15,HVAC,Normal,Completed,759.85
4708,1233,32,2026-04-17,2026-04-21,HVAC,High,Completed,1284.87
4709,1233,32,2024-07-02,2024-07-13,General,Normal,Completed,82.54
4710,1233,32,2025-05-18,2025-05-27,HVAC,Low,Completed,802.95
4711,1233,32,2025-01-14,2025-01-16,Plumbing,Emergency,Completed,425.16
4712,1233,32,2025-01-12,2025-01-18,Plumbing,Low,Completed,279.43
4713,1234,32,2024-01-07,2024-01-14,Pest,Normal,Completed,95.64
4714,1234,32,2025-03-07,2025-03-11,Electrical,Low,Completed,294.28
4715,1234,32,2025-12-07,2026-01-12,Plumbing,Low,Completed,209.06
4716,1234,32,2025-05-16,2025-05-17,HVAC,Normal,Completed,237.54
4717,1234,32,2024-11-09,2024-11-24,Electrical,Low,Completed,297.23
4718,1234,32,2026-06-23,2026-07-02,Plumbing,Normal,Completed,200.57
4719,1234,32,2026-04-05,2026-04-08,Plumbing,Normal,Completed,813.83
4720,1235,32,2024-10-20,2024-10-24,Plumbing,High,Completed,136.38
4721,1235,32,2025-08-27,2025-09-05,General,Normal,Completed,263.83
4722,1236,32,2024-08-23,2024-08-28,Appliance,Normal,Completed,370.31
4723,1236,32,2025-06-30,2025-07-25,Plumbing,Low,Completed,188.49
4724,1236,32,2025-09-13,2025-09-24,HVAC,Low,Completed,2384.9
4725,1236,32,2026-05-22,2026-05-23,General,High,Completed,235.99
4726,1237,32,2026-03-17,2026-03-21,General,High,Completed,421.71
4727,1237,32,2024-09-06,2024-09-19,Electrical,Low,Completed,264.41
4728,1237,32,2024-04-08,2024-04-14,General,Normal,Completed,49.89
4729,1238,33,2024-07-10,2024-07-27,Plumbing,Normal,Completed,270.93
4730,1238,33,2026-01-27,2026-02-04,Plumbing,Low,Completed,296.66
4731,1239,33,2024-06-06,2024-07-01,Electrical,Low,Completed,219.58
4732,1239,33,2025-01-09,2025-01-13,Electrical,High,Completed,331.16
4733,1240,34,2025-03-21,2025-03-27,HVAC,Normal,Completed,345.31
4734,1241,34,2025-06-12,2025-06-14,Electrical,Emergency,Completed,379.36
4735,1241,34,2026-07-13,2026-07-15,Electrical,High,Completed,558.54
4736,1241,34,2024-06-25,2024-06-29,Electrical,Normal,Completed,306.66
4737,1242,34,2026-09-01,2026-09-04,General,Normal,Completed,83.23
4738,1242,34,2024-03-30,2024-04-05,Appliance,Normal,Completed,275.16
4739,1242,34,2024-10-27,2024-11-04,HVAC,Low,Completed,868.59
4740,1242,34,2025-08-01,2025-08-06,Appliance,Normal,Completed,378.93
4741,1242,34,2025-06-19,2025-06-23,HVAC,Normal,Completed,272.42
4742,1242,34,2024-07-23,2024-07-31,Pest,Normal,Completed,86.67
4743,1242,34,2026-04-10,2026-04-15,General,Normal,Completed,168.27
4744,1243,34,2025-12-27,2025-12-28,Appliance,Normal,Completed,120.97
4745,1243,34,2026-08-14,2026-08-17,General,Low,Completed,121.2
4746,1243,34,2026-02-26,2026-03-05,Plumbing,High,Completed,673.32
4747,1243,34,2026-06-07,2026-06-08,General,Normal,Completed,110.52
4748,1244,34,2025-10-31,2025-11-04,HVAC,Normal,Completed,553.34
4749,1244,34,2024-03-25,2024-03-28,General,Normal,Completed,98.74
4750,1244,34,2025-12-10,2025-12-19,General,Low,Completed,192.0
4751,1245,34,2024-02-28,2024-02-29,Plumbing,Normal,Completed,398.16
4752,1245,34,2026-07-16,2026-07-18,General,High,Completed,275.83
4753,1245,34,2026-08-08,2026-08-10,Electrical,Normal,Completed,123.79
4754,1245,34,2025-07-09,2025-07-12,General,High,Completed,283.17
4755,1246,34,2025-10-22,2025-11-26,HVAC,Low,Completed,1615.8
4756,1246,34,2025-06-14,2025-06-15,Plumbing,Normal,Completed,446.82
4757,1246,34,2024-10-08,2024-10-15,Electrical,High,Completed,76.73
4758,1247,35,2025-02-23,2025-02-24,Electrical,High,Completed,87.74
4759,1248,35,2026-04-08,2026-04-16,HVAC,Normal,Completed,79.76
4760,1249,35,2024-10-08,2024-10-25,Appliance,Normal,Completed,323.61
4761,1249,35,2026-04-23,2026-05-05,Electrical,Normal,Completed,200.38
4762,1250,35,2025-05-14,2025-05-21,HVAC,Normal,Completed,242.81
4763,1250,35,2025-12-24,2026-01-08,Plumbing,Low,Completed,717.05
4764,1250,35,2024-08-06,2024-08-08,Plumbing,Normal,Completed,327.44
4765,1251,35,2024-07-28,2024-08-01,Electrical,Normal,Completed,224.27
4766,1252,35,2025-07-23,2025-07-30,Appliance,Normal,Completed,305.04
4767,1252,35,2026-03-26,2026-04-01,Plumbing,Normal,Completed,330.02
4768,1253,35,2026-08-04,2026-08-05,HVAC,Normal,Completed,821.61
4769,1253,35,2024-11-23,2024-11-25,Appliance,High,Completed,210.27
4770,1253,35,2024-02-20,2024-02-23,General,High,Completed,66.52
4771,1254,35,2025-04-10,2025-04-12,HVAC,High,Completed,459.11
4772,1254,35,2024-12-05,2024-12-07,Appliance,High,Completed,165.94
4773,1254,35,2026-08-26,2026-09-06,Electrical,Normal,Completed,134.26
4774,1254,35,2024-05-07,2024-05-11,Plumbing,High,Completed,319.96
4775,1254,35,2025-12-17,2025-12-19,Pest,Emergency,Completed,360.68
4776,1255,35,2024-09-29,2024-10-25,Plumbing,Normal,Completed,669.36
4777,1255,35,2025-05-20,2025-05-28,General,High,Completed,92.78
4778,1255,35,2025-08-20,2025-08-24,Appliance,Normal,Completed,391.77
4779,1256,35,2025-04-26,2025-05-11,HVAC,High,Completed,699.5
4780,1256,35,2026-05-07,2026-05-08,Appliance,Normal,Completed,115.61
4781,1257,36,2025-05-03,2025-06-02,Roofing,Low,Completed,892.71
4782,1257,36,2025-04-03,2025-04-03,Electrical,High,Completed,689.91
4783,1257,36,2025-05-19,2025-05-28,General,Low,Completed,93.61
4784,1257,36,2025-05-31,2025-06-11,HVAC,Normal,Completed,600.64
4785,1257,36,2024-02-21,2024-03-11,HVAC,Low,Completed,1511.5
4786,1258,36,2026-07-24,2026-07-25,HVAC,High,Completed,148.84
4787,1259,36,2024-06-21,2024-06-21,Appliance,High,Completed,66.98
4788,1259,36,2024-12-08,2024-12-09,Appliance,Normal,Completed,97.79
4789,1260,36,2024-08-22,2024-08-25,Electrical,Normal,Completed,270.65
4790,1260,36,2024-03-02,2024-03-31,Plumbing,Low,Completed,254.25
4791,1260,36,2025-11-07,2025-11-17,General,Low,Completed,168.44
4792,1260,36,2024-09-24,2024-10-27,Appliance,Low,Completed,116.22
4793,1261,36,2024-07-11,2024-07-17,Plumbing,Normal,Completed,1233.37
4794,1261,36,2025-02-13,2025-02-16,HVAC,High,Completed,830.1
4795,1261,36,2026-08-28,2026-09-15,HVAC,Low,Completed,955.66
4796,1261,36,2025-09-18,2025-09-22,Appliance,Normal,Completed,253.4
4797,1261,36,2024-07-10,2024-07-23,Appliance,Normal,Completed,294.26
4798,1262,36,2026-02-19,2026-02-25,Appliance,Normal,Completed,158.44
4799,1262,36,2025-08-16,2025-08-18,HVAC,High,Completed,684.21
4800,1263,36,2024-10-06,2024-10-09,Electrical,Normal,Completed,756.35
4801,1264,36,2025-04-09,2025-04-26,General,Normal,Completed,199.35
4802,1264,36,2024-01-29,2024-01-30,Pest,High,Completed,286.6
4803,1264,36,2024-01-17,2024-01-23,HVAC,Normal,Completed,704.03
4804,1265,36,2026-07-23,2026-07-31,General,Low,Completed,108.06
4805,1265,36,2024-07-29,2024-08-01,Pest,Normal,Completed,278.55
4806,1266,36,2025-06-11,2025-06-23,Electrical,Normal,Completed,510.52
4807,1266,36,2024-05-07,2024-05-17,Plumbing,Low,Completed,844.28
4808,1267,36,2026-04-06,2026-04-08,HVAC,Emergency,Completed,636.56
4809,1268,36,2024-04-30,2024-05-04,Plumbing,Normal,Completed,746.21
4810,1268,36,2026-06-27,2026-07-07,Roofing,Low,Completed,1706.61
4811,1269,36,2024-02-10,2024-02-11,Plumbing,High,Completed,134.36
4812,1269,36,2024-08-20,2024-08-21,Appliance,High,Completed,550.52
4813,1269,36,2024-06-22,2024-06-23,Plumbing,Emergency,Completed,141.63
4814,1270,36,2024-09-07,2024-09-08,Appliance,High,Completed,78.17
4815,1270,36,2024-01-08,2024-01-08,Roofing,Emergency,Completed,4207.47
4816,1271,36,2024-10-01,2024-10-17,General,Normal,Completed,248.21
4817,1271,36,2024-02-25,2024-02-26,Appliance,Normal,Completed,233.26
4818,1272,36,2024-11-30,2024-12-19,General,Normal,Completed,167.93
4819,1272,36,2024-07-04,2024-07-16,Electrical,Normal,Completed,139.22
4820,1273,36,2026-04-17,2026-05-01,Roofing,Low,Completed,5202.74
4821,1273,36,2026-03-19,2026-03-31,Electrical,Low,Completed,474.03
4822,1273,36,2025-01-26,2025-02-05,HVAC,Normal,Completed,2835.95
4823,1273,36,2024-07-06,2024-07-13,Plumbing,Low,Completed,235.23
4824,1273,36,2026-08-12,2026-08-31,General,Low,Completed,212.46
4825,1274,36,2026-03-19,2026-03-20,HVAC,Emergency,Completed,651.84
4826,1275,36,2024-12-21,2024-12-22,Electrical,High,Completed,102.98
4827,1276,36,2024-07-01,2024-07-05,Appliance,High,Completed,156.23
4828,1276,36,2025-06-10,2025-06-12,HVAC,High,Completed,628.24
4829,1276,36,2025-10-10,2025-10-25,HVAC,Low,Completed,1824.47
4830,1276,36,2026-09-07,2026-09-25,Plumbing,Normal,Completed,201.46
4831,1276,36,2025-11-19,2025-11-19,HVAC,High,Completed,277.18
4832,1276,36,2024-01-04,2024-01-10,Appliance,Normal,Completed,164.51
4833,1277,36,2026-04-03,2026-04-05,HVAC,Normal,Completed,456.86
4834,1277,36,2025-03-20,2025-03-25,Plumbing,High,Completed,806.1
4835,1277,36,2024-03-14,2024-03-16,Electrical,Normal,Completed,90.38
4836,1278,36,2026-08-05,2026-08-06,HVAC,Normal,Completed,636.55
4837,1278,36,2026-02-17,2026-03-07,General,Low,Completed,162.09
4838,1278,36,2026-09-17,,HVAC,Normal,Open,
4839,1278,36,2024-03-15,2024-03-17,Plumbing,Low,Completed,183.58
4840,1279,36,2025-08-03,2025-08-04,Electrical,Low,Completed,430.19
4841,1279,36,2025-05-05,2025-05-13,General,Normal,Completed,134.6
4842,1279,36,2025-03-16,2025-03-26,Appliance,Low,Completed,224.82
4843,1280,36,2025-09-29,2025-11-07,Pest,Low,Completed,183.62
4844,1280,36,2026-05-11,2026-05-21,Plumbing,Normal,Completed,217.77
4845,1280,36,2025-07-17,2025-07-19,Plumbing,Normal,Completed,356.57
4846,1281,36,2024-03-10,2024-03-11,Plumbing,Emergency,Completed,329.26
4847,1281,36,2024-12-16,2024-12-27,HVAC,Low,Completed,1179.53
4848,1282,36,2025-05-11,2025-05-11,HVAC,Emergency,Completed,588.07
4849,1282,36,2025-03-13,2025-03-17,General,Normal,Completed,203.68
4850,1283,36,2024-11-30,2024-12-06,Electrical,Normal,Completed,439.57
4851,1284,36,2026-03-11,2026-03-14,Electrical,Normal,Completed,244.2
4852,1284,36,2026-01-21,2026-02-01,General,Normal,Completed,132.19
4853,1284,36,2025-07-28,2025-08-01,Plumbing,Normal,Completed,274.05
4854,1284,36,2026-09-18,2026-09-28,Roofing,Normal,Completed,2015.84
4855,1285,36,2024-03-26,2024-04-01,Plumbing,Normal,Completed,704.75
4856,1285,36,2025-06-02,2025-06-09,Plumbing,Normal,Completed,314.0
4857,1285,36,2025-02-18,2025-03-02,General,Normal,Completed,48.77
4858,1285,36,2026-08-29,2026-09-03,General,Normal,Completed,289.06
4859,1286,36,2025-01-15,2025-01-28,Appliance,Normal,Completed,166.91
4860,1286,36,2024-01-24,2024-02-04,Appliance,Normal,Completed,207.84
4861,1287,36,2024-09-05,2024-09-08,Roofing,Normal,Completed,2015.55
4862,1287,36,2025-09-02,2025-09-03,Appliance,High,Completed,832.69
4863,1288,36,2025-06-21,2025-06-23,Plumbing,Normal,Completed,283.55
4864,1288,36,2025-05-30,2025-06-03,Appliance,Low,Completed,111.25
4865,1289,36,2025-11-06,2025-11-06,Appliance,High,Completed,179.49
4866,1289,36,2026-06-18,2026-06-18,HVAC,Normal,Completed,617.72
4867,1289,36,2025-12-16,2025-12-30,General,Normal,Completed,155.23
4868,1291,36,2024-12-25,2024-12-26,General,High,Completed,89.82
4869,1291,36,2024-02-18,2024-02-26,Appliance,Normal,Completed,314.16
4870,1291,36,2026-03-18,2026-03-23,General,High,Completed,108.03
4871,1292,36,2025-02-20,2025-02-22,Roofing,Normal,Completed,2106.07
4872,1292,36,2026-04-04,2026-04-27,HVAC,Low,Completed,760.06
4873,1293,36,2024-09-27,2024-09-30,Appliance,Normal,Completed,413.02
4874,1293,36,2026-03-24,2026-04-21,Plumbing,Normal,Completed,657.67
4875,1293,36,2025-06-07,2025-06-15,Electrical,Normal,Completed,418.61
4876,1293,36,2025-07-22,2025-08-04,HVAC,Normal,Completed,404.54
4877,1294,36,2025-11-11,2025-11-14,Appliance,High,Completed,170.36
4878,1294,36,2025-05-25,2025-05-27,Appliance,High,Completed,360.95
4879,1295,36,2025-11-06,2025-11-15,General,Low,Completed,178.23
4880,1295,36,2026-04-24,2026-04-24,HVAC,Emergency,Completed,1129.18
4881,1295,36,2025-06-19,2025-06-20,Roofing,Normal,Completed,1084.08
4882,1296,36,2025-08-31,2025-09-01,Electrical,Normal,Completed,458.41
4883,1296,36,2026-08-05,2026-08-08,Plumbing,Normal,Completed,261.62
4884,1297,36,2026-05-05,2026-05-05,General,High,Completed,84.64
4885,1297,36,2026-08-28,2026-09-07,Electrical,Normal,Completed,217.9
4886,1297,36,2025-03-18,2025-03-24,Plumbing,Normal,Completed,1009.32
4887,1297,36,2026-01-29,2026-02-03,Electrical,Low,Completed,357.7
4888,1298,36,2025-01-28,2025-02-14,Electrical,Low,Completed,286.1
4889,1298,36,2024-01-04,2024-01-07,HVAC,Normal,Completed,301.81
4890,1298,36,2025-05-24,2025-05-28,Appliance,Normal,Completed,496.58
4891,1298,36,2024-03-04,2024-03-06,Electrical,Normal,Completed,949.58
4892,1298,36,2024-11-27,2024-11-30,Plumbing,Normal,Completed,559.55
4893,1299,36,2026-06-13,2026-06-26,Appliance,Normal,Completed,216.79
4894,1299,36,2026-03-08,2026-03-16,Electrical,Normal,Completed,145.8
4895,1299,36,2025-03-16,2025-03-26,Electrical,Normal,Completed,123.88
4896,1299,36,2024-01-09,2024-01-10,HVAC,High,Completed,1284.43
4897,1299,36,2024-06-17,2024-06-21,Plumbing,High,Completed,666.3
4898,1299,36,2026-05-28,2026-05-31,General,High,Completed,385.13
4899,1301,36,2025-08-05,2025-08-15,Appliance,Normal,Completed,244.28
4900,1301,36,2025-11-03,2025-11-04,HVAC,Emergency,Completed,1525.97
4901,1301,36,2024-03-20,2024-04-01,Pest,Normal,Completed,49.86
4902,1301,36,2024-07-23,2024-08-07,HVAC,Normal,Completed,1049.97
4903,1302,36,2024-10-13,2024-10-27,Appliance,Normal,Completed,191.73
4904,1302,36,2025-10-13,2025-10-15,Appliance,Normal,Completed,253.61
4905,1302,36,2024-04-12,2024-04-16,Pest,Emergency,Completed,140.24
4906,1302,36,2025-12-26,2025-12-30,Plumbing,Normal,Completed,222.93
4907,1302,36,2024-10-18,2024-10-20,Plumbing,Emergency,Completed,427.5
4908,1302,36,2024-10-04,2024-10-11,Pest,Normal,Completed,154.34
4909,1302,36,2024-11-13,2024-11-26,HVAC,Normal,Completed,643.59
4910,1303,36,2026-06-19,2026-07-28,General,Low,Completed,110.26
4911,1303,36,2026-04-27,2026-05-03,Plumbing,High,Completed,537.28
4912,1303,36,2024-08-25,2024-09-04,General,Normal,Completed,118.09
4913,1303,36,2024-08-27,2024-09-26,Plumbing,Low,Completed,357.36
4914,1304,36,2025-08-02,2025-08-04,Plumbing,High,Completed,410.04
4915,1304,36,2024-02-19,2024-03-07,General,Normal,Completed,286.95
4916,1304,36,2026-07-09,2026-07-18,Appliance,Normal,Completed,434.9
4917,1305,36,2024-09-02,2024-09-12,Appliance,Normal,Completed,216.51
4918,1305,36,2025-09-09,2025-09-11,General,Emergency,Completed,164.8
4919,1305,36,2026-03-18,2026-03-26,Electrical,Normal,Completed,358.67
4920,1306,36,2024-06-28,2024-06-29,HVAC,Normal,Completed,513.39
4921,1306,36,2024-05-15,2024-05-28,Electrical,Normal,Completed,301.28
4922,1307,36,2025-02-10,2025-02-15,HVAC,Normal,Completed,331.33
4923,1307,36,2025-01-29,2025-01-29,Plumbing,Emergency,Completed,183.26
4924,1307,36,2024-11-09,2024-11-10,Pest,Normal,Completed,113.68
4925,1308,36,2024-03-09,2024-03-19,Electrical,Low,Completed,295.27
4926,1308,36,2026-08-09,2026-08-13,Appliance,High,Completed,197.18
4927,1308,36,2026-06-26,2026-06-28,HVAC,Emergency,Completed,430.55
4928,1309,36,2025-07-04,2025-07-27,Plumbing,Low,Completed,221.33
4929,1309,36,2025-11-11,2025-11-30,Plumbing,Normal,Completed,180.01
4930,1309,36,2025-01-18,2025-01-25,Appliance,High,Completed,337.6
4931,1310,36,2024-06-24,2024-07-03,Appliance,Normal,Completed,158.67
4932,1310,36,2024-01-26,2024-02-03,HVAC,Normal,Completed,398.78
4933,1310,36,2025-06-29,2025-07-03,Plumbing,High,Completed,125.85
4934,1310,36,2025-02-17,2025-03-03,Electrical,Normal,Completed,605.22
4935,1310,36,2026-07-14,2026-07-26,Plumbing,Low,Completed,305.59
4936,1312,36,2026-02-05,2026-02-07,Appliance,Normal,Completed,101.49
4937,1312,36,2024-06-29,2024-07-08,General,Low,Completed,65.52
4938,1312,36,2026-06-11,2026-06-11,Plumbing,High,Completed,573.97
4939,1313,36,2026-08-22,2026-08-22,General,High,Completed,65.44
4940,1313,36,2025-06-01,2025-06-10,General,Normal,Completed,127.83
4941,1313,36,2025-06-12,2025-06-12,Appliance,Normal,Completed,328.29
4942,1313,36,2025-08-04,2025-08-28,General,Low,Completed,129.36
4943,1313,36,2024-02-22,2024-02-26,General,Normal,Completed,93.3
4944,1314,36,2024-10-06,2024-10-07,Plumbing,Normal,Completed,261.94
4945,1315,36,2026-08-08,2026-09-27,General,Low,Completed,90.68
4946,1315,36,2024-08-08,2024-08-25,Appliance,Normal,Completed,109.25
4947,1315,36,2024-01-09,2024-01-10,HVAC,Emergency,Completed,2472.91
4948,1316,36,2024-10-07,2024-10-17,General,Low,Completed,136.96
4949,1316,36,2025-07-22,2025-07-23,Plumbing,Normal,Completed,555.55
4950,1316,36,2024-09-14,2024-09-20,Plumbing,High,Completed,266.45
4951,1316,36,2024-05-17,2024-05-18,Plumbing,High,Completed,323.89
4952,1317,36,2024-12-18,2024-12-22,Electrical,Normal,Completed,202.94
4953,1317,36,2025-02-19,2025-02-21,HVAC,Normal,Completed,447.11
4954,1318,36,2024-03-26,2024-03-27,HVAC,Emergency,Completed,795.75
4955,1318,36,2025-01-18,2025-02-02,General,Low,Completed,64.69
4956,1318,36,2025-10-17,2025-10-25,General,Normal,Completed,72.93
4957,1318,36,2025-05-22,2025-06-20,General,Low,Completed,132.7
4958,1318,36,2026-06-14,2026-06-30,Pest,Low,Completed,356.21
4959,1318,36,2025-11-07,2025-11-12,General,Normal,Completed,91.39
4960,1318,36,2026-07-03,2026-07-07,General,High,Completed,106.93
4961,1318,36,2025-12-13,2025-12-25,Pest,Low,Completed,159.63
4962,1319,36,2024-02-27,2024-03-12,General,Low,Completed,140.89
4963,1319,36,2025-01-24,2025-01-29,Appliance,Low,Completed,316.11
4964,1319,36,2025-02-15,2025-02-17,Appliance,High,Completed,204.27
4965,1320,36,2024-05-04,2024-05-10,Electrical,Normal,Completed,278.56
4966,1320,36,2026-07-10,2026-08-02,General,Normal,Completed,65.03
4967,1320,36,2024-12-19,2024-12-21,Appliance,High,Completed,57.93
4968,1320,36,2025-02-04,2025-02-13,Plumbing,Normal,Completed,288.87
4969,1320,36,2026-04-27,2026-05-01,HVAC,Normal,Completed,1370.46
4970,1321,36,2024-03-10,2024-03-20,Plumbing,Normal,Completed,249.73
4971,1321,36,2024-03-09,2024-03-14,HVAC,Normal,Completed,370.67
4972,1321,36,2024-07-26,2024-07-31,Roofing,High,Completed,1754.18
4973,1322,36,2024-02-29,2024-03-01,HVAC,Normal,Completed,660.47
4974,1322,36,2025-11-11,2025-11-11,Appliance,Emergency,Completed,464.92
4975,1322,36,2025-06-02,2025-06-06,HVAC,Normal,Completed,1023.96
4976,1322,36,2025-08-24,2025-08-27,Pest,Normal,Completed,119.35
4977,1322,36,2025-06-02,2025-06-05,General,High,Completed,138.46
4978,1322,36,2026-06-17,2026-06-19,Pest,High,Completed,93.99
4979,1322,36,2026-09-12,2026-09-21,Appliance,Normal,Completed,164.09
4980,1323,36,2024-10-14,2024-10-30,HVAC,Normal,Completed,699.41
4981,1323,36,2026-08-08,2026-08-15,Electrical,Normal,Completed,65.16
4982,1323,36,2024-01-09,2024-01-14,HVAC,High,Completed,1178.96
4983,1323,36,2024-02-15,2024-02-18,General,High,Completed,90.01
4984,1323,36,2026-03-30,2026-04-05,General,Normal,Completed,83.02
4985,1324,36,2024-03-15,2024-03-24,Pest,Normal,Completed,82.18
4986,1324,36,2025-01-07,2025-01-09,Plumbing,High,Completed,359.05
4987,1324,36,2025-12-05,2025-12-09,Pest,Normal,Completed,74.42
4988,1324,36,2024-11-02,2024-11-05,Plumbing,Normal,Completed,158.0
4989,1325,36,2026-09-10,2026-09-19,HVAC,Normal,Completed,543.05
4990,1325,36,2025-09-11,2025-10-03,Electrical,Low,Completed,251.0
4991,1326,36,2026-03-31,2026-04-02,Electrical,Normal,Completed,545.88
4992,1326,36,2026-04-06,2026-04-07,Plumbing,Low,Completed,612.55
4993,1326,36,2026-03-11,2026-03-12,General,High,Completed,107.4
4994,1326,36,2026-05-23,2026-05-26,HVAC,Normal,Completed,589.78
4995,1327,36,2025-02-16,2025-03-05,Plumbing,Normal,Completed,360.42
4996,1327,36,2026-02-09,2026-02-12,HVAC,Normal,Completed,728.73
4997,1327,36,2025-08-06,2025-08-11,Plumbing,Normal,Completed,194.99
4998,1327,36,2025-04-21,2025-04-29,HVAC,Normal,Completed,309.99
4999,1327,36,2026-04-20,2026-05-25,General,Normal,Completed,72.91
5000,1327,36,2024-08-23,2024-08-29,General,High,Completed,204.06
5001,1328,36,2026-07-15,2026-07-21,General,Normal,Completed,292.55
5002,1328,36,2025-07-13,2025-07-15,Appliance,High,Completed,104.43
5003,1328,36,2024-12-04,2025-01-02,Electrical,Low,Completed,167.85
5004,1329,36,2025-03-22,2025-04-07,Plumbing,Normal,Completed,184.17
5005,1329,36,2024-10-27,2024-10-28,Plumbing,High,Completed,651.44
5006,1330,36,2026-03-05,2026-03-17,Plumbing,Normal,Completed,241.31
5007,1330,36,2026-06-10,2026-06-14,Electrical,High,Completed,249.86
5008,1331,36,2025-05-29,2025-05-31,Electrical,Normal,Completed,277.4
5009,1331,36,2025-01-24,2025-02-12,Appliance,Low,Completed,398.17
5010,1332,36,2026-09-12,2026-09-15,HVAC,Normal,Completed,286.15
5011,1332,36,2024-07-20,2024-07-22,Appliance,High,Completed,156.11
5012,1333,36,2024-03-19,2024-03-24,General,Low,Completed,119.1
5013,1333,36,2025-01-21,2025-01-24,Plumbing,Normal,Completed,780.88
5014,1334,36,2025-04-04,2025-04-11,General,Normal,Completed,77.67
5015,1334,36,2024-07-23,2024-07-27,Plumbing,Normal,Completed,140.75
5016,1334,36,2026-02-17,2026-02-23,Plumbing,Normal,Completed,912.52
5017,1334,36,2024-07-12,2024-07-13,Pest,Normal,Completed,179.99
5018,1335,36,2024-11-13,2024-11-18,HVAC,Normal,Completed,2162.9
5019,1335,36,2024-09-28,2024-10-04,Pest,Normal,Completed,285.04
5020,1335,36,2026-05-04,2026-05-19,Plumbing,Normal,Completed,557.93
5021,1335,36,2026-02-27,2026-03-18,Appliance,Low,Completed,233.33
5022,1335,36,2024-08-22,2024-08-29,General,Normal,Completed,86.92
5023,1336,36,2024-04-15,2024-04-23,Electrical,Normal,Completed,165.31
5024,1336,36,2025-02-25,2025-03-30,Plumbing,Low,Completed,191.61
5025,1336,36,2024-11-11,2024-11-18,HVAC,Low,Completed,464.48
5026,1337,36,2025-12-05,2025-12-14,Electrical,Normal,Completed,156.99
5027,1337,36,2024-12-30,2024-12-31,Plumbing,Normal,Completed,497.35
5028,1337,36,2024-02-15,2024-02-26,Appliance,Low,Completed,254.91
5029,1337,36,2025-07-10,2025-07-12,Electrical,High,Completed,252.45
5030,1339,36,2025-12-08,2025-12-08,Plumbing,Emergency,Completed,162.11
5031,1339,36,2024-11-18,2024-11-30,General,Low,Completed,201.5
5032,1339,36,2024-06-05,2024-06-13,Electrical,Low,Completed,114.41
5033,1340,36,2024-08-06,2024-08-12,Plumbing,Low,Completed,1389.39
5034,1340,36,2024-08-25,2024-09-03,General,Normal,Completed,89.46
5035,1340,36,2026-08-16,2026-09-03,Pest,Low,Completed,80.56
5036,1340,36,2026-07-14,2026-07-16,HVAC,Normal,Completed,1288.49
5037,1341,36,2024-05-05,2024-05-16,Electrical,High,Completed,248.53
5038,1342,36,2025-03-02,2025-03-15,Plumbing,Normal,Completed,855.86
5039,1342,36,2025-10-13,2025-10-25,Electrical,Normal,Completed,709.8
5040,1343,36,2026-08-25,2026-09-08,General,Normal,Completed,90.88
5041,1343,36,2024-12-19,2025-01-07,Appliance,Low,Completed,113.38
