PropertyKey,Month,ExpenseCategory,Amount
1,2024-01-01,Property Tax,36415.38
1,2024-01-01,Insurance,14089.82
1,2024-01-01,Utilities,23070.27
1,2024-01-01,Repairs & Maintenance,26123.16
1,2024-01-01,Management Fee,12720.85
1,2024-01-01,Marketing,3114.4
1,2024-01-01,Payroll,14757.69
1,2024-02-01,Property Tax,34464.23
1,2024-02-01,Insurance,10803.2
1,2024-02-01,Utilities,20182.23
1,2024-02-01,Repairs & Maintenance,27259.71
1,2024-02-01,Management Fee,12895.37
1,2024-02-01,Marketing,2850.63
1,2024-02-01,Payroll,16874.64
1,2024-03-01,Property Tax,37054.11
1,2024-03-01,Insurance,12177.5
1,2024-03-01,Utilities,13873.06
1,2024-03-01,Repairs & Maintenance,22651.09
1,2024-03-01,Management Fee,12604.38
1,2024-03-01,Marketing,2720.18
1,2024-03-01,Payroll,15489.93
1,2024-04-01,Property Tax,30259.97
1,2024-04-01,Insurance,14267.75
1,2024-04-01,Utilities,18157.05
1,2024-04-01,Repairs & Maintenance,19962.5
1,2024-04-01,Management Fee,9979.32
1,2024-04-01,Marketing,2910.1
1,2024-04-01,Payroll,14245.96
1,2024-05-01,Property Tax,38264.05
1,2024-05-01,Insurance,9901.63
1,2024-05-01,Utilities,16708.55
1,2024-05-01,Repairs & Maintenance,23728.0
1,2024-05-01,Management Fee,12494.34
1,2024-05-01,Marketing,2395.17
1,2024-05-01,Payroll,17117.05
1,2024-06-01,Property Tax,34643.77
1,2024-06-01,Insurance,12795.53
1,2024-06-01,Utilities,18924.29
1,2024-06-01,Repairs & Maintenance,20011.71
1,2024-06-01,Management Fee,15149.74
1,2024-06-01,Marketing,3280.16
1,2024-06-01,Payroll,15150.99
1,2024-07-01,Property Tax,32183.61
1,2024-07-01,Insurance,11538.09
1,2024-07-01,Utilities,23216.32
1,2024-07-01,Repairs & Maintenance,20401.52
1,2024-07-01,Management Fee,12502.62
1,2024-07-01,Marketing,2860.99
1,2024-07-01,Payroll,15786.47
1,2024-08-01,Property Tax,32779.76
1,2024-08-01,Insurance,12538.65
1,2024-08-01,Utilities,27227.86
1,2024-08-01,Repairs & Maintenance,20715.83
1,2024-08-01,Management Fee,9750.16
1,2024-08-01,Marketing,3083.29
1,2024-08-01,Payroll,14774.39
1,2024-09-01,Property Tax,35781.89
1,2024-09-01,Insurance,9699.3
1,2024-09-01,Utilities,18697.11
1,2024-09-01,Repairs & Maintenance,24908.27
1,2024-09-01,Management Fee,10229.97
1,2024-09-01,Marketing,2713.86
1,2024-09-01,Payroll,13009.0
1,2024-10-01,Property Tax,29956.72
1,2024-10-01,Insurance,11096.24
1,2024-10-01,Utilities,19353.62
1,2024-10-01,Repairs & Maintenance,22830.31
1,2024-10-01,Management Fee,10859.55
1,2024-10-01,Marketing,2222.72
1,2024-10-01,Payroll,12363.7
1,2024-11-01,Property Tax,36024.0
1,2024-11-01,Insurance,11468.16
1,2024-11-01,Utilities,15937.07
1,2024-11-01,Repairs & Maintenance,21886.64
1,2024-11-01,Management Fee,11436.62
1,2024-11-01,Marketing,2762.56
1,2024-11-01,Payroll,13443.31
1,2024-12-01,Property Tax,34249.96
1,2024-12-01,Insurance,11364.57
1,2024-12-01,Utilities,20224.66
1,2024-12-01,Repairs & Maintenance,22500.25
1,2024-12-01,Management Fee,9979.49
1,2024-12-01,Marketing,3098.66
1,2024-12-01,Payroll,16970.31
1,2025-01-01,Property Tax,29700.01
1,2025-01-01,Insurance,11750.17
1,2025-01-01,Utilities,24909.01
1,2025-01-01,Repairs & Maintenance,22806.16
1,2025-01-01,Management Fee,11108.74
1,2025-01-01,Marketing,3428.74
1,2025-01-01,Payroll,13930.56
1,2025-02-01,Property Tax,26704.9
1,2025-02-01,Insurance,13879.32
1,2025-02-01,Utilities,17562.55
1,2025-02-01,Repairs & Maintenance,25657.3
1,2025-02-01,Management Fee,11814.35
1,2025-02-01,Marketing,3406.94
1,2025-02-01,Payroll,13985.97
1,2025-03-01,Property Tax,37575.9
1,2025-03-01,Insurance,10943.23
1,2025-03-01,Utilities,17278.79
1,2025-03-01,Repairs & Maintenance,20627.74
1,2025-03-01,Management Fee,10645.98
1,2025-03-01,Marketing,2859.05
1,2025-03-01,Payroll,16158.06
1,2025-04-01,Property Tax,26032.19
1,2025-04-01,Insurance,11598.87
1,2025-04-01,Utilities,16901.67
1,2025-04-01,Repairs & Maintenance,19877.72
1,2025-04-01,Management Fee,11955.05
1,2025-04-01,Marketing,2956.92
1,2025-04-01,Payroll,16969.89
1,2025-05-01,Property Tax,28782.33
1,2025-05-01,Insurance,10898.99
1,2025-05-01,Utilities,16725.69
1,2025-05-01,Repairs & Maintenance,20381.17
1,2025-05-01,Management Fee,9612.53
1,2025-05-01,Marketing,2576.59
1,2025-05-01,Payroll,13118.72
1,2025-06-01,Property Tax,31905.94
1,2025-06-01,Insurance,11390.01
1,2025-06-01,Utilities,22875.03
1,2025-06-01,Repairs & Maintenance,24609.43
1,2025-06-01,Management Fee,12534.31
1,2025-06-01,Marketing,2848.48
1,2025-06-01,Payroll,14133.64
1,2025-07-01,Property Tax,28566.74
1,2025-07-01,Insurance,9552.49
1,2025-07-01,Utilities,22037.15
1,2025-07-01,Repairs & Maintenance,21820.86
1,2025-07-01,Management Fee,12142.34
1,2025-07-01,Marketing,3131.14
1,2025-07-01,Payroll,14341.11
1,2025-08-01,Property Tax,37578.88
1,2025-08-01,Insurance,12249.83
1,2025-08-01,Utilities,21542.68
1,2025-08-01,Repairs & Maintenance,18269.75
1,2025-08-01,Management Fee,11829.87
1,2025-08-01,Marketing,2466.55
1,2025-08-01,Payroll,15015.92
1,2025-09-01,Property Tax,33606.93
1,2025-09-01,Insurance,10724.12
1,2025-09-01,Utilities,18801.29
1,2025-09-01,Repairs & Maintenance,24021.65
1,2025-09-01,Management Fee,11909.37
1,2025-09-01,Marketing,2252.54
1,2025-09-01,Payroll,13451.12
1,2025-10-01,Property Tax,31959.16
1,2025-10-01,Insurance,12312.3
1,2025-10-01,Utilities,19840.86
1,2025-10-01,Repairs & Maintenance,23322.11
1,2025-10-01,Management Fee,10916.09
1,2025-10-01,Marketing,2441.07
1,2025-10-01,Payroll,14303.23
1,2025-11-01,Property Tax,35770.68
1,2025-11-01,Insurance,11985.62
1,2025-11-01,Utilities,13834.93
1,2025-11-01,Repairs & Maintenance,24846.36
1,2025-11-01,Management Fee,10421.95
1,2025-11-01,Marketing,3018.85
1,2025-11-01,Payroll,11857.16
1,2025-12-01,Property Tax,37388.52
1,2025-12-01,Insurance,10957.88
1,2025-12-01,Utilities,19705.65
1,2025-12-01,Repairs & Maintenance,23874.53
1,2025-12-01,Management Fee,11268.28
1,2025-12-01,Marketing,3084.23
1,2025-12-01,Payroll,12513.24
1,2026-01-01,Property Tax,30752.01
1,2026-01-01,Insurance,13220.56
1,2026-01-01,Utilities,26993.33
1,2026-01-01,Repairs & Maintenance,22647.66
1,2026-01-01,Management Fee,11712.19
1,2026-01-01,Marketing,2927.49
1,2026-01-01,Payroll,16772.77
1,2026-02-01,Property Tax,24623.3
1,2026-02-01,Insurance,12660.22
1,2026-02-01,Utilities,19835.88
1,2026-02-01,Repairs & Maintenance,17504.76
1,2026-02-01,Management Fee,10745.79
1,2026-02-01,Marketing,2405.39
1,2026-02-01,Payroll,13050.06
1,2026-03-01,Property Tax,33378.26
1,2026-03-01,Insurance,12674.14
1,2026-03-01,Utilities,15462.3
1,2026-03-01,Repairs & Maintenance,22455.76
1,2026-03-01,Management Fee,11849.54
1,2026-03-01,Marketing,2694.29
1,2026-03-01,Payroll,11424.79
1,2026-04-01,Property Tax,28433.75
1,2026-04-01,Insurance,12482.75
1,2026-04-01,Utilities,13199.36
1,2026-04-01,Repairs & Maintenance,24515.35
1,2026-04-01,Management Fee,10296.63
1,2026-04-01,Marketing,3176.62
1,2026-04-01,Payroll,13001.3
1,2026-05-01,Property Tax,32129.97
1,2026-05-01,Insurance,12064.39
1,2026-05-01,Utilities,19318.15
1,2026-05-01,Repairs & Maintenance,21386.2
1,2026-05-01,Management Fee,11520.84
1,2026-05-01,Marketing,2721.71
1,2026-05-01,Payroll,16080.72
1,2026-06-01,Property Tax,37750.54
1,2026-06-01,Insurance,10943.02
1,2026-06-01,Utilities,20552.37
1,2026-06-01,Repairs & Maintenance,22678.41
1,2026-06-01,Management Fee,12357.24
1,2026-06-01,Marketing,2821.84
1,2026-06-01,Payroll,13375.32
1,2026-07-01,Property Tax,36449.22
1,2026-07-01,Insurance,12311.31
1,2026-07-01,Utilities,13703.5
1,2026-07-01,Repairs & Maintenance,21354.77
1,2026-07-01,Management Fee,12383.58
1,2026-07-01,Marketing,3141.42
1,2026-07-01,Payroll,14045.02
1,2026-08-01,Property Tax,21740.98
1,2026-08-01,Insurance,8242.83
1,2026-08-01,Utilities,20908.53
1,2026-08-01,Repairs & Maintenance,22279.11
1,2026-08-01,Management Fee,11841.9
1,2026-08-01,Marketing,2184.46
1,2026-08-01,Payroll,11056.28
1,2026-09-01,Property Tax,34310.67
1,2026-09-01,Insurance,12916.87
1,2026-09-01,Utilities,16203.69
1,2026-09-01,Repairs & Maintenance,22012.06
1,2026-09-01,Management Fee,10235.08
1,2026-09-01,Marketing,3114.81
1,2026-09-01,Payroll,14304.11
2,2024-01-01,Property Tax,10819.02
2,2024-01-01,Insurance,3569.39
2,2024-01-01,Utilities,6951.85
2,2024-01-01,Repairs & Maintenance,7715.82
2,2024-01-01,Management Fee,4230.49
2,2024-01-01,Marketing,745.05
2,2024-01-01,Payroll,4980.1
2,2024-02-01,Property Tax,10974.17
2,2024-02-01,Insurance,3723.83
2,2024-02-01,Utilities,7009.95
2,2024-02-01,Repairs & Maintenance,7368.03
2,2024-02-01,Management Fee,3803.93
2,2024-02-01,Marketing,902.3
2,2024-02-01,Payroll,5827.56
2,2024-03-01,Property Tax,11080.28
2,2024-03-01,Insurance,3573.13
2,2024-03-01,Utilities,6676.18
2,2024-03-01,Repairs & Maintenance,8609.19
2,2024-03-01,Management Fee,3369.51
2,2024-03-01,Marketing,756.17
2,2024-03-01,Payroll,4954.83
2,2024-04-01,Property Tax,10748.2
2,2024-04-01,Insurance,4224.4
2,2024-04-01,Utilities,4987.4
2,2024-04-01,Repairs & Maintenance,9080.32
2,2024-04-01,Management Fee,3756.66
2,2024-04-01,Marketing,899.64
2,2024-04-01,Payroll,4881.78
2,2024-05-01,Property Tax,8846.51
2,2024-05-01,Insurance,4013.14
2,2024-05-01,Utilities,5223.87
2,2024-05-01,Repairs & Maintenance,8234.45
2,2024-05-01,Management Fee,4397.33
2,2024-05-01,Marketing,1125.13
2,2024-05-01,Payroll,4263.27
2,2024-06-01,Property Tax,10176.69
2,2024-06-01,Insurance,4429.87
2,2024-06-01,Utilities,5654.39
2,2024-06-01,Repairs & Maintenance,7853.73
2,2024-06-01,Management Fee,4338.39
2,2024-06-01,Marketing,881.19
2,2024-06-01,Payroll,4548.2
2,2024-07-01,Property Tax,10933.0
2,2024-07-01,Insurance,3658.98
2,2024-07-01,Utilities,7007.68
2,2024-07-01,Repairs & Maintenance,6908.67
2,2024-07-01,Management Fee,4098.73
2,2024-07-01,Marketing,1136.08
2,2024-07-01,Payroll,5746.81
2,2024-08-01,Property Tax,11920.99
2,2024-08-01,Insurance,3979.62
2,2024-08-01,Utilities,6025.73
2,2024-08-01,Repairs & Maintenance,7893.58
2,2024-08-01,Management Fee,4276.06
2,2024-08-01,Marketing,865.8
2,2024-08-01,Payroll,4487.33
2,2024-09-01,Property Tax,11948.23
2,2024-09-01,Insurance,4169.85
2,2024-09-01,Utilities,4882.27
2,2024-09-01,Repairs & Maintenance,6633.36
2,2024-09-01,Management Fee,4004.12
2,2024-09-01,Marketing,888.51
2,2024-09-01,Payroll,4373.41
2,2024-10-01,Property Tax,11417.19
2,2024-10-01,Insurance,4144.11
2,2024-10-01,Utilities,3414.98
2,2024-10-01,Repairs & Maintenance,8783.26
2,2024-10-01,Management Fee,4785.32
2,2024-10-01,Marketing,887.59
2,2024-10-01,Payroll,4300.37
2,2024-11-01,Property Tax,11792.67
2,2024-11-01,Insurance,3717.14
2,2024-11-01,Utilities,5861.43
2,2024-11-01,Repairs & Maintenance,8604.95
2,2024-11-01,Management Fee,3932.01
2,2024-11-01,Marketing,997.31
2,2024-11-01,Payroll,4520.63
2,2024-12-01,Property Tax,9335.9
2,2024-12-01,Insurance,4055.24
2,2024-12-01,Utilities,8057.25
2,2024-12-01,Repairs & Maintenance,8423.21
2,2024-12-01,Management Fee,3480.42
2,2024-12-01,Marketing,964.73
2,2024-12-01,Payroll,5008.32
2,2025-01-01,Property Tax,11578.23
2,2025-01-01,Insurance,3891.31
2,2025-01-01,Utilities,7781.06
2,2025-01-01,Repairs & Maintenance,5871.94
2,2025-01-01,Management Fee,3322.27
2,2025-01-01,Marketing,704.56
2,2025-01-01,Payroll,5252.72
2,2025-02-01,Property Tax,10974.11
2,2025-02-01,Insurance,3748.46
2,2025-02-01,Utilities,5642.51
2,2025-02-01,Repairs & Maintenance,7908.41
2,2025-02-01,Management Fee,4138.09
2,2025-02-01,Marketing,857.78
2,2025-02-01,Payroll,5584.39
2,2025-03-01,Property Tax,8757.22
2,2025-03-01,Insurance,4427.81
2,2025-03-01,Utilities,6279.1
2,2025-03-01,Repairs & Maintenance,8215.25
2,2025-03-01,Management Fee,3797.88
2,2025-03-01,Marketing,723.08
2,2025-03-01,Payroll,5682.16
2,2025-04-01,Property Tax,9762.79
2,2025-04-01,Insurance,3346.47
2,2025-04-01,Utilities,5397.01
2,2025-04-01,Repairs & Maintenance,7847.69
2,2025-04-01,Management Fee,3835.28
2,2025-04-01,Marketing,1002.43
2,2025-04-01,Payroll,4963.44
2,2025-05-01,Property Tax,9602.38
2,2025-05-01,Insurance,4091.17
2,2025-05-01,Utilities,5847.94
2,2025-05-01,Repairs & Maintenance,7515.91
2,2025-05-01,Management Fee,4195.28
2,2025-05-01,Marketing,790.53
2,2025-05-01,Payroll,4525.8
2,2025-06-01,Property Tax,11343.5
2,2025-06-01,Insurance,4033.64
2,2025-06-01,Utilities,4535.9
2,2025-06-01,Repairs & Maintenance,8668.44
2,2025-06-01,Management Fee,3520.56
2,2025-06-01,Marketing,844.87
2,2025-06-01,Payroll,5268.39
2,2025-07-01,Property Tax,10711.38
2,2025-07-01,Insurance,3858.45
2,2025-07-01,Utilities,7291.78
2,2025-07-01,Repairs & Maintenance,7884.7
2,2025-07-01,Management Fee,3131.22
2,2025-07-01,Marketing,984.64
2,2025-07-01,Payroll,4587.13
2,2025-08-01,Property Tax,12923.41
2,2025-08-01,Insurance,3533.19
2,2025-08-01,Utilities,6750.71
2,2025-08-01,Repairs & Maintenance,5530.53
2,2025-08-01,Management Fee,3189.04
2,2025-08-01,Marketing,894.87
2,2025-08-01,Payroll,3989.31
2,2025-09-01,Property Tax,8026.62
2,2025-09-01,Insurance,4106.64
2,2025-09-01,Utilities,5441.97
2,2025-09-01,Repairs & Maintenance,7817.4
2,2025-09-01,Management Fee,3734.43
2,2025-09-01,Marketing,942.1
2,2025-09-01,Payroll,5291.42
2,2025-10-01,Property Tax,10002.63
2,2025-10-01,Insurance,2971.33
2,2025-10-01,Utilities,5992.68
2,2025-10-01,Repairs & Maintenance,7476.13
2,2025-10-01,Management Fee,3477.41
2,2025-10-01,Marketing,908.98
2,2025-10-01,Payroll,4677.41
2,2025-11-01,Property Tax,12540.94
2,2025-11-01,Insurance,3367.62
2,2025-11-01,Utilities,5115.88
2,2025-11-01,Repairs & Maintenance,9184.49
2,2025-11-01,Management Fee,4101.73
2,2025-11-01,Marketing,1009.64
2,2025-11-01,Payroll,4830.94
2,2025-12-01,Property Tax,8560.7
2,2025-12-01,Insurance,3794.09
2,2025-12-01,Utilities,6942.01
2,2025-12-01,Repairs & Maintenance,6332.35
2,2025-12-01,Management Fee,3991.46
2,2025-12-01,Marketing,1001.85
2,2025-12-01,Payroll,4853.7
2,2026-01-01,Property Tax,10354.36
2,2026-01-01,Insurance,4285.19
2,2026-01-01,Utilities,6669.83
2,2026-01-01,Repairs & Maintenance,6241.22
2,2026-01-01,Management Fee,3736.11
2,2026-01-01,Marketing,878.16
2,2026-01-01,Payroll,5024.69
2,2026-02-01,Property Tax,10160.02
2,2026-02-01,Insurance,3615.7
2,2026-02-01,Utilities,6827.41
2,2026-02-01,Repairs & Maintenance,5668.74
2,2026-02-01,Management Fee,3384.1
2,2026-02-01,Marketing,856.34
2,2026-02-01,Payroll,4815.02
2,2026-03-01,Property Tax,8916.09
2,2026-03-01,Insurance,4362.03
2,2026-03-01,Utilities,6154.01
2,2026-03-01,Repairs & Maintenance,9475.89
2,2026-03-01,Management Fee,4446.78
2,2026-03-01,Marketing,845.08
2,2026-03-01,Payroll,3972.44
2,2026-04-01,Property Tax,8912.57
2,2026-04-01,Insurance,3830.36
2,2026-04-01,Utilities,5273.91
2,2026-04-01,Repairs & Maintenance,7200.81
2,2026-04-01,Management Fee,3244.17
2,2026-04-01,Marketing,1042.67
2,2026-04-01,Payroll,5400.57
2,2026-05-01,Property Tax,9357.66
2,2026-05-01,Insurance,3979.58
2,2026-05-01,Utilities,6442.49
2,2026-05-01,Repairs & Maintenance,7602.4
2,2026-05-01,Management Fee,3634.76
2,2026-05-01,Marketing,1041.74
2,2026-05-01,Payroll,5124.7
2,2026-06-01,Property Tax,8374.39
2,2026-06-01,Insurance,3988.17
2,2026-06-01,Utilities,5544.73
2,2026-06-01,Repairs & Maintenance,6808.13
2,2026-06-01,Management Fee,4531.5
2,2026-06-01,Marketing,1024.12
2,2026-06-01,Payroll,4485.42
2,2026-07-01,Property Tax,11466.35
2,2026-07-01,Insurance,4020.96
2,2026-07-01,Utilities,4811.97
2,2026-07-01,Repairs & Maintenance,8722.29
2,2026-07-01,Management Fee,3044.64
2,2026-07-01,Marketing,1046.26
2,2026-07-01,Payroll,5197.92
2,2026-08-01,Property Tax,11403.24
2,2026-08-01,Insurance,4435.21
2,2026-08-01,Utilities,8113.47
2,2026-08-01,Repairs & Maintenance,6026.12
2,2026-08-01,Management Fee,3901.03
2,2026-08-01,Marketing,844.62
2,2026-08-01,Payroll,5302.53
2,2026-09-01,Property Tax,11015.08
2,2026-09-01,Insurance,3965.05
2,2026-09-01,Utilities,6104.27
2,2026-09-01,Repairs & Maintenance,7674.22
2,2026-09-01,Management Fee,3725.07
2,2026-09-01,Marketing,1004.12
2,2026-09-01,Payroll,5084.61
3,2024-01-01,Property Tax,9404.2
3,2024-01-01,Insurance,3384.78
3,2024-01-01,Utilities,6834.2
3,2024-01-01,Repairs & Maintenance,5564.78
3,2024-01-01,Management Fee,3746.89
3,2024-01-01,Marketing,808.5
3,2024-01-01,Payroll,4008.89
3,2024-02-01,Property Tax,10913.32
3,2024-02-01,Insurance,4009.14
3,2024-02-01,Utilities,5452.45
3,2024-02-01,Repairs & Maintenance,4634.24
3,2024-02-01,Management Fee,3624.62
3,2024-02-01,Marketing,883.3
3,2024-02-01,Payroll,3803.05
3,2024-03-01,Property Tax,7740.39
3,2024-03-01,Insurance,3303.74
3,2024-03-01,Utilities,5084.37
3,2024-03-01,Repairs & Maintenance,6242.92
3,2024-03-01,Management Fee,3019.81
3,2024-03-01,Marketing,993.81
3,2024-03-01,Payroll,4716.22
3,2024-04-01,Property Tax,10149.42
3,2024-04-01,Insurance,3071.93
3,2024-04-01,Utilities,5719.19
3,2024-04-01,Repairs & Maintenance,5729.7
3,2024-04-01,Management Fee,3838.77
3,2024-04-01,Marketing,780.99
3,2024-04-01,Payroll,3549.7
3,2024-05-01,Property Tax,8681.34
3,2024-05-01,Insurance,3572.08
3,2024-05-01,Utilities,5321.25
3,2024-05-01,Repairs & Maintenance,6305.15
3,2024-05-01,Management Fee,3261.35
3,2024-05-01,Marketing,947.29
3,2024-05-01,Payroll,4205.87
3,2024-06-01,Property Tax,7389.86
3,2024-06-01,Insurance,3094.78
3,2024-06-01,Utilities,5450.0
3,2024-06-01,Repairs & Maintenance,5292.42
3,2024-06-01,Management Fee,2991.3
3,2024-06-01,Marketing,795.61
3,2024-06-01,Payroll,4334.63
3,2024-07-01,Property Tax,9081.79
3,2024-07-01,Insurance,3098.94
3,2024-07-01,Utilities,6861.19
3,2024-07-01,Repairs & Maintenance,5676.18
3,2024-07-01,Management Fee,2574.55
3,2024-07-01,Marketing,627.34
3,2024-07-01,Payroll,4540.44
3,2024-08-01,Property Tax,9615.69
3,2024-08-01,Insurance,3348.21
3,2024-08-01,Utilities,7033.32
3,2024-08-01,Repairs & Maintenance,5261.19
3,2024-08-01,Management Fee,2829.8
3,2024-08-01,Marketing,956.33
3,2024-08-01,Payroll,4388.98
3,2024-09-01,Property Tax,9135.56
3,2024-09-01,Insurance,3976.44
3,2024-09-01,Utilities,5307.52
3,2024-09-01,Repairs & Maintenance,5634.94
3,2024-09-01,Management Fee,2197.5
3,2024-09-01,Marketing,933.6
3,2024-09-01,Payroll,4221.91
3,2024-10-01,Property Tax,8963.31
3,2024-10-01,Insurance,2467.86
3,2024-10-01,Utilities,4659.02
3,2024-10-01,Repairs & Maintenance,4865.55
3,2024-10-01,Management Fee,2779.57
3,2024-10-01,Marketing,922.39
3,2024-10-01,Payroll,4537.03
3,2024-11-01,Property Tax,8805.98
3,2024-11-01,Insurance,3023.41
3,2024-11-01,Utilities,4144.7
3,2024-11-01,Repairs & Maintenance,4763.35
3,2024-11-01,Management Fee,3626.2
3,2024-11-01,Marketing,987.88
3,2024-11-01,Payroll,4751.83
3,2024-12-01,Property Tax,8645.24
3,2024-12-01,Insurance,3507.28
3,2024-12-01,Utilities,6944.44
3,2024-12-01,Repairs & Maintenance,6143.16
3,2024-12-01,Management Fee,3181.02
3,2024-12-01,Marketing,781.36
3,2024-12-01,Payroll,3301.31
3,2025-01-01,Property Tax,9946.12
3,2025-01-01,Insurance,3651.37
3,2025-01-01,Utilities,6773.85
3,2025-01-01,Repairs & Maintenance,5628.11
3,2025-01-01,Management Fee,3465.77
3,2025-01-01,Marketing,938.03
3,2025-01-01,Payroll,4382.23
3,2025-02-01,Property Tax,9253.02
3,2025-02-01,Insurance,2708.02
3,2025-02-01,Utilities,4867.43
3,2025-02-01,Repairs & Maintenance,5687.41
3,2025-02-01,Management Fee,3032.93
3,2025-02-01,Marketing,741.6
3,2025-02-01,Payroll,3677.81
3,2025-03-01,Property Tax,9134.96
3,2025-03-01,Insurance,3501.0
3,2025-03-01,Utilities,5228.83
3,2025-03-01,Repairs & Maintenance,5810.4
3,2025-03-01,Management Fee,3177.02
3,2025-03-01,Marketing,827.32
3,2025-03-01,Payroll,4543.75
3,2025-04-01,Property Tax,8417.61
3,2025-04-01,Insurance,3192.53
3,2025-04-01,Utilities,4547.54
3,2025-04-01,Repairs & Maintenance,4776.45
3,2025-04-01,Management Fee,3420.74
3,2025-04-01,Marketing,815.99
3,2025-04-01,Payroll,3676.33
3,2025-05-01,Property Tax,10459.03
3,2025-05-01,Insurance,2904.52
3,2025-05-01,Utilities,5270.0
3,2025-05-01,Repairs & Maintenance,5947.9
3,2025-05-01,Management Fee,3921.98
3,2025-05-01,Marketing,740.64
3,2025-05-01,Payroll,3757.54
3,2025-06-01,Property Tax,9655.91
3,2025-06-01,Insurance,2914.35
3,2025-06-01,Utilities,4581.78
3,2025-06-01,Repairs & Maintenance,5463.97
3,2025-06-01,Management Fee,4023.2
3,2025-06-01,Marketing,718.86
3,2025-06-01,Payroll,4102.59
3,2025-07-01,Property Tax,9784.14
3,2025-07-01,Insurance,3378.48
3,2025-07-01,Utilities,6116.8
3,2025-07-01,Repairs & Maintenance,5125.8
3,2025-07-01,Management Fee,3896.02
3,2025-07-01,Marketing,725.18
3,2025-07-01,Payroll,4505.12
3,2025-08-01,Property Tax,9224.66
3,2025-08-01,Insurance,2416.48
3,2025-08-01,Utilities,5166.88
3,2025-08-01,Repairs & Maintenance,5424.3
3,2025-08-01,Management Fee,3099.28
3,2025-08-01,Marketing,828.61
3,2025-08-01,Payroll,3982.77
3,2025-09-01,Property Tax,9095.57
3,2025-09-01,Insurance,3927.98
3,2025-09-01,Utilities,4362.71
3,2025-09-01,Repairs & Maintenance,6454.42
3,2025-09-01,Management Fee,3648.95
3,2025-09-01,Marketing,791.0
3,2025-09-01,Payroll,4217.42
3,2025-10-01,Property Tax,9626.49
3,2025-10-01,Insurance,3104.16
3,2025-10-01,Utilities,6264.39
3,2025-10-01,Repairs & Maintenance,5750.45
3,2025-10-01,Management Fee,3570.43
3,2025-10-01,Marketing,793.39
3,2025-10-01,Payroll,4034.53
3,2025-11-01,Property Tax,8700.05
3,2025-11-01,Insurance,3731.04
3,2025-11-01,Utilities,5777.01
3,2025-11-01,Repairs & Maintenance,4701.19
3,2025-11-01,Management Fee,3321.75
3,2025-11-01,Marketing,683.74
3,2025-11-01,Payroll,4354.18
3,2025-12-01,Property Tax,10476.8
3,2025-12-01,Insurance,3080.58
3,2025-12-01,Utilities,6787.47
3,2025-12-01,Repairs & Maintenance,5518.46
3,2025-12-01,Management Fee,3222.67
3,2025-12-01,Marketing,770.87
3,2025-12-01,Payroll,3981.76
3,2026-01-01,Property Tax,9896.31
3,2026-01-01,Insurance,2643.29
3,2026-01-01,Utilities,6287.67
3,2026-01-01,Repairs & Maintenance,5866.91
3,2026-01-01,Management Fee,3249.41
3,2026-01-01,Marketing,653.34
3,2026-01-01,Payroll,3919.52
3,2026-02-01,Property Tax,9125.85
3,2026-02-01,Insurance,3626.89
3,2026-02-01,Utilities,6893.18
3,2026-02-01,Repairs & Maintenance,4821.36
3,2026-02-01,Management Fee,2645.73
3,2026-02-01,Marketing,834.44
3,2026-02-01,Payroll,4386.99
3,2026-03-01,Property Tax,7256.69
3,2026-03-01,Insurance,3506.87
3,2026-03-01,Utilities,4070.29
3,2026-03-01,Repairs & Maintenance,5028.48
3,2026-03-01,Management Fee,3606.68
3,2026-03-01,Marketing,888.49
3,2026-03-01,Payroll,3624.83
3,2026-04-01,Property Tax,8650.68
3,2026-04-01,Insurance,3066.75
3,2026-04-01,Utilities,5952.18
3,2026-04-01,Repairs & Maintenance,4471.72
3,2026-04-01,Management Fee,3118.33
3,2026-04-01,Marketing,874.53
3,2026-04-01,Payroll,4985.53
3,2026-05-01,Property Tax,8334.52
3,2026-05-01,Insurance,3645.24
3,2026-05-01,Utilities,6019.94
3,2026-05-01,Repairs & Maintenance,5469.77
3,2026-05-01,Management Fee,3333.77
3,2026-05-01,Marketing,952.28
3,2026-05-01,Payroll,3786.32
3,2026-06-01,Property Tax,8818.1
3,2026-06-01,Insurance,3482.37
3,2026-06-01,Utilities,5617.5
3,2026-06-01,Repairs & Maintenance,5243.82
3,2026-06-01,Management Fee,3006.59
3,2026-06-01,Marketing,809.92
3,2026-06-01,Payroll,3725.2
3,2026-07-01,Property Tax,9258.99
3,2026-07-01,Insurance,3219.51
3,2026-07-01,Utilities,5123.81
3,2026-07-01,Repairs & Maintenance,5988.09
3,2026-07-01,Management Fee,3248.32
3,2026-07-01,Marketing,738.97
3,2026-07-01,Payroll,4393.6
3,2026-08-01,Property Tax,8260.88
3,2026-08-01,Insurance,3435.1
3,2026-08-01,Utilities,5748.29
3,2026-08-01,Repairs & Maintenance,5120.13
3,2026-08-01,Management Fee,2734.31
3,2026-08-01,Marketing,786.04
3,2026-08-01,Payroll,3716.73
3,2026-09-01,Property Tax,10761.91
3,2026-09-01,Insurance,3341.75
3,2026-09-01,Utilities,5157.04
3,2026-09-01,Repairs & Maintenance,5861.26
3,2026-09-01,Management Fee,3269.43
3,2026-09-01,Marketing,801.91
3,2026-09-01,Payroll,3495.35
4,2024-01-01,Property Tax,1151.48
4,2024-01-01,Insurance,453.28
4,2024-01-01,Utilities,935.92
4,2024-01-01,Repairs & Maintenance,893.78
4,2024-01-01,Management Fee,516.19
4,2024-01-01,Marketing,102.83
4,2024-01-01,Payroll,568.54
4,2024-02-01,Property Tax,1202.16
4,2024-02-01,Insurance,472.76
4,2024-02-01,Utilities,838.82
4,2024-02-01,Repairs & Maintenance,1182.96
4,2024-02-01,Management Fee,447.65
4,2024-02-01,Marketing,79.42
4,2024-02-01,Payroll,615.41
4,2024-03-01,Property Tax,1182.31
4,2024-03-01,Insurance,446.02
4,2024-03-01,Utilities,766.08
4,2024-03-01,Repairs & Maintenance,785.0
4,2024-03-01,Management Fee,472.19
4,2024-03-01,Marketing,100.16
4,2024-03-01,Payroll,567.4
4,2024-04-01,Property Tax,1259.92
4,2024-04-01,Insurance,428.63
4,2024-04-01,Utilities,631.38
4,2024-04-01,Repairs & Maintenance,1009.25
4,2024-04-01,Management Fee,370.01
4,2024-04-01,Marketing,112.07
4,2024-04-01,Payroll,604.41
4,2024-05-01,Property Tax,1233.2
4,2024-05-01,Insurance,471.05
4,2024-05-01,Utilities,623.93
4,2024-05-01,Repairs & Maintenance,1026.36
4,2024-05-01,Management Fee,410.91
4,2024-05-01,Marketing,105.38
4,2024-05-01,Payroll,584.1
4,2024-06-01,Property Tax,1041.14
4,2024-06-01,Insurance,518.89
4,2024-06-01,Utilities,716.24
4,2024-06-01,Repairs & Maintenance,1000.66
4,2024-06-01,Management Fee,495.01
4,2024-06-01,Marketing,81.83
4,2024-06-01,Payroll,562.39
4,2024-07-01,Property Tax,1340.98
4,2024-07-01,Insurance,416.87
4,2024-07-01,Utilities,747.39
4,2024-07-01,Repairs & Maintenance,989.47
4,2024-07-01,Management Fee,446.39
4,2024-07-01,Marketing,102.32
4,2024-07-01,Payroll,474.97
4,2024-08-01,Property Tax,1249.49
4,2024-08-01,Insurance,448.08
4,2024-08-01,Utilities,969.96
4,2024-08-01,Repairs & Maintenance,974.98
4,2024-08-01,Management Fee,416.04
4,2024-08-01,Marketing,110.75
4,2024-08-01,Payroll,613.19
4,2024-09-01,Property Tax,929.18
4,2024-09-01,Insurance,485.49
4,2024-09-01,Utilities,458.44
4,2024-09-01,Repairs & Maintenance,788.15
4,2024-09-01,Management Fee,459.48
4,2024-09-01,Marketing,119.99
4,2024-09-01,Payroll,476.43
4,2024-10-01,Property Tax,1587.76
4,2024-10-01,Insurance,476.18
4,2024-10-01,Utilities,587.89
4,2024-10-01,Repairs & Maintenance,1027.72
4,2024-10-01,Management Fee,391.32
4,2024-10-01,Marketing,109.33
4,2024-10-01,Payroll,581.66
4,2024-11-01,Property Tax,1306.75
4,2024-11-01,Insurance,400.03
4,2024-11-01,Utilities,661.32
4,2024-11-01,Repairs & Maintenance,1017.38
4,2024-11-01,Management Fee,478.15
4,2024-11-01,Marketing,111.79
4,2024-11-01,Payroll,385.61
4,2024-12-01,Property Tax,1112.33
4,2024-12-01,Insurance,424.23
4,2024-12-01,Utilities,815.93
4,2024-12-01,Repairs & Maintenance,981.02
4,2024-12-01,Management Fee,497.63
4,2024-12-01,Marketing,97.25
4,2024-12-01,Payroll,661.96
4,2025-01-01,Property Tax,1271.81
4,2025-01-01,Insurance,480.97
4,2025-01-01,Utilities,853.05
4,2025-01-01,Repairs & Maintenance,865.04
4,2025-01-01,Management Fee,464.52
4,2025-01-01,Marketing,135.82
4,2025-01-01,Payroll,625.88
4,2025-02-01,Property Tax,1515.59
4,2025-02-01,Insurance,474.96
4,2025-02-01,Utilities,903.8
4,2025-02-01,Repairs & Maintenance,1077.99
4,2025-02-01,Management Fee,518.47
4,2025-02-01,Marketing,80.87
4,2025-02-01,Payroll,565.43
4,2025-03-01,Property Tax,1497.02
4,2025-03-01,Insurance,429.29
4,2025-03-01,Utilities,684.75
4,2025-03-01,Repairs & Maintenance,884.53
4,2025-03-01,Management Fee,460.75
4,2025-03-01,Marketing,120.83
4,2025-03-01,Payroll,582.69
4,2025-04-01,Property Tax,1387.51
4,2025-04-01,Insurance,398.06
4,2025-04-01,Utilities,601.65
4,2025-04-01,Repairs & Maintenance,589.53
4,2025-04-01,Management Fee,410.35
4,2025-04-01,Marketing,103.0
4,2025-04-01,Payroll,489.27
4,2025-05-01,Property Tax,1414.9
4,2025-05-01,Insurance,585.21
4,2025-05-01,Utilities,767.66
4,2025-05-01,Repairs & Maintenance,919.12
4,2025-05-01,Management Fee,454.09
4,2025-05-01,Marketing,89.51
4,2025-05-01,Payroll,581.15
4,2025-06-01,Property Tax,1093.74
4,2025-06-01,Insurance,407.02
4,2025-06-01,Utilities,841.67
4,2025-06-01,Repairs & Maintenance,885.32
4,2025-06-01,Management Fee,448.73
4,2025-06-01,Marketing,128.25
4,2025-06-01,Payroll,730.33
4,2025-07-01,Property Tax,1284.51
4,2025-07-01,Insurance,426.75
4,2025-07-01,Utilities,947.68
4,2025-07-01,Repairs & Maintenance,987.69
4,2025-07-01,Management Fee,459.66
4,2025-07-01,Marketing,108.56
4,2025-07-01,Payroll,573.48
4,2025-08-01,Property Tax,1392.4
4,2025-08-01,Insurance,532.3
4,2025-08-01,Utilities,827.1
4,2025-08-01,Repairs & Maintenance,1001.0
4,2025-08-01,Management Fee,339.92
4,2025-08-01,Marketing,139.54
4,2025-08-01,Payroll,598.11
4,2025-09-01,Property Tax,1064.29
4,2025-09-01,Insurance,495.32
4,2025-09-01,Utilities,680.79
4,2025-09-01,Repairs & Maintenance,1021.58
4,2025-09-01,Management Fee,446.8
4,2025-09-01,Marketing,123.21
4,2025-09-01,Payroll,638.33
4,2025-10-01,Property Tax,1283.56
4,2025-10-01,Insurance,389.79
4,2025-10-01,Utilities,657.78
4,2025-10-01,Repairs & Maintenance,828.1
4,2025-10-01,Management Fee,442.91
4,2025-10-01,Marketing,116.25
4,2025-10-01,Payroll,497.62
4,2025-11-01,Property Tax,1491.13
4,2025-11-01,Insurance,489.39
4,2025-11-01,Utilities,813.82
4,2025-11-01,Repairs & Maintenance,1129.45
4,2025-11-01,Management Fee,448.94
4,2025-11-01,Marketing,131.21
4,2025-11-01,Payroll,639.67
4,2025-12-01,Property Tax,1421.62
4,2025-12-01,Insurance,442.43
4,2025-12-01,Utilities,793.94
4,2025-12-01,Repairs & Maintenance,827.5
4,2025-12-01,Management Fee,439.56
4,2025-12-01,Marketing,118.4
4,2025-12-01,Payroll,519.68
4,2026-01-01,Property Tax,1485.58
4,2026-01-01,Insurance,479.31
4,2026-01-01,Utilities,829.22
4,2026-01-01,Repairs & Maintenance,1120.83
4,2026-01-01,Management Fee,451.07
4,2026-01-01,Marketing,104.92
4,2026-01-01,Payroll,605.78
4,2026-02-01,Property Tax,1049.56
4,2026-02-01,Insurance,416.79
4,2026-02-01,Utilities,790.65
4,2026-02-01,Repairs & Maintenance,986.06
4,2026-02-01,Management Fee,481.11
4,2026-02-01,Marketing,105.42
4,2026-02-01,Payroll,471.11
4,2026-03-01,Property Tax,1351.29
4,2026-03-01,Insurance,449.78
4,2026-03-01,Utilities,746.73
4,2026-03-01,Repairs & Maintenance,849.18
4,2026-03-01,Management Fee,446.16
4,2026-03-01,Marketing,103.71
4,2026-03-01,Payroll,509.87
4,2026-04-01,Property Tax,1189.42
4,2026-04-01,Insurance,484.51
4,2026-04-01,Utilities,626.33
4,2026-04-01,Repairs & Maintenance,897.24
4,2026-04-01,Management Fee,446.35
4,2026-04-01,Marketing,90.24
4,2026-04-01,Payroll,519.95
4,2026-05-01,Property Tax,1065.45
4,2026-05-01,Insurance,439.62
4,2026-05-01,Utilities,721.36
4,2026-05-01,Repairs & Maintenance,1058.96
4,2026-05-01,Management Fee,477.44
4,2026-05-01,Marketing,99.63
4,2026-05-01,Payroll,448.9
4,2026-06-01,Property Tax,1281.08
4,2026-06-01,Insurance,504.72
4,2026-06-01,Utilities,693.34
4,2026-06-01,Repairs & Maintenance,1108.39
4,2026-06-01,Management Fee,399.05
4,2026-06-01,Marketing,141.79
4,2026-06-01,Payroll,484.31
4,2026-07-01,Property Tax,1461.19
4,2026-07-01,Insurance,466.4
4,2026-07-01,Utilities,897.84
4,2026-07-01,Repairs & Maintenance,863.65
4,2026-07-01,Management Fee,553.38
4,2026-07-01,Marketing,101.99
4,2026-07-01,Payroll,551.58
4,2026-08-01,Property Tax,1215.49
4,2026-08-01,Insurance,442.76
4,2026-08-01,Utilities,734.76
4,2026-08-01,Repairs & Maintenance,1071.39
4,2026-08-01,Management Fee,418.78
4,2026-08-01,Marketing,97.22
4,2026-08-01,Payroll,597.85
4,2026-09-01,Property Tax,1084.08
4,2026-09-01,Insurance,315.14
4,2026-09-01,Utilities,529.45
4,2026-09-01,Repairs & Maintenance,966.21
4,2026-09-01,Management Fee,531.33
4,2026-09-01,Marketing,107.07
4,2026-09-01,Payroll,564.86
5,2024-01-01,Property Tax,1535.62
5,2024-01-01,Insurance,435.49
5,2024-01-01,Utilities,943.96
5,2024-01-01,Repairs & Maintenance,926.54
5,2024-01-01,Management Fee,403.12
5,2024-01-01,Marketing,104.56
5,2024-01-01,Payroll,786.21
5,2024-02-01,Property Tax,1635.97
5,2024-02-01,Insurance,517.94
5,2024-02-01,Utilities,1052.92
5,2024-02-01,Repairs & Maintenance,1068.13
5,2024-02-01,Management Fee,476.44
5,2024-02-01,Marketing,116.83
5,2024-02-01,Payroll,661.62
5,2024-03-01,Property Tax,1438.74
5,2024-03-01,Insurance,470.63
5,2024-03-01,Utilities,802.62
5,2024-03-01,Repairs & Maintenance,1339.25
5,2024-03-01,Management Fee,461.23
5,2024-03-01,Marketing,143.51
5,2024-03-01,Payroll,614.66
5,2024-04-01,Property Tax,1590.59
5,2024-04-01,Insurance,623.33
5,2024-04-01,Utilities,729.13
5,2024-04-01,Repairs & Maintenance,1066.07
5,2024-04-01,Management Fee,489.36
5,2024-04-01,Marketing,117.52
5,2024-04-01,Payroll,605.96
5,2024-05-01,Property Tax,1537.66
5,2024-05-01,Insurance,558.01
5,2024-05-01,Utilities,790.89
5,2024-05-01,Repairs & Maintenance,1345.2
5,2024-05-01,Management Fee,461.62
5,2024-05-01,Marketing,147.38
5,2024-05-01,Payroll,799.88
5,2024-06-01,Property Tax,1544.72
5,2024-06-01,Insurance,501.84
5,2024-06-01,Utilities,642.27
5,2024-06-01,Repairs & Maintenance,1037.73
5,2024-06-01,Management Fee,567.02
5,2024-06-01,Marketing,98.82
5,2024-06-01,Payroll,784.9
5,2024-07-01,Property Tax,1448.96
5,2024-07-01,Insurance,642.71
5,2024-07-01,Utilities,958.4
5,2024-07-01,Repairs & Maintenance,1041.07
5,2024-07-01,Management Fee,528.64
5,2024-07-01,Marketing,84.25
5,2024-07-01,Payroll,570.87
5,2024-08-01,Property Tax,1026.27
5,2024-08-01,Insurance,549.41
5,2024-08-01,Utilities,924.25
5,2024-08-01,Repairs & Maintenance,1227.56
5,2024-08-01,Management Fee,543.98
5,2024-08-01,Marketing,97.01
5,2024-08-01,Payroll,549.14
5,2024-09-01,Property Tax,1605.28
5,2024-09-01,Insurance,535.58
5,2024-09-01,Utilities,778.31
5,2024-09-01,Repairs & Maintenance,1189.94
5,2024-09-01,Management Fee,491.76
5,2024-09-01,Marketing,131.83
5,2024-09-01,Payroll,491.05
5,2024-10-01,Property Tax,1279.84
5,2024-10-01,Insurance,511.1
5,2024-10-01,Utilities,809.54
5,2024-10-01,Repairs & Maintenance,1170.33
5,2024-10-01,Management Fee,507.46
5,2024-10-01,Marketing,136.37
5,2024-10-01,Payroll,818.89
5,2024-11-01,Property Tax,1830.56
5,2024-11-01,Insurance,424.37
5,2024-11-01,Utilities,779.63
5,2024-11-01,Repairs & Maintenance,1023.57
5,2024-11-01,Management Fee,530.45
5,2024-11-01,Marketing,123.45
5,2024-11-01,Payroll,562.1
5,2024-12-01,Property Tax,1597.44
5,2024-12-01,Insurance,543.69
5,2024-12-01,Utilities,1034.72
5,2024-12-01,Repairs & Maintenance,1104.55
5,2024-12-01,Management Fee,498.61
5,2024-12-01,Marketing,132.46
5,2024-12-01,Payroll,622.96
5,2025-01-01,Property Tax,1677.71
5,2025-01-01,Insurance,604.96
5,2025-01-01,Utilities,803.91
5,2025-01-01,Repairs & Maintenance,1233.09
5,2025-01-01,Management Fee,526.46
5,2025-01-01,Marketing,135.47
5,2025-01-01,Payroll,607.91
5,2025-02-01,Property Tax,1374.12
5,2025-02-01,Insurance,496.05
5,2025-02-01,Utilities,839.38
5,2025-02-01,Repairs & Maintenance,1029.46
5,2025-02-01,Management Fee,522.56
5,2025-02-01,Marketing,108.77
5,2025-02-01,Payroll,676.42
5,2025-03-01,Property Tax,1373.34
5,2025-03-01,Insurance,566.15
5,2025-03-01,Utilities,830.33
5,2025-03-01,Repairs & Maintenance,837.94
5,2025-03-01,Management Fee,480.25
5,2025-03-01,Marketing,131.14
5,2025-03-01,Payroll,732.51
5,2025-04-01,Property Tax,1562.29
5,2025-04-01,Insurance,610.52
5,2025-04-01,Utilities,841.74
5,2025-04-01,Repairs & Maintenance,1132.56
5,2025-04-01,Management Fee,560.83
5,2025-04-01,Marketing,112.84
5,2025-04-01,Payroll,726.81
5,2025-05-01,Property Tax,1268.22
5,2025-05-01,Insurance,510.68
5,2025-05-01,Utilities,810.45
5,2025-05-01,Repairs & Maintenance,1160.6
5,2025-05-01,Management Fee,440.41
5,2025-05-01,Marketing,125.39
5,2025-05-01,Payroll,667.43
5,2025-06-01,Property Tax,1497.72
5,2025-06-01,Insurance,628.17
5,2025-06-01,Utilities,827.62
5,2025-06-01,Repairs & Maintenance,1232.4
5,2025-06-01,Management Fee,475.02
5,2025-06-01,Marketing,101.29
5,2025-06-01,Payroll,731.05
5,2025-07-01,Property Tax,1773.13
5,2025-07-01,Insurance,525.72
5,2025-07-01,Utilities,877.51
5,2025-07-01,Repairs & Maintenance,999.6
5,2025-07-01,Management Fee,502.14
5,2025-07-01,Marketing,120.99
5,2025-07-01,Payroll,654.53
5,2025-08-01,Property Tax,1510.17
5,2025-08-01,Insurance,540.05
5,2025-08-01,Utilities,907.36
5,2025-08-01,Repairs & Maintenance,1036.86
5,2025-08-01,Management Fee,577.58
5,2025-08-01,Marketing,156.07
5,2025-08-01,Payroll,590.19
5,2025-09-01,Property Tax,1639.47
5,2025-09-01,Insurance,492.88
5,2025-09-01,Utilities,648.09
5,2025-09-01,Repairs & Maintenance,1046.42
5,2025-09-01,Management Fee,632.36
5,2025-09-01,Marketing,130.46
5,2025-09-01,Payroll,735.26
5,2025-10-01,Property Tax,1170.05
5,2025-10-01,Insurance,512.63
5,2025-10-01,Utilities,704.16
5,2025-10-01,Repairs & Maintenance,1023.8
5,2025-10-01,Management Fee,578.77
5,2025-10-01,Marketing,145.59
5,2025-10-01,Payroll,631.36
5,2025-11-01,Property Tax,1366.35
5,2025-11-01,Insurance,628.45
5,2025-11-01,Utilities,962.91
5,2025-11-01,Repairs & Maintenance,1079.78
5,2025-11-01,Management Fee,508.09
5,2025-11-01,Marketing,106.75
5,2025-11-01,Payroll,773.77
5,2025-12-01,Property Tax,1427.12
5,2025-12-01,Insurance,511.34
5,2025-12-01,Utilities,985.84
5,2025-12-01,Repairs & Maintenance,1125.03
5,2025-12-01,Management Fee,544.92
5,2025-12-01,Marketing,135.24
5,2025-12-01,Payroll,716.55
5,2026-01-01,Property Tax,1714.77
5,2026-01-01,Insurance,585.59
5,2026-01-01,Utilities,1058.99
5,2026-01-01,Repairs & Maintenance,984.84
5,2026-01-01,Management Fee,460.55
5,2026-01-01,Marketing,144.88
5,2026-01-01,Payroll,595.83
5,2026-02-01,Property Tax,1458.55
5,2026-02-01,Insurance,573.01
5,2026-02-01,Utilities,740.38
5,2026-02-01,Repairs & Maintenance,1116.99
5,2026-02-01,Management Fee,563.82
5,2026-02-01,Marketing,110.37
5,2026-02-01,Payroll,636.93
5,2026-03-01,Property Tax,1221.8
5,2026-03-01,Insurance,445.08
5,2026-03-01,Utilities,712.42
5,2026-03-01,Repairs & Maintenance,1200.03
5,2026-03-01,Management Fee,512.3
5,2026-03-01,Marketing,143.49
5,2026-03-01,Payroll,589.03
5,2026-04-01,Property Tax,1436.77
5,2026-04-01,Insurance,458.03
5,2026-04-01,Utilities,658.83
5,2026-04-01,Repairs & Maintenance,986.41
5,2026-04-01,Management Fee,516.28
5,2026-04-01,Marketing,140.91
5,2026-04-01,Payroll,495.46
5,2026-05-01,Property Tax,1538.21
5,2026-05-01,Insurance,520.17
5,2026-05-01,Utilities,666.15
5,2026-05-01,Repairs & Maintenance,1023.8
5,2026-05-01,Management Fee,461.32
5,2026-05-01,Marketing,154.58
5,2026-05-01,Payroll,652.96
5,2026-06-01,Property Tax,1474.81
5,2026-06-01,Insurance,440.96
5,2026-06-01,Utilities,705.9
5,2026-06-01,Repairs & Maintenance,1196.28
5,2026-06-01,Management Fee,534.88
5,2026-06-01,Marketing,112.78
5,2026-06-01,Payroll,635.47
5,2026-07-01,Property Tax,1406.34
5,2026-07-01,Insurance,519.49
5,2026-07-01,Utilities,1073.71
5,2026-07-01,Repairs & Maintenance,1099.54
5,2026-07-01,Management Fee,425.95
5,2026-07-01,Marketing,140.92
5,2026-07-01,Payroll,551.75
5,2026-08-01,Property Tax,1523.38
5,2026-08-01,Insurance,482.83
5,2026-08-01,Utilities,1028.46
5,2026-08-01,Repairs & Maintenance,1007.87
5,2026-08-01,Management Fee,449.15
5,2026-08-01,Marketing,132.95
5,2026-08-01,Payroll,695.34
5,2026-09-01,Property Tax,1508.07
5,2026-09-01,Insurance,606.89
5,2026-09-01,Utilities,871.33
5,2026-09-01,Repairs & Maintenance,1038.68
5,2026-09-01,Management Fee,463.4
5,2026-09-01,Marketing,139.68
5,2026-09-01,Payroll,727.68
6,2024-01-01,Property Tax,2865.04
6,2024-01-01,Insurance,687.71
6,2024-01-01,Utilities,1518.87
6,2024-01-01,Repairs & Maintenance,1261.24
6,2024-01-01,Management Fee,767.93
6,2024-01-01,Marketing,169.65
6,2024-01-01,Payroll,1188.88
6,2024-02-01,Property Tax,2804.98
6,2024-02-01,Insurance,812.37
6,2024-02-01,Utilities,1414.14
6,2024-02-01,Repairs & Maintenance,1180.28
6,2024-02-01,Management Fee,791.72
6,2024-02-01,Marketing,166.74
6,2024-02-01,Payroll,990.54
6,2024-03-01,Property Tax,2136.04
6,2024-03-01,Insurance,814.96
6,2024-03-01,Utilities,1191.47
6,2024-03-01,Repairs & Maintenance,1189.3
6,2024-03-01,Management Fee,811.3
6,2024-03-01,Marketing,237.35
6,2024-03-01,Payroll,958.85
6,2024-04-01,Property Tax,2678.39
6,2024-04-01,Insurance,835.4
6,2024-04-01,Utilities,1173.81
6,2024-04-01,Repairs & Maintenance,1565.17
6,2024-04-01,Management Fee,1057.1
6,2024-04-01,Marketing,178.32
6,2024-04-01,Payroll,1107.64
6,2024-05-01,Property Tax,2482.37
6,2024-05-01,Insurance,795.98
6,2024-05-01,Utilities,1364.01
6,2024-05-01,Repairs & Maintenance,1428.75
6,2024-05-01,Management Fee,757.72
6,2024-05-01,Marketing,235.58
6,2024-05-01,Payroll,1338.54
6,2024-06-01,Property Tax,2518.42
6,2024-06-01,Insurance,823.7
6,2024-06-01,Utilities,934.41
6,2024-06-01,Repairs & Maintenance,1466.32
6,2024-06-01,Management Fee,667.45
6,2024-06-01,Marketing,182.04
6,2024-06-01,Payroll,848.65
6,2024-07-01,Property Tax,2241.82
6,2024-07-01,Insurance,836.53
6,2024-07-01,Utilities,1805.74
6,2024-07-01,Repairs & Maintenance,1856.04
6,2024-07-01,Management Fee,883.26
6,2024-07-01,Marketing,212.91
6,2024-07-01,Payroll,935.4
6,2024-08-01,Property Tax,2256.84
6,2024-08-01,Insurance,845.84
6,2024-08-01,Utilities,1514.34
6,2024-08-01,Repairs & Maintenance,1659.86
6,2024-08-01,Management Fee,774.68
6,2024-08-01,Marketing,247.97
6,2024-08-01,Payroll,1190.79
6,2024-09-01,Property Tax,2303.98
6,2024-09-01,Insurance,864.23
6,2024-09-01,Utilities,1330.45
6,2024-09-01,Repairs & Maintenance,1460.72
6,2024-09-01,Management Fee,812.4
6,2024-09-01,Marketing,238.34
6,2024-09-01,Payroll,958.83
6,2024-10-01,Property Tax,2323.52
6,2024-10-01,Insurance,733.79
6,2024-10-01,Utilities,1087.75
6,2024-10-01,Repairs & Maintenance,1331.2
6,2024-10-01,Management Fee,914.48
6,2024-10-01,Marketing,199.87
6,2024-10-01,Payroll,956.92
6,2024-11-01,Property Tax,2498.61
6,2024-11-01,Insurance,842.44
6,2024-11-01,Utilities,1182.77
6,2024-11-01,Repairs & Maintenance,1469.51
6,2024-11-01,Management Fee,818.13
6,2024-11-01,Marketing,229.66
6,2024-11-01,Payroll,739.25
6,2024-12-01,Property Tax,2183.94
6,2024-12-01,Insurance,1010.95
6,2024-12-01,Utilities,1722.18
6,2024-12-01,Repairs & Maintenance,1914.0
6,2024-12-01,Management Fee,806.51
6,2024-12-01,Marketing,202.67
6,2024-12-01,Payroll,1077.18
6,2025-01-01,Property Tax,2684.16
6,2025-01-01,Insurance,739.62
6,2025-01-01,Utilities,1590.83
6,2025-01-01,Repairs & Maintenance,1532.95
6,2025-01-01,Management Fee,848.66
6,2025-01-01,Marketing,230.27
6,2025-01-01,Payroll,1091.92
6,2025-02-01,Property Tax,1982.29
6,2025-02-01,Insurance,911.11
6,2025-02-01,Utilities,1482.43
6,2025-02-01,Repairs & Maintenance,1793.59
6,2025-02-01,Management Fee,952.21
6,2025-02-01,Marketing,262.0
6,2025-02-01,Payroll,959.81
6,2025-03-01,Property Tax,2166.72
6,2025-03-01,Insurance,733.6
6,2025-03-01,Utilities,1118.57
6,2025-03-01,Repairs & Maintenance,1387.49
6,2025-03-01,Management Fee,787.98
6,2025-03-01,Marketing,215.46
6,2025-03-01,Payroll,1399.02
6,2025-04-01,Property Tax,2380.97
6,2025-04-01,Insurance,828.38
6,2025-04-01,Utilities,1095.39
6,2025-04-01,Repairs & Maintenance,1453.72
6,2025-04-01,Management Fee,845.43
6,2025-04-01,Marketing,193.62
6,2025-04-01,Payroll,1129.81
6,2025-05-01,Property Tax,2571.45
6,2025-05-01,Insurance,983.17
6,2025-05-01,Utilities,1441.17
6,2025-05-01,Repairs & Maintenance,1411.95
6,2025-05-01,Management Fee,800.23
6,2025-05-01,Marketing,129.39
6,2025-05-01,Payroll,1062.59
6,2025-06-01,Property Tax,2928.93
6,2025-06-01,Insurance,931.93
6,2025-06-01,Utilities,1148.38
6,2025-06-01,Repairs & Maintenance,1421.12
6,2025-06-01,Management Fee,918.78
6,2025-06-01,Marketing,242.23
6,2025-06-01,Payroll,1135.0
6,2025-07-01,Property Tax,2452.2
6,2025-07-01,Insurance,826.62
6,2025-07-01,Utilities,1677.87
6,2025-07-01,Repairs & Maintenance,1523.12
6,2025-07-01,Management Fee,876.03
6,2025-07-01,Marketing,231.59
6,2025-07-01,Payroll,1234.63
6,2025-08-01,Property Tax,2250.24
6,2025-08-01,Insurance,943.22
6,2025-08-01,Utilities,1616.1
6,2025-08-01,Repairs & Maintenance,1324.32
6,2025-08-01,Management Fee,791.39
6,2025-08-01,Marketing,212.14
6,2025-08-01,Payroll,1171.4
6,2025-09-01,Property Tax,2441.19
6,2025-09-01,Insurance,940.92
6,2025-09-01,Utilities,1186.19
6,2025-09-01,Repairs & Maintenance,1519.48
6,2025-09-01,Management Fee,970.31
6,2025-09-01,Marketing,217.8
6,2025-09-01,Payroll,994.18
6,2025-10-01,Property Tax,2394.25
6,2025-10-01,Insurance,917.55
6,2025-10-01,Utilities,1352.09
6,2025-10-01,Repairs & Maintenance,1553.6
6,2025-10-01,Management Fee,949.4
6,2025-10-01,Marketing,226.51
6,2025-10-01,Payroll,1093.09
6,2025-11-01,Property Tax,2879.91
6,2025-11-01,Insurance,1062.24
6,2025-11-01,Utilities,1434.55
6,2025-11-01,Repairs & Maintenance,1489.77
6,2025-11-01,Management Fee,818.38
6,2025-11-01,Marketing,212.44
6,2025-11-01,Payroll,1179.12
6,2025-12-01,Property Tax,2902.35
6,2025-12-01,Insurance,865.27
6,2025-12-01,Utilities,1666.28
6,2025-12-01,Repairs & Maintenance,1508.22
6,2025-12-01,Management Fee,833.18
6,2025-12-01,Marketing,228.58
6,2025-12-01,Payroll,903.15
6,2026-01-01,Property Tax,1745.96
6,2026-01-01,Insurance,817.2
6,2026-01-01,Utilities,1657.3
6,2026-01-01,Repairs & Maintenance,1434.31
6,2026-01-01,Management Fee,898.91
6,2026-01-01,Marketing,241.15
6,2026-01-01,Payroll,1074.95
6,2026-02-01,Property Tax,2196.37
6,2026-02-01,Insurance,872.54
6,2026-02-01,Utilities,1684.62
6,2026-02-01,Repairs & Maintenance,1122.16
6,2026-02-01,Management Fee,733.35
6,2026-02-01,Marketing,218.32
6,2026-02-01,Payroll,1140.33
6,2026-03-01,Property Tax,2404.3
6,2026-03-01,Insurance,992.68
6,2026-03-01,Utilities,1375.85
6,2026-03-01,Repairs & Maintenance,1777.47
6,2026-03-01,Management Fee,865.43
6,2026-03-01,Marketing,188.68
6,2026-03-01,Payroll,1052.18
6,2026-04-01,Property Tax,2341.09
6,2026-04-01,Insurance,870.14
6,2026-04-01,Utilities,1494.43
6,2026-04-01,Repairs & Maintenance,1389.31
6,2026-04-01,Management Fee,829.62
6,2026-04-01,Marketing,251.84
6,2026-04-01,Payroll,1165.06
6,2026-05-01,Property Tax,2176.26
6,2026-05-01,Insurance,771.66
6,2026-05-01,Utilities,1385.58
6,2026-05-01,Repairs & Maintenance,1630.67
6,2026-05-01,Management Fee,999.56
6,2026-05-01,Marketing,189.6
6,2026-05-01,Payroll,1046.35
6,2026-06-01,Property Tax,2037.89
6,2026-06-01,Insurance,901.26
6,2026-06-01,Utilities,1424.78
6,2026-06-01,Repairs & Maintenance,1789.73
6,2026-06-01,Management Fee,1010.15
6,2026-06-01,Marketing,231.81
6,2026-06-01,Payroll,898.47
6,2026-07-01,Property Tax,2930.75
6,2026-07-01,Insurance,868.14
6,2026-07-01,Utilities,1964.88
6,2026-07-01,Repairs & Maintenance,1334.52
6,2026-07-01,Management Fee,974.8
6,2026-07-01,Marketing,206.45
6,2026-07-01,Payroll,1062.78
6,2026-08-01,Property Tax,2600.12
6,2026-08-01,Insurance,784.72
6,2026-08-01,Utilities,1737.74
6,2026-08-01,Repairs & Maintenance,1673.75
6,2026-08-01,Management Fee,809.04
6,2026-08-01,Marketing,254.06
6,2026-08-01,Payroll,1006.07
6,2026-09-01,Property Tax,2534.51
6,2026-09-01,Insurance,847.98
6,2026-09-01,Utilities,1231.96
6,2026-09-01,Repairs & Maintenance,1172.94
6,2026-09-01,Management Fee,953.92
6,2026-09-01,Marketing,208.17
6,2026-09-01,Payroll,1327.8
7,2024-01-01,Property Tax,687.19
7,2024-01-01,Insurance,235.72
7,2024-01-01,Utilities,425.84
7,2024-01-01,Repairs & Maintenance,431.92
7,2024-01-01,Management Fee,217.39
7,2024-01-01,Marketing,58.24
7,2024-01-01,Payroll,334.51
7,2024-02-01,Property Tax,755.52
7,2024-02-01,Insurance,219.85
7,2024-02-01,Utilities,463.14
7,2024-02-01,Repairs & Maintenance,368.22
7,2024-02-01,Management Fee,241.09
7,2024-02-01,Marketing,49.54
7,2024-02-01,Payroll,253.29
7,2024-03-01,Property Tax,522.18
7,2024-03-01,Insurance,252.24
7,2024-03-01,Utilities,382.43
7,2024-03-01,Repairs & Maintenance,442.83
7,2024-03-01,Management Fee,339.52
7,2024-03-01,Marketing,57.68
7,2024-03-01,Payroll,333.6
7,2024-04-01,Property Tax,600.61
7,2024-04-01,Insurance,264.77
7,2024-04-01,Utilities,351.45
7,2024-04-01,Repairs & Maintenance,449.5
7,2024-04-01,Management Fee,279.38
7,2024-04-01,Marketing,55.11
7,2024-04-01,Payroll,277.2
7,2024-05-01,Property Tax,510.13
7,2024-05-01,Insurance,218.3
7,2024-05-01,Utilities,345.82
7,2024-05-01,Repairs & Maintenance,412.5
7,2024-05-01,Management Fee,190.26
7,2024-05-01,Marketing,61.64
7,2024-05-01,Payroll,297.28
7,2024-06-01,Property Tax,722.51
7,2024-06-01,Insurance,205.62
7,2024-06-01,Utilities,355.06
7,2024-06-01,Repairs & Maintenance,432.01
7,2024-06-01,Management Fee,219.28
7,2024-06-01,Marketing,57.75
7,2024-06-01,Payroll,261.8
7,2024-07-01,Property Tax,642.48
7,2024-07-01,Insurance,229.78
7,2024-07-01,Utilities,441.02
7,2024-07-01,Repairs & Maintenance,378.97
7,2024-07-01,Management Fee,266.26
7,2024-07-01,Marketing,59.83
7,2024-07-01,Payroll,274.19
7,2024-08-01,Property Tax,502.48
7,2024-08-01,Insurance,236.42
7,2024-08-01,Utilities,484.32
7,2024-08-01,Repairs & Maintenance,515.67
7,2024-08-01,Management Fee,241.88
7,2024-08-01,Marketing,64.75
7,2024-08-01,Payroll,260.25
7,2024-09-01,Property Tax,736.51
7,2024-09-01,Insurance,268.32
7,2024-09-01,Utilities,336.69
7,2024-09-01,Repairs & Maintenance,471.83
7,2024-09-01,Management Fee,239.41
7,2024-09-01,Marketing,61.55
7,2024-09-01,Payroll,239.49
7,2024-10-01,Property Tax,743.49
7,2024-10-01,Insurance,283.44
7,2024-10-01,Utilities,376.21
7,2024-10-01,Repairs & Maintenance,420.61
7,2024-10-01,Management Fee,189.11
7,2024-10-01,Marketing,67.57
7,2024-10-01,Payroll,295.71
7,2024-11-01,Property Tax,667.09
7,2024-11-01,Insurance,229.7
7,2024-11-01,Utilities,428.86
7,2024-11-01,Repairs & Maintenance,400.52
7,2024-11-01,Management Fee,230.15
7,2024-11-01,Marketing,50.28
7,2024-11-01,Payroll,280.05
7,2024-12-01,Property Tax,605.61
7,2024-12-01,Insurance,253.04
7,2024-12-01,Utilities,441.73
7,2024-12-01,Repairs & Maintenance,436.0
7,2024-12-01,Management Fee,257.61
7,2024-12-01,Marketing,50.22
7,2024-12-01,Payroll,254.24
7,2025-01-01,Property Tax,674.1
7,2025-01-01,Insurance,251.47
7,2025-01-01,Utilities,388.34
7,2025-01-01,Repairs & Maintenance,430.21
7,2025-01-01,Management Fee,267.49
7,2025-01-01,Marketing,55.71
7,2025-01-01,Payroll,346.41
7,2025-02-01,Property Tax,692.2
7,2025-02-01,Insurance,236.84
7,2025-02-01,Utilities,414.47
7,2025-02-01,Repairs & Maintenance,435.82
7,2025-02-01,Management Fee,289.33
7,2025-02-01,Marketing,62.94
7,2025-02-01,Payroll,309.2
7,2025-03-01,Property Tax,782.83
7,2025-03-01,Insurance,256.21
7,2025-03-01,Utilities,307.81
7,2025-03-01,Repairs & Maintenance,418.7
7,2025-03-01,Management Fee,248.16
7,2025-03-01,Marketing,59.96
7,2025-03-01,Payroll,321.17
7,2025-04-01,Property Tax,692.35
7,2025-04-01,Insurance,239.34
7,2025-04-01,Utilities,339.89
7,2025-04-01,Repairs & Maintenance,316.19
7,2025-04-01,Management Fee,306.19
7,2025-04-01,Marketing,60.83
7,2025-04-01,Payroll,319.19
7,2025-05-01,Property Tax,610.55
7,2025-05-01,Insurance,229.59
7,2025-05-01,Utilities,375.94
7,2025-05-01,Repairs & Maintenance,395.37
7,2025-05-01,Management Fee,241.81
7,2025-05-01,Marketing,57.51
7,2025-05-01,Payroll,268.1
7,2025-06-01,Property Tax,689.4
7,2025-06-01,Insurance,182.88
7,2025-06-01,Utilities,382.06
7,2025-06-01,Repairs & Maintenance,525.35
7,2025-06-01,Management Fee,239.17
7,2025-06-01,Marketing,67.46
7,2025-06-01,Payroll,297.97
7,2025-07-01,Property Tax,645.11
7,2025-07-01,Insurance,216.21
7,2025-07-01,Utilities,447.73
7,2025-07-01,Repairs & Maintenance,461.93
7,2025-07-01,Management Fee,265.92
7,2025-07-01,Marketing,68.04
7,2025-07-01,Payroll,312.76
7,2025-08-01,Property Tax,766.8
7,2025-08-01,Insurance,258.37
7,2025-08-01,Utilities,542.53
7,2025-08-01,Repairs & Maintenance,479.74
7,2025-08-01,Management Fee,247.92
7,2025-08-01,Marketing,68.71
7,2025-08-01,Payroll,363.87
7,2025-09-01,Property Tax,718.63
7,2025-09-01,Insurance,285.34
7,2025-09-01,Utilities,352.85
7,2025-09-01,Repairs & Maintenance,489.44
7,2025-09-01,Management Fee,200.51
7,2025-09-01,Marketing,58.91
7,2025-09-01,Payroll,303.98
7,2025-10-01,Property Tax,573.1
7,2025-10-01,Insurance,194.7
7,2025-10-01,Utilities,340.18
7,2025-10-01,Repairs & Maintenance,438.38
7,2025-10-01,Management Fee,202.75
7,2025-10-01,Marketing,59.44
7,2025-10-01,Payroll,254.22
7,2025-11-01,Property Tax,642.93
7,2025-11-01,Insurance,241.99
7,2025-11-01,Utilities,327.99
7,2025-11-01,Repairs & Maintenance,403.12
7,2025-11-01,Management Fee,188.62
7,2025-11-01,Marketing,55.12
7,2025-11-01,Payroll,291.14
7,2025-12-01,Property Tax,610.91
7,2025-12-01,Insurance,304.32
7,2025-12-01,Utilities,405.34
7,2025-12-01,Repairs & Maintenance,321.69
7,2025-12-01,Management Fee,206.69
7,2025-12-01,Marketing,52.89
7,2025-12-01,Payroll,327.64
7,2026-01-01,Property Tax,603.89
7,2026-01-01,Insurance,260.17
7,2026-01-01,Utilities,467.17
7,2026-01-01,Repairs & Maintenance,406.19
7,2026-01-01,Management Fee,222.99
7,2026-01-01,Marketing,59.19
7,2026-01-01,Payroll,242.63
7,2026-02-01,Property Tax,612.59
7,2026-02-01,Insurance,189.49
7,2026-02-01,Utilities,435.93
7,2026-02-01,Repairs & Maintenance,451.26
7,2026-02-01,Management Fee,305.51
7,2026-02-01,Marketing,54.07
7,2026-02-01,Payroll,277.92
7,2026-03-01,Property Tax,786.06
7,2026-03-01,Insurance,193.13
7,2026-03-01,Utilities,343.82
7,2026-03-01,Repairs & Maintenance,392.79
7,2026-03-01,Management Fee,235.56
7,2026-03-01,Marketing,53.83
7,2026-03-01,Payroll,314.27
7,2026-04-01,Property Tax,622.03
7,2026-04-01,Insurance,291.19
7,2026-04-01,Utilities,318.07
7,2026-04-01,Repairs & Maintenance,319.51
7,2026-04-01,Management Fee,224.19
7,2026-04-01,Marketing,49.75
7,2026-04-01,Payroll,305.49
7,2026-05-01,Property Tax,642.38
7,2026-05-01,Insurance,246.17
7,2026-05-01,Utilities,386.63
7,2026-05-01,Repairs & Maintenance,472.07
7,2026-05-01,Management Fee,212.47
7,2026-05-01,Marketing,49.92
7,2026-05-01,Payroll,343.62
7,2026-06-01,Property Tax,712.93
7,2026-06-01,Insurance,239.48
7,2026-06-01,Utilities,431.63
7,2026-06-01,Repairs & Maintenance,438.24
7,2026-06-01,Management Fee,273.31
7,2026-06-01,Marketing,48.29
7,2026-06-01,Payroll,339.31
7,2026-07-01,Property Tax,724.31
7,2026-07-01,Insurance,243.39
7,2026-07-01,Utilities,506.0
7,2026-07-01,Repairs & Maintenance,365.94
7,2026-07-01,Management Fee,189.91
7,2026-07-01,Marketing,69.76
7,2026-07-01,Payroll,271.2
7,2026-08-01,Property Tax,816.68
7,2026-08-01,Insurance,237.01
7,2026-08-01,Utilities,537.02
7,2026-08-01,Repairs & Maintenance,409.51
7,2026-08-01,Management Fee,263.2
7,2026-08-01,Marketing,55.84
7,2026-08-01,Payroll,300.88
7,2026-09-01,Property Tax,676.58
7,2026-09-01,Insurance,272.18
7,2026-09-01,Utilities,369.66
7,2026-09-01,Repairs & Maintenance,296.02
7,2026-09-01,Management Fee,251.17
7,2026-09-01,Marketing,60.39
7,2026-09-01,Payroll,346.3
8,2024-01-01,Property Tax,2419.87
8,2024-01-01,Insurance,806.76
8,2024-01-01,Utilities,2061.7
8,2024-01-01,Repairs & Maintenance,1613.76
8,2024-01-01,Management Fee,981.0
8,2024-01-01,Marketing,235.32
8,2024-01-01,Payroll,1150.45
8,2024-02-01,Property Tax,2552.01
8,2024-02-01,Insurance,827.8
8,2024-02-01,Utilities,1764.16
8,2024-02-01,Repairs & Maintenance,1554.12
8,2024-02-01,Management Fee,1131.27
8,2024-02-01,Marketing,200.26
8,2024-02-01,Payroll,1299.34
8,2024-03-01,Property Tax,2356.96
8,2024-03-01,Insurance,973.99
8,2024-03-01,Utilities,1346.17
8,2024-03-01,Repairs & Maintenance,1847.35
8,2024-03-01,Management Fee,1295.28
8,2024-03-01,Marketing,238.76
8,2024-03-01,Payroll,1202.41
8,2024-04-01,Property Tax,2517.13
8,2024-04-01,Insurance,842.58
8,2024-04-01,Utilities,1679.29
8,2024-04-01,Repairs & Maintenance,1724.66
8,2024-04-01,Management Fee,807.35
8,2024-04-01,Marketing,299.39
8,2024-04-01,Payroll,1153.38
8,2024-05-01,Property Tax,2305.89
8,2024-05-01,Insurance,792.16
8,2024-05-01,Utilities,1544.44
8,2024-05-01,Repairs & Maintenance,1461.92
8,2024-05-01,Management Fee,808.1
8,2024-05-01,Marketing,270.58
8,2024-05-01,Payroll,1048.76
8,2024-06-01,Property Tax,2745.08
8,2024-06-01,Insurance,901.23
8,2024-06-01,Utilities,1393.11
8,2024-06-01,Repairs & Maintenance,1609.23
8,2024-06-01,Management Fee,943.81
8,2024-06-01,Marketing,262.69
8,2024-06-01,Payroll,1271.26
8,2024-07-01,Property Tax,2136.34
8,2024-07-01,Insurance,1033.96
8,2024-07-01,Utilities,1719.5
8,2024-07-01,Repairs & Maintenance,1593.73
8,2024-07-01,Management Fee,1056.2
8,2024-07-01,Marketing,205.37
8,2024-07-01,Payroll,1476.76
8,2024-08-01,Property Tax,2716.55
8,2024-08-01,Insurance,851.99
8,2024-08-01,Utilities,1816.75
8,2024-08-01,Repairs & Maintenance,1146.02
8,2024-08-01,Management Fee,955.97
8,2024-08-01,Marketing,218.89
8,2024-08-01,Payroll,1342.1
8,2024-09-01,Property Tax,2733.68
8,2024-09-01,Insurance,777.92
8,2024-09-01,Utilities,1373.41
8,2024-09-01,Repairs & Maintenance,1369.78
8,2024-09-01,Management Fee,1019.98
8,2024-09-01,Marketing,300.08
8,2024-09-01,Payroll,1016.33
8,2024-10-01,Property Tax,2864.27
8,2024-10-01,Insurance,838.76
8,2024-10-01,Utilities,1306.46
8,2024-10-01,Repairs & Maintenance,1727.1
8,2024-10-01,Management Fee,915.09
8,2024-10-01,Marketing,255.69
8,2024-10-01,Payroll,1230.46
8,2024-11-01,Property Tax,2240.87
8,2024-11-01,Insurance,1062.14
8,2024-11-01,Utilities,1493.63
8,2024-11-01,Repairs & Maintenance,1311.7
8,2024-11-01,Management Fee,1064.2
8,2024-11-01,Marketing,230.67
8,2024-11-01,Payroll,1154.89
8,2024-12-01,Property Tax,2461.21
8,2024-12-01,Insurance,869.43
8,2024-12-01,Utilities,1553.98
8,2024-12-01,Repairs & Maintenance,1432.14
8,2024-12-01,Management Fee,1006.51
8,2024-12-01,Marketing,181.37
8,2024-12-01,Payroll,1156.25
8,2025-01-01,Property Tax,2483.24
8,2025-01-01,Insurance,875.01
8,2025-01-01,Utilities,1563.88
8,2025-01-01,Repairs & Maintenance,1725.39
8,2025-01-01,Management Fee,908.69
8,2025-01-01,Marketing,213.29
8,2025-01-01,Payroll,1213.75
8,2025-02-01,Property Tax,2833.19
8,2025-02-01,Insurance,737.05
8,2025-02-01,Utilities,1926.37
8,2025-02-01,Repairs & Maintenance,1760.88
8,2025-02-01,Management Fee,885.8
8,2025-02-01,Marketing,211.51
8,2025-02-01,Payroll,1057.1
8,2025-03-01,Property Tax,2791.84
8,2025-03-01,Insurance,936.36
8,2025-03-01,Utilities,1363.88
8,2025-03-01,Repairs & Maintenance,1624.22
8,2025-03-01,Management Fee,1037.81
8,2025-03-01,Marketing,259.69
8,2025-03-01,Payroll,1051.9
8,2025-04-01,Property Tax,2359.17
8,2025-04-01,Insurance,767.59
8,2025-04-01,Utilities,1312.41
8,2025-04-01,Repairs & Maintenance,1492.72
8,2025-04-01,Management Fee,779.94
8,2025-04-01,Marketing,227.35
8,2025-04-01,Payroll,1055.98
8,2025-05-01,Property Tax,2296.25
8,2025-05-01,Insurance,1122.6
8,2025-05-01,Utilities,1374.78
8,2025-05-01,Repairs & Maintenance,1711.57
8,2025-05-01,Management Fee,969.16
8,2025-05-01,Marketing,250.73
8,2025-05-01,Payroll,1175.16
8,2025-06-01,Property Tax,2415.02
8,2025-06-01,Insurance,1123.12
8,2025-06-01,Utilities,1378.72
8,2025-06-01,Repairs & Maintenance,1447.48
8,2025-06-01,Management Fee,920.65
8,2025-06-01,Marketing,215.58
8,2025-06-01,Payroll,1201.63
8,2025-07-01,Property Tax,2553.97
8,2025-07-01,Insurance,873.04
8,2025-07-01,Utilities,1869.93
8,2025-07-01,Repairs & Maintenance,1336.9
8,2025-07-01,Management Fee,982.76
8,2025-07-01,Marketing,229.2
8,2025-07-01,Payroll,1197.08
8,2025-08-01,Property Tax,3189.31
8,2025-08-01,Insurance,1064.04
8,2025-08-01,Utilities,1841.0
8,2025-08-01,Repairs & Maintenance,1524.95
8,2025-08-01,Management Fee,924.48
8,2025-08-01,Marketing,239.19
8,2025-08-01,Payroll,1110.25
8,2025-09-01,Property Tax,2750.34
8,2025-09-01,Insurance,857.06
8,2025-09-01,Utilities,1685.67
8,2025-09-01,Repairs & Maintenance,1710.59
8,2025-09-01,Management Fee,790.9
8,2025-09-01,Marketing,172.3
8,2025-09-01,Payroll,1475.51
8,2025-10-01,Property Tax,2358.46
8,2025-10-01,Insurance,945.74
8,2025-10-01,Utilities,1673.94
8,2025-10-01,Repairs & Maintenance,1227.63
8,2025-10-01,Management Fee,956.88
8,2025-10-01,Marketing,218.92
8,2025-10-01,Payroll,1194.45
8,2025-11-01,Property Tax,2839.88
8,2025-11-01,Insurance,862.68
8,2025-11-01,Utilities,1408.44
8,2025-11-01,Repairs & Maintenance,1430.97
8,2025-11-01,Management Fee,930.32
8,2025-11-01,Marketing,224.16
8,2025-11-01,Payroll,1142.82
8,2025-12-01,Property Tax,1897.66
8,2025-12-01,Insurance,968.27
8,2025-12-01,Utilities,1703.31
8,2025-12-01,Repairs & Maintenance,1746.2
8,2025-12-01,Management Fee,876.74
8,2025-12-01,Marketing,272.2
8,2025-12-01,Payroll,1467.25
8,2026-01-01,Property Tax,2789.9
8,2026-01-01,Insurance,927.48
8,2026-01-01,Utilities,1659.94
8,2026-01-01,Repairs & Maintenance,1724.21
8,2026-01-01,Management Fee,857.84
8,2026-01-01,Marketing,264.23
8,2026-01-01,Payroll,1179.88
8,2026-02-01,Property Tax,2655.69
8,2026-02-01,Insurance,923.39
8,2026-02-01,Utilities,2174.28
8,2026-02-01,Repairs & Maintenance,1723.11
8,2026-02-01,Management Fee,1049.08
8,2026-02-01,Marketing,249.54
8,2026-02-01,Payroll,1289.93
8,2026-03-01,Property Tax,2151.09
8,2026-03-01,Insurance,988.87
8,2026-03-01,Utilities,1525.19
8,2026-03-01,Repairs & Maintenance,1947.95
8,2026-03-01,Management Fee,675.84
8,2026-03-01,Marketing,197.15
8,2026-03-01,Payroll,1360.6
8,2026-04-01,Property Tax,1985.29
8,2026-04-01,Insurance,833.93
8,2026-04-01,Utilities,1502.05
8,2026-04-01,Repairs & Maintenance,1593.19
8,2026-04-01,Management Fee,964.96
8,2026-04-01,Marketing,243.91
8,2026-04-01,Payroll,1325.23
8,2026-05-01,Property Tax,2615.73
8,2026-05-01,Insurance,846.05
8,2026-05-01,Utilities,1465.22
8,2026-05-01,Repairs & Maintenance,1314.7
8,2026-05-01,Management Fee,1206.03
8,2026-05-01,Marketing,191.5
8,2026-05-01,Payroll,1214.03
8,2026-06-01,Property Tax,1910.69
8,2026-06-01,Insurance,1134.7
8,2026-06-01,Utilities,1485.87
8,2026-06-01,Repairs & Maintenance,2005.47
8,2026-06-01,Management Fee,1149.13
8,2026-06-01,Marketing,216.06
8,2026-06-01,Payroll,1248.79
8,2026-07-01,Property Tax,2154.08
8,2026-07-01,Insurance,1086.34
8,2026-07-01,Utilities,1736.71
8,2026-07-01,Repairs & Maintenance,1653.34
8,2026-07-01,Management Fee,825.68
8,2026-07-01,Marketing,265.86
8,2026-07-01,Payroll,1314.6
8,2026-08-01,Property Tax,2714.76
8,2026-08-01,Insurance,854.69
8,2026-08-01,Utilities,1735.8
8,2026-08-01,Repairs & Maintenance,1811.7
8,2026-08-01,Management Fee,751.75
8,2026-08-01,Marketing,250.17
8,2026-08-01,Payroll,1011.93
8,2026-09-01,Property Tax,2792.54
8,2026-09-01,Insurance,971.73
8,2026-09-01,Utilities,1039.26
8,2026-09-01,Repairs & Maintenance,1723.97
8,2026-09-01,Management Fee,887.78
8,2026-09-01,Marketing,199.77
8,2026-09-01,Payroll,1106.64
9,2024-01-01,Property Tax,416.24
9,2024-01-01,Insurance,189.0
9,2024-01-01,Utilities,345.73
9,2024-01-01,Repairs & Maintenance,409.61
9,2024-01-01,Management Fee,181.02
9,2024-01-01,Marketing,43.8
9,2024-01-01,Payroll,229.5
9,2024-02-01,Property Tax,577.77
9,2024-02-01,Insurance,162.86
9,2024-02-01,Utilities,402.18
9,2024-02-01,Repairs & Maintenance,425.59
9,2024-02-01,Management Fee,227.87
9,2024-02-01,Marketing,38.13
9,2024-02-01,Payroll,221.39
9,2024-03-01,Property Tax,485.13
9,2024-03-01,Insurance,174.49
9,2024-03-01,Utilities,243.5
9,2024-03-01,Repairs & Maintenance,460.3
9,2024-03-01,Management Fee,143.88
9,2024-03-01,Marketing,45.32
9,2024-03-01,Payroll,254.35
9,2024-04-01,Property Tax,480.8
9,2024-04-01,Insurance,206.7
9,2024-04-01,Utilities,308.64
9,2024-04-01,Repairs & Maintenance,354.51
9,2024-04-01,Management Fee,193.67
9,2024-04-01,Marketing,42.47
9,2024-04-01,Payroll,268.32
9,2024-05-01,Property Tax,567.79
9,2024-05-01,Insurance,177.31
9,2024-05-01,Utilities,292.22
9,2024-05-01,Repairs & Maintenance,381.19
9,2024-05-01,Management Fee,158.39
9,2024-05-01,Marketing,43.8
9,2024-05-01,Payroll,254.66
9,2024-06-01,Property Tax,553.39
9,2024-06-01,Insurance,194.51
9,2024-06-01,Utilities,303.23
9,2024-06-01,Repairs & Maintenance,406.62
9,2024-06-01,Management Fee,231.47
9,2024-06-01,Marketing,56.86
9,2024-06-01,Payroll,206.32
9,2024-07-01,Property Tax,464.06
9,2024-07-01,Insurance,182.06
9,2024-07-01,Utilities,399.37
9,2024-07-01,Repairs & Maintenance,399.89
9,2024-07-01,Management Fee,158.28
9,2024-07-01,Marketing,43.1
9,2024-07-01,Payroll,265.31
9,2024-08-01,Property Tax,392.8
9,2024-08-01,Insurance,187.95
9,2024-08-01,Utilities,312.11
9,2024-08-01,Repairs & Maintenance,416.73
9,2024-08-01,Management Fee,203.77
9,2024-08-01,Marketing,42.82
9,2024-08-01,Payroll,240.78
9,2024-09-01,Property Tax,476.08
9,2024-09-01,Insurance,169.27
9,2024-09-01,Utilities,260.55
9,2024-09-01,Repairs & Maintenance,351.22
9,2024-09-01,Management Fee,150.96
9,2024-09-01,Marketing,47.76
9,2024-09-01,Payroll,223.39
9,2024-10-01,Property Tax,455.92
9,2024-10-01,Insurance,185.44
9,2024-10-01,Utilities,291.96
9,2024-10-01,Repairs & Maintenance,485.43
9,2024-10-01,Management Fee,190.8
9,2024-10-01,Marketing,57.16
9,2024-10-01,Payroll,277.36
9,2024-11-01,Property Tax,478.03
9,2024-11-01,Insurance,202.17
9,2024-11-01,Utilities,293.08
9,2024-11-01,Repairs & Maintenance,334.33
9,2024-11-01,Management Fee,219.45
9,2024-11-01,Marketing,53.9
9,2024-11-01,Payroll,269.73
9,2024-12-01,Property Tax,593.18
9,2024-12-01,Insurance,189.91
9,2024-12-01,Utilities,290.67
9,2024-12-01,Repairs & Maintenance,522.44
9,2024-12-01,Management Fee,156.08
9,2024-12-01,Marketing,43.15
9,2024-12-01,Payroll,234.56
9,2025-01-01,Property Tax,583.9
9,2025-01-01,Insurance,199.95
9,2025-01-01,Utilities,383.59
9,2025-01-01,Repairs & Maintenance,448.15
9,2025-01-01,Management Fee,212.7
9,2025-01-01,Marketing,48.53
9,2025-01-01,Payroll,236.5
9,2025-02-01,Property Tax,467.57
9,2025-02-01,Insurance,224.83
9,2025-02-01,Utilities,253.02
9,2025-02-01,Repairs & Maintenance,451.58
9,2025-02-01,Management Fee,161.16
9,2025-02-01,Marketing,38.2
9,2025-02-01,Payroll,243.5
9,2025-03-01,Property Tax,568.07
9,2025-03-01,Insurance,178.47
9,2025-03-01,Utilities,265.93
9,2025-03-01,Repairs & Maintenance,518.63
9,2025-03-01,Management Fee,195.65
9,2025-03-01,Marketing,49.72
9,2025-03-01,Payroll,288.64
9,2025-04-01,Property Tax,510.74
9,2025-04-01,Insurance,165.32
9,2025-04-01,Utilities,327.94
9,2025-04-01,Repairs & Maintenance,457.83
9,2025-04-01,Management Fee,159.56
9,2025-04-01,Marketing,43.93
9,2025-04-01,Payroll,239.18
9,2025-05-01,Property Tax,673.44
9,2025-05-01,Insurance,193.5
9,2025-05-01,Utilities,283.09
9,2025-05-01,Repairs & Maintenance,371.28
9,2025-05-01,Management Fee,194.46
9,2025-05-01,Marketing,60.29
9,2025-05-01,Payroll,218.54
9,2025-06-01,Property Tax,504.33
9,2025-06-01,Insurance,203.53
9,2025-06-01,Utilities,255.36
9,2025-06-01,Repairs & Maintenance,488.9
9,2025-06-01,Management Fee,210.93
9,2025-06-01,Marketing,40.4
9,2025-06-01,Payroll,223.05
9,2025-07-01,Property Tax,497.05
9,2025-07-01,Insurance,192.15
9,2025-07-01,Utilities,359.05
9,2025-07-01,Repairs & Maintenance,445.86
9,2025-07-01,Management Fee,238.55
9,2025-07-01,Marketing,44.31
9,2025-07-01,Payroll,221.97
9,2025-08-01,Property Tax,479.66
9,2025-08-01,Insurance,167.63
9,2025-08-01,Utilities,403.14
9,2025-08-01,Repairs & Maintenance,398.3
9,2025-08-01,Management Fee,186.99
9,2025-08-01,Marketing,38.7
9,2025-08-01,Payroll,247.72
9,2025-09-01,Property Tax,480.49
9,2025-09-01,Insurance,185.37
9,2025-09-01,Utilities,267.67
9,2025-09-01,Repairs & Maintenance,426.75
9,2025-09-01,Management Fee,163.19
9,2025-09-01,Marketing,57.46
9,2025-09-01,Payroll,224.98
9,2025-10-01,Property Tax,519.24
9,2025-10-01,Insurance,226.36
9,2025-10-01,Utilities,272.29
9,2025-10-01,Repairs & Maintenance,368.35
9,2025-10-01,Management Fee,202.61
9,2025-10-01,Marketing,50.05
9,2025-10-01,Payroll,166.22
9,2025-11-01,Property Tax,628.83
9,2025-11-01,Insurance,236.17
9,2025-11-01,Utilities,339.75
9,2025-11-01,Repairs & Maintenance,370.57
9,2025-11-01,Management Fee,197.79
9,2025-11-01,Marketing,54.9
9,2025-11-01,Payroll,278.1
9,2025-12-01,Property Tax,478.36
9,2025-12-01,Insurance,226.38
9,2025-12-01,Utilities,319.27
9,2025-12-01,Repairs & Maintenance,420.63
9,2025-12-01,Management Fee,181.3
9,2025-12-01,Marketing,57.88
9,2025-12-01,Payroll,207.3
9,2026-01-01,Property Tax,622.18
9,2026-01-01,Insurance,178.09
9,2026-01-01,Utilities,337.55
9,2026-01-01,Repairs & Maintenance,394.88
9,2026-01-01,Management Fee,169.41
9,2026-01-01,Marketing,53.17
9,2026-01-01,Payroll,263.47
9,2026-02-01,Property Tax,567.65
9,2026-02-01,Insurance,182.44
9,2026-02-01,Utilities,420.82
9,2026-02-01,Repairs & Maintenance,467.42
9,2026-02-01,Management Fee,199.98
9,2026-02-01,Marketing,55.4
9,2026-02-01,Payroll,239.87
9,2026-03-01,Property Tax,508.45
9,2026-03-01,Insurance,204.15
9,2026-03-01,Utilities,214.45
9,2026-03-01,Repairs & Maintenance,471.36
9,2026-03-01,Management Fee,197.17
9,2026-03-01,Marketing,46.18
9,2026-03-01,Payroll,281.37
9,2026-04-01,Property Tax,534.9
9,2026-04-01,Insurance,175.56
9,2026-04-01,Utilities,356.4
9,2026-04-01,Repairs & Maintenance,378.87
9,2026-04-01,Management Fee,184.81
9,2026-04-01,Marketing,40.99
9,2026-04-01,Payroll,215.86
9,2026-05-01,Property Tax,524.9
9,2026-05-01,Insurance,208.17
9,2026-05-01,Utilities,343.29
9,2026-05-01,Repairs & Maintenance,494.19
9,2026-05-01,Management Fee,194.99
9,2026-05-01,Marketing,46.76
9,2026-05-01,Payroll,230.53
9,2026-06-01,Property Tax,401.94
9,2026-06-01,Insurance,185.49
9,2026-06-01,Utilities,349.86
9,2026-06-01,Repairs & Maintenance,390.23
9,2026-06-01,Management Fee,170.01
9,2026-06-01,Marketing,47.94
9,2026-06-01,Payroll,197.8
9,2026-07-01,Property Tax,445.63
9,2026-07-01,Insurance,178.41
9,2026-07-01,Utilities,366.25
9,2026-07-01,Repairs & Maintenance,330.59
9,2026-07-01,Management Fee,201.02
9,2026-07-01,Marketing,54.08
9,2026-07-01,Payroll,197.89
9,2026-08-01,Property Tax,638.16
9,2026-08-01,Insurance,189.23
9,2026-08-01,Utilities,411.2
9,2026-08-01,Repairs & Maintenance,453.61
9,2026-08-01,Management Fee,157.85
9,2026-08-01,Marketing,53.63
9,2026-08-01,Payroll,190.51
9,2026-09-01,Property Tax,496.04
9,2026-09-01,Insurance,194.49
9,2026-09-01,Utilities,349.7
9,2026-09-01,Repairs & Maintenance,454.29
9,2026-09-01,Management Fee,218.49
9,2026-09-01,Marketing,41.03
9,2026-09-01,Payroll,238.14
10,2024-01-01,Property Tax,7766.1
10,2024-01-01,Insurance,2850.89
10,2024-01-01,Utilities,4716.98
10,2024-01-01,Repairs & Maintenance,6073.29
10,2024-01-01,Management Fee,2244.58
10,2024-01-01,Marketing,735.55
10,2024-01-01,Payroll,4080.22
10,2024-02-01,Property Tax,6785.8
10,2024-02-01,Insurance,2741.03
10,2024-02-01,Utilities,5459.17
10,2024-02-01,Repairs & Maintenance,5318.23
10,2024-02-01,Management Fee,3660.57
10,2024-02-01,Marketing,875.43
10,2024-02-01,Payroll,4125.45
10,2024-03-01,Property Tax,8717.13
10,2024-03-01,Insurance,2976.85
10,2024-03-01,Utilities,3905.35
10,2024-03-01,Repairs & Maintenance,5121.27
10,2024-03-01,Management Fee,2490.13
10,2024-03-01,Marketing,687.95
10,2024-03-01,Payroll,4613.96
10,2024-04-01,Property Tax,6518.48
10,2024-04-01,Insurance,2543.63
10,2024-04-01,Utilities,4294.78
10,2024-04-01,Repairs & Maintenance,6066.77
10,2024-04-01,Management Fee,2878.55
10,2024-04-01,Marketing,810.58
10,2024-04-01,Payroll,3175.02
10,2024-05-01,Property Tax,7242.36
10,2024-05-01,Insurance,2978.1
10,2024-05-01,Utilities,4776.58
10,2024-05-01,Repairs & Maintenance,5879.21
10,2024-05-01,Management Fee,2886.91
10,2024-05-01,Marketing,809.99
10,2024-05-01,Payroll,3493.02
10,2024-06-01,Property Tax,8970.09
10,2024-06-01,Insurance,2844.53
10,2024-06-01,Utilities,4081.78
10,2024-06-01,Repairs & Maintenance,3957.69
10,2024-06-01,Management Fee,3457.27
10,2024-06-01,Marketing,680.83
10,2024-06-01,Payroll,4049.0
10,2024-07-01,Property Tax,9230.33
10,2024-07-01,Insurance,3128.23
10,2024-07-01,Utilities,4509.75
10,2024-07-01,Repairs & Maintenance,4171.28
10,2024-07-01,Management Fee,2654.99
10,2024-07-01,Marketing,675.12
10,2024-07-01,Payroll,3333.45
10,2024-08-01,Property Tax,7839.77
10,2024-08-01,Insurance,2895.34
10,2024-08-01,Utilities,5495.56
10,2024-08-01,Repairs & Maintenance,6152.57
10,2024-08-01,Management Fee,3259.15
10,2024-08-01,Marketing,796.73
10,2024-08-01,Payroll,3429.07
10,2024-09-01,Property Tax,9318.66
10,2024-09-01,Insurance,3511.7
10,2024-09-01,Utilities,4390.96
10,2024-09-01,Repairs & Maintenance,6617.12
10,2024-09-01,Management Fee,3271.35
10,2024-09-01,Marketing,856.55
10,2024-09-01,Payroll,4052.92
10,2024-10-01,Property Tax,7092.49
10,2024-10-01,Insurance,3505.01
10,2024-10-01,Utilities,4088.4
10,2024-10-01,Repairs & Maintenance,4573.01
10,2024-10-01,Management Fee,2516.37
10,2024-10-01,Marketing,715.84
10,2024-10-01,Payroll,3725.94
10,2024-11-01,Property Tax,8560.69
10,2024-11-01,Insurance,2986.84
10,2024-11-01,Utilities,4727.89
10,2024-11-01,Repairs & Maintenance,4503.74
10,2024-11-01,Management Fee,3132.96
10,2024-11-01,Marketing,861.24
10,2024-11-01,Payroll,3065.58
10,2024-12-01,Property Tax,8276.0
10,2024-12-01,Insurance,2961.29
10,2024-12-01,Utilities,5313.3
10,2024-12-01,Repairs & Maintenance,5531.17
10,2024-12-01,Management Fee,2586.91
10,2024-12-01,Marketing,639.15
10,2024-12-01,Payroll,3120.85
10,2025-01-01,Property Tax,7535.45
10,2025-01-01,Insurance,2848.85
10,2025-01-01,Utilities,5398.46
10,2025-01-01,Repairs & Maintenance,6371.72
10,2025-01-01,Management Fee,3236.47
10,2025-01-01,Marketing,634.67
10,2025-01-01,Payroll,3678.17
10,2025-02-01,Property Tax,9102.12
10,2025-02-01,Insurance,2625.08
10,2025-02-01,Utilities,4488.96
10,2025-02-01,Repairs & Maintenance,4645.34
10,2025-02-01,Management Fee,3076.69
10,2025-02-01,Marketing,728.94
10,2025-02-01,Payroll,3764.89
10,2025-03-01,Property Tax,7366.05
10,2025-03-01,Insurance,3526.43
10,2025-03-01,Utilities,3229.62
10,2025-03-01,Repairs & Maintenance,4385.63
10,2025-03-01,Management Fee,2443.19
10,2025-03-01,Marketing,777.36
10,2025-03-01,Payroll,3244.37
10,2025-04-01,Property Tax,8263.96
10,2025-04-01,Insurance,3316.47
10,2025-04-01,Utilities,4314.15
10,2025-04-01,Repairs & Maintenance,6244.88
10,2025-04-01,Management Fee,2705.53
10,2025-04-01,Marketing,658.66
10,2025-04-01,Payroll,3911.48
10,2025-05-01,Property Tax,6849.74
10,2025-05-01,Insurance,2778.5
10,2025-05-01,Utilities,4145.89
10,2025-05-01,Repairs & Maintenance,5298.99
10,2025-05-01,Management Fee,2663.5
10,2025-05-01,Marketing,727.19
10,2025-05-01,Payroll,4613.44
10,2025-06-01,Property Tax,8566.1
10,2025-06-01,Insurance,2338.14
10,2025-06-01,Utilities,4091.85
10,2025-06-01,Repairs & Maintenance,4893.08
10,2025-06-01,Management Fee,3164.77
10,2025-06-01,Marketing,773.33
10,2025-06-01,Payroll,3492.05
10,2025-07-01,Property Tax,7800.8
10,2025-07-01,Insurance,2099.4
10,2025-07-01,Utilities,7163.43
10,2025-07-01,Repairs & Maintenance,5347.99
10,2025-07-01,Management Fee,2517.5
10,2025-07-01,Marketing,765.86
10,2025-07-01,Payroll,4009.75
10,2025-08-01,Property Tax,7586.66
10,2025-08-01,Insurance,2920.45
10,2025-08-01,Utilities,5158.94
10,2025-08-01,Repairs & Maintenance,5406.69
10,2025-08-01,Management Fee,3610.24
10,2025-08-01,Marketing,666.15
10,2025-08-01,Payroll,4437.62
10,2025-09-01,Property Tax,9988.22
10,2025-09-01,Insurance,2796.87
10,2025-09-01,Utilities,3649.65
10,2025-09-01,Repairs & Maintenance,4977.41
10,2025-09-01,Management Fee,3717.51
10,2025-09-01,Marketing,712.43
10,2025-09-01,Payroll,3006.85
10,2025-10-01,Property Tax,8054.68
10,2025-10-01,Insurance,2956.39
10,2025-10-01,Utilities,3841.63
10,2025-10-01,Repairs & Maintenance,4813.95
10,2025-10-01,Management Fee,2856.58
10,2025-10-01,Marketing,623.88
10,2025-10-01,Payroll,3784.49
10,2025-11-01,Property Tax,7800.15
10,2025-11-01,Insurance,2233.49
10,2025-11-01,Utilities,3480.11
10,2025-11-01,Repairs & Maintenance,5797.64
10,2025-11-01,Management Fee,3021.2
10,2025-11-01,Marketing,728.99
10,2025-11-01,Payroll,2833.9
10,2025-12-01,Property Tax,8686.06
10,2025-12-01,Insurance,2618.64
10,2025-12-01,Utilities,4966.1
10,2025-12-01,Repairs & Maintenance,6515.37
10,2025-12-01,Management Fee,3324.81
10,2025-12-01,Marketing,588.35
10,2025-12-01,Payroll,3042.71
10,2026-01-01,Property Tax,7237.54
10,2026-01-01,Insurance,2941.07
10,2026-01-01,Utilities,4809.51
10,2026-01-01,Repairs & Maintenance,5192.87
10,2026-01-01,Management Fee,2837.11
10,2026-01-01,Marketing,770.47
10,2026-01-01,Payroll,3646.99
10,2026-02-01,Property Tax,6861.99
10,2026-02-01,Insurance,2802.46
10,2026-02-01,Utilities,6427.03
10,2026-02-01,Repairs & Maintenance,4785.36
10,2026-02-01,Management Fee,2957.23
10,2026-02-01,Marketing,805.39
10,2026-02-01,Payroll,3049.35
10,2026-03-01,Property Tax,7435.18
10,2026-03-01,Insurance,2446.92
10,2026-03-01,Utilities,4282.92
10,2026-03-01,Repairs & Maintenance,6608.93
10,2026-03-01,Management Fee,2424.17
10,2026-03-01,Marketing,690.56
10,2026-03-01,Payroll,3088.09
10,2026-04-01,Property Tax,8689.38
10,2026-04-01,Insurance,2728.6
10,2026-04-01,Utilities,3922.96
10,2026-04-01,Repairs & Maintenance,6213.91
10,2026-04-01,Management Fee,3314.76
10,2026-04-01,Marketing,778.34
10,2026-04-01,Payroll,3253.18
10,2026-05-01,Property Tax,6338.04
10,2026-05-01,Insurance,2495.63
10,2026-05-01,Utilities,3902.06
10,2026-05-01,Repairs & Maintenance,5464.04
10,2026-05-01,Management Fee,2472.9
10,2026-05-01,Marketing,738.68
10,2026-05-01,Payroll,4029.17
10,2026-06-01,Property Tax,7938.14
10,2026-06-01,Insurance,3433.58
10,2026-06-01,Utilities,4361.93
10,2026-06-01,Repairs & Maintenance,4571.34
10,2026-06-01,Management Fee,2936.23
10,2026-06-01,Marketing,696.68
10,2026-06-01,Payroll,3326.86
10,2026-07-01,Property Tax,6628.89
10,2026-07-01,Insurance,2972.43
10,2026-07-01,Utilities,4617.94
10,2026-07-01,Repairs & Maintenance,6572.34
10,2026-07-01,Management Fee,2997.53
10,2026-07-01,Marketing,629.11
10,2026-07-01,Payroll,3285.01
10,2026-08-01,Property Tax,7158.04
10,2026-08-01,Insurance,2853.68
10,2026-08-01,Utilities,6007.77
10,2026-08-01,Repairs & Maintenance,6440.38
10,2026-08-01,Management Fee,2658.33
10,2026-08-01,Marketing,711.73
10,2026-08-01,Payroll,4134.57
10,2026-09-01,Property Tax,9675.15
10,2026-09-01,Insurance,3048.31
10,2026-09-01,Utilities,5345.16
10,2026-09-01,Repairs & Maintenance,5282.63
10,2026-09-01,Management Fee,3093.31
10,2026-09-01,Marketing,684.95
10,2026-09-01,Payroll,3773.56
11,2024-01-01,Property Tax,1026.28
11,2024-01-01,Insurance,366.3
11,2024-01-01,Utilities,581.96
11,2024-01-01,Repairs & Maintenance,598.62
11,2024-01-01,Management Fee,396.98
11,2024-01-01,Marketing,78.36
11,2024-01-01,Payroll,370.51
11,2024-02-01,Property Tax,1156.97
11,2024-02-01,Insurance,259.99
11,2024-02-01,Utilities,641.17
11,2024-02-01,Repairs & Maintenance,658.06
11,2024-02-01,Management Fee,294.6
11,2024-02-01,Marketing,88.98
11,2024-02-01,Payroll,483.09
11,2024-03-01,Property Tax,1066.24
11,2024-03-01,Insurance,348.51
11,2024-03-01,Utilities,505.1
11,2024-03-01,Repairs & Maintenance,635.38
11,2024-03-01,Management Fee,464.93
11,2024-03-01,Marketing,111.88
11,2024-03-01,Payroll,439.19
11,2024-04-01,Property Tax,1043.23
11,2024-04-01,Insurance,424.07
11,2024-04-01,Utilities,517.31
11,2024-04-01,Repairs & Maintenance,704.54
11,2024-04-01,Management Fee,368.42
11,2024-04-01,Marketing,102.42
11,2024-04-01,Payroll,515.49
11,2024-05-01,Property Tax,1089.95
11,2024-05-01,Insurance,383.46
11,2024-05-01,Utilities,485.04
11,2024-05-01,Repairs & Maintenance,803.49
11,2024-05-01,Management Fee,354.06
11,2024-05-01,Marketing,82.74
11,2024-05-01,Payroll,376.2
11,2024-06-01,Property Tax,922.13
11,2024-06-01,Insurance,364.95
11,2024-06-01,Utilities,657.97
11,2024-06-01,Repairs & Maintenance,642.38
11,2024-06-01,Management Fee,332.64
11,2024-06-01,Marketing,102.66
11,2024-06-01,Payroll,284.37
11,2024-07-01,Property Tax,822.9
11,2024-07-01,Insurance,329.17
11,2024-07-01,Utilities,617.31
11,2024-07-01,Repairs & Maintenance,626.04
11,2024-07-01,Management Fee,375.92
11,2024-07-01,Marketing,96.68
11,2024-07-01,Payroll,457.6
11,2024-08-01,Property Tax,967.89
11,2024-08-01,Insurance,391.11
11,2024-08-01,Utilities,635.26
11,2024-08-01,Repairs & Maintenance,630.1
11,2024-08-01,Management Fee,377.88
11,2024-08-01,Marketing,98.85
11,2024-08-01,Payroll,495.96
11,2024-09-01,Property Tax,995.3
11,2024-09-01,Insurance,301.72
11,2024-09-01,Utilities,605.14
11,2024-09-01,Repairs & Maintenance,683.93
11,2024-09-01,Management Fee,360.53
11,2024-09-01,Marketing,76.44
11,2024-09-01,Payroll,285.56
11,2024-10-01,Property Tax,893.45
11,2024-10-01,Insurance,320.73
11,2024-10-01,Utilities,445.52
11,2024-10-01,Repairs & Maintenance,627.73
11,2024-10-01,Management Fee,373.81
11,2024-10-01,Marketing,97.2
11,2024-10-01,Payroll,448.07
11,2024-11-01,Property Tax,1168.59
11,2024-11-01,Insurance,339.56
11,2024-11-01,Utilities,526.94
11,2024-11-01,Repairs & Maintenance,681.38
11,2024-11-01,Management Fee,281.9
11,2024-11-01,Marketing,86.68
11,2024-11-01,Payroll,470.19
11,2024-12-01,Property Tax,960.65
11,2024-12-01,Insurance,416.9
11,2024-12-01,Utilities,822.12
11,2024-12-01,Repairs & Maintenance,649.51
11,2024-12-01,Management Fee,354.98
11,2024-12-01,Marketing,87.66
11,2024-12-01,Payroll,490.55
11,2025-01-01,Property Tax,890.13
11,2025-01-01,Insurance,367.92
11,2025-01-01,Utilities,586.45
11,2025-01-01,Repairs & Maintenance,652.16
11,2025-01-01,Management Fee,391.7
11,2025-01-01,Marketing,87.97
11,2025-01-01,Payroll,485.4
11,2025-02-01,Property Tax,1067.38
11,2025-02-01,Insurance,333.86
11,2025-02-01,Utilities,453.69
11,2025-02-01,Repairs & Maintenance,640.13
11,2025-02-01,Management Fee,276.01
11,2025-02-01,Marketing,76.89
11,2025-02-01,Payroll,473.99
11,2025-03-01,Property Tax,1132.47
11,2025-03-01,Insurance,358.0
11,2025-03-01,Utilities,601.18
11,2025-03-01,Repairs & Maintenance,596.69
11,2025-03-01,Management Fee,431.97
11,2025-03-01,Marketing,74.08
11,2025-03-01,Payroll,389.06
11,2025-04-01,Property Tax,1072.92
11,2025-04-01,Insurance,348.57
11,2025-04-01,Utilities,547.28
11,2025-04-01,Repairs & Maintenance,718.61
11,2025-04-01,Management Fee,339.9
11,2025-04-01,Marketing,69.8
11,2025-04-01,Payroll,480.56
11,2025-05-01,Property Tax,983.36
11,2025-05-01,Insurance,332.16
11,2025-05-01,Utilities,448.71
11,2025-05-01,Repairs & Maintenance,663.93
11,2025-05-01,Management Fee,330.66
11,2025-05-01,Marketing,93.05
11,2025-05-01,Payroll,408.93
11,2025-06-01,Property Tax,856.5
11,2025-06-01,Insurance,301.25
11,2025-06-01,Utilities,573.24
11,2025-06-01,Repairs & Maintenance,598.25
11,2025-06-01,Management Fee,365.97
11,2025-06-01,Marketing,73.02
11,2025-06-01,Payroll,455.38
11,2025-07-01,Property Tax,975.56
11,2025-07-01,Insurance,376.92
11,2025-07-01,Utilities,715.95
11,2025-07-01,Repairs & Maintenance,697.4
11,2025-07-01,Management Fee,386.05
11,2025-07-01,Marketing,109.1
11,2025-07-01,Payroll,454.15
11,2025-08-01,Property Tax,1188.29
11,2025-08-01,Insurance,300.25
11,2025-08-01,Utilities,724.89
11,2025-08-01,Repairs & Maintenance,751.84
11,2025-08-01,Management Fee,361.08
11,2025-08-01,Marketing,91.33
11,2025-08-01,Payroll,416.21
11,2025-09-01,Property Tax,1087.53
11,2025-09-01,Insurance,385.27
11,2025-09-01,Utilities,533.59
11,2025-09-01,Repairs & Maintenance,591.75
11,2025-09-01,Management Fee,388.54
11,2025-09-01,Marketing,75.03
11,2025-09-01,Payroll,518.3
11,2025-10-01,Property Tax,857.12
11,2025-10-01,Insurance,351.05
11,2025-10-01,Utilities,589.07
11,2025-10-01,Repairs & Maintenance,702.38
11,2025-10-01,Management Fee,367.46
11,2025-10-01,Marketing,103.68
11,2025-10-01,Payroll,517.93
11,2025-11-01,Property Tax,903.38
11,2025-11-01,Insurance,332.67
11,2025-11-01,Utilities,623.03
11,2025-11-01,Repairs & Maintenance,670.16
11,2025-11-01,Management Fee,361.51
11,2025-11-01,Marketing,90.79
11,2025-11-01,Payroll,562.15
11,2025-12-01,Property Tax,1190.11
11,2025-12-01,Insurance,321.99
11,2025-12-01,Utilities,747.31
11,2025-12-01,Repairs & Maintenance,517.21
11,2025-12-01,Management Fee,340.87
11,2025-12-01,Marketing,99.7
11,2025-12-01,Payroll,429.58
11,2026-01-01,Property Tax,1031.41
11,2026-01-01,Insurance,416.02
11,2026-01-01,Utilities,587.99
11,2026-01-01,Repairs & Maintenance,613.8
11,2026-01-01,Management Fee,421.41
11,2026-01-01,Marketing,91.37
11,2026-01-01,Payroll,468.49
11,2026-02-01,Property Tax,1013.58
11,2026-02-01,Insurance,372.16
11,2026-02-01,Utilities,587.62
11,2026-02-01,Repairs & Maintenance,767.62
11,2026-02-01,Management Fee,341.13
11,2026-02-01,Marketing,82.47
11,2026-02-01,Payroll,484.04
11,2026-03-01,Property Tax,819.49
11,2026-03-01,Insurance,364.09
11,2026-03-01,Utilities,520.25
11,2026-03-01,Repairs & Maintenance,538.65
11,2026-03-01,Management Fee,355.99
11,2026-03-01,Marketing,105.1
11,2026-03-01,Payroll,447.87
11,2026-04-01,Property Tax,972.14
11,2026-04-01,Insurance,318.19
11,2026-04-01,Utilities,376.26
11,2026-04-01,Repairs & Maintenance,507.77
11,2026-04-01,Management Fee,292.94
11,2026-04-01,Marketing,110.35
11,2026-04-01,Payroll,440.02
11,2026-05-01,Property Tax,1047.87
11,2026-05-01,Insurance,414.5
11,2026-05-01,Utilities,553.95
11,2026-05-01,Repairs & Maintenance,648.5
11,2026-05-01,Management Fee,413.56
11,2026-05-01,Marketing,86.55
11,2026-05-01,Payroll,501.95
11,2026-06-01,Property Tax,959.35
11,2026-06-01,Insurance,386.51
11,2026-06-01,Utilities,508.72
11,2026-06-01,Repairs & Maintenance,713.21
11,2026-06-01,Management Fee,357.84
11,2026-06-01,Marketing,89.49
11,2026-06-01,Payroll,504.57
11,2026-07-01,Property Tax,1057.31
11,2026-07-01,Insurance,364.6
11,2026-07-01,Utilities,731.1
11,2026-07-01,Repairs & Maintenance,643.52
11,2026-07-01,Management Fee,404.62
11,2026-07-01,Marketing,82.82
11,2026-07-01,Payroll,508.12
11,2026-08-01,Property Tax,836.45
11,2026-08-01,Insurance,329.44
11,2026-08-01,Utilities,762.83
11,2026-08-01,Repairs & Maintenance,491.4
11,2026-08-01,Management Fee,404.71
11,2026-08-01,Marketing,79.93
11,2026-08-01,Payroll,518.07
11,2026-09-01,Property Tax,911.17
11,2026-09-01,Insurance,347.43
11,2026-09-01,Utilities,528.08
11,2026-09-01,Repairs & Maintenance,704.3
11,2026-09-01,Management Fee,371.19
11,2026-09-01,Marketing,95.98
11,2026-09-01,Payroll,439.56
12,2024-01-01,Property Tax,13318.1
12,2024-01-01,Insurance,4910.71
12,2024-01-01,Utilities,8436.97
12,2024-01-01,Repairs & Maintenance,9414.84
12,2024-01-01,Management Fee,4813.75
12,2024-01-01,Marketing,930.89
12,2024-01-01,Payroll,5428.64
12,2024-02-01,Property Tax,12132.53
12,2024-02-01,Insurance,5557.92
12,2024-02-01,Utilities,9670.63
12,2024-02-01,Repairs & Maintenance,8097.7
12,2024-02-01,Management Fee,6115.87
12,2024-02-01,Marketing,1293.85
12,2024-02-01,Payroll,5524.24
12,2024-03-01,Property Tax,16317.71
12,2024-03-01,Insurance,5510.22
12,2024-03-01,Utilities,7082.32
12,2024-03-01,Repairs & Maintenance,10754.02
12,2024-03-01,Management Fee,5485.07
12,2024-03-01,Marketing,1468.53
12,2024-03-01,Payroll,6170.13
12,2024-04-01,Property Tax,14631.5
12,2024-04-01,Insurance,5537.0
12,2024-04-01,Utilities,5320.8
12,2024-04-01,Repairs & Maintenance,7533.42
12,2024-04-01,Management Fee,5675.14
12,2024-04-01,Marketing,1349.74
12,2024-04-01,Payroll,7656.0
12,2024-05-01,Property Tax,11134.7
12,2024-05-01,Insurance,6065.25
12,2024-05-01,Utilities,8221.77
12,2024-05-01,Repairs & Maintenance,7002.8
12,2024-05-01,Management Fee,5603.59
12,2024-05-01,Marketing,1420.62
12,2024-05-01,Payroll,6916.26
12,2024-06-01,Property Tax,16747.65
12,2024-06-01,Insurance,5637.88
12,2024-06-01,Utilities,6946.13
12,2024-06-01,Repairs & Maintenance,10368.66
12,2024-06-01,Management Fee,5425.2
12,2024-06-01,Marketing,1749.95
12,2024-06-01,Payroll,7198.34
12,2024-07-01,Property Tax,14957.15
12,2024-07-01,Insurance,4081.68
12,2024-07-01,Utilities,11518.63
12,2024-07-01,Repairs & Maintenance,8746.34
12,2024-07-01,Management Fee,5189.83
12,2024-07-01,Marketing,1267.16
12,2024-07-01,Payroll,5992.03
12,2024-08-01,Property Tax,16183.55
12,2024-08-01,Insurance,5019.94
12,2024-08-01,Utilities,8489.3
12,2024-08-01,Repairs & Maintenance,8869.78
12,2024-08-01,Management Fee,4762.85
12,2024-08-01,Marketing,1120.11
12,2024-08-01,Payroll,7180.57
12,2024-09-01,Property Tax,13379.1
12,2024-09-01,Insurance,6201.43
12,2024-09-01,Utilities,9247.19
12,2024-09-01,Repairs & Maintenance,11164.37
12,2024-09-01,Management Fee,5147.9
12,2024-09-01,Marketing,1333.57
12,2024-09-01,Payroll,7699.57
12,2024-10-01,Property Tax,18082.16
12,2024-10-01,Insurance,4675.13
12,2024-10-01,Utilities,7425.54
12,2024-10-01,Repairs & Maintenance,8019.98
12,2024-10-01,Management Fee,5391.1
12,2024-10-01,Marketing,1398.8
12,2024-10-01,Payroll,6813.71
12,2024-11-01,Property Tax,12395.36
12,2024-11-01,Insurance,4815.43
12,2024-11-01,Utilities,7383.49
12,2024-11-01,Repairs & Maintenance,7714.23
12,2024-11-01,Management Fee,4221.64
12,2024-11-01,Marketing,1366.4
12,2024-11-01,Payroll,8994.35
12,2024-12-01,Property Tax,15034.1
12,2024-12-01,Insurance,4161.75
12,2024-12-01,Utilities,8023.4
12,2024-12-01,Repairs & Maintenance,7711.29
12,2024-12-01,Management Fee,4989.78
12,2024-12-01,Marketing,1171.81
12,2024-12-01,Payroll,6018.38
12,2025-01-01,Property Tax,15628.93
12,2025-01-01,Insurance,6011.16
12,2025-01-01,Utilities,10701.39
12,2025-01-01,Repairs & Maintenance,10098.52
12,2025-01-01,Management Fee,6077.65
12,2025-01-01,Marketing,1459.28
12,2025-01-01,Payroll,6669.75
12,2025-02-01,Property Tax,14828.14
12,2025-02-01,Insurance,5046.78
12,2025-02-01,Utilities,10410.83
12,2025-02-01,Repairs & Maintenance,10654.86
12,2025-02-01,Management Fee,3766.89
12,2025-02-01,Marketing,1154.81
12,2025-02-01,Payroll,7029.22
12,2025-03-01,Property Tax,14865.35
12,2025-03-01,Insurance,4434.01
12,2025-03-01,Utilities,7465.57
12,2025-03-01,Repairs & Maintenance,9208.85
12,2025-03-01,Management Fee,4684.79
12,2025-03-01,Marketing,1292.23
12,2025-03-01,Payroll,6985.64
12,2025-04-01,Property Tax,17242.96
12,2025-04-01,Insurance,4660.01
12,2025-04-01,Utilities,7394.34
12,2025-04-01,Repairs & Maintenance,9033.45
12,2025-04-01,Management Fee,5392.74
12,2025-04-01,Marketing,1571.82
12,2025-04-01,Payroll,6917.4
12,2025-05-01,Property Tax,12990.37
12,2025-05-01,Insurance,6119.32
12,2025-05-01,Utilities,8202.47
12,2025-05-01,Repairs & Maintenance,9084.98
12,2025-05-01,Management Fee,4787.09
12,2025-05-01,Marketing,1428.53
12,2025-05-01,Payroll,6878.58
12,2025-06-01,Property Tax,17334.81
12,2025-06-01,Insurance,4768.32
12,2025-06-01,Utilities,6483.01
12,2025-06-01,Repairs & Maintenance,9985.46
12,2025-06-01,Management Fee,6431.85
12,2025-06-01,Marketing,1281.44
12,2025-06-01,Payroll,6670.7
12,2025-07-01,Property Tax,17688.82
12,2025-07-01,Insurance,5341.85
12,2025-07-01,Utilities,8406.57
12,2025-07-01,Repairs & Maintenance,9815.06
12,2025-07-01,Management Fee,5191.94
12,2025-07-01,Marketing,1037.01
12,2025-07-01,Payroll,6714.22
12,2025-08-01,Property Tax,12959.56
12,2025-08-01,Insurance,5511.51
12,2025-08-01,Utilities,9212.22
12,2025-08-01,Repairs & Maintenance,8576.88
12,2025-08-01,Management Fee,5308.88
12,2025-08-01,Marketing,1309.52
12,2025-08-01,Payroll,6922.53
12,2025-09-01,Property Tax,14079.19
12,2025-09-01,Insurance,5990.47
12,2025-09-01,Utilities,6263.69
12,2025-09-01,Repairs & Maintenance,9763.22
12,2025-09-01,Management Fee,4677.92
12,2025-09-01,Marketing,1472.74
12,2025-09-01,Payroll,4653.79
12,2025-10-01,Property Tax,13118.7
12,2025-10-01,Insurance,5406.87
12,2025-10-01,Utilities,7426.38
12,2025-10-01,Repairs & Maintenance,6844.09
12,2025-10-01,Management Fee,5978.78
12,2025-10-01,Marketing,1528.64
12,2025-10-01,Payroll,6467.44
12,2025-11-01,Property Tax,13428.17
12,2025-11-01,Insurance,5198.23
12,2025-11-01,Utilities,9665.51
12,2025-11-01,Repairs & Maintenance,10288.48
12,2025-11-01,Management Fee,6297.3
12,2025-11-01,Marketing,1376.19
12,2025-11-01,Payroll,7472.55
12,2025-12-01,Property Tax,17814.13
12,2025-12-01,Insurance,5086.86
12,2025-12-01,Utilities,10853.53
12,2025-12-01,Repairs & Maintenance,8375.7
12,2025-12-01,Management Fee,4919.26
12,2025-12-01,Marketing,1227.4
12,2025-12-01,Payroll,5800.46
12,2026-01-01,Property Tax,14470.81
12,2026-01-01,Insurance,5887.68
12,2026-01-01,Utilities,9190.17
12,2026-01-01,Repairs & Maintenance,7775.39
12,2026-01-01,Management Fee,5827.7
12,2026-01-01,Marketing,1411.76
12,2026-01-01,Payroll,6846.68
12,2026-02-01,Property Tax,14256.31
12,2026-02-01,Insurance,5061.32
12,2026-02-01,Utilities,11121.44
12,2026-02-01,Repairs & Maintenance,8546.83
12,2026-02-01,Management Fee,5080.07
12,2026-02-01,Marketing,1200.85
12,2026-02-01,Payroll,6753.56
12,2026-03-01,Property Tax,12224.75
12,2026-03-01,Insurance,5053.85
12,2026-03-01,Utilities,6731.73
12,2026-03-01,Repairs & Maintenance,10202.6
12,2026-03-01,Management Fee,5786.29
12,2026-03-01,Marketing,1242.86
12,2026-03-01,Payroll,6996.28
12,2026-04-01,Property Tax,15398.41
12,2026-04-01,Insurance,5729.71
12,2026-04-01,Utilities,10062.05
12,2026-04-01,Repairs & Maintenance,8850.58
12,2026-04-01,Management Fee,5740.09
12,2026-04-01,Marketing,1132.18
12,2026-04-01,Payroll,6872.99
12,2026-05-01,Property Tax,14432.11
12,2026-05-01,Insurance,4759.37
12,2026-05-01,Utilities,6812.06
12,2026-05-01,Repairs & Maintenance,9311.75
12,2026-05-01,Management Fee,5436.04
12,2026-05-01,Marketing,1348.59
12,2026-05-01,Payroll,7393.74
12,2026-06-01,Property Tax,15188.87
12,2026-06-01,Insurance,5847.21
12,2026-06-01,Utilities,8063.91
12,2026-06-01,Repairs & Maintenance,9874.59
12,2026-06-01,Management Fee,5198.56
12,2026-06-01,Marketing,1406.07
12,2026-06-01,Payroll,7714.56
12,2026-07-01,Property Tax,15436.17
12,2026-07-01,Insurance,5276.08
12,2026-07-01,Utilities,9159.31
12,2026-07-01,Repairs & Maintenance,11152.92
12,2026-07-01,Management Fee,5256.84
12,2026-07-01,Marketing,1269.22
12,2026-07-01,Payroll,6804.19
12,2026-08-01,Property Tax,14046.3
12,2026-08-01,Insurance,5896.67
12,2026-08-01,Utilities,10162.64
12,2026-08-01,Repairs & Maintenance,8313.75
12,2026-08-01,Management Fee,5081.72
12,2026-08-01,Marketing,1196.66
12,2026-08-01,Payroll,8315.01
12,2026-09-01,Property Tax,15950.26
12,2026-09-01,Insurance,4543.46
12,2026-09-01,Utilities,8275.94
12,2026-09-01,Repairs & Maintenance,9925.1
12,2026-09-01,Management Fee,4705.43
12,2026-09-01,Marketing,1118.82
12,2026-09-01,Payroll,5731.79
13,2024-01-01,Property Tax,1276.94
13,2024-01-01,Insurance,412.39
13,2024-01-01,Utilities,785.02
13,2024-01-01,Repairs & Maintenance,775.39
13,2024-01-01,Management Fee,326.05
13,2024-01-01,Marketing,118.42
13,2024-01-01,Payroll,426.95
13,2024-02-01,Property Tax,1038.21
13,2024-02-01,Insurance,376.09
13,2024-02-01,Utilities,868.7
13,2024-02-01,Repairs & Maintenance,709.37
13,2024-02-01,Management Fee,451.8
13,2024-02-01,Marketing,110.39
13,2024-02-01,Payroll,483.36
13,2024-03-01,Property Tax,1146.19
13,2024-03-01,Insurance,429.62
13,2024-03-01,Utilities,714.65
13,2024-03-01,Repairs & Maintenance,921.26
13,2024-03-01,Management Fee,416.67
13,2024-03-01,Marketing,98.82
13,2024-03-01,Payroll,454.28
13,2024-04-01,Property Tax,1035.66
13,2024-04-01,Insurance,329.95
13,2024-04-01,Utilities,535.24
13,2024-04-01,Repairs & Maintenance,855.82
13,2024-04-01,Management Fee,364.61
13,2024-04-01,Marketing,95.78
13,2024-04-01,Payroll,593.35
13,2024-05-01,Property Tax,1026.91
13,2024-05-01,Insurance,400.16
13,2024-05-01,Utilities,492.52
13,2024-05-01,Repairs & Maintenance,750.05
13,2024-05-01,Management Fee,390.3
13,2024-05-01,Marketing,87.96
13,2024-05-01,Payroll,451.71
13,2024-06-01,Property Tax,1258.71
13,2024-06-01,Insurance,550.27
13,2024-06-01,Utilities,571.39
13,2024-06-01,Repairs & Maintenance,907.98
13,2024-06-01,Management Fee,407.35
13,2024-06-01,Marketing,102.99
13,2024-06-01,Payroll,570.33
13,2024-07-01,Property Tax,1027.41
13,2024-07-01,Insurance,459.48
13,2024-07-01,Utilities,858.05
13,2024-07-01,Repairs & Maintenance,850.79
13,2024-07-01,Management Fee,417.17
13,2024-07-01,Marketing,98.7
13,2024-07-01,Payroll,556.82
13,2024-08-01,Property Tax,1034.83
13,2024-08-01,Insurance,372.48
13,2024-08-01,Utilities,651.57
13,2024-08-01,Repairs & Maintenance,623.43
13,2024-08-01,Management Fee,417.51
13,2024-08-01,Marketing,87.23
13,2024-08-01,Payroll,575.08
13,2024-09-01,Property Tax,1132.98
13,2024-09-01,Insurance,473.08
13,2024-09-01,Utilities,573.74
13,2024-09-01,Repairs & Maintenance,861.16
13,2024-09-01,Management Fee,386.43
13,2024-09-01,Marketing,94.39
13,2024-09-01,Payroll,490.3
13,2024-10-01,Property Tax,1129.72
13,2024-10-01,Insurance,388.61
13,2024-10-01,Utilities,597.01
13,2024-10-01,Repairs & Maintenance,974.06
13,2024-10-01,Management Fee,408.31
13,2024-10-01,Marketing,104.84
13,2024-10-01,Payroll,471.68
13,2024-11-01,Property Tax,898.0
13,2024-11-01,Insurance,425.51
13,2024-11-01,Utilities,527.21
13,2024-11-01,Repairs & Maintenance,993.36
13,2024-11-01,Management Fee,379.25
13,2024-11-01,Marketing,119.66
13,2024-11-01,Payroll,489.12
13,2024-12-01,Property Tax,1142.88
13,2024-12-01,Insurance,509.07
13,2024-12-01,Utilities,890.63
13,2024-12-01,Repairs & Maintenance,533.22
13,2024-12-01,Management Fee,388.64
13,2024-12-01,Marketing,115.3
13,2024-12-01,Payroll,551.52
13,2025-01-01,Property Tax,829.87
13,2025-01-01,Insurance,437.94
13,2025-01-01,Utilities,749.55
13,2025-01-01,Repairs & Maintenance,721.46
13,2025-01-01,Management Fee,487.44
13,2025-01-01,Marketing,88.85
13,2025-01-01,Payroll,500.52
13,2025-02-01,Property Tax,1266.59
13,2025-02-01,Insurance,491.73
13,2025-02-01,Utilities,797.5
13,2025-02-01,Repairs & Maintenance,745.18
13,2025-02-01,Management Fee,316.74
13,2025-02-01,Marketing,103.44
13,2025-02-01,Payroll,416.34
13,2025-03-01,Property Tax,1274.07
13,2025-03-01,Insurance,364.04
13,2025-03-01,Utilities,601.52
13,2025-03-01,Repairs & Maintenance,1018.15
13,2025-03-01,Management Fee,382.26
13,2025-03-01,Marketing,116.49
13,2025-03-01,Payroll,557.41
13,2025-04-01,Property Tax,1076.62
13,2025-04-01,Insurance,389.64
13,2025-04-01,Utilities,534.49
13,2025-04-01,Repairs & Maintenance,901.34
13,2025-04-01,Management Fee,477.86
13,2025-04-01,Marketing,101.86
13,2025-04-01,Payroll,620.62
13,2025-05-01,Property Tax,979.35
13,2025-05-01,Insurance,461.13
13,2025-05-01,Utilities,584.4
13,2025-05-01,Repairs & Maintenance,811.35
13,2025-05-01,Management Fee,414.24
13,2025-05-01,Marketing,120.55
13,2025-05-01,Payroll,466.79
13,2025-06-01,Property Tax,1247.07
13,2025-06-01,Insurance,429.75
13,2025-06-01,Utilities,583.97
13,2025-06-01,Repairs & Maintenance,711.92
13,2025-06-01,Management Fee,332.98
13,2025-06-01,Marketing,113.81
13,2025-06-01,Payroll,476.72
13,2025-07-01,Property Tax,1005.08
13,2025-07-01,Insurance,277.55
13,2025-07-01,Utilities,880.98
13,2025-07-01,Repairs & Maintenance,922.72
13,2025-07-01,Management Fee,429.22
13,2025-07-01,Marketing,89.64
13,2025-07-01,Payroll,501.57
13,2025-08-01,Property Tax,1009.91
13,2025-08-01,Insurance,403.3
13,2025-08-01,Utilities,694.29
13,2025-08-01,Repairs & Maintenance,719.1
13,2025-08-01,Management Fee,329.98
13,2025-08-01,Marketing,97.55
13,2025-08-01,Payroll,472.58
13,2025-09-01,Property Tax,1129.49
13,2025-09-01,Insurance,387.58
13,2025-09-01,Utilities,606.43
13,2025-09-01,Repairs & Maintenance,803.71
13,2025-09-01,Management Fee,362.32
13,2025-09-01,Marketing,106.77
13,2025-09-01,Payroll,548.2
13,2025-10-01,Property Tax,1078.79
13,2025-10-01,Insurance,360.0
13,2025-10-01,Utilities,528.26
13,2025-10-01,Repairs & Maintenance,835.64
13,2025-10-01,Management Fee,396.18
13,2025-10-01,Marketing,95.89
13,2025-10-01,Payroll,508.15
13,2025-11-01,Property Tax,968.71
13,2025-11-01,Insurance,383.12
13,2025-11-01,Utilities,509.99
13,2025-11-01,Repairs & Maintenance,959.05
13,2025-11-01,Management Fee,361.64
13,2025-11-01,Marketing,86.74
13,2025-11-01,Payroll,480.17
13,2025-12-01,Property Tax,1089.58
13,2025-12-01,Insurance,455.85
13,2025-12-01,Utilities,834.26
13,2025-12-01,Repairs & Maintenance,866.27
13,2025-12-01,Management Fee,440.77
13,2025-12-01,Marketing,112.5
13,2025-12-01,Payroll,474.97
13,2026-01-01,Property Tax,1114.96
13,2026-01-01,Insurance,363.13
13,2026-01-01,Utilities,800.73
13,2026-01-01,Repairs & Maintenance,830.46
13,2026-01-01,Management Fee,328.54
13,2026-01-01,Marketing,112.1
13,2026-01-01,Payroll,467.63
13,2026-02-01,Property Tax,1246.27
13,2026-02-01,Insurance,426.69
13,2026-02-01,Utilities,755.91
13,2026-02-01,Repairs & Maintenance,777.01
13,2026-02-01,Management Fee,496.96
13,2026-02-01,Marketing,106.68
13,2026-02-01,Payroll,448.9
13,2026-03-01,Property Tax,1053.79
13,2026-03-01,Insurance,361.28
13,2026-03-01,Utilities,539.81
13,2026-03-01,Repairs & Maintenance,782.0
13,2026-03-01,Management Fee,429.82
13,2026-03-01,Marketing,82.83
13,2026-03-01,Payroll,489.01
13,2026-04-01,Property Tax,1043.98
13,2026-04-01,Insurance,384.8
13,2026-04-01,Utilities,448.12
13,2026-04-01,Repairs & Maintenance,956.73
13,2026-04-01,Management Fee,445.64
13,2026-04-01,Marketing,92.58
13,2026-04-01,Payroll,556.01
13,2026-05-01,Property Tax,1047.16
13,2026-05-01,Insurance,446.61
13,2026-05-01,Utilities,638.33
13,2026-05-01,Repairs & Maintenance,820.11
13,2026-05-01,Management Fee,430.8
13,2026-05-01,Marketing,78.81
13,2026-05-01,Payroll,534.31
13,2026-06-01,Property Tax,965.31
13,2026-06-01,Insurance,405.72
13,2026-06-01,Utilities,582.58
13,2026-06-01,Repairs & Maintenance,774.74
13,2026-06-01,Management Fee,372.97
13,2026-06-01,Marketing,104.54
13,2026-06-01,Payroll,436.77
13,2026-07-01,Property Tax,961.58
13,2026-07-01,Insurance,397.74
13,2026-07-01,Utilities,875.4
13,2026-07-01,Repairs & Maintenance,776.49
13,2026-07-01,Management Fee,508.42
13,2026-07-01,Marketing,94.85
13,2026-07-01,Payroll,549.07
13,2026-08-01,Property Tax,1112.0
13,2026-08-01,Insurance,402.02
13,2026-08-01,Utilities,723.66
13,2026-08-01,Repairs & Maintenance,731.17
13,2026-08-01,Management Fee,389.93
13,2026-08-01,Marketing,104.84
13,2026-08-01,Payroll,623.33
13,2026-09-01,Property Tax,1179.71
13,2026-09-01,Insurance,395.54
13,2026-09-01,Utilities,455.84
13,2026-09-01,Repairs & Maintenance,912.68
13,2026-09-01,Management Fee,378.16
13,2026-09-01,Marketing,120.98
13,2026-09-01,Payroll,476.38
14,2024-01-01,Property Tax,8192.69
14,2024-01-01,Insurance,2609.92
14,2024-01-01,Utilities,6758.85
14,2024-01-01,Repairs & Maintenance,6592.0
14,2024-01-01,Management Fee,3241.86
14,2024-01-01,Marketing,829.56
14,2024-01-01,Payroll,3186.46
14,2024-02-01,Property Tax,8994.89
14,2024-02-01,Insurance,3006.88
14,2024-02-01,Utilities,6324.83
14,2024-02-01,Repairs & Maintenance,5325.89
14,2024-02-01,Management Fee,2765.49
14,2024-02-01,Marketing,747.35
14,2024-02-01,Payroll,3518.19
14,2024-03-01,Property Tax,7519.75
14,2024-03-01,Insurance,2867.55
14,2024-03-01,Utilities,4549.36
14,2024-03-01,Repairs & Maintenance,5097.51
14,2024-03-01,Management Fee,2971.73
14,2024-03-01,Marketing,757.96
14,2024-03-01,Payroll,3775.13
14,2024-04-01,Property Tax,8932.73
14,2024-04-01,Insurance,3803.24
14,2024-04-01,Utilities,5151.39
14,2024-04-01,Repairs & Maintenance,5036.16
14,2024-04-01,Management Fee,2364.89
14,2024-04-01,Marketing,690.34
14,2024-04-01,Payroll,4211.19
14,2024-05-01,Property Tax,7746.24
14,2024-05-01,Insurance,3112.3
14,2024-05-01,Utilities,4762.13
14,2024-05-01,Repairs & Maintenance,5819.3
14,2024-05-01,Management Fee,3075.04
14,2024-05-01,Marketing,845.51
14,2024-05-01,Payroll,4409.65
14,2024-06-01,Property Tax,9325.59
14,2024-06-01,Insurance,3620.28
14,2024-06-01,Utilities,4514.97
14,2024-06-01,Repairs & Maintenance,5412.63
14,2024-06-01,Management Fee,3132.39
14,2024-06-01,Marketing,763.57
14,2024-06-01,Payroll,3830.02
14,2024-07-01,Property Tax,8737.07
14,2024-07-01,Insurance,3323.13
14,2024-07-01,Utilities,5949.07
14,2024-07-01,Repairs & Maintenance,6341.48
14,2024-07-01,Management Fee,3336.05
14,2024-07-01,Marketing,741.6
14,2024-07-01,Payroll,4082.02
14,2024-08-01,Property Tax,10496.29
14,2024-08-01,Insurance,3480.51
14,2024-08-01,Utilities,5976.25
14,2024-08-01,Repairs & Maintenance,5132.43
14,2024-08-01,Management Fee,2898.56
14,2024-08-01,Marketing,648.89
14,2024-08-01,Payroll,3501.98
14,2024-09-01,Property Tax,9014.94
14,2024-09-01,Insurance,3265.0
14,2024-09-01,Utilities,4693.02
14,2024-09-01,Repairs & Maintenance,4362.59
14,2024-09-01,Management Fee,3624.27
14,2024-09-01,Marketing,653.98
14,2024-09-01,Payroll,3667.24
14,2024-10-01,Property Tax,10099.67
14,2024-10-01,Insurance,2860.44
14,2024-10-01,Utilities,4133.08
14,2024-10-01,Repairs & Maintenance,4788.38
14,2024-10-01,Management Fee,2456.42
14,2024-10-01,Marketing,645.08
14,2024-10-01,Payroll,3553.79
14,2024-11-01,Property Tax,8072.07
14,2024-11-01,Insurance,3844.8
14,2024-11-01,Utilities,4712.52
14,2024-11-01,Repairs & Maintenance,4956.21
14,2024-11-01,Management Fee,3111.37
14,2024-11-01,Marketing,815.82
14,2024-11-01,Payroll,3900.74
14,2024-12-01,Property Tax,8908.09
14,2024-12-01,Insurance,3530.1
14,2024-12-01,Utilities,4864.79
14,2024-12-01,Repairs & Maintenance,4982.13
14,2024-12-01,Management Fee,2928.38
14,2024-12-01,Marketing,682.37
14,2024-12-01,Payroll,3639.99
14,2025-01-01,Property Tax,7657.96
14,2025-01-01,Insurance,2962.94
14,2025-01-01,Utilities,5774.22
14,2025-01-01,Repairs & Maintenance,4060.26
14,2025-01-01,Management Fee,3435.19
14,2025-01-01,Marketing,719.2
14,2025-01-01,Payroll,3793.79
14,2025-02-01,Property Tax,8046.48
14,2025-02-01,Insurance,3524.88
14,2025-02-01,Utilities,6450.36
14,2025-02-01,Repairs & Maintenance,4910.93
14,2025-02-01,Management Fee,2918.99
14,2025-02-01,Marketing,709.17
14,2025-02-01,Payroll,3047.71
14,2025-03-01,Property Tax,5664.8
14,2025-03-01,Insurance,2831.13
14,2025-03-01,Utilities,3893.43
14,2025-03-01,Repairs & Maintenance,5472.99
14,2025-03-01,Management Fee,3173.88
14,2025-03-01,Marketing,661.26
14,2025-03-01,Payroll,4476.47
14,2025-04-01,Property Tax,8647.49
14,2025-04-01,Insurance,2658.1
14,2025-04-01,Utilities,4173.87
14,2025-04-01,Repairs & Maintenance,4512.83
14,2025-04-01,Management Fee,3189.88
14,2025-04-01,Marketing,718.79
14,2025-04-01,Payroll,4070.11
14,2025-05-01,Property Tax,7188.89
14,2025-05-01,Insurance,3117.98
14,2025-05-01,Utilities,4179.15
14,2025-05-01,Repairs & Maintenance,6248.97
14,2025-05-01,Management Fee,3007.39
14,2025-05-01,Marketing,626.45
14,2025-05-01,Payroll,3183.69
14,2025-06-01,Property Tax,8807.64
14,2025-06-01,Insurance,3412.71
14,2025-06-01,Utilities,4816.48
14,2025-06-01,Repairs & Maintenance,5952.08
14,2025-06-01,Management Fee,3321.86
14,2025-06-01,Marketing,719.98
14,2025-06-01,Payroll,3771.52
14,2025-07-01,Property Tax,9026.8
14,2025-07-01,Insurance,3427.45
14,2025-07-01,Utilities,5376.94
14,2025-07-01,Repairs & Maintenance,3994.3
14,2025-07-01,Management Fee,3151.21
14,2025-07-01,Marketing,655.67
14,2025-07-01,Payroll,3751.68
14,2025-08-01,Property Tax,7791.3
14,2025-08-01,Insurance,2993.35
14,2025-08-01,Utilities,5665.9
14,2025-08-01,Repairs & Maintenance,5011.72
14,2025-08-01,Management Fee,2930.83
14,2025-08-01,Marketing,882.28
14,2025-08-01,Payroll,4064.28
14,2025-09-01,Property Tax,8278.92
14,2025-09-01,Insurance,2995.88
14,2025-09-01,Utilities,4723.98
14,2025-09-01,Repairs & Maintenance,4672.28
14,2025-09-01,Management Fee,2950.62
14,2025-09-01,Marketing,757.56
14,2025-09-01,Payroll,3556.02
14,2025-10-01,Property Tax,9113.88
14,2025-10-01,Insurance,3707.34
14,2025-10-01,Utilities,4392.42
14,2025-10-01,Repairs & Maintenance,5276.3
14,2025-10-01,Management Fee,3093.1
14,2025-10-01,Marketing,806.28
14,2025-10-01,Payroll,3652.41
14,2025-11-01,Property Tax,7242.78
14,2025-11-01,Insurance,3347.68
14,2025-11-01,Utilities,5531.71
14,2025-11-01,Repairs & Maintenance,4269.01
14,2025-11-01,Management Fee,3076.56
14,2025-11-01,Marketing,768.4
14,2025-11-01,Payroll,4341.88
14,2025-12-01,Property Tax,6808.01
14,2025-12-01,Insurance,3235.87
14,2025-12-01,Utilities,5626.19
14,2025-12-01,Repairs & Maintenance,4081.68
14,2025-12-01,Management Fee,2596.99
14,2025-12-01,Marketing,665.66
14,2025-12-01,Payroll,3498.58
14,2026-01-01,Property Tax,7803.12
14,2026-01-01,Insurance,2471.56
14,2026-01-01,Utilities,5664.04
14,2026-01-01,Repairs & Maintenance,4289.97
14,2026-01-01,Management Fee,3820.55
14,2026-01-01,Marketing,901.88
14,2026-01-01,Payroll,3608.79
14,2026-02-01,Property Tax,7245.04
14,2026-02-01,Insurance,2907.65
14,2026-02-01,Utilities,5891.39
14,2026-02-01,Repairs & Maintenance,5762.54
14,2026-02-01,Management Fee,2453.96
14,2026-02-01,Marketing,951.83
14,2026-02-01,Payroll,3695.95
14,2026-03-01,Property Tax,9403.6
14,2026-03-01,Insurance,2624.13
14,2026-03-01,Utilities,3482.35
14,2026-03-01,Repairs & Maintenance,6069.23
14,2026-03-01,Management Fee,2816.2
14,2026-03-01,Marketing,799.63
14,2026-03-01,Payroll,4006.52
14,2026-04-01,Property Tax,7051.05
14,2026-04-01,Insurance,2924.77
14,2026-04-01,Utilities,4102.03
14,2026-04-01,Repairs & Maintenance,5322.57
14,2026-04-01,Management Fee,2891.86
14,2026-04-01,Marketing,540.48
14,2026-04-01,Payroll,3757.86
14,2026-05-01,Property Tax,10097.26
14,2026-05-01,Insurance,3228.56
14,2026-05-01,Utilities,3992.33
14,2026-05-01,Repairs & Maintenance,4351.92
14,2026-05-01,Management Fee,2515.85
14,2026-05-01,Marketing,741.76
14,2026-05-01,Payroll,3481.17
14,2026-06-01,Property Tax,8886.57
14,2026-06-01,Insurance,2398.41
14,2026-06-01,Utilities,4460.03
14,2026-06-01,Repairs & Maintenance,4012.58
14,2026-06-01,Management Fee,3565.55
14,2026-06-01,Marketing,835.65
14,2026-06-01,Payroll,3549.88
14,2026-07-01,Property Tax,7896.1
14,2026-07-01,Insurance,3383.47
14,2026-07-01,Utilities,6369.76
14,2026-07-01,Repairs & Maintenance,4778.08
14,2026-07-01,Management Fee,3376.33
14,2026-07-01,Marketing,644.85
14,2026-07-01,Payroll,3702.98
14,2026-08-01,Property Tax,9760.14
14,2026-08-01,Insurance,3697.09
14,2026-08-01,Utilities,6115.05
14,2026-08-01,Repairs & Maintenance,4362.93
14,2026-08-01,Management Fee,3448.19
14,2026-08-01,Marketing,834.99
14,2026-08-01,Payroll,3563.95
14,2026-09-01,Property Tax,7176.13
14,2026-09-01,Insurance,3187.35
14,2026-09-01,Utilities,4319.8
14,2026-09-01,Repairs & Maintenance,5265.44
14,2026-09-01,Management Fee,3544.34
14,2026-09-01,Marketing,822.51
14,2026-09-01,Payroll,4129.16
15,2024-01-01,Property Tax,6197.4
15,2024-01-01,Insurance,2684.76
15,2024-01-01,Utilities,4951.52
15,2024-01-01,Repairs & Maintenance,3020.52
15,2024-01-01,Management Fee,2744.16
15,2024-01-01,Marketing,689.63
15,2024-01-01,Payroll,3284.25
15,2024-02-01,Property Tax,7164.64
15,2024-02-01,Insurance,2264.85
15,2024-02-01,Utilities,4414.94
15,2024-02-01,Repairs & Maintenance,4104.87
15,2024-02-01,Management Fee,2281.73
15,2024-02-01,Marketing,792.94
15,2024-02-01,Payroll,2778.15
15,2024-03-01,Property Tax,7841.11
15,2024-03-01,Insurance,2361.24
15,2024-03-01,Utilities,3351.85
15,2024-03-01,Repairs & Maintenance,5232.79
15,2024-03-01,Management Fee,3094.03
15,2024-03-01,Marketing,562.69
15,2024-03-01,Payroll,3381.83
15,2024-04-01,Property Tax,6393.13
15,2024-04-01,Insurance,2815.08
15,2024-04-01,Utilities,3923.18
15,2024-04-01,Repairs & Maintenance,4789.59
15,2024-04-01,Management Fee,2805.03
15,2024-04-01,Marketing,698.46
15,2024-04-01,Payroll,2433.84
15,2024-05-01,Property Tax,7155.66
15,2024-05-01,Insurance,2446.57
15,2024-05-01,Utilities,3952.99
15,2024-05-01,Repairs & Maintenance,4116.48
15,2024-05-01,Management Fee,2909.52
15,2024-05-01,Marketing,752.81
15,2024-05-01,Payroll,3434.3
15,2024-06-01,Property Tax,5897.08
15,2024-06-01,Insurance,2776.93
15,2024-06-01,Utilities,4182.09
15,2024-06-01,Repairs & Maintenance,4509.05
15,2024-06-01,Management Fee,2333.28
15,2024-06-01,Marketing,633.94
15,2024-06-01,Payroll,3024.96
15,2024-07-01,Property Tax,9084.52
15,2024-07-01,Insurance,2912.06
15,2024-07-01,Utilities,5762.8
15,2024-07-01,Repairs & Maintenance,5092.67
15,2024-07-01,Management Fee,2122.61
15,2024-07-01,Marketing,493.72
15,2024-07-01,Payroll,3587.87
15,2024-08-01,Property Tax,7201.55
15,2024-08-01,Insurance,2505.95
15,2024-08-01,Utilities,4814.26
15,2024-08-01,Repairs & Maintenance,3130.81
15,2024-08-01,Management Fee,2432.01
15,2024-08-01,Marketing,787.01
15,2024-08-01,Payroll,3264.45
15,2024-09-01,Property Tax,7626.57
15,2024-09-01,Insurance,2809.91
15,2024-09-01,Utilities,3392.15
15,2024-09-01,Repairs & Maintenance,4558.35
15,2024-09-01,Management Fee,2673.37
15,2024-09-01,Marketing,762.93
15,2024-09-01,Payroll,3478.62
15,2024-10-01,Property Tax,8101.25
15,2024-10-01,Insurance,2882.48
15,2024-10-01,Utilities,3809.47
15,2024-10-01,Repairs & Maintenance,4907.36
15,2024-10-01,Management Fee,2221.03
15,2024-10-01,Marketing,611.97
15,2024-10-01,Payroll,3320.49
15,2024-11-01,Property Tax,8400.94
15,2024-11-01,Insurance,2281.17
15,2024-11-01,Utilities,4199.29
15,2024-11-01,Repairs & Maintenance,3347.77
15,2024-11-01,Management Fee,3068.84
15,2024-11-01,Marketing,809.37
15,2024-11-01,Payroll,3787.05
15,2024-12-01,Property Tax,7603.42
15,2024-12-01,Insurance,3139.6
15,2024-12-01,Utilities,4660.44
15,2024-12-01,Repairs & Maintenance,4711.5
15,2024-12-01,Management Fee,2614.67
15,2024-12-01,Marketing,551.24
15,2024-12-01,Payroll,3236.15
15,2025-01-01,Property Tax,6003.21
15,2025-01-01,Insurance,3033.96
15,2025-01-01,Utilities,5717.08
15,2025-01-01,Repairs & Maintenance,5632.56
15,2025-01-01,Management Fee,2622.98
15,2025-01-01,Marketing,735.59
15,2025-01-01,Payroll,3631.02
15,2025-02-01,Property Tax,6488.44
15,2025-02-01,Insurance,2693.5
15,2025-02-01,Utilities,4968.83
15,2025-02-01,Repairs & Maintenance,3908.8
15,2025-02-01,Management Fee,2830.09
15,2025-02-01,Marketing,679.57
15,2025-02-01,Payroll,3240.63
15,2025-03-01,Property Tax,7906.56
15,2025-03-01,Insurance,2573.08
15,2025-03-01,Utilities,2984.31
15,2025-03-01,Repairs & Maintenance,5207.26
15,2025-03-01,Management Fee,1960.86
15,2025-03-01,Marketing,669.92
15,2025-03-01,Payroll,3320.46
15,2025-04-01,Property Tax,8950.98
15,2025-04-01,Insurance,2705.62
15,2025-04-01,Utilities,4494.5
15,2025-04-01,Repairs & Maintenance,3573.61
15,2025-04-01,Management Fee,2087.83
15,2025-04-01,Marketing,663.03
15,2025-04-01,Payroll,3668.14
15,2025-05-01,Property Tax,7430.81
15,2025-05-01,Insurance,2460.03
15,2025-05-01,Utilities,3633.3
15,2025-05-01,Repairs & Maintenance,4342.33
15,2025-05-01,Management Fee,2688.03
15,2025-05-01,Marketing,608.47
15,2025-05-01,Payroll,2923.74
15,2025-06-01,Property Tax,6873.58
15,2025-06-01,Insurance,2615.59
15,2025-06-01,Utilities,3905.03
15,2025-06-01,Repairs & Maintenance,4513.88
15,2025-06-01,Management Fee,2730.18
15,2025-06-01,Marketing,620.35
15,2025-06-01,Payroll,3476.66
15,2025-07-01,Property Tax,6097.55
15,2025-07-01,Insurance,3016.79
15,2025-07-01,Utilities,4043.69
15,2025-07-01,Repairs & Maintenance,4275.74
15,2025-07-01,Management Fee,2494.03
15,2025-07-01,Marketing,510.16
15,2025-07-01,Payroll,3046.52
15,2025-08-01,Property Tax,8781.69
15,2025-08-01,Insurance,2695.88
15,2025-08-01,Utilities,4884.05
15,2025-08-01,Repairs & Maintenance,4285.06
15,2025-08-01,Management Fee,2627.07
15,2025-08-01,Marketing,530.53
15,2025-08-01,Payroll,3175.13
15,2025-09-01,Property Tax,7393.32
15,2025-09-01,Insurance,2491.96
15,2025-09-01,Utilities,5485.27
15,2025-09-01,Repairs & Maintenance,5110.91
15,2025-09-01,Management Fee,2494.56
15,2025-09-01,Marketing,599.1
15,2025-09-01,Payroll,2737.04
15,2025-10-01,Property Tax,8445.41
15,2025-10-01,Insurance,2292.52
15,2025-10-01,Utilities,3682.62
15,2025-10-01,Repairs & Maintenance,4002.44
15,2025-10-01,Management Fee,2630.65
15,2025-10-01,Marketing,637.98
15,2025-10-01,Payroll,3575.35
15,2025-11-01,Property Tax,7544.87
15,2025-11-01,Insurance,2528.25
15,2025-11-01,Utilities,4278.32
15,2025-11-01,Repairs & Maintenance,5295.47
15,2025-11-01,Management Fee,2249.64
15,2025-11-01,Marketing,660.86
15,2025-11-01,Payroll,3848.61
15,2025-12-01,Property Tax,6024.15
15,2025-12-01,Insurance,2620.9
15,2025-12-01,Utilities,4166.63
15,2025-12-01,Repairs & Maintenance,4897.1
15,2025-12-01,Management Fee,2748.78
15,2025-12-01,Marketing,644.39
15,2025-12-01,Payroll,3311.25
15,2026-01-01,Property Tax,8138.21
15,2026-01-01,Insurance,2800.05
15,2026-01-01,Utilities,4807.67
15,2026-01-01,Repairs & Maintenance,4489.08
15,2026-01-01,Management Fee,2417.42
15,2026-01-01,Marketing,682.15
15,2026-01-01,Payroll,3289.87
15,2026-02-01,Property Tax,6125.58
15,2026-02-01,Insurance,2600.4
15,2026-02-01,Utilities,4675.77
15,2026-02-01,Repairs & Maintenance,4892.24
15,2026-02-01,Management Fee,2640.87
15,2026-02-01,Marketing,804.67
15,2026-02-01,Payroll,3230.02
15,2026-03-01,Property Tax,7630.11
15,2026-03-01,Insurance,2637.82
15,2026-03-01,Utilities,4872.02
15,2026-03-01,Repairs & Maintenance,4375.34
15,2026-03-01,Management Fee,3277.68
15,2026-03-01,Marketing,748.37
15,2026-03-01,Payroll,3102.47
15,2026-04-01,Property Tax,8203.6
15,2026-04-01,Insurance,2185.25
15,2026-04-01,Utilities,3875.99
15,2026-04-01,Repairs & Maintenance,4409.63
15,2026-04-01,Management Fee,2545.57
15,2026-04-01,Marketing,704.2
15,2026-04-01,Payroll,3166.43
15,2026-05-01,Property Tax,6954.43
15,2026-05-01,Insurance,2800.2
15,2026-05-01,Utilities,3802.36
15,2026-05-01,Repairs & Maintenance,5454.36
15,2026-05-01,Management Fee,3052.81
15,2026-05-01,Marketing,698.7
15,2026-05-01,Payroll,3161.5
15,2026-06-01,Property Tax,6085.55
15,2026-06-01,Insurance,2750.91
15,2026-06-01,Utilities,4101.53
15,2026-06-01,Repairs & Maintenance,5292.37
15,2026-06-01,Management Fee,3267.38
15,2026-06-01,Marketing,752.81
15,2026-06-01,Payroll,3373.6
15,2026-07-01,Property Tax,7327.8
15,2026-07-01,Insurance,2883.17
15,2026-07-01,Utilities,5227.56
15,2026-07-01,Repairs & Maintenance,5154.19
15,2026-07-01,Management Fee,2683.99
15,2026-07-01,Marketing,672.69
15,2026-07-01,Payroll,3391.32
15,2026-08-01,Property Tax,7665.28
15,2026-08-01,Insurance,2363.22
15,2026-08-01,Utilities,3728.79
15,2026-08-01,Repairs & Maintenance,5042.98
15,2026-08-01,Management Fee,2419.24
15,2026-08-01,Marketing,556.27
15,2026-08-01,Payroll,3696.41
15,2026-09-01,Property Tax,7204.81
15,2026-09-01,Insurance,2621.27
15,2026-09-01,Utilities,4361.63
15,2026-09-01,Repairs & Maintenance,5243.81
15,2026-09-01,Management Fee,2815.46
15,2026-09-01,Marketing,685.22
15,2026-09-01,Payroll,2976.07
16,2024-01-01,Property Tax,1615.74
16,2024-01-01,Insurance,520.77
16,2024-01-01,Utilities,1225.79
16,2024-01-01,Repairs & Maintenance,984.59
16,2024-01-01,Management Fee,617.77
16,2024-01-01,Marketing,144.76
16,2024-01-01,Payroll,798.03
16,2024-02-01,Property Tax,1547.32
16,2024-02-01,Insurance,478.65
16,2024-02-01,Utilities,890.46
16,2024-02-01,Repairs & Maintenance,1097.88
16,2024-02-01,Management Fee,508.4
16,2024-02-01,Marketing,143.76
16,2024-02-01,Payroll,709.89
16,2024-03-01,Property Tax,1192.17
16,2024-03-01,Insurance,524.19
16,2024-03-01,Utilities,879.06
16,2024-03-01,Repairs & Maintenance,1008.51
16,2024-03-01,Management Fee,504.86
16,2024-03-01,Marketing,113.53
16,2024-03-01,Payroll,699.45
16,2024-04-01,Property Tax,1822.54
16,2024-04-01,Insurance,445.83
16,2024-04-01,Utilities,587.18
16,2024-04-01,Repairs & Maintenance,940.93
16,2024-04-01,Management Fee,511.68
16,2024-04-01,Marketing,150.67
16,2024-04-01,Payroll,696.63
16,2024-05-01,Property Tax,1793.63
16,2024-05-01,Insurance,476.44
16,2024-05-01,Utilities,724.74
16,2024-05-01,Repairs & Maintenance,1184.03
16,2024-05-01,Management Fee,632.65
16,2024-05-01,Marketing,135.98
16,2024-05-01,Payroll,744.24
16,2024-06-01,Property Tax,1738.4
16,2024-06-01,Insurance,606.45
16,2024-06-01,Utilities,1022.75
16,2024-06-01,Repairs & Maintenance,1208.61
16,2024-06-01,Management Fee,636.54
16,2024-06-01,Marketing,105.64
16,2024-06-01,Payroll,647.69
16,2024-07-01,Property Tax,1534.68
16,2024-07-01,Insurance,586.73
16,2024-07-01,Utilities,1083.86
16,2024-07-01,Repairs & Maintenance,918.56
16,2024-07-01,Management Fee,571.61
16,2024-07-01,Marketing,127.76
16,2024-07-01,Payroll,691.62
16,2024-08-01,Property Tax,1465.8
16,2024-08-01,Insurance,423.91
16,2024-08-01,Utilities,970.91
16,2024-08-01,Repairs & Maintenance,1102.29
16,2024-08-01,Management Fee,470.45
16,2024-08-01,Marketing,140.44
16,2024-08-01,Payroll,607.48
16,2024-09-01,Property Tax,1572.65
16,2024-09-01,Insurance,657.64
16,2024-09-01,Utilities,730.23
16,2024-09-01,Repairs & Maintenance,1262.98
16,2024-09-01,Management Fee,566.31
16,2024-09-01,Marketing,160.46
16,2024-09-01,Payroll,525.97
16,2024-10-01,Property Tax,1292.12
16,2024-10-01,Insurance,399.14
16,2024-10-01,Utilities,976.54
16,2024-10-01,Repairs & Maintenance,1023.64
16,2024-10-01,Management Fee,528.45
16,2024-10-01,Marketing,137.44
16,2024-10-01,Payroll,875.42
16,2024-11-01,Property Tax,1187.31
16,2024-11-01,Insurance,419.11
16,2024-11-01,Utilities,944.45
16,2024-11-01,Repairs & Maintenance,1002.18
16,2024-11-01,Management Fee,476.35
16,2024-11-01,Marketing,149.92
16,2024-11-01,Payroll,776.44
16,2024-12-01,Property Tax,1392.5
16,2024-12-01,Insurance,433.2
16,2024-12-01,Utilities,1170.62
16,2024-12-01,Repairs & Maintenance,945.05
16,2024-12-01,Management Fee,516.33
16,2024-12-01,Marketing,151.95
16,2024-12-01,Payroll,625.91
16,2025-01-01,Property Tax,1696.69
16,2025-01-01,Insurance,492.51
16,2025-01-01,Utilities,1104.92
16,2025-01-01,Repairs & Maintenance,969.4
16,2025-01-01,Management Fee,584.72
16,2025-01-01,Marketing,126.45
16,2025-01-01,Payroll,820.37
16,2025-02-01,Property Tax,1247.18
16,2025-02-01,Insurance,528.27
16,2025-02-01,Utilities,902.86
16,2025-02-01,Repairs & Maintenance,1051.79
16,2025-02-01,Management Fee,512.07
16,2025-02-01,Marketing,140.14
16,2025-02-01,Payroll,653.76
16,2025-03-01,Property Tax,1197.84
16,2025-03-01,Insurance,637.37
16,2025-03-01,Utilities,844.42
16,2025-03-01,Repairs & Maintenance,868.14
16,2025-03-01,Management Fee,592.93
16,2025-03-01,Marketing,123.73
16,2025-03-01,Payroll,702.75
16,2025-04-01,Property Tax,1654.3
16,2025-04-01,Insurance,542.44
16,2025-04-01,Utilities,827.96
16,2025-04-01,Repairs & Maintenance,896.41
16,2025-04-01,Management Fee,544.29
16,2025-04-01,Marketing,127.69
16,2025-04-01,Payroll,671.81
16,2025-05-01,Property Tax,1528.61
16,2025-05-01,Insurance,580.78
16,2025-05-01,Utilities,839.62
16,2025-05-01,Repairs & Maintenance,785.36
16,2025-05-01,Management Fee,609.46
16,2025-05-01,Marketing,129.54
16,2025-05-01,Payroll,651.38
16,2025-06-01,Property Tax,1677.4
16,2025-06-01,Insurance,398.66
16,2025-06-01,Utilities,907.4
16,2025-06-01,Repairs & Maintenance,799.82
16,2025-06-01,Management Fee,513.35
16,2025-06-01,Marketing,129.78
16,2025-06-01,Payroll,629.86
16,2025-07-01,Property Tax,1366.47
16,2025-07-01,Insurance,551.58
16,2025-07-01,Utilities,1017.43
16,2025-07-01,Repairs & Maintenance,1136.33
16,2025-07-01,Management Fee,544.91
16,2025-07-01,Marketing,119.24
16,2025-07-01,Payroll,768.59
16,2025-08-01,Property Tax,1711.89
16,2025-08-01,Insurance,577.89
16,2025-08-01,Utilities,966.03
16,2025-08-01,Repairs & Maintenance,988.56
16,2025-08-01,Management Fee,522.56
16,2025-08-01,Marketing,131.36
16,2025-08-01,Payroll,625.26
16,2025-09-01,Property Tax,1662.13
16,2025-09-01,Insurance,568.51
16,2025-09-01,Utilities,706.74
16,2025-09-01,Repairs & Maintenance,895.43
16,2025-09-01,Management Fee,622.95
16,2025-09-01,Marketing,144.79
16,2025-09-01,Payroll,759.3
16,2025-10-01,Property Tax,1275.11
16,2025-10-01,Insurance,501.61
16,2025-10-01,Utilities,754.2
16,2025-10-01,Repairs & Maintenance,1123.88
16,2025-10-01,Management Fee,607.95
16,2025-10-01,Marketing,159.58
16,2025-10-01,Payroll,711.6
16,2025-11-01,Property Tax,1259.05
16,2025-11-01,Insurance,663.07
16,2025-11-01,Utilities,880.53
16,2025-11-01,Repairs & Maintenance,903.59
16,2025-11-01,Management Fee,600.02
16,2025-11-01,Marketing,134.01
16,2025-11-01,Payroll,630.72
16,2025-12-01,Property Tax,1582.63
16,2025-12-01,Insurance,407.24
16,2025-12-01,Utilities,1246.78
16,2025-12-01,Repairs & Maintenance,1039.91
16,2025-12-01,Management Fee,497.76
16,2025-12-01,Marketing,148.66
16,2025-12-01,Payroll,790.82
16,2026-01-01,Property Tax,1831.62
16,2026-01-01,Insurance,498.28
16,2026-01-01,Utilities,818.86
16,2026-01-01,Repairs & Maintenance,990.42
16,2026-01-01,Management Fee,540.66
16,2026-01-01,Marketing,131.29
16,2026-01-01,Payroll,689.99
16,2026-02-01,Property Tax,1293.04
16,2026-02-01,Insurance,418.46
16,2026-02-01,Utilities,1069.0
16,2026-02-01,Repairs & Maintenance,877.9
16,2026-02-01,Management Fee,549.38
16,2026-02-01,Marketing,143.67
16,2026-02-01,Payroll,843.32
16,2026-03-01,Property Tax,1445.54
16,2026-03-01,Insurance,405.6
16,2026-03-01,Utilities,668.67
16,2026-03-01,Repairs & Maintenance,1173.97
16,2026-03-01,Management Fee,538.17
16,2026-03-01,Marketing,114.21
16,2026-03-01,Payroll,739.98
16,2026-04-01,Property Tax,1541.16
16,2026-04-01,Insurance,525.76
16,2026-04-01,Utilities,820.76
16,2026-04-01,Repairs & Maintenance,956.02
16,2026-04-01,Management Fee,479.0
16,2026-04-01,Marketing,121.88
16,2026-04-01,Payroll,595.89
16,2026-05-01,Property Tax,1586.26
16,2026-05-01,Insurance,553.35
16,2026-05-01,Utilities,755.07
16,2026-05-01,Repairs & Maintenance,984.41
16,2026-05-01,Management Fee,588.36
16,2026-05-01,Marketing,140.28
16,2026-05-01,Payroll,687.68
16,2026-06-01,Property Tax,1326.38
16,2026-06-01,Insurance,577.24
16,2026-06-01,Utilities,818.05
16,2026-06-01,Repairs & Maintenance,935.47
16,2026-06-01,Management Fee,526.42
16,2026-06-01,Marketing,132.01
16,2026-06-01,Payroll,736.77
16,2026-07-01,Property Tax,1335.28
16,2026-07-01,Insurance,700.84
16,2026-07-01,Utilities,1025.26
16,2026-07-01,Repairs & Maintenance,939.67
16,2026-07-01,Management Fee,474.32
16,2026-07-01,Marketing,136.48
16,2026-07-01,Payroll,677.96
16,2026-08-01,Property Tax,1348.15
16,2026-08-01,Insurance,578.27
16,2026-08-01,Utilities,994.66
16,2026-08-01,Repairs & Maintenance,980.92
16,2026-08-01,Management Fee,538.53
16,2026-08-01,Marketing,149.31
16,2026-08-01,Payroll,595.13
16,2026-09-01,Property Tax,1627.74
16,2026-09-01,Insurance,562.16
16,2026-09-01,Utilities,798.47
16,2026-09-01,Repairs & Maintenance,856.02
16,2026-09-01,Management Fee,513.66
16,2026-09-01,Marketing,116.59
16,2026-09-01,Payroll,595.99
17,2024-01-01,Property Tax,1311.34
17,2024-01-01,Insurance,487.72
17,2024-01-01,Utilities,996.71
17,2024-01-01,Repairs & Maintenance,816.49
17,2024-01-01,Management Fee,320.56
17,2024-01-01,Marketing,119.49
17,2024-01-01,Payroll,678.11
17,2024-02-01,Property Tax,1348.54
17,2024-02-01,Insurance,402.48
17,2024-02-01,Utilities,961.03
17,2024-02-01,Repairs & Maintenance,754.89
17,2024-02-01,Management Fee,460.49
17,2024-02-01,Marketing,121.24
17,2024-02-01,Payroll,453.25
17,2024-03-01,Property Tax,1429.61
17,2024-03-01,Insurance,429.63
17,2024-03-01,Utilities,665.9
17,2024-03-01,Repairs & Maintenance,915.05
17,2024-03-01,Management Fee,551.83
17,2024-03-01,Marketing,115.25
17,2024-03-01,Payroll,587.93
17,2024-04-01,Property Tax,1044.56
17,2024-04-01,Insurance,469.54
17,2024-04-01,Utilities,701.72
17,2024-04-01,Repairs & Maintenance,827.11
17,2024-04-01,Management Fee,471.55
17,2024-04-01,Marketing,132.96
17,2024-04-01,Payroll,734.98
17,2024-05-01,Property Tax,1317.67
17,2024-05-01,Insurance,453.94
17,2024-05-01,Utilities,834.95
17,2024-05-01,Repairs & Maintenance,817.13
17,2024-05-01,Management Fee,427.68
17,2024-05-01,Marketing,110.65
17,2024-05-01,Payroll,580.14
17,2024-06-01,Property Tax,1514.1
17,2024-06-01,Insurance,522.34
17,2024-06-01,Utilities,700.03
17,2024-06-01,Repairs & Maintenance,853.89
17,2024-06-01,Management Fee,466.31
17,2024-06-01,Marketing,136.72
17,2024-06-01,Payroll,562.83
17,2024-07-01,Property Tax,1393.29
17,2024-07-01,Insurance,436.84
17,2024-07-01,Utilities,741.13
17,2024-07-01,Repairs & Maintenance,921.5
17,2024-07-01,Management Fee,500.99
17,2024-07-01,Marketing,113.52
17,2024-07-01,Payroll,487.26
17,2024-08-01,Property Tax,1415.83
17,2024-08-01,Insurance,506.32
17,2024-08-01,Utilities,778.75
17,2024-08-01,Repairs & Maintenance,838.53
17,2024-08-01,Management Fee,451.3
17,2024-08-01,Marketing,125.66
17,2024-08-01,Payroll,494.02
17,2024-09-01,Property Tax,1092.37
17,2024-09-01,Insurance,328.54
17,2024-09-01,Utilities,612.46
17,2024-09-01,Repairs & Maintenance,783.48
17,2024-09-01,Management Fee,605.88
17,2024-09-01,Marketing,117.08
17,2024-09-01,Payroll,598.34
17,2024-10-01,Property Tax,1260.11
17,2024-10-01,Insurance,418.59
17,2024-10-01,Utilities,887.52
17,2024-10-01,Repairs & Maintenance,859.51
17,2024-10-01,Management Fee,462.5
17,2024-10-01,Marketing,111.02
17,2024-10-01,Payroll,479.69
17,2024-11-01,Property Tax,1153.62
17,2024-11-01,Insurance,461.49
17,2024-11-01,Utilities,780.11
17,2024-11-01,Repairs & Maintenance,946.75
17,2024-11-01,Management Fee,463.83
17,2024-11-01,Marketing,126.15
17,2024-11-01,Payroll,681.38
17,2024-12-01,Property Tax,1351.41
17,2024-12-01,Insurance,409.83
17,2024-12-01,Utilities,895.79
17,2024-12-01,Repairs & Maintenance,941.74
17,2024-12-01,Management Fee,448.7
17,2024-12-01,Marketing,115.52
17,2024-12-01,Payroll,619.96
17,2025-01-01,Property Tax,1361.38
17,2025-01-01,Insurance,385.54
17,2025-01-01,Utilities,848.52
17,2025-01-01,Repairs & Maintenance,899.46
17,2025-01-01,Management Fee,528.46
17,2025-01-01,Marketing,160.17
17,2025-01-01,Payroll,580.63
17,2025-02-01,Property Tax,924.44
17,2025-02-01,Insurance,451.88
17,2025-02-01,Utilities,885.49
17,2025-02-01,Repairs & Maintenance,768.92
17,2025-02-01,Management Fee,374.67
17,2025-02-01,Marketing,104.79
17,2025-02-01,Payroll,589.41
17,2025-03-01,Property Tax,1275.66
17,2025-03-01,Insurance,558.86
17,2025-03-01,Utilities,768.87
17,2025-03-01,Repairs & Maintenance,809.86
17,2025-03-01,Management Fee,436.04
17,2025-03-01,Marketing,98.88
17,2025-03-01,Payroll,617.92
17,2025-04-01,Property Tax,1648.09
17,2025-04-01,Insurance,505.28
17,2025-04-01,Utilities,598.68
17,2025-04-01,Repairs & Maintenance,874.95
17,2025-04-01,Management Fee,442.84
17,2025-04-01,Marketing,115.84
17,2025-04-01,Payroll,554.05
17,2025-05-01,Property Tax,1409.95
17,2025-05-01,Insurance,499.25
17,2025-05-01,Utilities,705.75
17,2025-05-01,Repairs & Maintenance,788.21
17,2025-05-01,Management Fee,576.29
17,2025-05-01,Marketing,124.26
17,2025-05-01,Payroll,603.3
17,2025-06-01,Property Tax,1276.82
17,2025-06-01,Insurance,466.73
17,2025-06-01,Utilities,717.93
17,2025-06-01,Repairs & Maintenance,652.86
17,2025-06-01,Management Fee,501.53
17,2025-06-01,Marketing,132.72
17,2025-06-01,Payroll,486.87
17,2025-07-01,Property Tax,1040.27
17,2025-07-01,Insurance,543.84
17,2025-07-01,Utilities,1012.08
17,2025-07-01,Repairs & Maintenance,938.18
17,2025-07-01,Management Fee,445.05
17,2025-07-01,Marketing,101.76
17,2025-07-01,Payroll,588.19
17,2025-08-01,Property Tax,1203.42
17,2025-08-01,Insurance,542.56
17,2025-08-01,Utilities,870.02
17,2025-08-01,Repairs & Maintenance,837.69
17,2025-08-01,Management Fee,445.79
17,2025-08-01,Marketing,88.19
17,2025-08-01,Payroll,581.6
17,2025-09-01,Property Tax,1271.31
17,2025-09-01,Insurance,499.24
17,2025-09-01,Utilities,769.89
17,2025-09-01,Repairs & Maintenance,826.84
17,2025-09-01,Management Fee,466.23
17,2025-09-01,Marketing,134.92
17,2025-09-01,Payroll,628.28
17,2025-10-01,Property Tax,916.89
17,2025-10-01,Insurance,468.7
17,2025-10-01,Utilities,814.59
17,2025-10-01,Repairs & Maintenance,932.19
17,2025-10-01,Management Fee,409.87
17,2025-10-01,Marketing,116.95
17,2025-10-01,Payroll,588.57
17,2025-11-01,Property Tax,1169.58
17,2025-11-01,Insurance,459.31
17,2025-11-01,Utilities,746.98
17,2025-11-01,Repairs & Maintenance,820.25
17,2025-11-01,Management Fee,424.1
17,2025-11-01,Marketing,138.75
17,2025-11-01,Payroll,731.5
17,2025-12-01,Property Tax,1158.9
17,2025-12-01,Insurance,545.71
17,2025-12-01,Utilities,1056.73
17,2025-12-01,Repairs & Maintenance,912.49
17,2025-12-01,Management Fee,389.11
17,2025-12-01,Marketing,119.39
17,2025-12-01,Payroll,602.4
17,2026-01-01,Property Tax,1119.92
17,2026-01-01,Insurance,396.68
17,2026-01-01,Utilities,742.36
17,2026-01-01,Repairs & Maintenance,671.7
17,2026-01-01,Management Fee,478.54
17,2026-01-01,Marketing,114.03
17,2026-01-01,Payroll,591.63
17,2026-02-01,Property Tax,1392.74
17,2026-02-01,Insurance,556.62
17,2026-02-01,Utilities,921.71
17,2026-02-01,Repairs & Maintenance,815.47
17,2026-02-01,Management Fee,468.2
17,2026-02-01,Marketing,112.78
17,2026-02-01,Payroll,560.05
17,2026-03-01,Property Tax,1247.63
17,2026-03-01,Insurance,501.24
17,2026-03-01,Utilities,598.91
17,2026-03-01,Repairs & Maintenance,862.18
17,2026-03-01,Management Fee,434.51
17,2026-03-01,Marketing,98.02
17,2026-03-01,Payroll,668.26
17,2026-04-01,Property Tax,1156.72
17,2026-04-01,Insurance,450.47
17,2026-04-01,Utilities,557.09
17,2026-04-01,Repairs & Maintenance,735.6
17,2026-04-01,Management Fee,603.08
17,2026-04-01,Marketing,129.16
17,2026-04-01,Payroll,577.5
17,2026-05-01,Property Tax,1261.8
17,2026-05-01,Insurance,348.37
17,2026-05-01,Utilities,823.81
17,2026-05-01,Repairs & Maintenance,924.98
17,2026-05-01,Management Fee,409.59
17,2026-05-01,Marketing,100.55
17,2026-05-01,Payroll,581.35
17,2026-06-01,Property Tax,1478.1
17,2026-06-01,Insurance,460.29
17,2026-06-01,Utilities,687.38
17,2026-06-01,Repairs & Maintenance,923.39
17,2026-06-01,Management Fee,608.69
17,2026-06-01,Marketing,102.36
17,2026-06-01,Payroll,439.75
17,2026-07-01,Property Tax,1395.23
17,2026-07-01,Insurance,408.66
17,2026-07-01,Utilities,1040.47
17,2026-07-01,Repairs & Maintenance,731.74
17,2026-07-01,Management Fee,507.48
17,2026-07-01,Marketing,122.4
17,2026-07-01,Payroll,628.99
17,2026-08-01,Property Tax,1391.2
17,2026-08-01,Insurance,466.56
17,2026-08-01,Utilities,955.0
17,2026-08-01,Repairs & Maintenance,1042.04
17,2026-08-01,Management Fee,459.58
17,2026-08-01,Marketing,105.04
17,2026-08-01,Payroll,624.48
17,2026-09-01,Property Tax,1305.91
17,2026-09-01,Insurance,489.33
17,2026-09-01,Utilities,701.8
17,2026-09-01,Repairs & Maintenance,653.77
17,2026-09-01,Management Fee,463.47
17,2026-09-01,Marketing,109.99
17,2026-09-01,Payroll,610.43
18,2024-01-01,Property Tax,990.97
18,2024-01-01,Insurance,456.96
18,2024-01-01,Utilities,812.86
18,2024-01-01,Repairs & Maintenance,938.28
18,2024-01-01,Management Fee,403.14
18,2024-01-01,Marketing,111.44
18,2024-01-01,Payroll,505.65
18,2024-02-01,Property Tax,1028.15
18,2024-02-01,Insurance,312.87
18,2024-02-01,Utilities,633.47
18,2024-02-01,Repairs & Maintenance,1013.91
18,2024-02-01,Management Fee,396.13
18,2024-02-01,Marketing,96.6
18,2024-02-01,Payroll,464.28
18,2024-03-01,Property Tax,946.22
18,2024-03-01,Insurance,356.36
18,2024-03-01,Utilities,625.43
18,2024-03-01,Repairs & Maintenance,924.74
18,2024-03-01,Management Fee,342.77
18,2024-03-01,Marketing,119.14
18,2024-03-01,Payroll,475.15
18,2024-04-01,Property Tax,1025.47
18,2024-04-01,Insurance,397.74
18,2024-04-01,Utilities,543.89
18,2024-04-01,Repairs & Maintenance,903.68
18,2024-04-01,Management Fee,330.56
18,2024-04-01,Marketing,105.32
18,2024-04-01,Payroll,559.55
18,2024-05-01,Property Tax,871.32
18,2024-05-01,Insurance,449.66
18,2024-05-01,Utilities,508.2
18,2024-05-01,Repairs & Maintenance,907.17
18,2024-05-01,Management Fee,374.26
18,2024-05-01,Marketing,84.19
18,2024-05-01,Payroll,452.43
18,2024-06-01,Property Tax,915.25
18,2024-06-01,Insurance,423.63
18,2024-06-01,Utilities,655.09
18,2024-06-01,Repairs & Maintenance,898.59
18,2024-06-01,Management Fee,348.79
18,2024-06-01,Marketing,91.45
18,2024-06-01,Payroll,512.4
18,2024-07-01,Property Tax,1046.1
18,2024-07-01,Insurance,407.91
18,2024-07-01,Utilities,631.81
18,2024-07-01,Repairs & Maintenance,912.12
18,2024-07-01,Management Fee,446.3
18,2024-07-01,Marketing,100.38
18,2024-07-01,Payroll,414.34
18,2024-08-01,Property Tax,1024.19
18,2024-08-01,Insurance,275.47
18,2024-08-01,Utilities,731.58
18,2024-08-01,Repairs & Maintenance,663.63
18,2024-08-01,Management Fee,383.99
18,2024-08-01,Marketing,106.78
18,2024-08-01,Payroll,481.91
18,2024-09-01,Property Tax,968.4
18,2024-09-01,Insurance,418.92
18,2024-09-01,Utilities,561.44
18,2024-09-01,Repairs & Maintenance,789.26
18,2024-09-01,Management Fee,417.18
18,2024-09-01,Marketing,105.97
18,2024-09-01,Payroll,601.46
18,2024-10-01,Property Tax,998.16
18,2024-10-01,Insurance,436.77
18,2024-10-01,Utilities,642.0
18,2024-10-01,Repairs & Maintenance,943.04
18,2024-10-01,Management Fee,350.28
18,2024-10-01,Marketing,93.46
18,2024-10-01,Payroll,567.09
18,2024-11-01,Property Tax,722.61
18,2024-11-01,Insurance,387.62
18,2024-11-01,Utilities,620.12
18,2024-11-01,Repairs & Maintenance,849.58
18,2024-11-01,Management Fee,366.93
18,2024-11-01,Marketing,91.73
18,2024-11-01,Payroll,471.55
18,2024-12-01,Property Tax,1139.26
18,2024-12-01,Insurance,379.69
18,2024-12-01,Utilities,792.03
18,2024-12-01,Repairs & Maintenance,946.21
18,2024-12-01,Management Fee,327.35
18,2024-12-01,Marketing,86.61
18,2024-12-01,Payroll,447.26
18,2025-01-01,Property Tax,1096.51
18,2025-01-01,Insurance,320.9
18,2025-01-01,Utilities,798.6
18,2025-01-01,Repairs & Maintenance,894.87
18,2025-01-01,Management Fee,371.11
18,2025-01-01,Marketing,95.51
18,2025-01-01,Payroll,489.73
18,2025-02-01,Property Tax,1010.75
18,2025-02-01,Insurance,371.07
18,2025-02-01,Utilities,804.08
18,2025-02-01,Repairs & Maintenance,868.84
18,2025-02-01,Management Fee,447.24
18,2025-02-01,Marketing,84.28
18,2025-02-01,Payroll,482.63
18,2025-03-01,Property Tax,1044.94
18,2025-03-01,Insurance,330.43
18,2025-03-01,Utilities,528.53
18,2025-03-01,Repairs & Maintenance,737.02
18,2025-03-01,Management Fee,376.63
18,2025-03-01,Marketing,104.93
18,2025-03-01,Payroll,461.1
18,2025-04-01,Property Tax,1004.16
18,2025-04-01,Insurance,392.91
18,2025-04-01,Utilities,466.37
18,2025-04-01,Repairs & Maintenance,988.29
18,2025-04-01,Management Fee,450.55
18,2025-04-01,Marketing,94.43
18,2025-04-01,Payroll,434.73
18,2025-05-01,Property Tax,1176.43
18,2025-05-01,Insurance,388.02
18,2025-05-01,Utilities,559.39
18,2025-05-01,Repairs & Maintenance,825.95
18,2025-05-01,Management Fee,352.95
18,2025-05-01,Marketing,87.98
18,2025-05-01,Payroll,529.57
18,2025-06-01,Property Tax,948.91
18,2025-06-01,Insurance,509.79
18,2025-06-01,Utilities,638.09
18,2025-06-01,Repairs & Maintenance,739.21
18,2025-06-01,Management Fee,357.57
18,2025-06-01,Marketing,78.37
18,2025-06-01,Payroll,432.25
18,2025-07-01,Property Tax,1242.89
18,2025-07-01,Insurance,264.0
18,2025-07-01,Utilities,690.59
18,2025-07-01,Repairs & Maintenance,904.52
18,2025-07-01,Management Fee,382.43
18,2025-07-01,Marketing,87.78
18,2025-07-01,Payroll,605.83
18,2025-08-01,Property Tax,1134.23
18,2025-08-01,Insurance,288.82
18,2025-08-01,Utilities,710.29
18,2025-08-01,Repairs & Maintenance,1095.29
18,2025-08-01,Management Fee,401.75
18,2025-08-01,Marketing,107.37
18,2025-08-01,Payroll,612.96
18,2025-09-01,Property Tax,1197.92
18,2025-09-01,Insurance,399.36
18,2025-09-01,Utilities,538.04
18,2025-09-01,Repairs & Maintenance,871.8
18,2025-09-01,Management Fee,363.16
18,2025-09-01,Marketing,114.52
18,2025-09-01,Payroll,502.71
18,2025-10-01,Property Tax,1129.83
18,2025-10-01,Insurance,424.84
18,2025-10-01,Utilities,554.12
18,2025-10-01,Repairs & Maintenance,838.21
18,2025-10-01,Management Fee,361.45
18,2025-10-01,Marketing,76.18
18,2025-10-01,Payroll,436.99
18,2025-11-01,Property Tax,1088.15
18,2025-11-01,Insurance,349.09
18,2025-11-01,Utilities,554.83
18,2025-11-01,Repairs & Maintenance,980.0
18,2025-11-01,Management Fee,348.03
18,2025-11-01,Marketing,94.9
18,2025-11-01,Payroll,503.98
18,2025-12-01,Property Tax,1149.24
18,2025-12-01,Insurance,387.5
18,2025-12-01,Utilities,784.7
18,2025-12-01,Repairs & Maintenance,1004.79
18,2025-12-01,Management Fee,362.62
18,2025-12-01,Marketing,113.78
18,2025-12-01,Payroll,407.88
18,2026-01-01,Property Tax,1382.29
18,2026-01-01,Insurance,434.36
18,2026-01-01,Utilities,628.0
18,2026-01-01,Repairs & Maintenance,928.12
18,2026-01-01,Management Fee,446.18
18,2026-01-01,Marketing,94.25
18,2026-01-01,Payroll,442.06
18,2026-02-01,Property Tax,1125.14
18,2026-02-01,Insurance,466.63
18,2026-02-01,Utilities,614.19
18,2026-02-01,Repairs & Maintenance,948.66
18,2026-02-01,Management Fee,367.57
18,2026-02-01,Marketing,102.58
18,2026-02-01,Payroll,483.96
18,2026-03-01,Property Tax,1224.45
18,2026-03-01,Insurance,372.3
18,2026-03-01,Utilities,569.42
18,2026-03-01,Repairs & Maintenance,856.89
18,2026-03-01,Management Fee,308.88
18,2026-03-01,Marketing,81.88
18,2026-03-01,Payroll,490.56
18,2026-04-01,Property Tax,1198.08
18,2026-04-01,Insurance,356.25
18,2026-04-01,Utilities,606.26
18,2026-04-01,Repairs & Maintenance,716.07
18,2026-04-01,Management Fee,379.0
18,2026-04-01,Marketing,94.42
18,2026-04-01,Payroll,520.07
18,2026-05-01,Property Tax,1090.75
18,2026-05-01,Insurance,539.39
18,2026-05-01,Utilities,513.0
18,2026-05-01,Repairs & Maintenance,922.63
18,2026-05-01,Management Fee,346.51
18,2026-05-01,Marketing,121.11
18,2026-05-01,Payroll,489.92
18,2026-06-01,Property Tax,876.75
18,2026-06-01,Insurance,485.91
18,2026-06-01,Utilities,461.95
18,2026-06-01,Repairs & Maintenance,1031.61
18,2026-06-01,Management Fee,455.37
18,2026-06-01,Marketing,100.38
18,2026-06-01,Payroll,495.02
18,2026-07-01,Property Tax,915.21
18,2026-07-01,Insurance,444.05
18,2026-07-01,Utilities,738.58
18,2026-07-01,Repairs & Maintenance,757.79
18,2026-07-01,Management Fee,382.76
18,2026-07-01,Marketing,99.57
18,2026-07-01,Payroll,421.63
18,2026-08-01,Property Tax,973.42
18,2026-08-01,Insurance,450.43
18,2026-08-01,Utilities,748.49
18,2026-08-01,Repairs & Maintenance,797.31
18,2026-08-01,Management Fee,414.58
18,2026-08-01,Marketing,103.83
18,2026-08-01,Payroll,577.1
18,2026-09-01,Property Tax,1156.05
18,2026-09-01,Insurance,418.55
18,2026-09-01,Utilities,718.44
18,2026-09-01,Repairs & Maintenance,821.64
18,2026-09-01,Management Fee,349.94
18,2026-09-01,Marketing,100.19
18,2026-09-01,Payroll,501.03
19,2024-01-01,Property Tax,359.97
19,2024-01-01,Insurance,157.28
19,2024-01-01,Utilities,291.57
19,2024-01-01,Repairs & Maintenance,286.98
19,2024-01-01,Management Fee,150.99
19,2024-01-01,Marketing,41.0
19,2024-01-01,Payroll,176.31
19,2024-02-01,Property Tax,468.78
19,2024-02-01,Insurance,153.18
19,2024-02-01,Utilities,260.74
19,2024-02-01,Repairs & Maintenance,272.27
19,2024-02-01,Management Fee,160.86
19,2024-02-01,Marketing,38.74
19,2024-02-01,Payroll,201.55
19,2024-03-01,Property Tax,399.73
19,2024-03-01,Insurance,146.06
19,2024-03-01,Utilities,238.13
19,2024-03-01,Repairs & Maintenance,283.4
19,2024-03-01,Management Fee,125.41
19,2024-03-01,Marketing,33.18
19,2024-03-01,Payroll,197.73
19,2024-04-01,Property Tax,421.12
19,2024-04-01,Insurance,130.26
19,2024-04-01,Utilities,195.53
19,2024-04-01,Repairs & Maintenance,228.87
19,2024-04-01,Management Fee,158.28
19,2024-04-01,Marketing,40.58
19,2024-04-01,Payroll,188.56
19,2024-05-01,Property Tax,470.78
19,2024-05-01,Insurance,127.55
19,2024-05-01,Utilities,204.22
19,2024-05-01,Repairs & Maintenance,302.79
19,2024-05-01,Management Fee,143.35
19,2024-05-01,Marketing,32.0
19,2024-05-01,Payroll,172.51
19,2024-06-01,Property Tax,398.02
19,2024-06-01,Insurance,129.07
19,2024-06-01,Utilities,227.95
19,2024-06-01,Repairs & Maintenance,238.98
19,2024-06-01,Management Fee,131.34
19,2024-06-01,Marketing,39.41
19,2024-06-01,Payroll,202.63
19,2024-07-01,Property Tax,460.3
19,2024-07-01,Insurance,132.3
19,2024-07-01,Utilities,224.27
19,2024-07-01,Repairs & Maintenance,257.59
19,2024-07-01,Management Fee,161.9
19,2024-07-01,Marketing,42.22
19,2024-07-01,Payroll,206.38
19,2024-08-01,Property Tax,404.54
19,2024-08-01,Insurance,159.95
19,2024-08-01,Utilities,271.78
19,2024-08-01,Repairs & Maintenance,264.9
19,2024-08-01,Management Fee,169.15
19,2024-08-01,Marketing,27.66
19,2024-08-01,Payroll,196.24
19,2024-09-01,Property Tax,382.48
19,2024-09-01,Insurance,145.38
19,2024-09-01,Utilities,236.18
19,2024-09-01,Repairs & Maintenance,216.19
19,2024-09-01,Management Fee,163.14
19,2024-09-01,Marketing,33.58
19,2024-09-01,Payroll,171.19
19,2024-10-01,Property Tax,444.14
19,2024-10-01,Insurance,158.44
19,2024-10-01,Utilities,210.86
19,2024-10-01,Repairs & Maintenance,233.49
19,2024-10-01,Management Fee,179.25
19,2024-10-01,Marketing,37.7
19,2024-10-01,Payroll,181.88
19,2024-11-01,Property Tax,437.56
19,2024-11-01,Insurance,154.16
19,2024-11-01,Utilities,239.98
19,2024-11-01,Repairs & Maintenance,315.17
19,2024-11-01,Management Fee,137.55
19,2024-11-01,Marketing,34.35
19,2024-11-01,Payroll,165.17
19,2024-12-01,Property Tax,417.11
19,2024-12-01,Insurance,173.68
19,2024-12-01,Utilities,319.0
19,2024-12-01,Repairs & Maintenance,270.56
19,2024-12-01,Management Fee,151.29
19,2024-12-01,Marketing,35.2
19,2024-12-01,Payroll,173.64
19,2025-01-01,Property Tax,378.51
19,2025-01-01,Insurance,122.45
19,2025-01-01,Utilities,292.79
19,2025-01-01,Repairs & Maintenance,247.83
19,2025-01-01,Management Fee,128.79
19,2025-01-01,Marketing,39.74
19,2025-01-01,Payroll,183.65
19,2025-02-01,Property Tax,400.59
19,2025-02-01,Insurance,188.22
19,2025-02-01,Utilities,331.2
19,2025-02-01,Repairs & Maintenance,257.26
19,2025-02-01,Management Fee,155.57
19,2025-02-01,Marketing,34.16
19,2025-02-01,Payroll,193.59
19,2025-03-01,Property Tax,417.23
19,2025-03-01,Insurance,156.03
19,2025-03-01,Utilities,237.1
19,2025-03-01,Repairs & Maintenance,243.98
19,2025-03-01,Management Fee,153.98
19,2025-03-01,Marketing,30.94
19,2025-03-01,Payroll,183.25
19,2025-04-01,Property Tax,477.38
19,2025-04-01,Insurance,166.5
19,2025-04-01,Utilities,208.93
19,2025-04-01,Repairs & Maintenance,249.67
19,2025-04-01,Management Fee,124.69
19,2025-04-01,Marketing,37.75
19,2025-04-01,Payroll,183.01
19,2025-05-01,Property Tax,457.58
19,2025-05-01,Insurance,122.99
19,2025-05-01,Utilities,263.57
19,2025-05-01,Repairs & Maintenance,279.11
19,2025-05-01,Management Fee,128.94
19,2025-05-01,Marketing,34.15
19,2025-05-01,Payroll,207.63
19,2025-06-01,Property Tax,483.66
19,2025-06-01,Insurance,127.24
19,2025-06-01,Utilities,245.4
19,2025-06-01,Repairs & Maintenance,262.65
19,2025-06-01,Management Fee,146.59
19,2025-06-01,Marketing,35.07
19,2025-06-01,Payroll,220.59
19,2025-07-01,Property Tax,439.85
19,2025-07-01,Insurance,144.62
19,2025-07-01,Utilities,335.93
19,2025-07-01,Repairs & Maintenance,213.86
19,2025-07-01,Management Fee,134.01
19,2025-07-01,Marketing,45.89
19,2025-07-01,Payroll,170.35
19,2025-08-01,Property Tax,344.19
19,2025-08-01,Insurance,181.74
19,2025-08-01,Utilities,258.38
19,2025-08-01,Repairs & Maintenance,203.24
19,2025-08-01,Management Fee,166.03
19,2025-08-01,Marketing,35.1
19,2025-08-01,Payroll,181.84
19,2025-09-01,Property Tax,354.34
19,2025-09-01,Insurance,169.81
19,2025-09-01,Utilities,224.59
19,2025-09-01,Repairs & Maintenance,252.17
19,2025-09-01,Management Fee,157.02
19,2025-09-01,Marketing,35.58
19,2025-09-01,Payroll,190.18
19,2025-10-01,Property Tax,390.53
19,2025-10-01,Insurance,147.26
19,2025-10-01,Utilities,216.58
19,2025-10-01,Repairs & Maintenance,209.6
19,2025-10-01,Management Fee,129.52
19,2025-10-01,Marketing,37.53
19,2025-10-01,Payroll,213.52
19,2025-11-01,Property Tax,320.77
19,2025-11-01,Insurance,142.2
19,2025-11-01,Utilities,225.11
19,2025-11-01,Repairs & Maintenance,297.93
19,2025-11-01,Management Fee,126.67
19,2025-11-01,Marketing,37.32
19,2025-11-01,Payroll,192.31
19,2025-12-01,Property Tax,371.55
19,2025-12-01,Insurance,142.69
19,2025-12-01,Utilities,310.92
19,2025-12-01,Repairs & Maintenance,229.27
19,2025-12-01,Management Fee,158.36
19,2025-12-01,Marketing,37.78
19,2025-12-01,Payroll,186.57
19,2026-01-01,Property Tax,386.64
19,2026-01-01,Insurance,138.62
19,2026-01-01,Utilities,291.97
19,2026-01-01,Repairs & Maintenance,265.75
19,2026-01-01,Management Fee,194.01
19,2026-01-01,Marketing,37.72
19,2026-01-01,Payroll,195.38
19,2026-02-01,Property Tax,306.41
19,2026-02-01,Insurance,134.71
19,2026-02-01,Utilities,283.13
19,2026-02-01,Repairs & Maintenance,262.43
19,2026-02-01,Management Fee,122.66
19,2026-02-01,Marketing,36.84
19,2026-02-01,Payroll,172.88
19,2026-03-01,Property Tax,485.09
19,2026-03-01,Insurance,154.5
19,2026-03-01,Utilities,258.69
19,2026-03-01,Repairs & Maintenance,344.45
19,2026-03-01,Management Fee,144.23
19,2026-03-01,Marketing,36.39
19,2026-03-01,Payroll,211.86
19,2026-04-01,Property Tax,473.26
19,2026-04-01,Insurance,143.59
19,2026-04-01,Utilities,219.87
19,2026-04-01,Repairs & Maintenance,283.2
19,2026-04-01,Management Fee,161.64
19,2026-04-01,Marketing,39.73
19,2026-04-01,Payroll,206.29
19,2026-05-01,Property Tax,357.47
19,2026-05-01,Insurance,133.65
19,2026-05-01,Utilities,224.74
19,2026-05-01,Repairs & Maintenance,225.99
19,2026-05-01,Management Fee,154.02
19,2026-05-01,Marketing,38.9
19,2026-05-01,Payroll,190.56
19,2026-06-01,Property Tax,420.37
19,2026-06-01,Insurance,180.59
19,2026-06-01,Utilities,235.07
19,2026-06-01,Repairs & Maintenance,300.73
19,2026-06-01,Management Fee,147.88
19,2026-06-01,Marketing,41.31
19,2026-06-01,Payroll,173.18
19,2026-07-01,Property Tax,540.28
19,2026-07-01,Insurance,148.65
19,2026-07-01,Utilities,293.85
19,2026-07-01,Repairs & Maintenance,254.25
19,2026-07-01,Management Fee,115.14
19,2026-07-01,Marketing,35.02
19,2026-07-01,Payroll,176.75
19,2026-08-01,Property Tax,432.44
19,2026-08-01,Insurance,170.81
19,2026-08-01,Utilities,303.34
19,2026-08-01,Repairs & Maintenance,293.98
19,2026-08-01,Management Fee,184.68
19,2026-08-01,Marketing,33.89
19,2026-08-01,Payroll,194.83
19,2026-09-01,Property Tax,425.92
19,2026-09-01,Insurance,143.31
19,2026-09-01,Utilities,257.84
19,2026-09-01,Repairs & Maintenance,201.75
19,2026-09-01,Management Fee,145.69
19,2026-09-01,Marketing,31.65
19,2026-09-01,Payroll,172.62
20,2024-01-01,Property Tax,3553.07
20,2024-01-01,Insurance,1010.32
20,2024-01-01,Utilities,1997.01
20,2024-01-01,Repairs & Maintenance,2376.64
20,2024-01-01,Management Fee,989.16
20,2024-01-01,Marketing,330.98
20,2024-01-01,Payroll,1529.45
20,2024-02-01,Property Tax,3476.14
20,2024-02-01,Insurance,1239.82
20,2024-02-01,Utilities,2381.09
20,2024-02-01,Repairs & Maintenance,2380.88
20,2024-02-01,Management Fee,1422.99
20,2024-02-01,Marketing,303.48
20,2024-02-01,Payroll,1300.98
20,2024-03-01,Property Tax,3217.37
20,2024-03-01,Insurance,1132.55
20,2024-03-01,Utilities,1732.82
20,2024-03-01,Repairs & Maintenance,2348.0
20,2024-03-01,Management Fee,1039.51
20,2024-03-01,Marketing,362.51
20,2024-03-01,Payroll,1965.55
20,2024-04-01,Property Tax,3197.74
20,2024-04-01,Insurance,1191.83
20,2024-04-01,Utilities,1415.51
20,2024-04-01,Repairs & Maintenance,2141.65
20,2024-04-01,Management Fee,1199.96
20,2024-04-01,Marketing,277.52
20,2024-04-01,Payroll,1458.05
20,2024-05-01,Property Tax,3601.69
20,2024-05-01,Insurance,1473.93
20,2024-05-01,Utilities,1857.21
20,2024-05-01,Repairs & Maintenance,2090.9
20,2024-05-01,Management Fee,1134.08
20,2024-05-01,Marketing,325.42
20,2024-05-01,Payroll,1602.76
20,2024-06-01,Property Tax,3154.93
20,2024-06-01,Insurance,1137.83
20,2024-06-01,Utilities,1912.4
20,2024-06-01,Repairs & Maintenance,2191.35
20,2024-06-01,Management Fee,1246.37
20,2024-06-01,Marketing,304.89
20,2024-06-01,Payroll,1717.19
20,2024-07-01,Property Tax,2242.83
20,2024-07-01,Insurance,1247.36
20,2024-07-01,Utilities,2228.49
20,2024-07-01,Repairs & Maintenance,2399.26
20,2024-07-01,Management Fee,1026.03
20,2024-07-01,Marketing,182.87
20,2024-07-01,Payroll,1342.67
20,2024-08-01,Property Tax,3848.33
20,2024-08-01,Insurance,1484.83
20,2024-08-01,Utilities,1948.57
20,2024-08-01,Repairs & Maintenance,2347.68
20,2024-08-01,Management Fee,1424.46
20,2024-08-01,Marketing,267.42
20,2024-08-01,Payroll,1294.27
20,2024-09-01,Property Tax,3666.46
20,2024-09-01,Insurance,1254.79
20,2024-09-01,Utilities,1935.46
20,2024-09-01,Repairs & Maintenance,2225.38
20,2024-09-01,Management Fee,1360.77
20,2024-09-01,Marketing,223.5
20,2024-09-01,Payroll,1289.53
20,2024-10-01,Property Tax,3302.59
20,2024-10-01,Insurance,1443.75
20,2024-10-01,Utilities,1762.52
20,2024-10-01,Repairs & Maintenance,2489.81
20,2024-10-01,Management Fee,1232.04
20,2024-10-01,Marketing,371.49
20,2024-10-01,Payroll,1334.15
20,2024-11-01,Property Tax,2940.83
20,2024-11-01,Insurance,1165.86
20,2024-11-01,Utilities,1934.46
20,2024-11-01,Repairs & Maintenance,1614.02
20,2024-11-01,Management Fee,1361.3
20,2024-11-01,Marketing,291.04
20,2024-11-01,Payroll,1475.34
20,2024-12-01,Property Tax,3889.0
20,2024-12-01,Insurance,1509.95
20,2024-12-01,Utilities,2110.45
20,2024-12-01,Repairs & Maintenance,2744.19
20,2024-12-01,Management Fee,984.6
20,2024-12-01,Marketing,337.67
20,2024-12-01,Payroll,1531.56
20,2025-01-01,Property Tax,3353.44
20,2025-01-01,Insurance,1094.76
20,2025-01-01,Utilities,2460.88
20,2025-01-01,Repairs & Maintenance,2222.22
20,2025-01-01,Management Fee,1181.26
20,2025-01-01,Marketing,309.55
20,2025-01-01,Payroll,1634.9
20,2025-02-01,Property Tax,3110.2
20,2025-02-01,Insurance,1394.22
20,2025-02-01,Utilities,1930.21
20,2025-02-01,Repairs & Maintenance,2512.39
20,2025-02-01,Management Fee,1030.21
20,2025-02-01,Marketing,295.81
20,2025-02-01,Payroll,1678.66
20,2025-03-01,Property Tax,4035.02
20,2025-03-01,Insurance,1365.68
20,2025-03-01,Utilities,1779.04
20,2025-03-01,Repairs & Maintenance,2211.55
20,2025-03-01,Management Fee,1430.45
20,2025-03-01,Marketing,324.57
20,2025-03-01,Payroll,1598.69
20,2025-04-01,Property Tax,3186.03
20,2025-04-01,Insurance,1322.7
20,2025-04-01,Utilities,1961.49
20,2025-04-01,Repairs & Maintenance,2406.98
20,2025-04-01,Management Fee,1135.28
20,2025-04-01,Marketing,314.65
20,2025-04-01,Payroll,1489.33
20,2025-05-01,Property Tax,3626.27
20,2025-05-01,Insurance,1107.18
20,2025-05-01,Utilities,1726.27
20,2025-05-01,Repairs & Maintenance,2194.29
20,2025-05-01,Management Fee,1233.92
20,2025-05-01,Marketing,296.83
20,2025-05-01,Payroll,1383.28
20,2025-06-01,Property Tax,3433.94
20,2025-06-01,Insurance,1118.62
20,2025-06-01,Utilities,1843.57
20,2025-06-01,Repairs & Maintenance,2431.73
20,2025-06-01,Management Fee,1513.19
20,2025-06-01,Marketing,284.17
20,2025-06-01,Payroll,1285.7
20,2025-07-01,Property Tax,2625.39
20,2025-07-01,Insurance,1179.32
20,2025-07-01,Utilities,2254.28
20,2025-07-01,Repairs & Maintenance,1797.88
20,2025-07-01,Management Fee,1366.5
20,2025-07-01,Marketing,351.41
20,2025-07-01,Payroll,1228.85
20,2025-08-01,Property Tax,3318.0
20,2025-08-01,Insurance,1291.12
20,2025-08-01,Utilities,2319.0
20,2025-08-01,Repairs & Maintenance,2925.54
20,2025-08-01,Management Fee,962.78
20,2025-08-01,Marketing,287.0
20,2025-08-01,Payroll,1606.33
20,2025-09-01,Property Tax,3360.96
20,2025-09-01,Insurance,1075.51
20,2025-09-01,Utilities,1697.71
20,2025-09-01,Repairs & Maintenance,2373.49
20,2025-09-01,Management Fee,1232.85
20,2025-09-01,Marketing,228.09
20,2025-09-01,Payroll,1664.17
20,2025-10-01,Property Tax,3332.48
20,2025-10-01,Insurance,1179.9
20,2025-10-01,Utilities,1938.53
20,2025-10-01,Repairs & Maintenance,2327.72
20,2025-10-01,Management Fee,1296.03
20,2025-10-01,Marketing,281.99
20,2025-10-01,Payroll,1405.12
20,2025-11-01,Property Tax,2535.0
20,2025-11-01,Insurance,976.81
20,2025-11-01,Utilities,1716.99
20,2025-11-01,Repairs & Maintenance,2294.82
20,2025-11-01,Management Fee,1139.88
20,2025-11-01,Marketing,328.01
20,2025-11-01,Payroll,1441.18
20,2025-12-01,Property Tax,3376.2
20,2025-12-01,Insurance,1411.07
20,2025-12-01,Utilities,1671.91
20,2025-12-01,Repairs & Maintenance,1895.06
20,2025-12-01,Management Fee,1075.48
20,2025-12-01,Marketing,275.73
20,2025-12-01,Payroll,1376.25
20,2026-01-01,Property Tax,3772.36
20,2026-01-01,Insurance,1220.35
20,2026-01-01,Utilities,2407.35
20,2026-01-01,Repairs & Maintenance,2100.59
20,2026-01-01,Management Fee,1100.05
20,2026-01-01,Marketing,266.33
20,2026-01-01,Payroll,1482.01
20,2026-02-01,Property Tax,3782.26
20,2026-02-01,Insurance,1358.85
20,2026-02-01,Utilities,2015.8
20,2026-02-01,Repairs & Maintenance,2000.36
20,2026-02-01,Management Fee,1237.12
20,2026-02-01,Marketing,321.01
20,2026-02-01,Payroll,1667.49
20,2026-03-01,Property Tax,3208.02
20,2026-03-01,Insurance,1044.9
20,2026-03-01,Utilities,1641.72
20,2026-03-01,Repairs & Maintenance,2472.03
20,2026-03-01,Management Fee,1292.1
20,2026-03-01,Marketing,389.97
20,2026-03-01,Payroll,1845.64
20,2026-04-01,Property Tax,3126.35
20,2026-04-01,Insurance,1154.0
20,2026-04-01,Utilities,2050.1
20,2026-04-01,Repairs & Maintenance,2155.39
20,2026-04-01,Management Fee,969.55
20,2026-04-01,Marketing,304.66
20,2026-04-01,Payroll,1372.06
20,2026-05-01,Property Tax,3796.66
20,2026-05-01,Insurance,1114.21
20,2026-05-01,Utilities,1871.25
20,2026-05-01,Repairs & Maintenance,1840.66
20,2026-05-01,Management Fee,1168.73
20,2026-05-01,Marketing,287.54
20,2026-05-01,Payroll,1366.34
20,2026-06-01,Property Tax,3574.65
20,2026-06-01,Insurance,1171.1
20,2026-06-01,Utilities,2460.91
20,2026-06-01,Repairs & Maintenance,3003.66
20,2026-06-01,Management Fee,964.57
20,2026-06-01,Marketing,311.23
20,2026-06-01,Payroll,1601.59
20,2026-07-01,Property Tax,3270.74
20,2026-07-01,Insurance,1329.52
20,2026-07-01,Utilities,2366.36
20,2026-07-01,Repairs & Maintenance,2281.27
20,2026-07-01,Management Fee,1190.62
20,2026-07-01,Marketing,308.69
20,2026-07-01,Payroll,1486.66
20,2026-08-01,Property Tax,2524.78
20,2026-08-01,Insurance,962.77
20,2026-08-01,Utilities,2218.88
20,2026-08-01,Repairs & Maintenance,1992.37
20,2026-08-01,Management Fee,1287.52
20,2026-08-01,Marketing,235.57
20,2026-08-01,Payroll,1521.88
20,2026-09-01,Property Tax,3565.27
20,2026-09-01,Insurance,1096.04
20,2026-09-01,Utilities,1391.06
20,2026-09-01,Repairs & Maintenance,2123.79
20,2026-09-01,Management Fee,1157.74
20,2026-09-01,Marketing,274.81
20,2026-09-01,Payroll,1558.33
21,2024-01-01,Property Tax,16462.61
21,2024-01-01,Insurance,6056.36
21,2024-01-01,Utilities,13441.85
21,2024-01-01,Repairs & Maintenance,13658.42
21,2024-01-01,Management Fee,5567.11
21,2024-01-01,Marketing,1203.04
21,2024-01-01,Payroll,7620.9
21,2024-02-01,Property Tax,17833.19
21,2024-02-01,Insurance,6811.83
21,2024-02-01,Utilities,10701.31
21,2024-02-01,Repairs & Maintenance,11452.63
21,2024-02-01,Management Fee,7060.81
21,2024-02-01,Marketing,1627.6
21,2024-02-01,Payroll,7090.28
21,2024-03-01,Property Tax,16094.11
21,2024-03-01,Insurance,6351.51
21,2024-03-01,Utilities,8652.34
21,2024-03-01,Repairs & Maintenance,11454.26
21,2024-03-01,Management Fee,6362.16
21,2024-03-01,Marketing,1631.39
21,2024-03-01,Payroll,6680.44
21,2024-04-01,Property Tax,14439.71
21,2024-04-01,Insurance,4790.04
21,2024-04-01,Utilities,8020.2
21,2024-04-01,Repairs & Maintenance,11268.73
21,2024-04-01,Management Fee,5399.48
21,2024-04-01,Marketing,1205.52
21,2024-04-01,Payroll,6915.41
21,2024-05-01,Property Tax,16537.38
21,2024-05-01,Insurance,6132.38
21,2024-05-01,Utilities,8278.24
21,2024-05-01,Repairs & Maintenance,11545.99
21,2024-05-01,Management Fee,6750.94
21,2024-05-01,Marketing,1467.58
21,2024-05-01,Payroll,6812.99
21,2024-06-01,Property Tax,19664.92
21,2024-06-01,Insurance,5261.59
21,2024-06-01,Utilities,10985.32
21,2024-06-01,Repairs & Maintenance,11310.95
21,2024-06-01,Management Fee,4491.88
21,2024-06-01,Marketing,1579.53
21,2024-06-01,Payroll,7082.18
21,2024-07-01,Property Tax,13944.57
21,2024-07-01,Insurance,5874.72
21,2024-07-01,Utilities,10486.9
21,2024-07-01,Repairs & Maintenance,14011.63
21,2024-07-01,Management Fee,5420.69
21,2024-07-01,Marketing,1667.18
21,2024-07-01,Payroll,7646.49
21,2024-08-01,Property Tax,10109.76
21,2024-08-01,Insurance,6915.89
21,2024-08-01,Utilities,13713.62
21,2024-08-01,Repairs & Maintenance,14509.54
21,2024-08-01,Management Fee,6481.45
21,2024-08-01,Marketing,1627.51
21,2024-08-01,Payroll,8530.02
21,2024-09-01,Property Tax,14765.81
21,2024-09-01,Insurance,5891.05
21,2024-09-01,Utilities,9493.78
21,2024-09-01,Repairs & Maintenance,13065.05
21,2024-09-01,Management Fee,4498.65
21,2024-09-01,Marketing,1585.89
21,2024-09-01,Payroll,8547.32
21,2024-10-01,Property Tax,15726.19
21,2024-10-01,Insurance,5574.94
21,2024-10-01,Utilities,8913.44
21,2024-10-01,Repairs & Maintenance,14242.51
21,2024-10-01,Management Fee,6142.42
21,2024-10-01,Marketing,1598.04
21,2024-10-01,Payroll,8914.28
21,2024-11-01,Property Tax,16669.24
21,2024-11-01,Insurance,5854.86
21,2024-11-01,Utilities,8745.7
21,2024-11-01,Repairs & Maintenance,12021.84
21,2024-11-01,Management Fee,5254.12
21,2024-11-01,Marketing,1553.48
21,2024-11-01,Payroll,8852.68
21,2024-12-01,Property Tax,14155.0
21,2024-12-01,Insurance,5907.31
21,2024-12-01,Utilities,11456.34
21,2024-12-01,Repairs & Maintenance,10843.77
21,2024-12-01,Management Fee,6939.67
21,2024-12-01,Marketing,1794.42
21,2024-12-01,Payroll,7049.1
21,2025-01-01,Property Tax,18109.7
21,2025-01-01,Insurance,5673.16
21,2025-01-01,Utilities,9693.03
21,2025-01-01,Repairs & Maintenance,12245.01
21,2025-01-01,Management Fee,7011.06
21,2025-01-01,Marketing,1512.39
21,2025-01-01,Payroll,8202.13
21,2025-02-01,Property Tax,16904.02
21,2025-02-01,Insurance,5615.61
21,2025-02-01,Utilities,11859.63
21,2025-02-01,Repairs & Maintenance,11467.29
21,2025-02-01,Management Fee,5620.27
21,2025-02-01,Marketing,1910.56
21,2025-02-01,Payroll,7522.06
21,2025-03-01,Property Tax,14988.8
21,2025-03-01,Insurance,5865.16
21,2025-03-01,Utilities,8045.99
21,2025-03-01,Repairs & Maintenance,13571.23
21,2025-03-01,Management Fee,6069.84
21,2025-03-01,Marketing,1273.88
21,2025-03-01,Payroll,7483.67
21,2025-04-01,Property Tax,14464.1
21,2025-04-01,Insurance,5471.85
21,2025-04-01,Utilities,9099.7
21,2025-04-01,Repairs & Maintenance,13292.53
21,2025-04-01,Management Fee,5643.19
21,2025-04-01,Marketing,1495.27
21,2025-04-01,Payroll,6156.71
21,2025-05-01,Property Tax,17598.17
21,2025-05-01,Insurance,4877.06
21,2025-05-01,Utilities,11068.02
21,2025-05-01,Repairs & Maintenance,10286.79
21,2025-05-01,Management Fee,6664.7
21,2025-05-01,Marketing,1427.29
21,2025-05-01,Payroll,7388.65
21,2025-06-01,Property Tax,18886.06
21,2025-06-01,Insurance,5257.05
21,2025-06-01,Utilities,9524.54
21,2025-06-01,Repairs & Maintenance,11461.54
21,2025-06-01,Management Fee,6733.67
21,2025-06-01,Marketing,1260.65
21,2025-06-01,Payroll,7483.08
21,2025-07-01,Property Tax,14032.24
21,2025-07-01,Insurance,5978.12
21,2025-07-01,Utilities,10907.81
21,2025-07-01,Repairs & Maintenance,12117.91
21,2025-07-01,Management Fee,6423.64
21,2025-07-01,Marketing,1482.73
21,2025-07-01,Payroll,7799.03
21,2025-08-01,Property Tax,18878.16
21,2025-08-01,Insurance,6390.24
21,2025-08-01,Utilities,11450.24
21,2025-08-01,Repairs & Maintenance,11295.28
21,2025-08-01,Management Fee,6289.34
21,2025-08-01,Marketing,1547.86
21,2025-08-01,Payroll,7040.86
21,2025-09-01,Property Tax,14748.66
21,2025-09-01,Insurance,5531.76
21,2025-09-01,Utilities,10655.83
21,2025-09-01,Repairs & Maintenance,10349.94
21,2025-09-01,Management Fee,6117.34
21,2025-09-01,Marketing,1711.56
21,2025-09-01,Payroll,8651.16
21,2025-10-01,Property Tax,17486.72
21,2025-10-01,Insurance,6953.03
21,2025-10-01,Utilities,8785.16
21,2025-10-01,Repairs & Maintenance,13256.41
21,2025-10-01,Management Fee,5072.1
21,2025-10-01,Marketing,1581.35
21,2025-10-01,Payroll,7915.12
21,2025-11-01,Property Tax,14389.45
21,2025-11-01,Insurance,5589.2
21,2025-11-01,Utilities,10342.83
21,2025-11-01,Repairs & Maintenance,11096.44
21,2025-11-01,Management Fee,5399.29
21,2025-11-01,Marketing,1599.76
21,2025-11-01,Payroll,8300.55
21,2025-12-01,Property Tax,17398.74
21,2025-12-01,Insurance,7240.46
21,2025-12-01,Utilities,10640.81
21,2025-12-01,Repairs & Maintenance,10345.91
21,2025-12-01,Management Fee,6010.52
21,2025-12-01,Marketing,1409.15
21,2025-12-01,Payroll,7594.51
21,2026-01-01,Property Tax,18064.62
21,2026-01-01,Insurance,6222.74
21,2026-01-01,Utilities,10237.71
21,2026-01-01,Repairs & Maintenance,11803.57
21,2026-01-01,Management Fee,6373.35
21,2026-01-01,Marketing,1707.33
21,2026-01-01,Payroll,6608.95
21,2026-02-01,Property Tax,17770.53
21,2026-02-01,Insurance,5868.82
21,2026-02-01,Utilities,12336.36
21,2026-02-01,Repairs & Maintenance,10838.86
21,2026-02-01,Management Fee,5622.95
21,2026-02-01,Marketing,1541.25
21,2026-02-01,Payroll,7961.29
21,2026-03-01,Property Tax,16423.82
21,2026-03-01,Insurance,5533.26
21,2026-03-01,Utilities,7477.03
21,2026-03-01,Repairs & Maintenance,10985.36
21,2026-03-01,Management Fee,5430.18
21,2026-03-01,Marketing,1494.55
21,2026-03-01,Payroll,6343.77
21,2026-04-01,Property Tax,15254.82
21,2026-04-01,Insurance,6926.52
21,2026-04-01,Utilities,6700.04
21,2026-04-01,Repairs & Maintenance,9803.89
21,2026-04-01,Management Fee,5418.47
21,2026-04-01,Marketing,1812.55
21,2026-04-01,Payroll,8178.36
21,2026-05-01,Property Tax,17462.09
21,2026-05-01,Insurance,6021.27
21,2026-05-01,Utilities,6782.76
21,2026-05-01,Repairs & Maintenance,11554.04
21,2026-05-01,Management Fee,6812.55
21,2026-05-01,Marketing,1458.48
21,2026-05-01,Payroll,8248.62
21,2026-06-01,Property Tax,17416.9
21,2026-06-01,Insurance,5003.53
21,2026-06-01,Utilities,11123.79
21,2026-06-01,Repairs & Maintenance,9573.87
21,2026-06-01,Management Fee,5809.4
21,2026-06-01,Marketing,1477.2
21,2026-06-01,Payroll,8193.63
21,2026-07-01,Property Tax,15519.27
21,2026-07-01,Insurance,4976.96
21,2026-07-01,Utilities,12455.03
21,2026-07-01,Repairs & Maintenance,12263.65
21,2026-07-01,Management Fee,4651.76
21,2026-07-01,Marketing,1712.91
21,2026-07-01,Payroll,8495.03
21,2026-08-01,Property Tax,13885.71
21,2026-08-01,Insurance,6808.21
21,2026-08-01,Utilities,11391.16
21,2026-08-01,Repairs & Maintenance,13432.47
21,2026-08-01,Management Fee,6728.59
21,2026-08-01,Marketing,1375.06
21,2026-08-01,Payroll,6288.05
21,2026-09-01,Property Tax,18807.86
21,2026-09-01,Insurance,6445.46
21,2026-09-01,Utilities,10180.35
21,2026-09-01,Repairs & Maintenance,11737.14
21,2026-09-01,Management Fee,6993.05
21,2026-09-01,Marketing,1003.67
21,2026-09-01,Payroll,7881.17
22,2024-01-01,Property Tax,501.55
22,2024-01-01,Insurance,162.38
22,2024-01-01,Utilities,275.04
22,2024-01-01,Repairs & Maintenance,317.76
22,2024-01-01,Management Fee,149.05
22,2024-01-01,Marketing,40.04
22,2024-01-01,Payroll,226.65
22,2024-02-01,Property Tax,494.17
22,2024-02-01,Insurance,160.74
22,2024-02-01,Utilities,342.96
22,2024-02-01,Repairs & Maintenance,270.36
22,2024-02-01,Management Fee,182.14
22,2024-02-01,Marketing,47.48
22,2024-02-01,Payroll,169.96
22,2024-03-01,Property Tax,504.96
22,2024-03-01,Insurance,170.56
22,2024-03-01,Utilities,266.51
22,2024-03-01,Repairs & Maintenance,273.83
22,2024-03-01,Management Fee,190.5
22,2024-03-01,Marketing,44.74
22,2024-03-01,Payroll,214.5
22,2024-04-01,Property Tax,351.9
22,2024-04-01,Insurance,168.0
22,2024-04-01,Utilities,250.57
22,2024-04-01,Repairs & Maintenance,291.54
22,2024-04-01,Management Fee,149.84
22,2024-04-01,Marketing,46.55
22,2024-04-01,Payroll,218.05
22,2024-05-01,Property Tax,443.85
22,2024-05-01,Insurance,188.3
22,2024-05-01,Utilities,230.62
22,2024-05-01,Repairs & Maintenance,353.24
22,2024-05-01,Management Fee,214.6
22,2024-05-01,Marketing,48.31
22,2024-05-01,Payroll,158.16
22,2024-06-01,Property Tax,474.49
22,2024-06-01,Insurance,186.84
22,2024-06-01,Utilities,254.79
22,2024-06-01,Repairs & Maintenance,238.02
22,2024-06-01,Management Fee,146.95
22,2024-06-01,Marketing,38.86
22,2024-06-01,Payroll,175.81
22,2024-07-01,Property Tax,513.4
22,2024-07-01,Insurance,167.82
22,2024-07-01,Utilities,304.39
22,2024-07-01,Repairs & Maintenance,239.47
22,2024-07-01,Management Fee,184.17
22,2024-07-01,Marketing,45.2
22,2024-07-01,Payroll,215.4
22,2024-08-01,Property Tax,484.42
22,2024-08-01,Insurance,175.11
22,2024-08-01,Utilities,334.19
22,2024-08-01,Repairs & Maintenance,251.05
22,2024-08-01,Management Fee,196.76
22,2024-08-01,Marketing,43.99
22,2024-08-01,Payroll,244.95
22,2024-09-01,Property Tax,419.96
22,2024-09-01,Insurance,178.05
22,2024-09-01,Utilities,232.43
22,2024-09-01,Repairs & Maintenance,236.3
22,2024-09-01,Management Fee,201.88
22,2024-09-01,Marketing,39.04
22,2024-09-01,Payroll,189.36
22,2024-10-01,Property Tax,423.72
22,2024-10-01,Insurance,157.03
22,2024-10-01,Utilities,254.76
22,2024-10-01,Repairs & Maintenance,325.08
22,2024-10-01,Management Fee,181.15
22,2024-10-01,Marketing,42.82
22,2024-10-01,Payroll,209.68
22,2024-11-01,Property Tax,473.64
22,2024-11-01,Insurance,201.81
22,2024-11-01,Utilities,262.64
22,2024-11-01,Repairs & Maintenance,314.87
22,2024-11-01,Management Fee,148.23
22,2024-11-01,Marketing,42.64
22,2024-11-01,Payroll,213.9
22,2024-12-01,Property Tax,508.77
22,2024-12-01,Insurance,165.65
22,2024-12-01,Utilities,269.65
22,2024-12-01,Repairs & Maintenance,315.96
22,2024-12-01,Management Fee,139.96
22,2024-12-01,Marketing,37.92
22,2024-12-01,Payroll,209.15
22,2025-01-01,Property Tax,437.8
22,2025-01-01,Insurance,167.66
22,2025-01-01,Utilities,293.9
22,2025-01-01,Repairs & Maintenance,239.52
22,2025-01-01,Management Fee,176.53
22,2025-01-01,Marketing,39.42
22,2025-01-01,Payroll,186.78
22,2025-02-01,Property Tax,421.81
22,2025-02-01,Insurance,201.21
22,2025-02-01,Utilities,325.94
22,2025-02-01,Repairs & Maintenance,283.5
22,2025-02-01,Management Fee,178.25
22,2025-02-01,Marketing,45.25
22,2025-02-01,Payroll,211.77
22,2025-03-01,Property Tax,480.06
22,2025-03-01,Insurance,165.75
22,2025-03-01,Utilities,267.78
22,2025-03-01,Repairs & Maintenance,277.63
22,2025-03-01,Management Fee,189.37
22,2025-03-01,Marketing,49.41
22,2025-03-01,Payroll,225.78
22,2025-04-01,Property Tax,439.25
22,2025-04-01,Insurance,133.94
22,2025-04-01,Utilities,235.33
22,2025-04-01,Repairs & Maintenance,326.16
22,2025-04-01,Management Fee,177.87
22,2025-04-01,Marketing,45.72
22,2025-04-01,Payroll,222.12
22,2025-05-01,Property Tax,521.16
22,2025-05-01,Insurance,187.53
22,2025-05-01,Utilities,284.39
22,2025-05-01,Repairs & Maintenance,266.88
22,2025-05-01,Management Fee,195.07
22,2025-05-01,Marketing,45.49
22,2025-05-01,Payroll,202.79
22,2025-06-01,Property Tax,441.94
22,2025-06-01,Insurance,170.12
22,2025-06-01,Utilities,231.29
22,2025-06-01,Repairs & Maintenance,290.17
22,2025-06-01,Management Fee,156.93
22,2025-06-01,Marketing,46.48
22,2025-06-01,Payroll,220.35
22,2025-07-01,Property Tax,466.78
22,2025-07-01,Insurance,158.57
22,2025-07-01,Utilities,236.81
22,2025-07-01,Repairs & Maintenance,274.61
22,2025-07-01,Management Fee,173.83
22,2025-07-01,Marketing,42.41
22,2025-07-01,Payroll,219.18
22,2025-08-01,Property Tax,407.85
22,2025-08-01,Insurance,221.17
22,2025-08-01,Utilities,315.5
22,2025-08-01,Repairs & Maintenance,347.6
22,2025-08-01,Management Fee,170.2
22,2025-08-01,Marketing,41.96
22,2025-08-01,Payroll,184.63
22,2025-09-01,Property Tax,469.69
22,2025-09-01,Insurance,166.64
22,2025-09-01,Utilities,273.29
22,2025-09-01,Repairs & Maintenance,262.03
22,2025-09-01,Management Fee,206.73
22,2025-09-01,Marketing,39.3
22,2025-09-01,Payroll,239.65
22,2025-10-01,Property Tax,492.4
22,2025-10-01,Insurance,191.98
22,2025-10-01,Utilities,257.18
22,2025-10-01,Repairs & Maintenance,261.35
22,2025-10-01,Management Fee,169.9
22,2025-10-01,Marketing,30.51
22,2025-10-01,Payroll,232.93
22,2025-11-01,Property Tax,475.97
22,2025-11-01,Insurance,166.14
22,2025-11-01,Utilities,264.89
22,2025-11-01,Repairs & Maintenance,276.7
22,2025-11-01,Management Fee,187.57
22,2025-11-01,Marketing,43.11
22,2025-11-01,Payroll,222.19
22,2025-12-01,Property Tax,552.59
22,2025-12-01,Insurance,168.37
22,2025-12-01,Utilities,240.36
22,2025-12-01,Repairs & Maintenance,340.23
22,2025-12-01,Management Fee,157.1
22,2025-12-01,Marketing,55.32
22,2025-12-01,Payroll,211.05
22,2026-01-01,Property Tax,432.0
22,2026-01-01,Insurance,169.98
22,2026-01-01,Utilities,324.34
22,2026-01-01,Repairs & Maintenance,270.21
22,2026-01-01,Management Fee,172.79
22,2026-01-01,Marketing,43.74
22,2026-01-01,Payroll,214.14
22,2026-02-01,Property Tax,490.09
22,2026-02-01,Insurance,170.25
22,2026-02-01,Utilities,324.16
22,2026-02-01,Repairs & Maintenance,365.82
22,2026-02-01,Management Fee,181.18
22,2026-02-01,Marketing,37.08
22,2026-02-01,Payroll,198.21
22,2026-03-01,Property Tax,425.33
22,2026-03-01,Insurance,182.45
22,2026-03-01,Utilities,229.19
22,2026-03-01,Repairs & Maintenance,325.58
22,2026-03-01,Management Fee,174.86
22,2026-03-01,Marketing,49.62
22,2026-03-01,Payroll,172.39
22,2026-04-01,Property Tax,374.6
22,2026-04-01,Insurance,187.5
22,2026-04-01,Utilities,301.83
22,2026-04-01,Repairs & Maintenance,286.73
22,2026-04-01,Management Fee,162.09
22,2026-04-01,Marketing,41.65
22,2026-04-01,Payroll,214.66
22,2026-05-01,Property Tax,516.87
22,2026-05-01,Insurance,191.59
22,2026-05-01,Utilities,259.2
22,2026-05-01,Repairs & Maintenance,304.11
22,2026-05-01,Management Fee,164.69
22,2026-05-01,Marketing,43.0
22,2026-05-01,Payroll,220.24
22,2026-06-01,Property Tax,442.49
22,2026-06-01,Insurance,167.38
22,2026-06-01,Utilities,296.82
22,2026-06-01,Repairs & Maintenance,292.12
22,2026-06-01,Management Fee,172.65
22,2026-06-01,Marketing,36.83
22,2026-06-01,Payroll,220.39
22,2026-07-01,Property Tax,445.1
22,2026-07-01,Insurance,153.34
22,2026-07-01,Utilities,322.37
22,2026-07-01,Repairs & Maintenance,269.92
22,2026-07-01,Management Fee,168.11
22,2026-07-01,Marketing,43.89
22,2026-07-01,Payroll,207.08
22,2026-08-01,Property Tax,471.66
22,2026-08-01,Insurance,176.62
22,2026-08-01,Utilities,275.98
22,2026-08-01,Repairs & Maintenance,203.69
22,2026-08-01,Management Fee,147.34
22,2026-08-01,Marketing,46.93
22,2026-08-01,Payroll,213.24
22,2026-09-01,Property Tax,435.72
22,2026-09-01,Insurance,137.22
22,2026-09-01,Utilities,235.64
22,2026-09-01,Repairs & Maintenance,309.44
22,2026-09-01,Management Fee,188.37
22,2026-09-01,Marketing,49.59
22,2026-09-01,Payroll,191.45
23,2024-01-01,Property Tax,21833.56
23,2024-01-01,Insurance,7311.55
23,2024-01-01,Utilities,13603.32
23,2024-01-01,Repairs & Maintenance,15371.42
23,2024-01-01,Management Fee,7704.64
23,2024-01-01,Marketing,1622.52
23,2024-01-01,Payroll,9487.36
23,2024-02-01,Property Tax,17935.1
23,2024-02-01,Insurance,6386.66
23,2024-02-01,Utilities,13796.24
23,2024-02-01,Repairs & Maintenance,14045.91
23,2024-02-01,Management Fee,8387.01
23,2024-02-01,Marketing,2104.47
23,2024-02-01,Payroll,8669.24
23,2024-03-01,Property Tax,17775.29
23,2024-03-01,Insurance,6315.01
23,2024-03-01,Utilities,9063.33
23,2024-03-01,Repairs & Maintenance,14091.81
23,2024-03-01,Management Fee,7011.8
23,2024-03-01,Marketing,1509.06
23,2024-03-01,Payroll,9258.56
23,2024-04-01,Property Tax,20816.85
23,2024-04-01,Insurance,7569.18
23,2024-04-01,Utilities,11464.85
23,2024-04-01,Repairs & Maintenance,11427.71
23,2024-04-01,Management Fee,8292.3
23,2024-04-01,Marketing,1953.07
23,2024-04-01,Payroll,10002.09
23,2024-05-01,Property Tax,17566.2
23,2024-05-01,Insurance,9053.44
23,2024-05-01,Utilities,10550.29
23,2024-05-01,Repairs & Maintenance,10323.31
23,2024-05-01,Management Fee,4769.19
23,2024-05-01,Marketing,1949.95
23,2024-05-01,Payroll,8021.8
23,2024-06-01,Property Tax,18356.51
23,2024-06-01,Insurance,8096.0
23,2024-06-01,Utilities,10090.98
23,2024-06-01,Repairs & Maintenance,16354.69
23,2024-06-01,Management Fee,6319.19
23,2024-06-01,Marketing,1520.04
23,2024-06-01,Payroll,11094.87
23,2024-07-01,Property Tax,15939.69
23,2024-07-01,Insurance,5513.12
23,2024-07-01,Utilities,14838.85
23,2024-07-01,Repairs & Maintenance,11763.2
23,2024-07-01,Management Fee,8066.72
23,2024-07-01,Marketing,1880.57
23,2024-07-01,Payroll,9711.58
23,2024-08-01,Property Tax,17443.14
23,2024-08-01,Insurance,6375.48
23,2024-08-01,Utilities,13651.48
23,2024-08-01,Repairs & Maintenance,14600.55
23,2024-08-01,Management Fee,8115.02
23,2024-08-01,Marketing,2227.29
23,2024-08-01,Payroll,8606.53
23,2024-09-01,Property Tax,16546.43
23,2024-09-01,Insurance,7858.1
23,2024-09-01,Utilities,12488.99
23,2024-09-01,Repairs & Maintenance,11633.95
23,2024-09-01,Management Fee,6785.31
23,2024-09-01,Marketing,1413.68
23,2024-09-01,Payroll,8945.21
23,2024-10-01,Property Tax,16653.93
23,2024-10-01,Insurance,6164.05
23,2024-10-01,Utilities,12257.64
23,2024-10-01,Repairs & Maintenance,9371.28
23,2024-10-01,Management Fee,6733.51
23,2024-10-01,Marketing,1979.01
23,2024-10-01,Payroll,7851.99
23,2024-11-01,Property Tax,18873.82
23,2024-11-01,Insurance,6605.75
23,2024-11-01,Utilities,11093.47
23,2024-11-01,Repairs & Maintenance,13639.53
23,2024-11-01,Management Fee,6138.96
23,2024-11-01,Marketing,1722.93
23,2024-11-01,Payroll,6595.59
23,2024-12-01,Property Tax,14247.53
23,2024-12-01,Insurance,5444.41
23,2024-12-01,Utilities,14056.03
23,2024-12-01,Repairs & Maintenance,12598.72
23,2024-12-01,Management Fee,7677.32
23,2024-12-01,Marketing,1884.87
23,2024-12-01,Payroll,7566.91
23,2025-01-01,Property Tax,23766.66
23,2025-01-01,Insurance,8610.83
23,2025-01-01,Utilities,14950.08
23,2025-01-01,Repairs & Maintenance,13643.53
23,2025-01-01,Management Fee,7333.43
23,2025-01-01,Marketing,1729.0
23,2025-01-01,Payroll,7428.39
23,2025-02-01,Property Tax,15826.87
23,2025-02-01,Insurance,7090.98
23,2025-02-01,Utilities,11346.42
23,2025-02-01,Repairs & Maintenance,13502.51
23,2025-02-01,Management Fee,7566.55
23,2025-02-01,Marketing,2110.34
23,2025-02-01,Payroll,8904.01
23,2025-03-01,Property Tax,21258.09
23,2025-03-01,Insurance,7740.42
23,2025-03-01,Utilities,10339.5
23,2025-03-01,Repairs & Maintenance,15616.46
23,2025-03-01,Management Fee,6171.01
23,2025-03-01,Marketing,1885.51
23,2025-03-01,Payroll,9763.68
23,2025-04-01,Property Tax,22604.89
23,2025-04-01,Insurance,7322.46
23,2025-04-01,Utilities,12393.23
23,2025-04-01,Repairs & Maintenance,13269.48
23,2025-04-01,Management Fee,5577.51
23,2025-04-01,Marketing,1737.1
23,2025-04-01,Payroll,8089.07
23,2025-05-01,Property Tax,14643.02
23,2025-05-01,Insurance,6893.33
23,2025-05-01,Utilities,10499.48
23,2025-05-01,Repairs & Maintenance,12376.97
23,2025-05-01,Management Fee,7597.61
23,2025-05-01,Marketing,1771.91
23,2025-05-01,Payroll,8442.01
23,2025-06-01,Property Tax,21130.28
23,2025-06-01,Insurance,6232.53
23,2025-06-01,Utilities,9196.57
23,2025-06-01,Repairs & Maintenance,14486.9
23,2025-06-01,Management Fee,6702.48
23,2025-06-01,Marketing,1885.02
23,2025-06-01,Payroll,9375.83
23,2025-07-01,Property Tax,23825.95
23,2025-07-01,Insurance,5614.92
23,2025-07-01,Utilities,15647.38
23,2025-07-01,Repairs & Maintenance,17210.0
23,2025-07-01,Management Fee,7529.15
23,2025-07-01,Marketing,2060.7
23,2025-07-01,Payroll,10486.47
23,2025-08-01,Property Tax,17775.08
23,2025-08-01,Insurance,7568.21
23,2025-08-01,Utilities,15597.96
23,2025-08-01,Repairs & Maintenance,16281.16
23,2025-08-01,Management Fee,5891.58
23,2025-08-01,Marketing,1747.17
23,2025-08-01,Payroll,8455.06
23,2025-09-01,Property Tax,23294.47
23,2025-09-01,Insurance,7079.01
23,2025-09-01,Utilities,10570.63
23,2025-09-01,Repairs & Maintenance,12097.03
23,2025-09-01,Management Fee,7658.73
23,2025-09-01,Marketing,1964.54
23,2025-09-01,Payroll,8560.93
23,2025-10-01,Property Tax,19672.67
23,2025-10-01,Insurance,7203.58
23,2025-10-01,Utilities,11512.32
23,2025-10-01,Repairs & Maintenance,17682.94
23,2025-10-01,Management Fee,7360.38
23,2025-10-01,Marketing,1635.94
23,2025-10-01,Payroll,10021.55
23,2025-11-01,Property Tax,20384.9
23,2025-11-01,Insurance,6704.71
23,2025-11-01,Utilities,10144.04
23,2025-11-01,Repairs & Maintenance,14814.19
23,2025-11-01,Management Fee,6626.58
23,2025-11-01,Marketing,1905.17
23,2025-11-01,Payroll,9607.38
23,2025-12-01,Property Tax,19696.15
23,2025-12-01,Insurance,7447.22
23,2025-12-01,Utilities,13341.18
23,2025-12-01,Repairs & Maintenance,13584.87
23,2025-12-01,Management Fee,4541.98
23,2025-12-01,Marketing,1649.51
23,2025-12-01,Payroll,9527.37
23,2026-01-01,Property Tax,18975.71
23,2026-01-01,Insurance,6893.03
23,2026-01-01,Utilities,13166.71
23,2026-01-01,Repairs & Maintenance,17935.18
23,2026-01-01,Management Fee,6670.56
23,2026-01-01,Marketing,1773.24
23,2026-01-01,Payroll,8822.96
23,2026-02-01,Property Tax,19405.15
23,2026-02-01,Insurance,7484.97
23,2026-02-01,Utilities,12297.55
23,2026-02-01,Repairs & Maintenance,14148.81
23,2026-02-01,Management Fee,6996.33
23,2026-02-01,Marketing,1485.92
23,2026-02-01,Payroll,10184.81
23,2026-03-01,Property Tax,18137.96
23,2026-03-01,Insurance,7097.37
23,2026-03-01,Utilities,9695.09
23,2026-03-01,Repairs & Maintenance,12894.39
23,2026-03-01,Management Fee,7217.01
23,2026-03-01,Marketing,1760.24
23,2026-03-01,Payroll,9975.85
23,2026-04-01,Property Tax,16114.55
23,2026-04-01,Insurance,6556.69
23,2026-04-01,Utilities,11335.71
23,2026-04-01,Repairs & Maintenance,13913.93
23,2026-04-01,Management Fee,7310.64
23,2026-04-01,Marketing,1639.95
23,2026-04-01,Payroll,10278.34
23,2026-05-01,Property Tax,18713.43
23,2026-05-01,Insurance,5056.66
23,2026-05-01,Utilities,9462.44
23,2026-05-01,Repairs & Maintenance,11983.34
23,2026-05-01,Management Fee,6939.14
23,2026-05-01,Marketing,1542.94
23,2026-05-01,Payroll,8942.03
23,2026-06-01,Property Tax,17655.27
23,2026-06-01,Insurance,7076.66
23,2026-06-01,Utilities,8530.48
23,2026-06-01,Repairs & Maintenance,12028.94
23,2026-06-01,Management Fee,8528.12
23,2026-06-01,Marketing,1604.59
23,2026-06-01,Payroll,9481.92
23,2026-07-01,Property Tax,18929.98
23,2026-07-01,Insurance,5815.49
23,2026-07-01,Utilities,13829.38
23,2026-07-01,Repairs & Maintenance,14999.1
23,2026-07-01,Management Fee,7032.67
23,2026-07-01,Marketing,1402.6
23,2026-07-01,Payroll,6587.99
23,2026-08-01,Property Tax,18221.56
23,2026-08-01,Insurance,7572.12
23,2026-08-01,Utilities,11254.98
23,2026-08-01,Repairs & Maintenance,13601.06
23,2026-08-01,Management Fee,6444.34
23,2026-08-01,Marketing,1666.0
23,2026-08-01,Payroll,8635.73
23,2026-09-01,Property Tax,24983.42
23,2026-09-01,Insurance,5855.71
23,2026-09-01,Utilities,12138.82
23,2026-09-01,Repairs & Maintenance,12291.46
23,2026-09-01,Management Fee,7191.26
23,2026-09-01,Marketing,1940.3
23,2026-09-01,Payroll,7895.02
24,2024-01-01,Property Tax,13219.65
24,2024-01-01,Insurance,6466.54
24,2024-01-01,Utilities,10555.95
24,2024-01-01,Repairs & Maintenance,8722.73
24,2024-01-01,Management Fee,4713.82
24,2024-01-01,Marketing,1784.33
24,2024-01-01,Payroll,7238.26
24,2024-02-01,Property Tax,15797.72
24,2024-02-01,Insurance,6346.49
24,2024-02-01,Utilities,8810.8
24,2024-02-01,Repairs & Maintenance,9233.89
24,2024-02-01,Management Fee,6375.37
24,2024-02-01,Marketing,1320.98
24,2024-02-01,Payroll,8096.57
24,2024-03-01,Property Tax,19688.07
24,2024-03-01,Insurance,5859.95
24,2024-03-01,Utilities,8587.43
24,2024-03-01,Repairs & Maintenance,8271.15
24,2024-03-01,Management Fee,5103.81
24,2024-03-01,Marketing,1241.71
24,2024-03-01,Payroll,7511.94
24,2024-04-01,Property Tax,16155.6
24,2024-04-01,Insurance,6298.01
24,2024-04-01,Utilities,10069.75
24,2024-04-01,Repairs & Maintenance,13352.24
24,2024-04-01,Management Fee,3987.54
24,2024-04-01,Marketing,1630.25
24,2024-04-01,Payroll,8985.43
24,2024-05-01,Property Tax,16387.43
24,2024-05-01,Insurance,5895.19
24,2024-05-01,Utilities,8772.97
24,2024-05-01,Repairs & Maintenance,9127.25
24,2024-05-01,Management Fee,5564.4
24,2024-05-01,Marketing,1502.25
24,2024-05-01,Payroll,5496.22
24,2024-06-01,Property Tax,16074.33
24,2024-06-01,Insurance,6168.71
24,2024-06-01,Utilities,8509.26
24,2024-06-01,Repairs & Maintenance,9859.95
24,2024-06-01,Management Fee,6100.35
24,2024-06-01,Marketing,1755.27
24,2024-06-01,Payroll,6806.84
24,2024-07-01,Property Tax,19439.2
24,2024-07-01,Insurance,6887.97
24,2024-07-01,Utilities,10689.54
24,2024-07-01,Repairs & Maintenance,9435.45
24,2024-07-01,Management Fee,4538.72
24,2024-07-01,Marketing,1291.34
24,2024-07-01,Payroll,6862.24
24,2024-08-01,Property Tax,13790.71
24,2024-08-01,Insurance,5398.87
24,2024-08-01,Utilities,12044.27
24,2024-08-01,Repairs & Maintenance,8510.12
24,2024-08-01,Management Fee,5947.88
24,2024-08-01,Marketing,1127.45
24,2024-08-01,Payroll,7849.49
24,2024-09-01,Property Tax,10974.55
24,2024-09-01,Insurance,5609.73
24,2024-09-01,Utilities,8708.54
24,2024-09-01,Repairs & Maintenance,9138.81
24,2024-09-01,Management Fee,5639.18
24,2024-09-01,Marketing,1425.33
24,2024-09-01,Payroll,7311.55
24,2024-10-01,Property Tax,16120.58
24,2024-10-01,Insurance,5033.21
24,2024-10-01,Utilities,11028.04
24,2024-10-01,Repairs & Maintenance,9389.67
24,2024-10-01,Management Fee,6286.87
24,2024-10-01,Marketing,1437.32
24,2024-10-01,Payroll,7443.56
24,2024-11-01,Property Tax,17081.07
24,2024-11-01,Insurance,5540.89
24,2024-11-01,Utilities,8895.58
24,2024-11-01,Repairs & Maintenance,10789.41
24,2024-11-01,Management Fee,6866.56
24,2024-11-01,Marketing,1236.0
24,2024-11-01,Payroll,8228.98
24,2024-12-01,Property Tax,15513.49
24,2024-12-01,Insurance,5000.12
24,2024-12-01,Utilities,10226.04
24,2024-12-01,Repairs & Maintenance,7195.94
24,2024-12-01,Management Fee,5558.03
24,2024-12-01,Marketing,1321.84
24,2024-12-01,Payroll,7679.18
24,2025-01-01,Property Tax,13558.75
24,2025-01-01,Insurance,5405.02
24,2025-01-01,Utilities,10653.62
24,2025-01-01,Repairs & Maintenance,9398.44
24,2025-01-01,Management Fee,7222.86
24,2025-01-01,Marketing,1356.05
24,2025-01-01,Payroll,7534.66
24,2025-02-01,Property Tax,15525.12
24,2025-02-01,Insurance,5112.09
24,2025-02-01,Utilities,9343.11
24,2025-02-01,Repairs & Maintenance,11064.27
24,2025-02-01,Management Fee,7439.4
24,2025-02-01,Marketing,1449.3
24,2025-02-01,Payroll,6777.12
24,2025-03-01,Property Tax,16331.69
24,2025-03-01,Insurance,5002.8
24,2025-03-01,Utilities,8928.28
24,2025-03-01,Repairs & Maintenance,12106.19
24,2025-03-01,Management Fee,7727.73
24,2025-03-01,Marketing,1335.97
24,2025-03-01,Payroll,8334.02
24,2025-04-01,Property Tax,15715.76
24,2025-04-01,Insurance,7192.35
24,2025-04-01,Utilities,7404.04
24,2025-04-01,Repairs & Maintenance,10103.69
24,2025-04-01,Management Fee,7196.13
24,2025-04-01,Marketing,1728.66
24,2025-04-01,Payroll,7537.25
24,2025-05-01,Property Tax,16165.16
24,2025-05-01,Insurance,5247.03
24,2025-05-01,Utilities,8944.25
24,2025-05-01,Repairs & Maintenance,9002.8
24,2025-05-01,Management Fee,6299.89
24,2025-05-01,Marketing,1669.02
24,2025-05-01,Payroll,6143.58
24,2025-06-01,Property Tax,14587.18
24,2025-06-01,Insurance,6803.92
24,2025-06-01,Utilities,8354.14
24,2025-06-01,Repairs & Maintenance,10367.73
24,2025-06-01,Management Fee,5577.35
24,2025-06-01,Marketing,1560.71
24,2025-06-01,Payroll,5616.54
24,2025-07-01,Property Tax,14373.06
24,2025-07-01,Insurance,5749.06
24,2025-07-01,Utilities,9737.95
24,2025-07-01,Repairs & Maintenance,10412.64
24,2025-07-01,Management Fee,5785.59
24,2025-07-01,Marketing,1697.9
24,2025-07-01,Payroll,7245.32
24,2025-08-01,Property Tax,18726.37
24,2025-08-01,Insurance,5916.65
24,2025-08-01,Utilities,11270.2
24,2025-08-01,Repairs & Maintenance,11629.34
24,2025-08-01,Management Fee,5241.72
24,2025-08-01,Marketing,1582.12
24,2025-08-01,Payroll,8627.46
24,2025-09-01,Property Tax,16668.73
24,2025-09-01,Insurance,4282.91
24,2025-09-01,Utilities,8792.09
24,2025-09-01,Repairs & Maintenance,9235.24
24,2025-09-01,Management Fee,5962.48
24,2025-09-01,Marketing,1504.19
24,2025-09-01,Payroll,8096.75
24,2025-10-01,Property Tax,14406.6
24,2025-10-01,Insurance,4589.93
24,2025-10-01,Utilities,8370.3
24,2025-10-01,Repairs & Maintenance,9795.96
24,2025-10-01,Management Fee,7749.33
24,2025-10-01,Marketing,1748.19
24,2025-10-01,Payroll,7372.68
24,2025-11-01,Property Tax,12883.37
24,2025-11-01,Insurance,6051.99
24,2025-11-01,Utilities,8477.83
24,2025-11-01,Repairs & Maintenance,10890.25
24,2025-11-01,Management Fee,6721.96
24,2025-11-01,Marketing,1680.96
24,2025-11-01,Payroll,8407.59
24,2025-12-01,Property Tax,15011.32
24,2025-12-01,Insurance,5551.29
24,2025-12-01,Utilities,11094.05
24,2025-12-01,Repairs & Maintenance,12979.45
24,2025-12-01,Management Fee,5701.37
24,2025-12-01,Marketing,1382.92
24,2025-12-01,Payroll,8377.02
24,2026-01-01,Property Tax,14765.36
24,2026-01-01,Insurance,7354.74
24,2026-01-01,Utilities,12528.6
24,2026-01-01,Repairs & Maintenance,10970.98
24,2026-01-01,Management Fee,6677.12
24,2026-01-01,Marketing,1532.09
24,2026-01-01,Payroll,7162.92
24,2026-02-01,Property Tax,19268.9
24,2026-02-01,Insurance,5967.52
24,2026-02-01,Utilities,10936.81
24,2026-02-01,Repairs & Maintenance,11298.9
24,2026-02-01,Management Fee,5547.51
24,2026-02-01,Marketing,1581.66
24,2026-02-01,Payroll,7272.13
24,2026-03-01,Property Tax,17477.56
24,2026-03-01,Insurance,4764.06
24,2026-03-01,Utilities,9968.72
24,2026-03-01,Repairs & Maintenance,8809.47
24,2026-03-01,Management Fee,5386.9
24,2026-03-01,Marketing,1269.78
24,2026-03-01,Payroll,8151.35
24,2026-04-01,Property Tax,12350.64
24,2026-04-01,Insurance,6711.83
24,2026-04-01,Utilities,8971.44
24,2026-04-01,Repairs & Maintenance,10568.7
24,2026-04-01,Management Fee,4917.19
24,2026-04-01,Marketing,1239.94
24,2026-04-01,Payroll,7577.59
24,2026-05-01,Property Tax,19665.12
24,2026-05-01,Insurance,5751.17
24,2026-05-01,Utilities,8570.59
24,2026-05-01,Repairs & Maintenance,11286.56
24,2026-05-01,Management Fee,5256.55
24,2026-05-01,Marketing,1301.75
24,2026-05-01,Payroll,9242.56
24,2026-06-01,Property Tax,18407.5
24,2026-06-01,Insurance,5425.49
24,2026-06-01,Utilities,9320.18
24,2026-06-01,Repairs & Maintenance,8935.27
24,2026-06-01,Management Fee,5658.16
24,2026-06-01,Marketing,1038.85
24,2026-06-01,Payroll,7690.59
24,2026-07-01,Property Tax,14726.46
24,2026-07-01,Insurance,5201.56
24,2026-07-01,Utilities,12147.16
24,2026-07-01,Repairs & Maintenance,9806.93
24,2026-07-01,Management Fee,6237.72
24,2026-07-01,Marketing,1553.64
24,2026-07-01,Payroll,7063.23
24,2026-08-01,Property Tax,16634.16
24,2026-08-01,Insurance,5554.41
24,2026-08-01,Utilities,10073.67
24,2026-08-01,Repairs & Maintenance,9803.3
24,2026-08-01,Management Fee,6800.54
24,2026-08-01,Marketing,1793.52
24,2026-08-01,Payroll,7450.85
24,2026-09-01,Property Tax,13704.83
24,2026-09-01,Insurance,4877.4
24,2026-09-01,Utilities,7275.7
24,2026-09-01,Repairs & Maintenance,9962.25
24,2026-09-01,Management Fee,5121.64
24,2026-09-01,Marketing,1284.76
24,2026-09-01,Payroll,7144.24
25,2024-01-01,Property Tax,1266.1
25,2024-01-01,Insurance,493.93
25,2024-01-01,Utilities,885.42
25,2024-01-01,Repairs & Maintenance,899.35
25,2024-01-01,Management Fee,410.56
25,2024-01-01,Marketing,148.46
25,2024-01-01,Payroll,560.49
25,2024-02-01,Property Tax,1232.45
25,2024-02-01,Insurance,490.97
25,2024-02-01,Utilities,872.4
25,2024-02-01,Repairs & Maintenance,719.35
25,2024-02-01,Management Fee,426.33
25,2024-02-01,Marketing,122.67
25,2024-02-01,Payroll,469.37
25,2024-03-01,Property Tax,1347.75
25,2024-03-01,Insurance,451.37
25,2024-03-01,Utilities,650.6
25,2024-03-01,Repairs & Maintenance,784.11
25,2024-03-01,Management Fee,464.87
25,2024-03-01,Marketing,137.91
25,2024-03-01,Payroll,553.3
25,2024-04-01,Property Tax,1104.28
25,2024-04-01,Insurance,453.09
25,2024-04-01,Utilities,671.32
25,2024-04-01,Repairs & Maintenance,864.24
25,2024-04-01,Management Fee,495.26
25,2024-04-01,Marketing,97.48
25,2024-04-01,Payroll,504.64
25,2024-05-01,Property Tax,1317.85
25,2024-05-01,Insurance,452.88
25,2024-05-01,Utilities,732.87
25,2024-05-01,Repairs & Maintenance,886.74
25,2024-05-01,Management Fee,409.81
25,2024-05-01,Marketing,131.06
25,2024-05-01,Payroll,545.21
25,2024-06-01,Property Tax,1204.34
25,2024-06-01,Insurance,488.27
25,2024-06-01,Utilities,683.98
25,2024-06-01,Repairs & Maintenance,728.28
25,2024-06-01,Management Fee,423.56
25,2024-06-01,Marketing,144.23
25,2024-06-01,Payroll,502.02
25,2024-07-01,Property Tax,1356.33
25,2024-07-01,Insurance,430.1
25,2024-07-01,Utilities,816.81
25,2024-07-01,Repairs & Maintenance,695.99
25,2024-07-01,Management Fee,588.55
25,2024-07-01,Marketing,117.36
25,2024-07-01,Payroll,548.59
25,2024-08-01,Property Tax,1245.57
25,2024-08-01,Insurance,525.28
25,2024-08-01,Utilities,974.03
25,2024-08-01,Repairs & Maintenance,754.15
25,2024-08-01,Management Fee,467.42
25,2024-08-01,Marketing,115.53
25,2024-08-01,Payroll,597.6
25,2024-09-01,Property Tax,1461.32
25,2024-09-01,Insurance,495.9
25,2024-09-01,Utilities,786.2
25,2024-09-01,Repairs & Maintenance,833.94
25,2024-09-01,Management Fee,364.49
25,2024-09-01,Marketing,108.41
25,2024-09-01,Payroll,612.54
25,2024-10-01,Property Tax,1314.47
25,2024-10-01,Insurance,416.74
25,2024-10-01,Utilities,710.55
25,2024-10-01,Repairs & Maintenance,733.27
25,2024-10-01,Management Fee,402.65
25,2024-10-01,Marketing,104.15
25,2024-10-01,Payroll,483.07
25,2024-11-01,Property Tax,1418.46
25,2024-11-01,Insurance,470.93
25,2024-11-01,Utilities,660.1
25,2024-11-01,Repairs & Maintenance,764.93
25,2024-11-01,Management Fee,493.75
25,2024-11-01,Marketing,115.93
25,2024-11-01,Payroll,452.64
25,2024-12-01,Property Tax,1111.89
25,2024-12-01,Insurance,487.8
25,2024-12-01,Utilities,982.97
25,2024-12-01,Repairs & Maintenance,869.31
25,2024-12-01,Management Fee,415.53
25,2024-12-01,Marketing,117.14
25,2024-12-01,Payroll,622.84
25,2025-01-01,Property Tax,977.47
25,2025-01-01,Insurance,462.84
25,2025-01-01,Utilities,1038.78
25,2025-01-01,Repairs & Maintenance,749.79
25,2025-01-01,Management Fee,463.61
25,2025-01-01,Marketing,105.39
25,2025-01-01,Payroll,597.36
25,2025-02-01,Property Tax,1437.72
25,2025-02-01,Insurance,488.79
25,2025-02-01,Utilities,1211.67
25,2025-02-01,Repairs & Maintenance,968.97
25,2025-02-01,Management Fee,461.39
25,2025-02-01,Marketing,111.56
25,2025-02-01,Payroll,598.44
25,2025-03-01,Property Tax,1219.44
25,2025-03-01,Insurance,426.41
25,2025-03-01,Utilities,668.72
25,2025-03-01,Repairs & Maintenance,815.16
25,2025-03-01,Management Fee,431.77
25,2025-03-01,Marketing,84.71
25,2025-03-01,Payroll,712.35
25,2025-04-01,Property Tax,1170.44
25,2025-04-01,Insurance,471.22
25,2025-04-01,Utilities,768.87
25,2025-04-01,Repairs & Maintenance,743.39
25,2025-04-01,Management Fee,444.51
25,2025-04-01,Marketing,125.41
25,2025-04-01,Payroll,590.4
25,2025-05-01,Property Tax,1241.37
25,2025-05-01,Insurance,446.52
25,2025-05-01,Utilities,625.66
25,2025-05-01,Repairs & Maintenance,604.18
25,2025-05-01,Management Fee,497.01
25,2025-05-01,Marketing,117.69
25,2025-05-01,Payroll,595.61
25,2025-06-01,Property Tax,1340.47
25,2025-06-01,Insurance,289.12
25,2025-06-01,Utilities,653.04
25,2025-06-01,Repairs & Maintenance,886.94
25,2025-06-01,Management Fee,442.65
25,2025-06-01,Marketing,91.9
25,2025-06-01,Payroll,626.4
25,2025-07-01,Property Tax,1292.29
25,2025-07-01,Insurance,414.08
25,2025-07-01,Utilities,1157.69
25,2025-07-01,Repairs & Maintenance,739.94
25,2025-07-01,Management Fee,598.02
25,2025-07-01,Marketing,95.99
25,2025-07-01,Payroll,451.51
25,2025-08-01,Property Tax,1572.88
25,2025-08-01,Insurance,450.87
25,2025-08-01,Utilities,912.65
25,2025-08-01,Repairs & Maintenance,796.06
25,2025-08-01,Management Fee,447.44
25,2025-08-01,Marketing,89.35
25,2025-08-01,Payroll,664.39
25,2025-09-01,Property Tax,1173.33
25,2025-09-01,Insurance,478.24
25,2025-09-01,Utilities,623.48
25,2025-09-01,Repairs & Maintenance,768.75
25,2025-09-01,Management Fee,426.94
25,2025-09-01,Marketing,131.57
25,2025-09-01,Payroll,603.05
25,2025-10-01,Property Tax,1273.08
25,2025-10-01,Insurance,478.85
25,2025-10-01,Utilities,692.51
25,2025-10-01,Repairs & Maintenance,822.54
25,2025-10-01,Management Fee,552.31
25,2025-10-01,Marketing,79.38
25,2025-10-01,Payroll,654.05
25,2025-11-01,Property Tax,1308.38
25,2025-11-01,Insurance,516.42
25,2025-11-01,Utilities,490.68
25,2025-11-01,Repairs & Maintenance,836.94
25,2025-11-01,Management Fee,436.34
25,2025-11-01,Marketing,112.9
25,2025-11-01,Payroll,609.52
25,2025-12-01,Property Tax,1693.77
25,2025-12-01,Insurance,480.74
25,2025-12-01,Utilities,1010.44
25,2025-12-01,Repairs & Maintenance,927.66
25,2025-12-01,Management Fee,454.45
25,2025-12-01,Marketing,106.13
25,2025-12-01,Payroll,494.85
25,2026-01-01,Property Tax,1199.83
25,2026-01-01,Insurance,502.5
25,2026-01-01,Utilities,1002.94
25,2026-01-01,Repairs & Maintenance,723.42
25,2026-01-01,Management Fee,390.41
25,2026-01-01,Marketing,117.98
25,2026-01-01,Payroll,628.88
25,2026-02-01,Property Tax,1204.74
25,2026-02-01,Insurance,481.84
25,2026-02-01,Utilities,873.66
25,2026-02-01,Repairs & Maintenance,714.25
25,2026-02-01,Management Fee,431.3
25,2026-02-01,Marketing,111.37
25,2026-02-01,Payroll,537.1
25,2026-03-01,Property Tax,1300.97
25,2026-03-01,Insurance,460.87
25,2026-03-01,Utilities,738.05
25,2026-03-01,Repairs & Maintenance,856.16
25,2026-03-01,Management Fee,510.71
25,2026-03-01,Marketing,104.0
25,2026-03-01,Payroll,512.23
25,2026-04-01,Property Tax,1007.26
25,2026-04-01,Insurance,431.45
25,2026-04-01,Utilities,726.3
25,2026-04-01,Repairs & Maintenance,785.2
25,2026-04-01,Management Fee,453.52
25,2026-04-01,Marketing,123.51
25,2026-04-01,Payroll,547.56
25,2026-05-01,Property Tax,1180.93
25,2026-05-01,Insurance,426.69
25,2026-05-01,Utilities,692.88
25,2026-05-01,Repairs & Maintenance,852.15
25,2026-05-01,Management Fee,394.99
25,2026-05-01,Marketing,87.37
25,2026-05-01,Payroll,621.48
25,2026-06-01,Property Tax,1532.15
25,2026-06-01,Insurance,421.41
25,2026-06-01,Utilities,675.67
25,2026-06-01,Repairs & Maintenance,804.38
25,2026-06-01,Management Fee,454.7
25,2026-06-01,Marketing,86.58
25,2026-06-01,Payroll,479.07
25,2026-07-01,Property Tax,1450.7
25,2026-07-01,Insurance,559.7
25,2026-07-01,Utilities,1101.28
25,2026-07-01,Repairs & Maintenance,941.48
25,2026-07-01,Management Fee,476.5
25,2026-07-01,Marketing,121.15
25,2026-07-01,Payroll,400.83
25,2026-08-01,Property Tax,1270.23
25,2026-08-01,Insurance,481.06
25,2026-08-01,Utilities,847.5
25,2026-08-01,Repairs & Maintenance,835.43
25,2026-08-01,Management Fee,351.52
25,2026-08-01,Marketing,125.65
25,2026-08-01,Payroll,450.61
25,2026-09-01,Property Tax,1295.81
25,2026-09-01,Insurance,538.47
25,2026-09-01,Utilities,534.13
25,2026-09-01,Repairs & Maintenance,863.65
25,2026-09-01,Management Fee,486.34
25,2026-09-01,Marketing,131.23
25,2026-09-01,Payroll,626.13
26,2024-01-01,Property Tax,6999.99
26,2024-01-01,Insurance,2609.48
26,2024-01-01,Utilities,3824.92
26,2024-01-01,Repairs & Maintenance,3361.92
26,2024-01-01,Management Fee,2580.91
26,2024-01-01,Marketing,579.11
26,2024-01-01,Payroll,2443.56
26,2024-02-01,Property Tax,5612.47
26,2024-02-01,Insurance,2683.72
26,2024-02-01,Utilities,3760.12
26,2024-02-01,Repairs & Maintenance,5029.44
26,2024-02-01,Management Fee,2093.7
26,2024-02-01,Marketing,555.05
26,2024-02-01,Payroll,2364.06
26,2024-03-01,Property Tax,4978.75
26,2024-03-01,Insurance,1878.31
26,2024-03-01,Utilities,2986.34
26,2024-03-01,Repairs & Maintenance,4352.94
26,2024-03-01,Management Fee,1961.91
26,2024-03-01,Marketing,536.33
26,2024-03-01,Payroll,2574.66
26,2024-04-01,Property Tax,5791.69
26,2024-04-01,Insurance,2642.97
26,2024-04-01,Utilities,3020.08
26,2024-04-01,Repairs & Maintenance,4623.9
26,2024-04-01,Management Fee,2149.31
26,2024-04-01,Marketing,579.11
26,2024-04-01,Payroll,2651.22
26,2024-05-01,Property Tax,5923.8
26,2024-05-01,Insurance,2181.71
26,2024-05-01,Utilities,2890.83
26,2024-05-01,Repairs & Maintenance,3457.62
26,2024-05-01,Management Fee,1784.38
26,2024-05-01,Marketing,567.15
26,2024-05-01,Payroll,2597.07
26,2024-06-01,Property Tax,6546.2
26,2024-06-01,Insurance,2397.41
26,2024-06-01,Utilities,2530.31
26,2024-06-01,Repairs & Maintenance,4027.39
26,2024-06-01,Management Fee,1890.23
26,2024-06-01,Marketing,497.48
26,2024-06-01,Payroll,2565.49
26,2024-07-01,Property Tax,6351.17
26,2024-07-01,Insurance,2528.02
26,2024-07-01,Utilities,5419.63
26,2024-07-01,Repairs & Maintenance,3616.59
26,2024-07-01,Management Fee,2017.33
26,2024-07-01,Marketing,502.74
26,2024-07-01,Payroll,3349.69
26,2024-08-01,Property Tax,5805.9
26,2024-08-01,Insurance,2171.65
26,2024-08-01,Utilities,4412.48
26,2024-08-01,Repairs & Maintenance,3753.93
26,2024-08-01,Management Fee,2044.23
26,2024-08-01,Marketing,501.33
26,2024-08-01,Payroll,3386.2
26,2024-09-01,Property Tax,5340.71
26,2024-09-01,Insurance,1639.28
26,2024-09-01,Utilities,3087.86
26,2024-09-01,Repairs & Maintenance,4144.53
26,2024-09-01,Management Fee,2414.1
26,2024-09-01,Marketing,531.01
26,2024-09-01,Payroll,3120.96
26,2024-10-01,Property Tax,6618.67
26,2024-10-01,Insurance,2077.56
26,2024-10-01,Utilities,2992.91
26,2024-10-01,Repairs & Maintenance,3434.53
26,2024-10-01,Management Fee,2214.79
26,2024-10-01,Marketing,532.33
26,2024-10-01,Payroll,2541.48
26,2024-11-01,Property Tax,7365.6
26,2024-11-01,Insurance,2406.83
26,2024-11-01,Utilities,3128.68
26,2024-11-01,Repairs & Maintenance,4611.72
26,2024-11-01,Management Fee,2077.2
26,2024-11-01,Marketing,658.83
26,2024-11-01,Payroll,2804.25
26,2024-12-01,Property Tax,5833.6
26,2024-12-01,Insurance,2085.12
26,2024-12-01,Utilities,4705.08
26,2024-12-01,Repairs & Maintenance,5022.16
26,2024-12-01,Management Fee,2414.55
26,2024-12-01,Marketing,679.14
26,2024-12-01,Payroll,2868.51
26,2025-01-01,Property Tax,6700.42
26,2025-01-01,Insurance,1889.62
26,2025-01-01,Utilities,3414.31
26,2025-01-01,Repairs & Maintenance,3943.3
26,2025-01-01,Management Fee,2298.56
26,2025-01-01,Marketing,577.36
26,2025-01-01,Payroll,2833.72
26,2025-02-01,Property Tax,6556.53
26,2025-02-01,Insurance,2367.25
26,2025-02-01,Utilities,4186.21
26,2025-02-01,Repairs & Maintenance,3768.82
26,2025-02-01,Management Fee,2043.1
26,2025-02-01,Marketing,462.95
26,2025-02-01,Payroll,2880.1
26,2025-03-01,Property Tax,7103.12
26,2025-03-01,Insurance,2520.77
26,2025-03-01,Utilities,4014.72
26,2025-03-01,Repairs & Maintenance,3466.19
26,2025-03-01,Management Fee,2054.09
26,2025-03-01,Marketing,615.12
26,2025-03-01,Payroll,2934.24
26,2025-04-01,Property Tax,6665.04
26,2025-04-01,Insurance,2296.56
26,2025-04-01,Utilities,2972.36
26,2025-04-01,Repairs & Maintenance,4138.59
26,2025-04-01,Management Fee,2081.85
26,2025-04-01,Marketing,663.1
26,2025-04-01,Payroll,2645.85
26,2025-05-01,Property Tax,5147.45
26,2025-05-01,Insurance,2419.42
26,2025-05-01,Utilities,3645.69
26,2025-05-01,Repairs & Maintenance,4594.46
26,2025-05-01,Management Fee,2680.73
26,2025-05-01,Marketing,542.45
26,2025-05-01,Payroll,2565.27
26,2025-06-01,Property Tax,6092.4
26,2025-06-01,Insurance,2328.79
26,2025-06-01,Utilities,3297.41
26,2025-06-01,Repairs & Maintenance,4118.06
26,2025-06-01,Management Fee,2230.99
26,2025-06-01,Marketing,483.16
26,2025-06-01,Payroll,2565.93
26,2025-07-01,Property Tax,6502.03
26,2025-07-01,Insurance,1901.95
26,2025-07-01,Utilities,4925.79
26,2025-07-01,Repairs & Maintenance,4510.82
26,2025-07-01,Management Fee,2661.27
26,2025-07-01,Marketing,547.68
26,2025-07-01,Payroll,2865.95
26,2025-08-01,Property Tax,5789.93
26,2025-08-01,Insurance,1903.41
26,2025-08-01,Utilities,4277.6
26,2025-08-01,Repairs & Maintenance,3809.49
26,2025-08-01,Management Fee,2102.17
26,2025-08-01,Marketing,613.75
26,2025-08-01,Payroll,2632.19
26,2025-09-01,Property Tax,6106.89
26,2025-09-01,Insurance,2038.89
26,2025-09-01,Utilities,3624.28
26,2025-09-01,Repairs & Maintenance,3532.57
26,2025-09-01,Management Fee,1850.31
26,2025-09-01,Marketing,511.92
26,2025-09-01,Payroll,2916.77
26,2025-10-01,Property Tax,4532.07
26,2025-10-01,Insurance,2756.78
26,2025-10-01,Utilities,3337.05
26,2025-10-01,Repairs & Maintenance,4136.17
26,2025-10-01,Management Fee,2172.69
26,2025-10-01,Marketing,484.45
26,2025-10-01,Payroll,2969.3
26,2025-11-01,Property Tax,7160.68
26,2025-11-01,Insurance,2571.18
26,2025-11-01,Utilities,3717.53
26,2025-11-01,Repairs & Maintenance,3955.44
26,2025-11-01,Management Fee,1614.03
26,2025-11-01,Marketing,563.6
26,2025-11-01,Payroll,2566.25
26,2025-12-01,Property Tax,6153.25
26,2025-12-01,Insurance,2163.56
26,2025-12-01,Utilities,3666.03
26,2025-12-01,Repairs & Maintenance,4704.69
26,2025-12-01,Management Fee,2052.57
26,2025-12-01,Marketing,559.74
26,2025-12-01,Payroll,3473.17
26,2026-01-01,Property Tax,6788.72
26,2026-01-01,Insurance,1798.72
26,2026-01-01,Utilities,5089.7
26,2026-01-01,Repairs & Maintenance,3753.62
26,2026-01-01,Management Fee,2441.46
26,2026-01-01,Marketing,585.63
26,2026-01-01,Payroll,2973.19
26,2026-02-01,Property Tax,6127.66
26,2026-02-01,Insurance,1963.41
26,2026-02-01,Utilities,5292.86
26,2026-02-01,Repairs & Maintenance,4295.97
26,2026-02-01,Management Fee,1441.14
26,2026-02-01,Marketing,512.24
26,2026-02-01,Payroll,2725.11
26,2026-03-01,Property Tax,4831.35
26,2026-03-01,Insurance,2428.68
26,2026-03-01,Utilities,3239.81
26,2026-03-01,Repairs & Maintenance,3729.34
26,2026-03-01,Management Fee,2313.26
26,2026-03-01,Marketing,427.11
26,2026-03-01,Payroll,2974.44
26,2026-04-01,Property Tax,4846.68
26,2026-04-01,Insurance,2176.07
26,2026-04-01,Utilities,3308.25
26,2026-04-01,Repairs & Maintenance,4319.18
26,2026-04-01,Management Fee,1773.89
26,2026-04-01,Marketing,573.99
26,2026-04-01,Payroll,2850.6
26,2026-05-01,Property Tax,5639.02
26,2026-05-01,Insurance,2184.94
26,2026-05-01,Utilities,3637.12
26,2026-05-01,Repairs & Maintenance,3451.54
26,2026-05-01,Management Fee,1932.26
26,2026-05-01,Marketing,569.01
26,2026-05-01,Payroll,2987.63
26,2026-06-01,Property Tax,5005.87
26,2026-06-01,Insurance,1787.76
26,2026-06-01,Utilities,3558.85
26,2026-06-01,Repairs & Maintenance,4362.02
26,2026-06-01,Management Fee,1936.68
26,2026-06-01,Marketing,655.92
26,2026-06-01,Payroll,2561.74
26,2026-07-01,Property Tax,6254.19
26,2026-07-01,Insurance,2226.42
26,2026-07-01,Utilities,4265.7
26,2026-07-01,Repairs & Maintenance,4764.23
26,2026-07-01,Management Fee,2162.77
26,2026-07-01,Marketing,500.59
26,2026-07-01,Payroll,2262.54
26,2026-08-01,Property Tax,5528.09
26,2026-08-01,Insurance,2253.79
26,2026-08-01,Utilities,3724.58
26,2026-08-01,Repairs & Maintenance,4177.8
26,2026-08-01,Management Fee,2290.85
26,2026-08-01,Marketing,472.85
26,2026-08-01,Payroll,2978.31
26,2026-09-01,Property Tax,5460.73
26,2026-09-01,Insurance,2584.63
26,2026-09-01,Utilities,2828.73
26,2026-09-01,Repairs & Maintenance,3565.39
26,2026-09-01,Management Fee,2437.0
26,2026-09-01,Marketing,441.22
26,2026-09-01,Payroll,2961.13
27,2024-01-01,Property Tax,2535.64
27,2024-01-01,Insurance,958.88
27,2024-01-01,Utilities,2069.7
27,2024-01-01,Repairs & Maintenance,2097.62
27,2024-01-01,Management Fee,1044.12
27,2024-01-01,Marketing,246.17
27,2024-01-01,Payroll,1568.66
27,2024-02-01,Property Tax,3060.97
27,2024-02-01,Insurance,960.2
27,2024-02-01,Utilities,2132.32
27,2024-02-01,Repairs & Maintenance,2127.47
27,2024-02-01,Management Fee,985.31
27,2024-02-01,Marketing,257.06
27,2024-02-01,Payroll,1240.8
27,2024-03-01,Property Tax,2568.99
27,2024-03-01,Insurance,1171.05
27,2024-03-01,Utilities,1505.8
27,2024-03-01,Repairs & Maintenance,2268.26
27,2024-03-01,Management Fee,999.71
27,2024-03-01,Marketing,239.57
27,2024-03-01,Payroll,1278.85
27,2024-04-01,Property Tax,2324.97
27,2024-04-01,Insurance,1344.64
27,2024-04-01,Utilities,1747.73
27,2024-04-01,Repairs & Maintenance,1655.95
27,2024-04-01,Management Fee,1115.12
27,2024-04-01,Marketing,230.55
27,2024-04-01,Payroll,1486.84
27,2024-05-01,Property Tax,2697.51
27,2024-05-01,Insurance,1092.44
27,2024-05-01,Utilities,1494.66
27,2024-05-01,Repairs & Maintenance,1490.5
27,2024-05-01,Management Fee,811.53
27,2024-05-01,Marketing,326.08
27,2024-05-01,Payroll,924.45
27,2024-06-01,Property Tax,2298.42
27,2024-06-01,Insurance,1274.13
27,2024-06-01,Utilities,1685.55
27,2024-06-01,Repairs & Maintenance,1815.98
27,2024-06-01,Management Fee,1020.17
27,2024-06-01,Marketing,250.69
27,2024-06-01,Payroll,1431.1
27,2024-07-01,Property Tax,2327.3
27,2024-07-01,Insurance,1144.6
27,2024-07-01,Utilities,1822.41
27,2024-07-01,Repairs & Maintenance,1816.41
27,2024-07-01,Management Fee,1082.49
27,2024-07-01,Marketing,288.77
27,2024-07-01,Payroll,1341.73
27,2024-08-01,Property Tax,2175.15
27,2024-08-01,Insurance,1010.94
27,2024-08-01,Utilities,1769.51
27,2024-08-01,Repairs & Maintenance,2104.96
27,2024-08-01,Management Fee,987.35
27,2024-08-01,Marketing,254.52
27,2024-08-01,Payroll,1249.8
27,2024-09-01,Property Tax,2646.96
27,2024-09-01,Insurance,1117.51
27,2024-09-01,Utilities,1288.58
27,2024-09-01,Repairs & Maintenance,1548.42
27,2024-09-01,Management Fee,1098.34
27,2024-09-01,Marketing,240.24
27,2024-09-01,Payroll,1463.19
27,2024-10-01,Property Tax,2662.43
27,2024-10-01,Insurance,1023.29
27,2024-10-01,Utilities,1449.28
27,2024-10-01,Repairs & Maintenance,2168.38
27,2024-10-01,Management Fee,993.67
27,2024-10-01,Marketing,260.34
27,2024-10-01,Payroll,1227.11
27,2024-11-01,Property Tax,2859.4
27,2024-11-01,Insurance,1060.86
27,2024-11-01,Utilities,1631.77
27,2024-11-01,Repairs & Maintenance,1754.84
27,2024-11-01,Management Fee,1116.11
27,2024-11-01,Marketing,296.26
27,2024-11-01,Payroll,1340.52
27,2024-12-01,Property Tax,3346.62
27,2024-12-01,Insurance,907.07
27,2024-12-01,Utilities,1985.47
27,2024-12-01,Repairs & Maintenance,2031.96
27,2024-12-01,Management Fee,1052.99
27,2024-12-01,Marketing,248.05
27,2024-12-01,Payroll,1252.62
27,2025-01-01,Property Tax,2952.34
27,2025-01-01,Insurance,889.78
27,2025-01-01,Utilities,1571.28
27,2025-01-01,Repairs & Maintenance,1945.71
27,2025-01-01,Management Fee,903.06
27,2025-01-01,Marketing,220.48
27,2025-01-01,Payroll,1402.2
27,2025-02-01,Property Tax,2776.94
27,2025-02-01,Insurance,1173.32
27,2025-02-01,Utilities,1939.0
27,2025-02-01,Repairs & Maintenance,2515.43
27,2025-02-01,Management Fee,1202.72
27,2025-02-01,Marketing,260.84
27,2025-02-01,Payroll,1512.28
27,2025-03-01,Property Tax,2899.28
27,2025-03-01,Insurance,1277.17
27,2025-03-01,Utilities,1657.78
27,2025-03-01,Repairs & Maintenance,1808.92
27,2025-03-01,Management Fee,1025.98
27,2025-03-01,Marketing,284.12
27,2025-03-01,Payroll,1320.02
27,2025-04-01,Property Tax,2575.24
27,2025-04-01,Insurance,876.72
27,2025-04-01,Utilities,1562.99
27,2025-04-01,Repairs & Maintenance,1945.95
27,2025-04-01,Management Fee,1015.37
27,2025-04-01,Marketing,233.0
27,2025-04-01,Payroll,1369.9
27,2025-05-01,Property Tax,2590.21
27,2025-05-01,Insurance,931.74
27,2025-05-01,Utilities,1851.19
27,2025-05-01,Repairs & Maintenance,1342.0
27,2025-05-01,Management Fee,1046.27
27,2025-05-01,Marketing,261.65
27,2025-05-01,Payroll,1120.3
27,2025-06-01,Property Tax,2901.68
27,2025-06-01,Insurance,991.82
27,2025-06-01,Utilities,1522.51
27,2025-06-01,Repairs & Maintenance,1560.7
27,2025-06-01,Management Fee,889.8
27,2025-06-01,Marketing,245.87
27,2025-06-01,Payroll,1229.49
27,2025-07-01,Property Tax,2997.51
27,2025-07-01,Insurance,888.35
27,2025-07-01,Utilities,1854.1
27,2025-07-01,Repairs & Maintenance,1930.36
27,2025-07-01,Management Fee,957.58
27,2025-07-01,Marketing,220.7
27,2025-07-01,Payroll,1278.8
27,2025-08-01,Property Tax,2837.92
27,2025-08-01,Insurance,1154.59
27,2025-08-01,Utilities,2030.99
27,2025-08-01,Repairs & Maintenance,1967.4
27,2025-08-01,Management Fee,965.75
27,2025-08-01,Marketing,290.44
27,2025-08-01,Payroll,1374.0
27,2025-09-01,Property Tax,2340.17
27,2025-09-01,Insurance,961.3
27,2025-09-01,Utilities,1651.42
27,2025-09-01,Repairs & Maintenance,1827.96
27,2025-09-01,Management Fee,1118.49
27,2025-09-01,Marketing,223.72
27,2025-09-01,Payroll,1324.42
27,2025-10-01,Property Tax,2295.83
27,2025-10-01,Insurance,1070.15
27,2025-10-01,Utilities,1790.08
27,2025-10-01,Repairs & Maintenance,1661.46
27,2025-10-01,Management Fee,1062.19
27,2025-10-01,Marketing,244.32
27,2025-10-01,Payroll,1152.18
27,2025-11-01,Property Tax,2731.07
27,2025-11-01,Insurance,1046.86
27,2025-11-01,Utilities,1360.24
27,2025-11-01,Repairs & Maintenance,1596.22
27,2025-11-01,Management Fee,1132.16
27,2025-11-01,Marketing,287.52
27,2025-11-01,Payroll,1175.41
27,2025-12-01,Property Tax,2616.15
27,2025-12-01,Insurance,1014.0
27,2025-12-01,Utilities,1907.36
27,2025-12-01,Repairs & Maintenance,1753.88
27,2025-12-01,Management Fee,1094.15
27,2025-12-01,Marketing,220.36
27,2025-12-01,Payroll,1252.95
27,2026-01-01,Property Tax,2613.74
27,2026-01-01,Insurance,1022.59
27,2026-01-01,Utilities,1802.0
27,2026-01-01,Repairs & Maintenance,1524.41
27,2026-01-01,Management Fee,936.2
27,2026-01-01,Marketing,264.05
27,2026-01-01,Payroll,1231.26
27,2026-02-01,Property Tax,2908.16
27,2026-02-01,Insurance,862.19
27,2026-02-01,Utilities,1774.07
27,2026-02-01,Repairs & Maintenance,2067.04
27,2026-02-01,Management Fee,1197.27
27,2026-02-01,Marketing,185.76
27,2026-02-01,Payroll,1348.38
27,2026-03-01,Property Tax,2946.87
27,2026-03-01,Insurance,1153.33
27,2026-03-01,Utilities,1440.59
27,2026-03-01,Repairs & Maintenance,1899.31
27,2026-03-01,Management Fee,1095.91
27,2026-03-01,Marketing,264.94
27,2026-03-01,Payroll,1191.73
27,2026-04-01,Property Tax,2755.44
27,2026-04-01,Insurance,963.05
27,2026-04-01,Utilities,1330.68
27,2026-04-01,Repairs & Maintenance,1961.4
27,2026-04-01,Management Fee,925.14
27,2026-04-01,Marketing,249.3
27,2026-04-01,Payroll,1465.39
27,2026-05-01,Property Tax,3052.22
27,2026-05-01,Insurance,1014.4
27,2026-05-01,Utilities,1771.83
27,2026-05-01,Repairs & Maintenance,1306.6
27,2026-05-01,Management Fee,1268.31
27,2026-05-01,Marketing,237.13
27,2026-05-01,Payroll,1438.2
27,2026-06-01,Property Tax,2895.53
27,2026-06-01,Insurance,797.7
27,2026-06-01,Utilities,1484.97
27,2026-06-01,Repairs & Maintenance,2362.81
27,2026-06-01,Management Fee,1114.19
27,2026-06-01,Marketing,238.96
27,2026-06-01,Payroll,1277.81
27,2026-07-01,Property Tax,3269.65
27,2026-07-01,Insurance,799.28
27,2026-07-01,Utilities,2196.86
27,2026-07-01,Repairs & Maintenance,1856.91
27,2026-07-01,Management Fee,849.83
27,2026-07-01,Marketing,312.66
27,2026-07-01,Payroll,1155.82
27,2026-08-01,Property Tax,2187.21
27,2026-08-01,Insurance,954.95
27,2026-08-01,Utilities,1970.49
27,2026-08-01,Repairs & Maintenance,1890.2
27,2026-08-01,Management Fee,1221.54
27,2026-08-01,Marketing,244.79
27,2026-08-01,Payroll,1346.2
27,2026-09-01,Property Tax,2601.16
27,2026-09-01,Insurance,1141.04
27,2026-09-01,Utilities,1318.42
27,2026-09-01,Repairs & Maintenance,1955.53
27,2026-09-01,Management Fee,970.36
27,2026-09-01,Marketing,285.52
27,2026-09-01,Payroll,1253.1
28,2024-01-01,Property Tax,20057.17
28,2024-01-01,Insurance,8219.31
28,2024-01-01,Utilities,13409.57
28,2024-01-01,Repairs & Maintenance,16430.62
28,2024-01-01,Management Fee,7749.35
28,2024-01-01,Marketing,1880.9
28,2024-01-01,Payroll,9771.97
28,2024-02-01,Property Tax,19312.69
28,2024-02-01,Insurance,7615.1
28,2024-02-01,Utilities,17817.05
28,2024-02-01,Repairs & Maintenance,13935.0
28,2024-02-01,Management Fee,6443.2
28,2024-02-01,Marketing,1783.5
28,2024-02-01,Payroll,6514.23
28,2024-03-01,Property Tax,26755.77
28,2024-03-01,Insurance,8561.23
28,2024-03-01,Utilities,11001.85
28,2024-03-01,Repairs & Maintenance,17798.86
28,2024-03-01,Management Fee,6852.65
28,2024-03-01,Marketing,2079.81
28,2024-03-01,Payroll,8872.66
28,2024-04-01,Property Tax,17055.56
28,2024-04-01,Insurance,7864.78
28,2024-04-01,Utilities,10988.37
28,2024-04-01,Repairs & Maintenance,14138.4
28,2024-04-01,Management Fee,6748.89
28,2024-04-01,Marketing,2328.8
28,2024-04-01,Payroll,9613.82
28,2024-05-01,Property Tax,22607.87
28,2024-05-01,Insurance,6639.18
28,2024-05-01,Utilities,12003.47
28,2024-05-01,Repairs & Maintenance,16279.66
28,2024-05-01,Management Fee,8127.54
28,2024-05-01,Marketing,1401.73
28,2024-05-01,Payroll,11640.14
28,2024-06-01,Property Tax,25586.15
28,2024-06-01,Insurance,7465.68
28,2024-06-01,Utilities,11727.19
28,2024-06-01,Repairs & Maintenance,13020.46
28,2024-06-01,Management Fee,6689.47
28,2024-06-01,Marketing,2044.41
28,2024-06-01,Payroll,9066.38
28,2024-07-01,Property Tax,21797.82
28,2024-07-01,Insurance,7293.34
28,2024-07-01,Utilities,15835.61
28,2024-07-01,Repairs & Maintenance,13995.57
28,2024-07-01,Management Fee,7721.66
28,2024-07-01,Marketing,1536.3
28,2024-07-01,Payroll,10170.1
28,2024-08-01,Property Tax,19065.91
28,2024-08-01,Insurance,8444.77
28,2024-08-01,Utilities,15982.85
28,2024-08-01,Repairs & Maintenance,13859.43
28,2024-08-01,Management Fee,7620.79
28,2024-08-01,Marketing,1579.67
28,2024-08-01,Payroll,11118.77
28,2024-09-01,Property Tax,20797.14
28,2024-09-01,Insurance,7003.01
28,2024-09-01,Utilities,13455.61
28,2024-09-01,Repairs & Maintenance,13783.5
28,2024-09-01,Management Fee,7082.74
28,2024-09-01,Marketing,1810.74
28,2024-09-01,Payroll,10713.81
28,2024-10-01,Property Tax,21397.38
28,2024-10-01,Insurance,7610.37
28,2024-10-01,Utilities,8954.57
28,2024-10-01,Repairs & Maintenance,14443.27
28,2024-10-01,Management Fee,7064.07
28,2024-10-01,Marketing,1685.23
28,2024-10-01,Payroll,9985.19
28,2024-11-01,Property Tax,21156.67
28,2024-11-01,Insurance,7156.43
28,2024-11-01,Utilities,11150.52
28,2024-11-01,Repairs & Maintenance,13085.63
28,2024-11-01,Management Fee,5882.91
28,2024-11-01,Marketing,1879.25
28,2024-11-01,Payroll,10238.33
28,2024-12-01,Property Tax,25206.57
28,2024-12-01,Insurance,9178.28
28,2024-12-01,Utilities,16387.31
28,2024-12-01,Repairs & Maintenance,16186.33
28,2024-12-01,Management Fee,6395.45
28,2024-12-01,Marketing,2064.53
28,2024-12-01,Payroll,12286.39
28,2025-01-01,Property Tax,17572.47
28,2025-01-01,Insurance,6277.4
28,2025-01-01,Utilities,14043.22
28,2025-01-01,Repairs & Maintenance,12033.49
28,2025-01-01,Management Fee,8102.92
28,2025-01-01,Marketing,1827.35
28,2025-01-01,Payroll,9495.38
28,2025-02-01,Property Tax,18339.57
28,2025-02-01,Insurance,6956.85
28,2025-02-01,Utilities,13054.53
28,2025-02-01,Repairs & Maintenance,13670.12
28,2025-02-01,Management Fee,7956.15
28,2025-02-01,Marketing,1867.54
28,2025-02-01,Payroll,7287.52
28,2025-03-01,Property Tax,21409.82
28,2025-03-01,Insurance,8880.93
28,2025-03-01,Utilities,11530.74
28,2025-03-01,Repairs & Maintenance,16002.17
28,2025-03-01,Management Fee,7026.88
28,2025-03-01,Marketing,2169.33
28,2025-03-01,Payroll,9096.88
28,2025-04-01,Property Tax,24115.35
28,2025-04-01,Insurance,5952.99
28,2025-04-01,Utilities,13814.02
28,2025-04-01,Repairs & Maintenance,13958.82
28,2025-04-01,Management Fee,7911.8
28,2025-04-01,Marketing,1601.41
28,2025-04-01,Payroll,8723.66
28,2025-05-01,Property Tax,22853.3
28,2025-05-01,Insurance,7024.93
28,2025-05-01,Utilities,11147.01
28,2025-05-01,Repairs & Maintenance,13069.64
28,2025-05-01,Management Fee,8609.75
28,2025-05-01,Marketing,1901.66
28,2025-05-01,Payroll,10095.67
28,2025-06-01,Property Tax,21145.42
28,2025-06-01,Insurance,6096.61
28,2025-06-01,Utilities,13081.76
28,2025-06-01,Repairs & Maintenance,12793.7
28,2025-06-01,Management Fee,9929.21
28,2025-06-01,Marketing,2011.28
28,2025-06-01,Payroll,7836.53
28,2025-07-01,Property Tax,22956.77
28,2025-07-01,Insurance,7135.9
28,2025-07-01,Utilities,14317.83
28,2025-07-01,Repairs & Maintenance,14403.22
28,2025-07-01,Management Fee,8276.43
28,2025-07-01,Marketing,1908.27
28,2025-07-01,Payroll,9554.69
28,2025-08-01,Property Tax,27497.63
28,2025-08-01,Insurance,7941.58
28,2025-08-01,Utilities,16019.44
28,2025-08-01,Repairs & Maintenance,11963.32
28,2025-08-01,Management Fee,7911.8
28,2025-08-01,Marketing,1860.35
28,2025-08-01,Payroll,12099.94
28,2025-09-01,Property Tax,20030.83
28,2025-09-01,Insurance,5715.78
28,2025-09-01,Utilities,9141.75
28,2025-09-01,Repairs & Maintenance,11688.8
28,2025-09-01,Management Fee,6423.38
28,2025-09-01,Marketing,2128.72
28,2025-09-01,Payroll,11047.31
28,2025-10-01,Property Tax,20350.76
28,2025-10-01,Insurance,8281.17
28,2025-10-01,Utilities,12986.83
28,2025-10-01,Repairs & Maintenance,11073.86
28,2025-10-01,Management Fee,7764.12
28,2025-10-01,Marketing,1837.94
28,2025-10-01,Payroll,11326.76
28,2025-11-01,Property Tax,20052.49
28,2025-11-01,Insurance,8788.8
28,2025-11-01,Utilities,9460.13
28,2025-11-01,Repairs & Maintenance,14240.05
28,2025-11-01,Management Fee,7697.11
28,2025-11-01,Marketing,2029.16
28,2025-11-01,Payroll,8896.09
28,2025-12-01,Property Tax,21289.71
28,2025-12-01,Insurance,8440.21
28,2025-12-01,Utilities,12723.2
28,2025-12-01,Repairs & Maintenance,15089.77
28,2025-12-01,Management Fee,6984.33
28,2025-12-01,Marketing,1949.19
28,2025-12-01,Payroll,8120.14
28,2026-01-01,Property Tax,19969.44
28,2026-01-01,Insurance,5531.39
28,2026-01-01,Utilities,19620.53
28,2026-01-01,Repairs & Maintenance,13256.47
28,2026-01-01,Management Fee,8170.79
28,2026-01-01,Marketing,2158.36
28,2026-01-01,Payroll,10008.7
28,2026-02-01,Property Tax,23562.14
28,2026-02-01,Insurance,9619.26
28,2026-02-01,Utilities,20949.42
28,2026-02-01,Repairs & Maintenance,12860.23
28,2026-02-01,Management Fee,8793.9
28,2026-02-01,Marketing,2249.92
28,2026-02-01,Payroll,10094.19
28,2026-03-01,Property Tax,19677.13
28,2026-03-01,Insurance,6937.39
28,2026-03-01,Utilities,12211.15
28,2026-03-01,Repairs & Maintenance,14217.73
28,2026-03-01,Management Fee,7559.72
28,2026-03-01,Marketing,1878.85
28,2026-03-01,Payroll,11960.08
28,2026-04-01,Property Tax,20382.53
28,2026-04-01,Insurance,7886.53
28,2026-04-01,Utilities,12565.17
28,2026-04-01,Repairs & Maintenance,13142.2
28,2026-04-01,Management Fee,7648.33
28,2026-04-01,Marketing,1928.17
28,2026-04-01,Payroll,9385.44
28,2026-05-01,Property Tax,22558.71
28,2026-05-01,Insurance,9589.79
28,2026-05-01,Utilities,13221.01
28,2026-05-01,Repairs & Maintenance,8595.92
28,2026-05-01,Management Fee,8920.04
28,2026-05-01,Marketing,2047.37
28,2026-05-01,Payroll,9726.44
28,2026-06-01,Property Tax,23296.66
28,2026-06-01,Insurance,7870.04
28,2026-06-01,Utilities,14488.57
28,2026-06-01,Repairs & Maintenance,13329.07
28,2026-06-01,Management Fee,7457.09
28,2026-06-01,Marketing,2344.22
28,2026-06-01,Payroll,10444.88
28,2026-07-01,Property Tax,20181.57
28,2026-07-01,Insurance,7100.22
28,2026-07-01,Utilities,13365.79
28,2026-07-01,Repairs & Maintenance,14437.81
28,2026-07-01,Management Fee,8732.61
28,2026-07-01,Marketing,2367.01
28,2026-07-01,Payroll,9552.43
28,2026-08-01,Property Tax,21279.06
28,2026-08-01,Insurance,8249.21
28,2026-08-01,Utilities,13114.12
28,2026-08-01,Repairs & Maintenance,13663.2
28,2026-08-01,Management Fee,7428.33
28,2026-08-01,Marketing,1729.89
28,2026-08-01,Payroll,10488.18
28,2026-09-01,Property Tax,23378.76
28,2026-09-01,Insurance,7440.73
28,2026-09-01,Utilities,12206.83
28,2026-09-01,Repairs & Maintenance,14172.49
28,2026-09-01,Management Fee,7164.8
28,2026-09-01,Marketing,1931.84
28,2026-09-01,Payroll,10757.96
29,2024-01-01,Property Tax,1310.38
29,2024-01-01,Insurance,434.76
29,2024-01-01,Utilities,719.82
29,2024-01-01,Repairs & Maintenance,654.57
29,2024-01-01,Management Fee,379.77
29,2024-01-01,Marketing,101.97
29,2024-01-01,Payroll,510.73
29,2024-02-01,Property Tax,947.97
29,2024-02-01,Insurance,387.64
29,2024-02-01,Utilities,574.89
29,2024-02-01,Repairs & Maintenance,733.26
29,2024-02-01,Management Fee,395.83
29,2024-02-01,Marketing,107.34
29,2024-02-01,Payroll,537.07
29,2024-03-01,Property Tax,851.51
29,2024-03-01,Insurance,469.89
29,2024-03-01,Utilities,528.59
29,2024-03-01,Repairs & Maintenance,721.2
29,2024-03-01,Management Fee,375.96
29,2024-03-01,Marketing,87.46
29,2024-03-01,Payroll,550.76
29,2024-04-01,Property Tax,1099.75
29,2024-04-01,Insurance,374.58
29,2024-04-01,Utilities,515.28
29,2024-04-01,Repairs & Maintenance,590.97
29,2024-04-01,Management Fee,361.17
29,2024-04-01,Marketing,83.17
29,2024-04-01,Payroll,421.71
29,2024-05-01,Property Tax,1083.41
29,2024-05-01,Insurance,420.26
29,2024-05-01,Utilities,479.02
29,2024-05-01,Repairs & Maintenance,782.9
29,2024-05-01,Management Fee,383.74
29,2024-05-01,Marketing,98.12
29,2024-05-01,Payroll,604.41
29,2024-06-01,Property Tax,1040.91
29,2024-06-01,Insurance,371.11
29,2024-06-01,Utilities,397.8
29,2024-06-01,Repairs & Maintenance,669.52
29,2024-06-01,Management Fee,444.19
29,2024-06-01,Marketing,93.57
29,2024-06-01,Payroll,508.31
29,2024-07-01,Property Tax,1087.13
29,2024-07-01,Insurance,409.67
29,2024-07-01,Utilities,767.0
29,2024-07-01,Repairs & Maintenance,699.66
29,2024-07-01,Management Fee,453.34
29,2024-07-01,Marketing,116.87
29,2024-07-01,Payroll,409.81
29,2024-08-01,Property Tax,1084.39
29,2024-08-01,Insurance,313.56
29,2024-08-01,Utilities,679.97
29,2024-08-01,Repairs & Maintenance,737.38
29,2024-08-01,Management Fee,459.79
29,2024-08-01,Marketing,93.75
29,2024-08-01,Payroll,446.79
29,2024-09-01,Property Tax,1122.06
29,2024-09-01,Insurance,386.3
29,2024-09-01,Utilities,582.65
29,2024-09-01,Repairs & Maintenance,668.7
29,2024-09-01,Management Fee,383.15
29,2024-09-01,Marketing,116.36
29,2024-09-01,Payroll,547.17
29,2024-10-01,Property Tax,1127.83
29,2024-10-01,Insurance,397.62
29,2024-10-01,Utilities,698.95
29,2024-10-01,Repairs & Maintenance,683.94
29,2024-10-01,Management Fee,325.92
29,2024-10-01,Marketing,105.65
29,2024-10-01,Payroll,450.8
29,2024-11-01,Property Tax,1248.39
29,2024-11-01,Insurance,325.05
29,2024-11-01,Utilities,593.55
29,2024-11-01,Repairs & Maintenance,698.04
29,2024-11-01,Management Fee,483.94
29,2024-11-01,Marketing,111.69
29,2024-11-01,Payroll,473.92
29,2024-12-01,Property Tax,1177.96
29,2024-12-01,Insurance,482.62
29,2024-12-01,Utilities,602.42
29,2024-12-01,Repairs & Maintenance,797.39
29,2024-12-01,Management Fee,352.63
29,2024-12-01,Marketing,93.03
29,2024-12-01,Payroll,560.95
29,2025-01-01,Property Tax,1174.19
29,2025-01-01,Insurance,362.1
29,2025-01-01,Utilities,706.5
29,2025-01-01,Repairs & Maintenance,559.38
29,2025-01-01,Management Fee,434.91
29,2025-01-01,Marketing,82.7
29,2025-01-01,Payroll,538.08
29,2025-02-01,Property Tax,1019.58
29,2025-02-01,Insurance,314.31
29,2025-02-01,Utilities,877.9
29,2025-02-01,Repairs & Maintenance,712.05
29,2025-02-01,Management Fee,379.55
29,2025-02-01,Marketing,118.96
29,2025-02-01,Payroll,365.69
29,2025-03-01,Property Tax,907.07
29,2025-03-01,Insurance,428.94
29,2025-03-01,Utilities,569.67
29,2025-03-01,Repairs & Maintenance,645.93
29,2025-03-01,Management Fee,380.23
29,2025-03-01,Marketing,87.55
29,2025-03-01,Payroll,602.9
29,2025-04-01,Property Tax,830.73
29,2025-04-01,Insurance,357.55
29,2025-04-01,Utilities,561.96
29,2025-04-01,Repairs & Maintenance,654.19
29,2025-04-01,Management Fee,380.04
29,2025-04-01,Marketing,106.5
29,2025-04-01,Payroll,436.28
29,2025-05-01,Property Tax,1106.75
29,2025-05-01,Insurance,382.45
29,2025-05-01,Utilities,632.5
29,2025-05-01,Repairs & Maintenance,715.87
29,2025-05-01,Management Fee,429.32
29,2025-05-01,Marketing,111.52
29,2025-05-01,Payroll,487.44
29,2025-06-01,Property Tax,861.4
29,2025-06-01,Insurance,458.29
29,2025-06-01,Utilities,557.26
29,2025-06-01,Repairs & Maintenance,666.85
29,2025-06-01,Management Fee,355.92
29,2025-06-01,Marketing,95.46
29,2025-06-01,Payroll,521.74
29,2025-07-01,Property Tax,1083.46
29,2025-07-01,Insurance,376.56
29,2025-07-01,Utilities,669.27
29,2025-07-01,Repairs & Maintenance,652.9
29,2025-07-01,Management Fee,361.03
29,2025-07-01,Marketing,118.35
29,2025-07-01,Payroll,433.02
29,2025-08-01,Property Tax,1089.53
29,2025-08-01,Insurance,346.47
29,2025-08-01,Utilities,550.34
29,2025-08-01,Repairs & Maintenance,723.33
29,2025-08-01,Management Fee,416.04
29,2025-08-01,Marketing,99.44
29,2025-08-01,Payroll,464.82
29,2025-09-01,Property Tax,1160.75
29,2025-09-01,Insurance,373.35
29,2025-09-01,Utilities,615.87
29,2025-09-01,Repairs & Maintenance,711.59
29,2025-09-01,Management Fee,330.38
29,2025-09-01,Marketing,75.82
29,2025-09-01,Payroll,485.64
29,2025-10-01,Property Tax,1184.41
29,2025-10-01,Insurance,351.33
29,2025-10-01,Utilities,564.88
29,2025-10-01,Repairs & Maintenance,669.17
29,2025-10-01,Management Fee,371.46
29,2025-10-01,Marketing,99.89
29,2025-10-01,Payroll,535.68
29,2025-11-01,Property Tax,991.43
29,2025-11-01,Insurance,422.32
29,2025-11-01,Utilities,562.09
29,2025-11-01,Repairs & Maintenance,667.51
29,2025-11-01,Management Fee,433.61
29,2025-11-01,Marketing,109.4
29,2025-11-01,Payroll,421.76
29,2025-12-01,Property Tax,840.74
29,2025-12-01,Insurance,387.18
29,2025-12-01,Utilities,740.51
29,2025-12-01,Repairs & Maintenance,697.84
29,2025-12-01,Management Fee,482.06
29,2025-12-01,Marketing,108.34
29,2025-12-01,Payroll,488.96
29,2026-01-01,Property Tax,1074.57
29,2026-01-01,Insurance,434.56
29,2026-01-01,Utilities,893.5
29,2026-01-01,Repairs & Maintenance,660.66
29,2026-01-01,Management Fee,346.8
29,2026-01-01,Marketing,96.57
29,2026-01-01,Payroll,407.52
29,2026-02-01,Property Tax,1057.82
29,2026-02-01,Insurance,404.59
29,2026-02-01,Utilities,857.1
29,2026-02-01,Repairs & Maintenance,643.72
29,2026-02-01,Management Fee,376.55
29,2026-02-01,Marketing,92.98
29,2026-02-01,Payroll,421.85
29,2026-03-01,Property Tax,1136.74
29,2026-03-01,Insurance,365.6
29,2026-03-01,Utilities,460.31
29,2026-03-01,Repairs & Maintenance,675.48
29,2026-03-01,Management Fee,379.16
29,2026-03-01,Marketing,100.33
29,2026-03-01,Payroll,463.48
29,2026-04-01,Property Tax,837.03
29,2026-04-01,Insurance,313.47
29,2026-04-01,Utilities,688.05
29,2026-04-01,Repairs & Maintenance,562.6
29,2026-04-01,Management Fee,350.65
29,2026-04-01,Marketing,115.23
29,2026-04-01,Payroll,447.87
29,2026-05-01,Property Tax,1089.36
29,2026-05-01,Insurance,394.43
29,2026-05-01,Utilities,539.67
29,2026-05-01,Repairs & Maintenance,772.96
29,2026-05-01,Management Fee,368.49
29,2026-05-01,Marketing,71.65
29,2026-05-01,Payroll,425.01
29,2026-06-01,Property Tax,1364.4
29,2026-06-01,Insurance,309.74
29,2026-06-01,Utilities,462.02
29,2026-06-01,Repairs & Maintenance,623.02
29,2026-06-01,Management Fee,403.15
29,2026-06-01,Marketing,111.28
29,2026-06-01,Payroll,462.31
29,2026-07-01,Property Tax,995.85
29,2026-07-01,Insurance,369.13
29,2026-07-01,Utilities,614.97
29,2026-07-01,Repairs & Maintenance,696.33
29,2026-07-01,Management Fee,429.44
29,2026-07-01,Marketing,89.52
29,2026-07-01,Payroll,510.99
29,2026-08-01,Property Tax,1229.76
29,2026-08-01,Insurance,477.56
29,2026-08-01,Utilities,733.43
29,2026-08-01,Repairs & Maintenance,760.31
29,2026-08-01,Management Fee,386.16
29,2026-08-01,Marketing,76.97
29,2026-08-01,Payroll,543.68
29,2026-09-01,Property Tax,969.41
29,2026-09-01,Insurance,430.01
29,2026-09-01,Utilities,593.39
29,2026-09-01,Repairs & Maintenance,783.98
29,2026-09-01,Management Fee,382.41
29,2026-09-01,Marketing,93.72
29,2026-09-01,Payroll,509.33
30,2024-01-01,Property Tax,480.07
30,2024-01-01,Insurance,131.89
30,2024-01-01,Utilities,340.4
30,2024-01-01,Repairs & Maintenance,184.15
30,2024-01-01,Management Fee,196.99
30,2024-01-01,Marketing,37.44
30,2024-01-01,Payroll,192.85
30,2024-02-01,Property Tax,505.12
30,2024-02-01,Insurance,162.79
30,2024-02-01,Utilities,247.74
30,2024-02-01,Repairs & Maintenance,307.92
30,2024-02-01,Management Fee,123.09
30,2024-02-01,Marketing,44.03
30,2024-02-01,Payroll,158.89
30,2024-03-01,Property Tax,403.51
30,2024-03-01,Insurance,135.35
30,2024-03-01,Utilities,192.63
30,2024-03-01,Repairs & Maintenance,247.04
30,2024-03-01,Management Fee,151.61
30,2024-03-01,Marketing,45.44
30,2024-03-01,Payroll,233.29
30,2024-04-01,Property Tax,383.89
30,2024-04-01,Insurance,136.02
30,2024-04-01,Utilities,222.1
30,2024-04-01,Repairs & Maintenance,300.71
30,2024-04-01,Management Fee,164.67
30,2024-04-01,Marketing,44.02
30,2024-04-01,Payroll,158.04
30,2024-05-01,Property Tax,432.61
30,2024-05-01,Insurance,155.13
30,2024-05-01,Utilities,280.59
30,2024-05-01,Repairs & Maintenance,256.74
30,2024-05-01,Management Fee,177.93
30,2024-05-01,Marketing,38.08
30,2024-05-01,Payroll,184.48
30,2024-06-01,Property Tax,429.52
30,2024-06-01,Insurance,179.31
30,2024-06-01,Utilities,202.02
30,2024-06-01,Repairs & Maintenance,214.78
30,2024-06-01,Management Fee,172.24
30,2024-06-01,Marketing,48.46
30,2024-06-01,Payroll,204.06
30,2024-07-01,Property Tax,429.39
30,2024-07-01,Insurance,178.65
30,2024-07-01,Utilities,336.02
30,2024-07-01,Repairs & Maintenance,323.46
30,2024-07-01,Management Fee,130.21
30,2024-07-01,Marketing,43.45
30,2024-07-01,Payroll,226.88
30,2024-08-01,Property Tax,405.22
30,2024-08-01,Insurance,136.57
30,2024-08-01,Utilities,290.25
30,2024-08-01,Repairs & Maintenance,248.81
30,2024-08-01,Management Fee,144.78
30,2024-08-01,Marketing,39.41
30,2024-08-01,Payroll,195.98
30,2024-09-01,Property Tax,354.16
30,2024-09-01,Insurance,170.56
30,2024-09-01,Utilities,234.9
30,2024-09-01,Repairs & Maintenance,233.65
30,2024-09-01,Management Fee,163.13
30,2024-09-01,Marketing,38.55
30,2024-09-01,Payroll,186.8
30,2024-10-01,Property Tax,402.47
30,2024-10-01,Insurance,160.37
30,2024-10-01,Utilities,212.9
30,2024-10-01,Repairs & Maintenance,266.82
30,2024-10-01,Management Fee,127.05
30,2024-10-01,Marketing,39.7
30,2024-10-01,Payroll,202.92
30,2024-11-01,Property Tax,440.45
30,2024-11-01,Insurance,173.24
30,2024-11-01,Utilities,219.56
30,2024-11-01,Repairs & Maintenance,233.74
30,2024-11-01,Management Fee,164.11
30,2024-11-01,Marketing,41.92
30,2024-11-01,Payroll,160.17
30,2024-12-01,Property Tax,324.37
30,2024-12-01,Insurance,139.3
30,2024-12-01,Utilities,299.46
30,2024-12-01,Repairs & Maintenance,238.6
30,2024-12-01,Management Fee,140.98
30,2024-12-01,Marketing,30.55
30,2024-12-01,Payroll,207.66
30,2025-01-01,Property Tax,477.22
30,2025-01-01,Insurance,159.03
30,2025-01-01,Utilities,327.82
30,2025-01-01,Repairs & Maintenance,268.5
30,2025-01-01,Management Fee,140.1
30,2025-01-01,Marketing,36.41
30,2025-01-01,Payroll,169.19
30,2025-02-01,Property Tax,493.82
30,2025-02-01,Insurance,167.7
30,2025-02-01,Utilities,298.33
30,2025-02-01,Repairs & Maintenance,250.04
30,2025-02-01,Management Fee,137.6
30,2025-02-01,Marketing,37.02
30,2025-02-01,Payroll,189.78
30,2025-03-01,Property Tax,480.61
30,2025-03-01,Insurance,184.25
30,2025-03-01,Utilities,225.22
30,2025-03-01,Repairs & Maintenance,287.9
30,2025-03-01,Management Fee,138.1
30,2025-03-01,Marketing,39.13
30,2025-03-01,Payroll,212.84
30,2025-04-01,Property Tax,386.32
30,2025-04-01,Insurance,179.79
30,2025-04-01,Utilities,191.09
30,2025-04-01,Repairs & Maintenance,279.15
30,2025-04-01,Management Fee,133.66
30,2025-04-01,Marketing,40.15
30,2025-04-01,Payroll,195.94
30,2025-05-01,Property Tax,478.42
30,2025-05-01,Insurance,166.13
30,2025-05-01,Utilities,218.08
30,2025-05-01,Repairs & Maintenance,301.78
30,2025-05-01,Management Fee,164.8
30,2025-05-01,Marketing,42.01
30,2025-05-01,Payroll,173.37
30,2025-06-01,Property Tax,380.17
30,2025-06-01,Insurance,152.33
30,2025-06-01,Utilities,250.05
30,2025-06-01,Repairs & Maintenance,230.22
30,2025-06-01,Management Fee,161.3
30,2025-06-01,Marketing,35.9
30,2025-06-01,Payroll,161.69
30,2025-07-01,Property Tax,348.33
30,2025-07-01,Insurance,122.4
30,2025-07-01,Utilities,281.5
30,2025-07-01,Repairs & Maintenance,293.44
30,2025-07-01,Management Fee,166.83
30,2025-07-01,Marketing,35.19
30,2025-07-01,Payroll,169.01
30,2025-08-01,Property Tax,409.43
30,2025-08-01,Insurance,129.95
30,2025-08-01,Utilities,214.07
30,2025-08-01,Repairs & Maintenance,239.27
30,2025-08-01,Management Fee,143.42
30,2025-08-01,Marketing,32.78
30,2025-08-01,Payroll,199.99
30,2025-09-01,Property Tax,393.11
30,2025-09-01,Insurance,135.69
30,2025-09-01,Utilities,217.31
30,2025-09-01,Repairs & Maintenance,278.8
30,2025-09-01,Management Fee,183.64
30,2025-09-01,Marketing,29.7
30,2025-09-01,Payroll,181.99
30,2025-10-01,Property Tax,457.62
30,2025-10-01,Insurance,167.58
30,2025-10-01,Utilities,221.52
30,2025-10-01,Repairs & Maintenance,257.74
30,2025-10-01,Management Fee,165.61
30,2025-10-01,Marketing,43.84
30,2025-10-01,Payroll,236.72
30,2025-11-01,Property Tax,328.37
30,2025-11-01,Insurance,139.35
30,2025-11-01,Utilities,176.87
30,2025-11-01,Repairs & Maintenance,277.25
30,2025-11-01,Management Fee,185.45
30,2025-11-01,Marketing,45.51
30,2025-11-01,Payroll,239.67
30,2025-12-01,Property Tax,424.46
30,2025-12-01,Insurance,159.05
30,2025-12-01,Utilities,269.07
30,2025-12-01,Repairs & Maintenance,250.87
30,2025-12-01,Management Fee,163.43
30,2025-12-01,Marketing,34.57
30,2025-12-01,Payroll,207.3
30,2026-01-01,Property Tax,433.32
30,2026-01-01,Insurance,203.69
30,2026-01-01,Utilities,247.31
30,2026-01-01,Repairs & Maintenance,274.61
30,2026-01-01,Management Fee,135.42
30,2026-01-01,Marketing,39.06
30,2026-01-01,Payroll,176.47
30,2026-02-01,Property Tax,551.51
30,2026-02-01,Insurance,140.02
30,2026-02-01,Utilities,250.77
30,2026-02-01,Repairs & Maintenance,262.68
30,2026-02-01,Management Fee,140.17
30,2026-02-01,Marketing,29.44
30,2026-02-01,Payroll,192.98
30,2026-03-01,Property Tax,411.6
30,2026-03-01,Insurance,144.8
30,2026-03-01,Utilities,231.21
30,2026-03-01,Repairs & Maintenance,287.98
30,2026-03-01,Management Fee,128.92
30,2026-03-01,Marketing,40.33
30,2026-03-01,Payroll,201.15
30,2026-04-01,Property Tax,485.85
30,2026-04-01,Insurance,145.84
30,2026-04-01,Utilities,235.03
30,2026-04-01,Repairs & Maintenance,339.43
30,2026-04-01,Management Fee,172.93
30,2026-04-01,Marketing,38.1
30,2026-04-01,Payroll,206.99
30,2026-05-01,Property Tax,405.96
30,2026-05-01,Insurance,123.51
30,2026-05-01,Utilities,252.79
30,2026-05-01,Repairs & Maintenance,274.77
30,2026-05-01,Management Fee,156.89
30,2026-05-01,Marketing,38.38
30,2026-05-01,Payroll,159.89
30,2026-06-01,Property Tax,490.33
30,2026-06-01,Insurance,198.01
30,2026-06-01,Utilities,237.56
30,2026-06-01,Repairs & Maintenance,290.51
30,2026-06-01,Management Fee,147.65
30,2026-06-01,Marketing,37.32
30,2026-06-01,Payroll,210.41
30,2026-07-01,Property Tax,448.3
30,2026-07-01,Insurance,152.97
30,2026-07-01,Utilities,308.78
30,2026-07-01,Repairs & Maintenance,258.32
30,2026-07-01,Management Fee,134.06
30,2026-07-01,Marketing,27.55
30,2026-07-01,Payroll,192.9
30,2026-08-01,Property Tax,376.74
30,2026-08-01,Insurance,146.84
30,2026-08-01,Utilities,233.28
30,2026-08-01,Repairs & Maintenance,260.94
30,2026-08-01,Management Fee,139.38
30,2026-08-01,Marketing,49.88
30,2026-08-01,Payroll,203.74
30,2026-09-01,Property Tax,485.11
30,2026-09-01,Insurance,154.61
30,2026-09-01,Utilities,231.11
30,2026-09-01,Repairs & Maintenance,276.78
30,2026-09-01,Management Fee,160.78
30,2026-09-01,Marketing,39.03
30,2026-09-01,Payroll,206.58
31,2024-01-01,Property Tax,523.35
31,2024-01-01,Insurance,158.53
31,2024-01-01,Utilities,454.95
31,2024-01-01,Repairs & Maintenance,481.74
31,2024-01-01,Management Fee,187.58
31,2024-01-01,Marketing,58.5
31,2024-01-01,Payroll,257.58
31,2024-02-01,Property Tax,444.69
31,2024-02-01,Insurance,184.84
31,2024-02-01,Utilities,300.36
31,2024-02-01,Repairs & Maintenance,530.56
31,2024-02-01,Management Fee,243.53
31,2024-02-01,Marketing,51.07
31,2024-02-01,Payroll,303.29
31,2024-03-01,Property Tax,672.17
31,2024-03-01,Insurance,202.69
31,2024-03-01,Utilities,318.86
31,2024-03-01,Repairs & Maintenance,436.09
31,2024-03-01,Management Fee,233.93
31,2024-03-01,Marketing,61.54
31,2024-03-01,Payroll,295.68
31,2024-04-01,Property Tax,532.06
31,2024-04-01,Insurance,184.35
31,2024-04-01,Utilities,272.06
31,2024-04-01,Repairs & Maintenance,475.07
31,2024-04-01,Management Fee,217.7
31,2024-04-01,Marketing,55.3
31,2024-04-01,Payroll,288.69
31,2024-05-01,Property Tax,532.27
31,2024-05-01,Insurance,211.47
31,2024-05-01,Utilities,281.29
31,2024-05-01,Repairs & Maintenance,428.89
31,2024-05-01,Management Fee,220.63
31,2024-05-01,Marketing,52.11
31,2024-05-01,Payroll,241.24
31,2024-06-01,Property Tax,561.69
31,2024-06-01,Insurance,205.89
31,2024-06-01,Utilities,276.46
31,2024-06-01,Repairs & Maintenance,409.31
31,2024-06-01,Management Fee,267.43
31,2024-06-01,Marketing,55.4
31,2024-06-01,Payroll,292.62
31,2024-07-01,Property Tax,465.3
31,2024-07-01,Insurance,196.45
31,2024-07-01,Utilities,438.88
31,2024-07-01,Repairs & Maintenance,418.01
31,2024-07-01,Management Fee,233.95
31,2024-07-01,Marketing,60.08
31,2024-07-01,Payroll,206.64
31,2024-08-01,Property Tax,411.57
31,2024-08-01,Insurance,188.23
31,2024-08-01,Utilities,309.44
31,2024-08-01,Repairs & Maintenance,557.2
31,2024-08-01,Management Fee,206.45
31,2024-08-01,Marketing,49.64
31,2024-08-01,Payroll,334.91
31,2024-09-01,Property Tax,521.19
31,2024-09-01,Insurance,203.09
31,2024-09-01,Utilities,360.09
31,2024-09-01,Repairs & Maintenance,370.63
31,2024-09-01,Management Fee,249.91
31,2024-09-01,Marketing,55.54
31,2024-09-01,Payroll,288.62
31,2024-10-01,Property Tax,522.58
31,2024-10-01,Insurance,210.42
31,2024-10-01,Utilities,306.28
31,2024-10-01,Repairs & Maintenance,494.19
31,2024-10-01,Management Fee,200.65
31,2024-10-01,Marketing,44.4
31,2024-10-01,Payroll,293.23
31,2024-11-01,Property Tax,563.36
31,2024-11-01,Insurance,184.08
31,2024-11-01,Utilities,358.76
31,2024-11-01,Repairs & Maintenance,530.78
31,2024-11-01,Management Fee,239.71
31,2024-11-01,Marketing,56.19
31,2024-11-01,Payroll,259.4
31,2024-12-01,Property Tax,582.76
31,2024-12-01,Insurance,219.72
31,2024-12-01,Utilities,481.84
31,2024-12-01,Repairs & Maintenance,449.77
31,2024-12-01,Management Fee,182.35
31,2024-12-01,Marketing,53.09
31,2024-12-01,Payroll,267.7
31,2025-01-01,Property Tax,595.17
31,2025-01-01,Insurance,195.36
31,2025-01-01,Utilities,379.27
31,2025-01-01,Repairs & Maintenance,498.97
31,2025-01-01,Management Fee,213.29
31,2025-01-01,Marketing,70.73
31,2025-01-01,Payroll,287.68
31,2025-02-01,Property Tax,473.79
31,2025-02-01,Insurance,181.48
31,2025-02-01,Utilities,419.19
31,2025-02-01,Repairs & Maintenance,511.4
31,2025-02-01,Management Fee,213.95
31,2025-02-01,Marketing,52.84
31,2025-02-01,Payroll,242.41
31,2025-03-01,Property Tax,671.04
31,2025-03-01,Insurance,226.52
31,2025-03-01,Utilities,330.88
31,2025-03-01,Repairs & Maintenance,449.79
31,2025-03-01,Management Fee,215.4
31,2025-03-01,Marketing,53.67
31,2025-03-01,Payroll,256.22
31,2025-04-01,Property Tax,589.08
31,2025-04-01,Insurance,187.25
31,2025-04-01,Utilities,305.41
31,2025-04-01,Repairs & Maintenance,435.75
31,2025-04-01,Management Fee,221.96
31,2025-04-01,Marketing,54.89
31,2025-04-01,Payroll,231.73
31,2025-05-01,Property Tax,523.52
31,2025-05-01,Insurance,209.39
31,2025-05-01,Utilities,302.76
31,2025-05-01,Repairs & Maintenance,486.7
31,2025-05-01,Management Fee,204.22
31,2025-05-01,Marketing,46.61
31,2025-05-01,Payroll,253.51
31,2025-06-01,Property Tax,549.64
31,2025-06-01,Insurance,169.28
31,2025-06-01,Utilities,299.39
31,2025-06-01,Repairs & Maintenance,396.56
31,2025-06-01,Management Fee,179.93
31,2025-06-01,Marketing,56.1
31,2025-06-01,Payroll,224.05
31,2025-07-01,Property Tax,662.99
31,2025-07-01,Insurance,229.37
31,2025-07-01,Utilities,503.06
31,2025-07-01,Repairs & Maintenance,507.94
31,2025-07-01,Management Fee,190.37
31,2025-07-01,Marketing,59.44
31,2025-07-01,Payroll,263.29
31,2025-08-01,Property Tax,534.28
31,2025-08-01,Insurance,193.87
31,2025-08-01,Utilities,415.56
31,2025-08-01,Repairs & Maintenance,418.78
31,2025-08-01,Management Fee,213.83
31,2025-08-01,Marketing,48.18
31,2025-08-01,Payroll,262.55
31,2025-09-01,Property Tax,579.61
31,2025-09-01,Insurance,159.09
31,2025-09-01,Utilities,231.33
31,2025-09-01,Repairs & Maintenance,501.91
31,2025-09-01,Management Fee,231.02
31,2025-09-01,Marketing,43.29
31,2025-09-01,Payroll,246.91
31,2025-10-01,Property Tax,549.39
31,2025-10-01,Insurance,185.91
31,2025-10-01,Utilities,340.23
31,2025-10-01,Repairs & Maintenance,444.97
31,2025-10-01,Management Fee,152.75
31,2025-10-01,Marketing,43.16
31,2025-10-01,Payroll,240.93
31,2025-11-01,Property Tax,596.75
31,2025-11-01,Insurance,183.74
31,2025-11-01,Utilities,396.45
31,2025-11-01,Repairs & Maintenance,413.9
31,2025-11-01,Management Fee,186.57
31,2025-11-01,Marketing,38.59
31,2025-11-01,Payroll,312.93
31,2025-12-01,Property Tax,620.48
31,2025-12-01,Insurance,187.17
31,2025-12-01,Utilities,426.96
31,2025-12-01,Repairs & Maintenance,515.57
31,2025-12-01,Management Fee,169.97
31,2025-12-01,Marketing,53.2
31,2025-12-01,Payroll,239.26
31,2026-01-01,Property Tax,604.87
31,2026-01-01,Insurance,194.24
31,2026-01-01,Utilities,378.31
31,2026-01-01,Repairs & Maintenance,346.61
31,2026-01-01,Management Fee,188.76
31,2026-01-01,Marketing,59.83
31,2026-01-01,Payroll,205.91
31,2026-02-01,Property Tax,535.43
31,2026-02-01,Insurance,201.04
31,2026-02-01,Utilities,332.24
31,2026-02-01,Repairs & Maintenance,521.2
31,2026-02-01,Management Fee,228.06
31,2026-02-01,Marketing,41.87
31,2026-02-01,Payroll,270.15
31,2026-03-01,Property Tax,414.53
31,2026-03-01,Insurance,238.83
31,2026-03-01,Utilities,353.96
31,2026-03-01,Repairs & Maintenance,493.23
31,2026-03-01,Management Fee,197.18
31,2026-03-01,Marketing,48.21
31,2026-03-01,Payroll,264.93
31,2026-04-01,Property Tax,668.9
31,2026-04-01,Insurance,246.6
31,2026-04-01,Utilities,314.49
31,2026-04-01,Repairs & Maintenance,452.41
31,2026-04-01,Management Fee,233.23
31,2026-04-01,Marketing,52.09
31,2026-04-01,Payroll,229.05
31,2026-05-01,Property Tax,619.45
31,2026-05-01,Insurance,171.33
31,2026-05-01,Utilities,323.28
31,2026-05-01,Repairs & Maintenance,421.52
31,2026-05-01,Management Fee,192.13
31,2026-05-01,Marketing,50.15
31,2026-05-01,Payroll,302.08
31,2026-06-01,Property Tax,599.09
31,2026-06-01,Insurance,177.73
31,2026-06-01,Utilities,344.06
31,2026-06-01,Repairs & Maintenance,434.12
31,2026-06-01,Management Fee,234.78
31,2026-06-01,Marketing,59.97
31,2026-06-01,Payroll,292.21
31,2026-07-01,Property Tax,538.89
31,2026-07-01,Insurance,224.58
31,2026-07-01,Utilities,292.41
31,2026-07-01,Repairs & Maintenance,418.7
31,2026-07-01,Management Fee,211.45
31,2026-07-01,Marketing,60.16
31,2026-07-01,Payroll,246.5
31,2026-08-01,Property Tax,612.99
31,2026-08-01,Insurance,301.99
31,2026-08-01,Utilities,382.74
31,2026-08-01,Repairs & Maintenance,460.74
31,2026-08-01,Management Fee,235.9
31,2026-08-01,Marketing,48.34
31,2026-08-01,Payroll,237.66
31,2026-09-01,Property Tax,700.74
31,2026-09-01,Insurance,201.16
31,2026-09-01,Utilities,323.91
31,2026-09-01,Repairs & Maintenance,432.03
31,2026-09-01,Management Fee,179.47
31,2026-09-01,Marketing,60.03
31,2026-09-01,Payroll,310.02
32,2024-01-01,Property Tax,14723.18
32,2024-01-01,Insurance,6169.27
32,2024-01-01,Utilities,8541.03
32,2024-01-01,Repairs & Maintenance,12070.68
32,2024-01-01,Management Fee,5482.4
32,2024-01-01,Marketing,1293.65
32,2024-01-01,Payroll,7106.29
32,2024-02-01,Property Tax,18997.28
32,2024-02-01,Insurance,5884.32
32,2024-02-01,Utilities,11985.59
32,2024-02-01,Repairs & Maintenance,11524.92
32,2024-02-01,Management Fee,5554.44
32,2024-02-01,Marketing,1506.66
32,2024-02-01,Payroll,8778.3
32,2024-03-01,Property Tax,14950.84
32,2024-03-01,Insurance,5872.96
32,2024-03-01,Utilities,11130.92
32,2024-03-01,Repairs & Maintenance,9385.69
32,2024-03-01,Management Fee,6924.87
32,2024-03-01,Marketing,1543.44
32,2024-03-01,Payroll,6326.29
32,2024-04-01,Property Tax,18997.29
32,2024-04-01,Insurance,5308.51
32,2024-04-01,Utilities,7946.53
32,2024-04-01,Repairs & Maintenance,11963.72
32,2024-04-01,Management Fee,5363.35
32,2024-04-01,Marketing,1541.43
32,2024-04-01,Payroll,7722.59
32,2024-05-01,Property Tax,13447.02
32,2024-05-01,Insurance,6601.18
32,2024-05-01,Utilities,7993.25
32,2024-05-01,Repairs & Maintenance,13665.67
32,2024-05-01,Management Fee,6037.41
32,2024-05-01,Marketing,1374.41
32,2024-05-01,Payroll,7316.45
32,2024-06-01,Property Tax,11724.77
32,2024-06-01,Insurance,5760.46
32,2024-06-01,Utilities,6801.37
32,2024-06-01,Repairs & Maintenance,12818.0
32,2024-06-01,Management Fee,5284.25
32,2024-06-01,Marketing,1725.71
32,2024-06-01,Payroll,6614.24
32,2024-07-01,Property Tax,15798.72
32,2024-07-01,Insurance,6465.73
32,2024-07-01,Utilities,8942.81
32,2024-07-01,Repairs & Maintenance,12378.65
32,2024-07-01,Management Fee,5766.83
32,2024-07-01,Marketing,1710.56
32,2024-07-01,Payroll,7412.78
32,2024-08-01,Property Tax,15315.63
32,2024-08-01,Insurance,6346.08
32,2024-08-01,Utilities,10577.12
32,2024-08-01,Repairs & Maintenance,14792.22
32,2024-08-01,Management Fee,5997.44
32,2024-08-01,Marketing,1524.68
32,2024-08-01,Payroll,8038.96
32,2024-09-01,Property Tax,14183.17
32,2024-09-01,Insurance,5123.3
32,2024-09-01,Utilities,7669.12
32,2024-09-01,Repairs & Maintenance,13887.35
32,2024-09-01,Management Fee,5526.83
32,2024-09-01,Marketing,1267.31
32,2024-09-01,Payroll,6972.22
32,2024-10-01,Property Tax,16836.98
32,2024-10-01,Insurance,5127.14
32,2024-10-01,Utilities,10355.63
32,2024-10-01,Repairs & Maintenance,12958.0
32,2024-10-01,Management Fee,4941.48
32,2024-10-01,Marketing,1365.76
32,2024-10-01,Payroll,8983.49
32,2024-11-01,Property Tax,16563.96
32,2024-11-01,Insurance,5883.4
32,2024-11-01,Utilities,7997.04
32,2024-11-01,Repairs & Maintenance,12218.13
32,2024-11-01,Management Fee,5874.19
32,2024-11-01,Marketing,1582.23
32,2024-11-01,Payroll,5034.28
32,2024-12-01,Property Tax,18251.81
32,2024-12-01,Insurance,5908.62
32,2024-12-01,Utilities,10865.79
32,2024-12-01,Repairs & Maintenance,10455.3
32,2024-12-01,Management Fee,6188.05
32,2024-12-01,Marketing,1504.01
32,2024-12-01,Payroll,7473.76
32,2025-01-01,Property Tax,14319.51
32,2025-01-01,Insurance,6142.85
32,2025-01-01,Utilities,9927.38
32,2025-01-01,Repairs & Maintenance,11019.96
32,2025-01-01,Management Fee,6312.07
32,2025-01-01,Marketing,1592.89
32,2025-01-01,Payroll,8044.15
32,2025-02-01,Property Tax,13467.92
32,2025-02-01,Insurance,6525.34
32,2025-02-01,Utilities,9356.25
32,2025-02-01,Repairs & Maintenance,11105.67
32,2025-02-01,Management Fee,6272.36
32,2025-02-01,Marketing,1397.68
32,2025-02-01,Payroll,6932.67
32,2025-03-01,Property Tax,17396.56
32,2025-03-01,Insurance,6820.57
32,2025-03-01,Utilities,9615.42
32,2025-03-01,Repairs & Maintenance,10771.4
32,2025-03-01,Management Fee,6504.92
32,2025-03-01,Marketing,1519.82
32,2025-03-01,Payroll,7188.16
32,2025-04-01,Property Tax,17091.22
32,2025-04-01,Insurance,5806.03
32,2025-04-01,Utilities,9763.82
32,2025-04-01,Repairs & Maintenance,12733.09
32,2025-04-01,Management Fee,5401.57
32,2025-04-01,Marketing,1443.39
32,2025-04-01,Payroll,7485.81
32,2025-05-01,Property Tax,18870.02
32,2025-05-01,Insurance,6005.63
32,2025-05-01,Utilities,8680.25
32,2025-05-01,Repairs & Maintenance,11003.71
32,2025-05-01,Management Fee,6703.26
32,2025-05-01,Marketing,1480.87
32,2025-05-01,Payroll,8557.25
32,2025-06-01,Property Tax,15411.38
32,2025-06-01,Insurance,5849.01
32,2025-06-01,Utilities,9795.34
32,2025-06-01,Repairs & Maintenance,12568.16
32,2025-06-01,Management Fee,6176.58
32,2025-06-01,Marketing,1576.09
32,2025-06-01,Payroll,8573.68
32,2025-07-01,Property Tax,16951.68
32,2025-07-01,Insurance,5292.91
32,2025-07-01,Utilities,8845.57
32,2025-07-01,Repairs & Maintenance,13464.56
32,2025-07-01,Management Fee,4933.41
32,2025-07-01,Marketing,1427.08
32,2025-07-01,Payroll,5810.07
32,2025-08-01,Property Tax,11592.33
32,2025-08-01,Insurance,5048.72
32,2025-08-01,Utilities,11393.42
32,2025-08-01,Repairs & Maintenance,12941.76
32,2025-08-01,Management Fee,7642.31
32,2025-08-01,Marketing,1557.64
32,2025-08-01,Payroll,8225.76
32,2025-09-01,Property Tax,14108.26
32,2025-09-01,Insurance,5470.49
32,2025-09-01,Utilities,8796.55
32,2025-09-01,Repairs & Maintenance,12591.93
32,2025-09-01,Management Fee,4424.43
32,2025-09-01,Marketing,1698.53
32,2025-09-01,Payroll,7248.41
32,2025-10-01,Property Tax,14991.75
32,2025-10-01,Insurance,6962.2
32,2025-10-01,Utilities,8083.6
32,2025-10-01,Repairs & Maintenance,12138.4
32,2025-10-01,Management Fee,5551.29
32,2025-10-01,Marketing,1554.7
32,2025-10-01,Payroll,6835.63
32,2025-11-01,Property Tax,17534.94
32,2025-11-01,Insurance,6071.14
32,2025-11-01,Utilities,8932.75
32,2025-11-01,Repairs & Maintenance,13702.11
32,2025-11-01,Management Fee,8290.95
32,2025-11-01,Marketing,1291.95
32,2025-11-01,Payroll,8035.08
32,2025-12-01,Property Tax,18555.96
32,2025-12-01,Insurance,7120.1
32,2025-12-01,Utilities,10621.94
32,2025-12-01,Repairs & Maintenance,13184.45
32,2025-12-01,Management Fee,5291.77
32,2025-12-01,Marketing,1509.27
32,2025-12-01,Payroll,7728.71
32,2026-01-01,Property Tax,18184.05
32,2026-01-01,Insurance,5859.29
32,2026-01-01,Utilities,7494.74
32,2026-01-01,Repairs & Maintenance,11884.16
32,2026-01-01,Management Fee,5590.68
32,2026-01-01,Marketing,1455.85
32,2026-01-01,Payroll,7914.18
32,2026-02-01,Property Tax,18479.71
32,2026-02-01,Insurance,5483.11
32,2026-02-01,Utilities,11456.27
32,2026-02-01,Repairs & Maintenance,13617.19
32,2026-02-01,Management Fee,4969.2
32,2026-02-01,Marketing,1350.19
32,2026-02-01,Payroll,7323.06
32,2026-03-01,Property Tax,16927.97
32,2026-03-01,Insurance,5328.89
32,2026-03-01,Utilities,8847.21
32,2026-03-01,Repairs & Maintenance,10742.63
32,2026-03-01,Management Fee,6943.28
32,2026-03-01,Marketing,1583.27
32,2026-03-01,Payroll,7479.48
32,2026-04-01,Property Tax,16262.87
32,2026-04-01,Insurance,5519.88
32,2026-04-01,Utilities,8597.89
32,2026-04-01,Repairs & Maintenance,10112.95
32,2026-04-01,Management Fee,4954.76
32,2026-04-01,Marketing,1743.44
32,2026-04-01,Payroll,8167.64
32,2026-05-01,Property Tax,18916.79
32,2026-05-01,Insurance,5615.07
32,2026-05-01,Utilities,5751.71
32,2026-05-01,Repairs & Maintenance,13068.16
32,2026-05-01,Management Fee,5864.58
32,2026-05-01,Marketing,1260.68
32,2026-05-01,Payroll,8233.59
32,2026-06-01,Property Tax,17043.58
32,2026-06-01,Insurance,4827.84
32,2026-06-01,Utilities,8555.88
32,2026-06-01,Repairs & Maintenance,10755.07
32,2026-06-01,Management Fee,4794.29
32,2026-06-01,Marketing,1279.0
32,2026-06-01,Payroll,8120.36
32,2026-07-01,Property Tax,17926.69
32,2026-07-01,Insurance,6078.4
32,2026-07-01,Utilities,10133.67
32,2026-07-01,Repairs & Maintenance,9586.42
32,2026-07-01,Management Fee,6369.65
32,2026-07-01,Marketing,1691.31
32,2026-07-01,Payroll,7535.23
32,2026-08-01,Property Tax,16896.99
32,2026-08-01,Insurance,5892.09
32,2026-08-01,Utilities,10875.57
32,2026-08-01,Repairs & Maintenance,11508.68
32,2026-08-01,Management Fee,5155.82
32,2026-08-01,Marketing,1327.38
32,2026-08-01,Payroll,7119.06
32,2026-09-01,Property Tax,15900.11
32,2026-09-01,Insurance,5312.61
32,2026-09-01,Utilities,8347.01
32,2026-09-01,Repairs & Maintenance,12943.89
32,2026-09-01,Management Fee,6647.24
32,2026-09-01,Marketing,1154.25
32,2026-09-01,Payroll,7967.25
33,2024-01-01,Property Tax,364.19
33,2024-01-01,Insurance,107.03
33,2024-01-01,Utilities,243.06
33,2024-01-01,Repairs & Maintenance,266.57
33,2024-01-01,Management Fee,167.23
33,2024-01-01,Marketing,23.36
33,2024-01-01,Payroll,115.98
33,2024-02-01,Property Tax,373.78
33,2024-02-01,Insurance,146.01
33,2024-02-01,Utilities,214.47
33,2024-02-01,Repairs & Maintenance,234.3
33,2024-02-01,Management Fee,131.66
33,2024-02-01,Marketing,26.0
33,2024-02-01,Payroll,179.63
33,2024-03-01,Property Tax,399.41
33,2024-03-01,Insurance,128.99
33,2024-03-01,Utilities,198.76
33,2024-03-01,Repairs & Maintenance,256.77
33,2024-03-01,Management Fee,135.96
33,2024-03-01,Marketing,33.84
33,2024-03-01,Payroll,192.02
33,2024-04-01,Property Tax,282.35
33,2024-04-01,Insurance,120.2
33,2024-04-01,Utilities,213.47
33,2024-04-01,Repairs & Maintenance,206.25
33,2024-04-01,Management Fee,140.7
33,2024-04-01,Marketing,38.42
33,2024-04-01,Payroll,178.47
33,2024-05-01,Property Tax,431.96
33,2024-05-01,Insurance,134.99
33,2024-05-01,Utilities,205.17
33,2024-05-01,Repairs & Maintenance,281.93
33,2024-05-01,Management Fee,116.96
33,2024-05-01,Marketing,31.69
33,2024-05-01,Payroll,194.76
33,2024-06-01,Property Tax,341.82
33,2024-06-01,Insurance,159.98
33,2024-06-01,Utilities,197.61
33,2024-06-01,Repairs & Maintenance,211.19
33,2024-06-01,Management Fee,151.29
33,2024-06-01,Marketing,34.55
33,2024-06-01,Payroll,183.37
33,2024-07-01,Property Tax,355.39
33,2024-07-01,Insurance,170.55
33,2024-07-01,Utilities,310.81
33,2024-07-01,Repairs & Maintenance,230.53
33,2024-07-01,Management Fee,112.6
33,2024-07-01,Marketing,28.95
33,2024-07-01,Payroll,184.05
33,2024-08-01,Property Tax,335.5
33,2024-08-01,Insurance,149.29
33,2024-08-01,Utilities,269.09
33,2024-08-01,Repairs & Maintenance,267.26
33,2024-08-01,Management Fee,126.12
33,2024-08-01,Marketing,38.15
33,2024-08-01,Payroll,175.58
33,2024-09-01,Property Tax,457.37
33,2024-09-01,Insurance,133.15
33,2024-09-01,Utilities,209.19
33,2024-09-01,Repairs & Maintenance,215.37
33,2024-09-01,Management Fee,120.32
33,2024-09-01,Marketing,29.78
33,2024-09-01,Payroll,177.21
33,2024-10-01,Property Tax,329.04
33,2024-10-01,Insurance,141.14
33,2024-10-01,Utilities,161.05
33,2024-10-01,Repairs & Maintenance,228.35
33,2024-10-01,Management Fee,167.41
33,2024-10-01,Marketing,32.93
33,2024-10-01,Payroll,188.65
33,2024-11-01,Property Tax,337.97
33,2024-11-01,Insurance,136.27
33,2024-11-01,Utilities,176.57
33,2024-11-01,Repairs & Maintenance,210.69
33,2024-11-01,Management Fee,131.76
33,2024-11-01,Marketing,36.83
33,2024-11-01,Payroll,190.03
33,2024-12-01,Property Tax,456.11
33,2024-12-01,Insurance,145.99
33,2024-12-01,Utilities,262.54
33,2024-12-01,Repairs & Maintenance,245.54
33,2024-12-01,Management Fee,131.32
33,2024-12-01,Marketing,34.88
33,2024-12-01,Payroll,173.75
33,2025-01-01,Property Tax,366.17
33,2025-01-01,Insurance,148.43
33,2025-01-01,Utilities,201.06
33,2025-01-01,Repairs & Maintenance,287.01
33,2025-01-01,Management Fee,128.94
33,2025-01-01,Marketing,37.76
33,2025-01-01,Payroll,143.18
33,2025-02-01,Property Tax,336.81
33,2025-02-01,Insurance,139.22
33,2025-02-01,Utilities,229.34
33,2025-02-01,Repairs & Maintenance,232.56
33,2025-02-01,Management Fee,114.04
33,2025-02-01,Marketing,35.7
33,2025-02-01,Payroll,157.33
33,2025-03-01,Property Tax,400.68
33,2025-03-01,Insurance,149.46
33,2025-03-01,Utilities,183.17
33,2025-03-01,Repairs & Maintenance,252.16
33,2025-03-01,Management Fee,143.83
33,2025-03-01,Marketing,31.35
33,2025-03-01,Payroll,187.85
33,2025-04-01,Property Tax,359.42
33,2025-04-01,Insurance,145.05
33,2025-04-01,Utilities,221.3
33,2025-04-01,Repairs & Maintenance,234.64
33,2025-04-01,Management Fee,128.08
33,2025-04-01,Marketing,35.31
33,2025-04-01,Payroll,181.06
33,2025-05-01,Property Tax,457.85
33,2025-05-01,Insurance,144.71
33,2025-05-01,Utilities,196.34
33,2025-05-01,Repairs & Maintenance,254.48
33,2025-05-01,Management Fee,147.48
33,2025-05-01,Marketing,38.91
33,2025-05-01,Payroll,160.27
33,2025-06-01,Property Tax,341.48
33,2025-06-01,Insurance,147.71
33,2025-06-01,Utilities,216.97
33,2025-06-01,Repairs & Maintenance,229.38
33,2025-06-01,Management Fee,111.07
33,2025-06-01,Marketing,31.94
33,2025-06-01,Payroll,172.79
33,2025-07-01,Property Tax,432.5
33,2025-07-01,Insurance,115.94
33,2025-07-01,Utilities,183.84
33,2025-07-01,Repairs & Maintenance,267.32
33,2025-07-01,Management Fee,146.16
33,2025-07-01,Marketing,36.75
33,2025-07-01,Payroll,156.16
33,2025-08-01,Property Tax,440.01
33,2025-08-01,Insurance,138.82
33,2025-08-01,Utilities,240.86
33,2025-08-01,Repairs & Maintenance,250.09
33,2025-08-01,Management Fee,149.4
33,2025-08-01,Marketing,35.15
33,2025-08-01,Payroll,181.08
33,2025-09-01,Property Tax,297.34
33,2025-09-01,Insurance,142.66
33,2025-09-01,Utilities,275.71
33,2025-09-01,Repairs & Maintenance,244.78
33,2025-09-01,Management Fee,143.1
33,2025-09-01,Marketing,38.63
33,2025-09-01,Payroll,163.49
33,2025-10-01,Property Tax,432.73
33,2025-10-01,Insurance,152.99
33,2025-10-01,Utilities,168.34
33,2025-10-01,Repairs & Maintenance,256.68
33,2025-10-01,Management Fee,118.19
33,2025-10-01,Marketing,38.21
33,2025-10-01,Payroll,155.95
33,2025-11-01,Property Tax,425.14
33,2025-11-01,Insurance,102.94
33,2025-11-01,Utilities,196.28
33,2025-11-01,Repairs & Maintenance,253.59
33,2025-11-01,Management Fee,119.64
33,2025-11-01,Marketing,33.15
33,2025-11-01,Payroll,193.7
33,2025-12-01,Property Tax,322.5
33,2025-12-01,Insurance,147.6
33,2025-12-01,Utilities,246.73
33,2025-12-01,Repairs & Maintenance,226.39
33,2025-12-01,Management Fee,98.46
33,2025-12-01,Marketing,32.88
33,2025-12-01,Payroll,160.47
33,2026-01-01,Property Tax,353.32
33,2026-01-01,Insurance,134.32
33,2026-01-01,Utilities,245.96
33,2026-01-01,Repairs & Maintenance,266.37
33,2026-01-01,Management Fee,131.42
33,2026-01-01,Marketing,38.3
33,2026-01-01,Payroll,194.24
33,2026-02-01,Property Tax,473.59
33,2026-02-01,Insurance,173.22
33,2026-02-01,Utilities,222.04
33,2026-02-01,Repairs & Maintenance,239.66
33,2026-02-01,Management Fee,123.48
33,2026-02-01,Marketing,27.91
33,2026-02-01,Payroll,155.92
33,2026-03-01,Property Tax,327.49
33,2026-03-01,Insurance,162.47
33,2026-03-01,Utilities,223.22
33,2026-03-01,Repairs & Maintenance,262.55
33,2026-03-01,Management Fee,142.41
33,2026-03-01,Marketing,34.53
33,2026-03-01,Payroll,164.97
33,2026-04-01,Property Tax,336.55
33,2026-04-01,Insurance,120.58
33,2026-04-01,Utilities,213.7
33,2026-04-01,Repairs & Maintenance,233.72
33,2026-04-01,Management Fee,128.38
33,2026-04-01,Marketing,41.62
33,2026-04-01,Payroll,155.11
33,2026-05-01,Property Tax,356.83
33,2026-05-01,Insurance,119.52
33,2026-05-01,Utilities,237.82
33,2026-05-01,Repairs & Maintenance,251.77
33,2026-05-01,Management Fee,128.78
33,2026-05-01,Marketing,41.85
33,2026-05-01,Payroll,157.76
33,2026-06-01,Property Tax,380.11
33,2026-06-01,Insurance,132.14
33,2026-06-01,Utilities,171.77
33,2026-06-01,Repairs & Maintenance,243.16
33,2026-06-01,Management Fee,135.61
33,2026-06-01,Marketing,30.68
33,2026-06-01,Payroll,138.15
33,2026-07-01,Property Tax,376.5
33,2026-07-01,Insurance,136.51
33,2026-07-01,Utilities,225.63
33,2026-07-01,Repairs & Maintenance,267.71
33,2026-07-01,Management Fee,152.47
33,2026-07-01,Marketing,38.87
33,2026-07-01,Payroll,161.97
33,2026-08-01,Property Tax,419.76
33,2026-08-01,Insurance,121.58
33,2026-08-01,Utilities,218.94
33,2026-08-01,Repairs & Maintenance,230.45
33,2026-08-01,Management Fee,160.98
33,2026-08-01,Marketing,32.23
33,2026-08-01,Payroll,161.72
33,2026-09-01,Property Tax,434.49
33,2026-09-01,Insurance,163.93
33,2026-09-01,Utilities,208.07
33,2026-09-01,Repairs & Maintenance,230.78
33,2026-09-01,Management Fee,146.34
33,2026-09-01,Marketing,30.15
33,2026-09-01,Payroll,152.02
34,2024-01-01,Property Tax,449.29
34,2024-01-01,Insurance,209.61
34,2024-01-01,Utilities,402.88
34,2024-01-01,Repairs & Maintenance,424.05
34,2024-01-01,Management Fee,213.66
34,2024-01-01,Marketing,63.61
34,2024-01-01,Payroll,238.85
34,2024-02-01,Property Tax,630.68
34,2024-02-01,Insurance,197.54
34,2024-02-01,Utilities,411.94
34,2024-02-01,Repairs & Maintenance,320.29
34,2024-02-01,Management Fee,243.26
34,2024-02-01,Marketing,53.34
34,2024-02-01,Payroll,275.94
34,2024-03-01,Property Tax,677.01
34,2024-03-01,Insurance,234.58
34,2024-03-01,Utilities,240.51
34,2024-03-01,Repairs & Maintenance,349.24
34,2024-03-01,Management Fee,209.15
34,2024-03-01,Marketing,47.44
34,2024-03-01,Payroll,259.57
34,2024-04-01,Property Tax,617.46
34,2024-04-01,Insurance,208.95
34,2024-04-01,Utilities,396.02
34,2024-04-01,Repairs & Maintenance,346.79
34,2024-04-01,Management Fee,239.74
34,2024-04-01,Marketing,45.77
34,2024-04-01,Payroll,268.01
34,2024-05-01,Property Tax,563.71
34,2024-05-01,Insurance,205.25
34,2024-05-01,Utilities,345.58
34,2024-05-01,Repairs & Maintenance,378.58
34,2024-05-01,Management Fee,198.94
34,2024-05-01,Marketing,50.91
34,2024-05-01,Payroll,238.68
34,2024-06-01,Property Tax,494.14
34,2024-06-01,Insurance,181.59
34,2024-06-01,Utilities,289.8
34,2024-06-01,Repairs & Maintenance,331.58
34,2024-06-01,Management Fee,211.7
34,2024-06-01,Marketing,51.02
34,2024-06-01,Payroll,295.53
34,2024-07-01,Property Tax,508.79
34,2024-07-01,Insurance,260.28
34,2024-07-01,Utilities,369.63
34,2024-07-01,Repairs & Maintenance,311.21
34,2024-07-01,Management Fee,189.03
34,2024-07-01,Marketing,48.0
34,2024-07-01,Payroll,263.37
34,2024-08-01,Property Tax,558.44
34,2024-08-01,Insurance,233.24
34,2024-08-01,Utilities,353.71
34,2024-08-01,Repairs & Maintenance,332.89
34,2024-08-01,Management Fee,177.35
34,2024-08-01,Marketing,48.46
34,2024-08-01,Payroll,209.47
34,2024-09-01,Property Tax,638.25
34,2024-09-01,Insurance,214.13
34,2024-09-01,Utilities,339.98
34,2024-09-01,Repairs & Maintenance,383.17
34,2024-09-01,Management Fee,223.0
34,2024-09-01,Marketing,56.06
34,2024-09-01,Payroll,320.59
34,2024-10-01,Property Tax,427.51
34,2024-10-01,Insurance,212.27
34,2024-10-01,Utilities,374.47
34,2024-10-01,Repairs & Maintenance,384.19
34,2024-10-01,Management Fee,222.3
34,2024-10-01,Marketing,57.57
34,2024-10-01,Payroll,266.27
34,2024-11-01,Property Tax,508.12
34,2024-11-01,Insurance,184.15
34,2024-11-01,Utilities,344.26
34,2024-11-01,Repairs & Maintenance,317.28
34,2024-11-01,Management Fee,245.9
34,2024-11-01,Marketing,54.31
34,2024-11-01,Payroll,228.4
34,2024-12-01,Property Tax,540.43
34,2024-12-01,Insurance,236.01
34,2024-12-01,Utilities,362.88
34,2024-12-01,Repairs & Maintenance,346.1
34,2024-12-01,Management Fee,244.47
34,2024-12-01,Marketing,45.28
34,2024-12-01,Payroll,225.74
34,2025-01-01,Property Tax,521.33
34,2025-01-01,Insurance,196.87
34,2025-01-01,Utilities,326.15
34,2025-01-01,Repairs & Maintenance,350.78
34,2025-01-01,Management Fee,167.34
34,2025-01-01,Marketing,61.79
34,2025-01-01,Payroll,233.84
34,2025-02-01,Property Tax,540.45
34,2025-02-01,Insurance,211.82
34,2025-02-01,Utilities,412.34
34,2025-02-01,Repairs & Maintenance,385.94
34,2025-02-01,Management Fee,246.82
34,2025-02-01,Marketing,61.04
34,2025-02-01,Payroll,270.82
34,2025-03-01,Property Tax,602.65
34,2025-03-01,Insurance,205.25
34,2025-03-01,Utilities,267.9
34,2025-03-01,Repairs & Maintenance,395.95
34,2025-03-01,Management Fee,202.37
34,2025-03-01,Marketing,49.16
34,2025-03-01,Payroll,235.43
34,2025-04-01,Property Tax,573.34
34,2025-04-01,Insurance,223.78
34,2025-04-01,Utilities,282.93
34,2025-04-01,Repairs & Maintenance,372.59
34,2025-04-01,Management Fee,204.87
34,2025-04-01,Marketing,58.09
34,2025-04-01,Payroll,254.08
34,2025-05-01,Property Tax,379.74
34,2025-05-01,Insurance,184.16
34,2025-05-01,Utilities,314.68
34,2025-05-01,Repairs & Maintenance,352.7
34,2025-05-01,Management Fee,198.44
34,2025-05-01,Marketing,57.07
34,2025-05-01,Payroll,226.4
34,2025-06-01,Property Tax,650.05
34,2025-06-01,Insurance,224.12
34,2025-06-01,Utilities,368.1
34,2025-06-01,Repairs & Maintenance,332.7
34,2025-06-01,Management Fee,279.78
34,2025-06-01,Marketing,59.27
34,2025-06-01,Payroll,247.12
34,2025-07-01,Property Tax,580.54
34,2025-07-01,Insurance,216.98
34,2025-07-01,Utilities,428.9
34,2025-07-01,Repairs & Maintenance,349.19
34,2025-07-01,Management Fee,238.25
34,2025-07-01,Marketing,59.59
34,2025-07-01,Payroll,324.41
34,2025-08-01,Property Tax,548.14
34,2025-08-01,Insurance,240.93
34,2025-08-01,Utilities,342.03
34,2025-08-01,Repairs & Maintenance,349.66
34,2025-08-01,Management Fee,190.99
34,2025-08-01,Marketing,47.68
34,2025-08-01,Payroll,279.39
34,2025-09-01,Property Tax,553.17
34,2025-09-01,Insurance,206.27
34,2025-09-01,Utilities,212.3
34,2025-09-01,Repairs & Maintenance,423.76
34,2025-09-01,Management Fee,196.29
34,2025-09-01,Marketing,50.03
34,2025-09-01,Payroll,260.69
34,2025-10-01,Property Tax,583.53
34,2025-10-01,Insurance,167.67
34,2025-10-01,Utilities,254.97
34,2025-10-01,Repairs & Maintenance,461.97
34,2025-10-01,Management Fee,224.02
34,2025-10-01,Marketing,58.93
34,2025-10-01,Payroll,272.36
34,2025-11-01,Property Tax,673.45
34,2025-11-01,Insurance,190.74
34,2025-11-01,Utilities,321.19
34,2025-11-01,Repairs & Maintenance,387.59
34,2025-11-01,Management Fee,238.67
34,2025-11-01,Marketing,50.94
34,2025-11-01,Payroll,289.89
34,2025-12-01,Property Tax,621.92
34,2025-12-01,Insurance,232.98
34,2025-12-01,Utilities,432.89
34,2025-12-01,Repairs & Maintenance,416.13
34,2025-12-01,Management Fee,167.4
34,2025-12-01,Marketing,51.45
34,2025-12-01,Payroll,287.76
34,2026-01-01,Property Tax,622.14
34,2026-01-01,Insurance,186.85
34,2026-01-01,Utilities,487.74
34,2026-01-01,Repairs & Maintenance,402.54
34,2026-01-01,Management Fee,217.25
34,2026-01-01,Marketing,54.74
34,2026-01-01,Payroll,237.99
34,2026-02-01,Property Tax,436.62
34,2026-02-01,Insurance,244.99
34,2026-02-01,Utilities,395.79
34,2026-02-01,Repairs & Maintenance,332.43
34,2026-02-01,Management Fee,179.11
34,2026-02-01,Marketing,60.78
34,2026-02-01,Payroll,282.53
34,2026-03-01,Property Tax,499.1
34,2026-03-01,Insurance,194.61
34,2026-03-01,Utilities,321.25
34,2026-03-01,Repairs & Maintenance,415.69
34,2026-03-01,Management Fee,211.07
34,2026-03-01,Marketing,67.16
34,2026-03-01,Payroll,216.36
34,2026-04-01,Property Tax,603.25
34,2026-04-01,Insurance,213.85
34,2026-04-01,Utilities,286.0
34,2026-04-01,Repairs & Maintenance,442.66
34,2026-04-01,Management Fee,239.96
34,2026-04-01,Marketing,44.91
34,2026-04-01,Payroll,268.56
34,2026-05-01,Property Tax,626.6
34,2026-05-01,Insurance,228.43
34,2026-05-01,Utilities,335.84
34,2026-05-01,Repairs & Maintenance,348.97
34,2026-05-01,Management Fee,189.8
34,2026-05-01,Marketing,48.34
34,2026-05-01,Payroll,283.97
34,2026-06-01,Property Tax,394.09
34,2026-06-01,Insurance,207.62
34,2026-06-01,Utilities,316.76
34,2026-06-01,Repairs & Maintenance,367.96
34,2026-06-01,Management Fee,166.94
34,2026-06-01,Marketing,62.28
34,2026-06-01,Payroll,241.86
34,2026-07-01,Property Tax,636.86
34,2026-07-01,Insurance,245.4
34,2026-07-01,Utilities,434.41
34,2026-07-01,Repairs & Maintenance,330.55
34,2026-07-01,Management Fee,184.97
34,2026-07-01,Marketing,49.99
34,2026-07-01,Payroll,313.89
34,2026-08-01,Property Tax,686.0
34,2026-08-01,Insurance,207.55
34,2026-08-01,Utilities,500.55
34,2026-08-01,Repairs & Maintenance,328.36
34,2026-08-01,Management Fee,175.55
34,2026-08-01,Marketing,46.21
34,2026-08-01,Payroll,217.05
34,2026-09-01,Property Tax,574.91
34,2026-09-01,Insurance,233.45
34,2026-09-01,Utilities,329.11
34,2026-09-01,Repairs & Maintenance,364.43
34,2026-09-01,Management Fee,181.3
34,2026-09-01,Marketing,57.19
34,2026-09-01,Payroll,205.74
35,2024-01-01,Property Tax,499.51
35,2024-01-01,Insurance,213.3
35,2024-01-01,Utilities,361.02
35,2024-01-01,Repairs & Maintenance,378.38
35,2024-01-01,Management Fee,219.48
35,2024-01-01,Marketing,50.4
35,2024-01-01,Payroll,306.72
35,2024-02-01,Property Tax,525.07
35,2024-02-01,Insurance,227.72
35,2024-02-01,Utilities,355.52
35,2024-02-01,Repairs & Maintenance,444.36
35,2024-02-01,Management Fee,223.39
35,2024-02-01,Marketing,55.84
35,2024-02-01,Payroll,289.07
35,2024-03-01,Property Tax,493.55
35,2024-03-01,Insurance,212.58
35,2024-03-01,Utilities,317.15
35,2024-03-01,Repairs & Maintenance,477.8
35,2024-03-01,Management Fee,217.48
35,2024-03-01,Marketing,48.91
35,2024-03-01,Payroll,247.53
35,2024-04-01,Property Tax,523.75
35,2024-04-01,Insurance,225.31
35,2024-04-01,Utilities,330.91
35,2024-04-01,Repairs & Maintenance,335.37
35,2024-04-01,Management Fee,205.87
35,2024-04-01,Marketing,48.71
35,2024-04-01,Payroll,268.56
35,2024-05-01,Property Tax,557.42
35,2024-05-01,Insurance,194.83
35,2024-05-01,Utilities,319.82
35,2024-05-01,Repairs & Maintenance,429.94
35,2024-05-01,Management Fee,234.08
35,2024-05-01,Marketing,47.2
35,2024-05-01,Payroll,252.79
35,2024-06-01,Property Tax,608.54
35,2024-06-01,Insurance,194.48
35,2024-06-01,Utilities,403.44
35,2024-06-01,Repairs & Maintenance,360.75
35,2024-06-01,Management Fee,213.67
35,2024-06-01,Marketing,52.72
35,2024-06-01,Payroll,236.87
35,2024-07-01,Property Tax,546.38
35,2024-07-01,Insurance,216.66
35,2024-07-01,Utilities,395.92
35,2024-07-01,Repairs & Maintenance,383.86
35,2024-07-01,Management Fee,205.3
35,2024-07-01,Marketing,41.6
35,2024-07-01,Payroll,242.32
35,2024-08-01,Property Tax,619.41
35,2024-08-01,Insurance,209.15
35,2024-08-01,Utilities,366.61
35,2024-08-01,Repairs & Maintenance,393.06
35,2024-08-01,Management Fee,204.63
35,2024-08-01,Marketing,46.21
35,2024-08-01,Payroll,250.14
35,2024-09-01,Property Tax,549.1
35,2024-09-01,Insurance,213.17
35,2024-09-01,Utilities,263.2
35,2024-09-01,Repairs & Maintenance,433.05
35,2024-09-01,Management Fee,219.74
35,2024-09-01,Marketing,61.57
35,2024-09-01,Payroll,285.84
35,2024-10-01,Property Tax,682.03
35,2024-10-01,Insurance,238.39
35,2024-10-01,Utilities,293.41
35,2024-10-01,Repairs & Maintenance,409.48
35,2024-10-01,Management Fee,174.5
35,2024-10-01,Marketing,51.31
35,2024-10-01,Payroll,242.56
35,2024-11-01,Property Tax,750.89
35,2024-11-01,Insurance,170.78
35,2024-11-01,Utilities,287.79
35,2024-11-01,Repairs & Maintenance,402.77
35,2024-11-01,Management Fee,223.6
35,2024-11-01,Marketing,56.52
35,2024-11-01,Payroll,296.84
35,2024-12-01,Property Tax,518.32
35,2024-12-01,Insurance,185.38
35,2024-12-01,Utilities,464.28
35,2024-12-01,Repairs & Maintenance,426.71
35,2024-12-01,Management Fee,202.17
35,2024-12-01,Marketing,50.07
35,2024-12-01,Payroll,275.1
35,2025-01-01,Property Tax,596.26
35,2025-01-01,Insurance,202.14
35,2025-01-01,Utilities,458.2
35,2025-01-01,Repairs & Maintenance,427.25
35,2025-01-01,Management Fee,230.58
35,2025-01-01,Marketing,54.91
35,2025-01-01,Payroll,249.75
35,2025-02-01,Property Tax,623.16
35,2025-02-01,Insurance,235.69
35,2025-02-01,Utilities,317.15
35,2025-02-01,Repairs & Maintenance,424.28
35,2025-02-01,Management Fee,270.18
35,2025-02-01,Marketing,50.27
35,2025-02-01,Payroll,245.49
35,2025-03-01,Property Tax,630.28
35,2025-03-01,Insurance,201.68
35,2025-03-01,Utilities,289.85
35,2025-03-01,Repairs & Maintenance,485.57
35,2025-03-01,Management Fee,148.79
35,2025-03-01,Marketing,49.27
35,2025-03-01,Payroll,222.53
35,2025-04-01,Property Tax,552.04
35,2025-04-01,Insurance,206.89
35,2025-04-01,Utilities,310.67
35,2025-04-01,Repairs & Maintenance,360.68
35,2025-04-01,Management Fee,155.51
35,2025-04-01,Marketing,50.91
35,2025-04-01,Payroll,249.43
35,2025-05-01,Property Tax,418.08
35,2025-05-01,Insurance,264.25
35,2025-05-01,Utilities,340.16
35,2025-05-01,Repairs & Maintenance,395.73
35,2025-05-01,Management Fee,193.57
35,2025-05-01,Marketing,42.31
35,2025-05-01,Payroll,228.12
35,2025-06-01,Property Tax,581.47
35,2025-06-01,Insurance,167.03
35,2025-06-01,Utilities,320.38
35,2025-06-01,Repairs & Maintenance,401.5
35,2025-06-01,Management Fee,219.86
35,2025-06-01,Marketing,55.48
35,2025-06-01,Payroll,231.65
35,2025-07-01,Property Tax,602.95
35,2025-07-01,Insurance,218.97
35,2025-07-01,Utilities,312.77
35,2025-07-01,Repairs & Maintenance,395.4
35,2025-07-01,Management Fee,216.31
35,2025-07-01,Marketing,55.5
35,2025-07-01,Payroll,286.1
35,2025-08-01,Property Tax,370.18
35,2025-08-01,Insurance,235.97
35,2025-08-01,Utilities,410.95
35,2025-08-01,Repairs & Maintenance,389.79
35,2025-08-01,Management Fee,184.12
35,2025-08-01,Marketing,56.07
35,2025-08-01,Payroll,303.93
35,2025-09-01,Property Tax,634.42
35,2025-09-01,Insurance,228.68
35,2025-09-01,Utilities,364.58
35,2025-09-01,Repairs & Maintenance,410.88
35,2025-09-01,Management Fee,210.4
35,2025-09-01,Marketing,57.59
35,2025-09-01,Payroll,227.68
35,2025-10-01,Property Tax,592.16
35,2025-10-01,Insurance,209.16
35,2025-10-01,Utilities,302.64
35,2025-10-01,Repairs & Maintenance,345.25
35,2025-10-01,Management Fee,218.77
35,2025-10-01,Marketing,55.62
35,2025-10-01,Payroll,295.7
35,2025-11-01,Property Tax,513.97
35,2025-11-01,Insurance,157.14
35,2025-11-01,Utilities,310.82
35,2025-11-01,Repairs & Maintenance,368.0
35,2025-11-01,Management Fee,181.35
35,2025-11-01,Marketing,57.66
35,2025-11-01,Payroll,267.18
35,2025-12-01,Property Tax,668.89
35,2025-12-01,Insurance,224.25
35,2025-12-01,Utilities,345.13
35,2025-12-01,Repairs & Maintenance,315.69
35,2025-12-01,Management Fee,248.15
35,2025-12-01,Marketing,44.87
35,2025-12-01,Payroll,281.01
35,2026-01-01,Property Tax,563.82
35,2026-01-01,Insurance,240.84
35,2026-01-01,Utilities,389.75
35,2026-01-01,Repairs & Maintenance,416.71
35,2026-01-01,Management Fee,220.57
35,2026-01-01,Marketing,58.93
35,2026-01-01,Payroll,337.01
35,2026-02-01,Property Tax,532.77
35,2026-02-01,Insurance,216.94
35,2026-02-01,Utilities,375.54
35,2026-02-01,Repairs & Maintenance,354.82
35,2026-02-01,Management Fee,217.28
35,2026-02-01,Marketing,53.4
35,2026-02-01,Payroll,264.57
35,2026-03-01,Property Tax,526.75
35,2026-03-01,Insurance,232.79
35,2026-03-01,Utilities,226.85
35,2026-03-01,Repairs & Maintenance,385.84
35,2026-03-01,Management Fee,180.29
35,2026-03-01,Marketing,56.4
35,2026-03-01,Payroll,263.5
35,2026-04-01,Property Tax,566.95
35,2026-04-01,Insurance,202.68
35,2026-04-01,Utilities,324.3
35,2026-04-01,Repairs & Maintenance,393.44
35,2026-04-01,Management Fee,193.96
35,2026-04-01,Marketing,54.48
35,2026-04-01,Payroll,271.33
35,2026-05-01,Property Tax,428.71
35,2026-05-01,Insurance,129.86
35,2026-05-01,Utilities,307.6
35,2026-05-01,Repairs & Maintenance,451.99
35,2026-05-01,Management Fee,220.86
35,2026-05-01,Marketing,37.83
35,2026-05-01,Payroll,284.45
35,2026-06-01,Property Tax,649.83
35,2026-06-01,Insurance,191.04
35,2026-06-01,Utilities,358.21
35,2026-06-01,Repairs & Maintenance,478.11
35,2026-06-01,Management Fee,215.87
35,2026-06-01,Marketing,56.79
35,2026-06-01,Payroll,279.96
35,2026-07-01,Property Tax,440.25
35,2026-07-01,Insurance,202.03
35,2026-07-01,Utilities,433.28
35,2026-07-01,Repairs & Maintenance,363.65
35,2026-07-01,Management Fee,219.65
35,2026-07-01,Marketing,53.8
35,2026-07-01,Payroll,279.01
35,2026-08-01,Property Tax,534.77
35,2026-08-01,Insurance,274.73
35,2026-08-01,Utilities,423.94
35,2026-08-01,Repairs & Maintenance,352.62
35,2026-08-01,Management Fee,198.83
35,2026-08-01,Marketing,62.25
35,2026-08-01,Payroll,249.38
35,2026-09-01,Property Tax,639.82
35,2026-09-01,Insurance,129.03
35,2026-09-01,Utilities,266.77
35,2026-09-01,Repairs & Maintenance,422.81
35,2026-09-01,Management Fee,186.3
35,2026-09-01,Marketing,48.53
35,2026-09-01,Payroll,240.1
36,2024-01-01,Property Tax,17722.21
36,2024-01-01,Insurance,4795.35
36,2024-01-01,Utilities,8303.5
36,2024-01-01,Repairs & Maintenance,7452.08
36,2024-01-01,Management Fee,5676.8
36,2024-01-01,Marketing,1050.42
36,2024-01-01,Payroll,5337.45
36,2024-02-01,Property Tax,11062.13
36,2024-02-01,Insurance,4942.97
36,2024-02-01,Utilities,8218.35
36,2024-02-01,Repairs & Maintenance,8525.98
36,2024-02-01,Management Fee,4355.71
36,2024-02-01,Marketing,1059.11
36,2024-02-01,Payroll,6459.77
36,2024-03-01,Property Tax,12958.57
36,2024-03-01,Insurance,6292.01
36,2024-03-01,Utilities,6808.38
36,2024-03-01,Repairs & Maintenance,9583.51
36,2024-03-01,Management Fee,5156.96
36,2024-03-01,Marketing,1075.45
36,2024-03-01,Payroll,6620.18
36,2024-04-01,Property Tax,16644.76
36,2024-04-01,Insurance,5524.99
36,2024-04-01,Utilities,9117.67
36,2024-04-01,Repairs & Maintenance,10250.76
36,2024-04-01,Management Fee,6333.39
36,2024-04-01,Marketing,1218.85
36,2024-04-01,Payroll,6020.16
36,2024-05-01,Property Tax,15965.73
36,2024-05-01,Insurance,4599.18
36,2024-05-01,Utilities,7137.55
36,2024-05-01,Repairs & Maintenance,7997.51
36,2024-05-01,Management Fee,4520.83
36,2024-05-01,Marketing,1166.97
36,2024-05-01,Payroll,5436.57
36,2024-06-01,Property Tax,15409.09
36,2024-06-01,Insurance,4827.53
36,2024-06-01,Utilities,6911.66
36,2024-06-01,Repairs & Maintenance,8464.71
36,2024-06-01,Management Fee,4565.76
36,2024-06-01,Marketing,1325.39
36,2024-06-01,Payroll,5005.1
36,2024-07-01,Property Tax,14900.0
36,2024-07-01,Insurance,4200.69
36,2024-07-01,Utilities,8569.03
36,2024-07-01,Repairs & Maintenance,9976.45
36,2024-07-01,Management Fee,4576.84
36,2024-07-01,Marketing,1416.38
36,2024-07-01,Payroll,6134.89
36,2024-08-01,Property Tax,15411.63
36,2024-08-01,Insurance,6236.55
36,2024-08-01,Utilities,10222.95
36,2024-08-01,Repairs & Maintenance,8871.64
36,2024-08-01,Management Fee,3803.81
36,2024-08-01,Marketing,1421.07
36,2024-08-01,Payroll,6024.95
36,2024-09-01,Property Tax,14861.97
36,2024-09-01,Insurance,5036.1
36,2024-09-01,Utilities,7197.23
36,2024-09-01,Repairs & Maintenance,6933.62
36,2024-09-01,Management Fee,4320.06
36,2024-09-01,Marketing,1374.41
36,2024-09-01,Payroll,6974.82
36,2024-10-01,Property Tax,13826.21
36,2024-10-01,Insurance,3774.31
36,2024-10-01,Utilities,6236.03
36,2024-10-01,Repairs & Maintenance,7599.88
36,2024-10-01,Management Fee,4472.83
36,2024-10-01,Marketing,1217.88
36,2024-10-01,Payroll,5142.38
36,2024-11-01,Property Tax,13481.55
36,2024-11-01,Insurance,3971.32
36,2024-11-01,Utilities,7799.89
36,2024-11-01,Repairs & Maintenance,9553.29
36,2024-11-01,Management Fee,4628.18
36,2024-11-01,Marketing,1115.12
36,2024-11-01,Payroll,5392.57
36,2024-12-01,Property Tax,14146.76
36,2024-12-01,Insurance,6047.07
36,2024-12-01,Utilities,10306.21
36,2024-12-01,Repairs & Maintenance,6485.44
36,2024-12-01,Management Fee,5752.11
36,2024-12-01,Marketing,1124.66
36,2024-12-01,Payroll,5823.67
36,2025-01-01,Property Tax,13653.14
36,2025-01-01,Insurance,4865.42
36,2025-01-01,Utilities,10019.83
36,2025-01-01,Repairs & Maintenance,9784.97
36,2025-01-01,Management Fee,5357.84
36,2025-01-01,Marketing,1292.02
36,2025-01-01,Payroll,5579.41
36,2025-02-01,Property Tax,12869.82
36,2025-02-01,Insurance,4827.71
36,2025-02-01,Utilities,8358.4
36,2025-02-01,Repairs & Maintenance,8434.67
36,2025-02-01,Management Fee,4567.45
36,2025-02-01,Marketing,1128.05
36,2025-02-01,Payroll,5835.68
36,2025-03-01,Property Tax,15398.6
36,2025-03-01,Insurance,5282.35
36,2025-03-01,Utilities,6875.51
36,2025-03-01,Repairs & Maintenance,7960.94
36,2025-03-01,Management Fee,4260.49
36,2025-03-01,Marketing,1211.66
36,2025-03-01,Payroll,7306.41
36,2025-04-01,Property Tax,12553.75
36,2025-04-01,Insurance,5315.52
36,2025-04-01,Utilities,7526.15
36,2025-04-01,Repairs & Maintenance,8586.26
36,2025-04-01,Management Fee,4520.8
36,2025-04-01,Marketing,1291.94
36,2025-04-01,Payroll,6857.83
36,2025-05-01,Property Tax,11176.18
36,2025-05-01,Insurance,4937.02
36,2025-05-01,Utilities,7343.47
36,2025-05-01,Repairs & Maintenance,9049.13
36,2025-05-01,Management Fee,5370.67
36,2025-05-01,Marketing,1261.6
36,2025-05-01,Payroll,6661.34
36,2025-06-01,Property Tax,13369.13
36,2025-06-01,Insurance,4665.31
36,2025-06-01,Utilities,6513.16
36,2025-06-01,Repairs & Maintenance,11121.64
36,2025-06-01,Management Fee,5176.3
36,2025-06-01,Marketing,1215.65
36,2025-06-01,Payroll,4772.34
36,2025-07-01,Property Tax,12972.14
36,2025-07-01,Insurance,5965.1
36,2025-07-01,Utilities,9499.57
36,2025-07-01,Repairs & Maintenance,6927.55
36,2025-07-01,Management Fee,4717.67
36,2025-07-01,Marketing,1047.34
36,2025-07-01,Payroll,5409.93
36,2025-08-01,Property Tax,12111.14
36,2025-08-01,Insurance,2793.34
36,2025-08-01,Utilities,10190.22
36,2025-08-01,Repairs & Maintenance,7965.73
36,2025-08-01,Management Fee,3983.84
36,2025-08-01,Marketing,1233.55
36,2025-08-01,Payroll,6450.41
36,2025-09-01,Property Tax,15809.61
36,2025-09-01,Insurance,4919.53
36,2025-09-01,Utilities,7050.07
36,2025-09-01,Repairs & Maintenance,8739.39
36,2025-09-01,Management Fee,4779.63
36,2025-09-01,Marketing,1312.05
36,2025-09-01,Payroll,6752.02
36,2025-10-01,Property Tax,11729.32
36,2025-10-01,Insurance,5250.94
36,2025-10-01,Utilities,8874.22
36,2025-10-01,Repairs & Maintenance,9358.3
36,2025-10-01,Management Fee,5888.53
36,2025-10-01,Marketing,1421.68
36,2025-10-01,Payroll,6569.27
36,2025-11-01,Property Tax,11184.68
36,2025-11-01,Insurance,4810.93
36,2025-11-01,Utilities,8073.3
36,2025-11-01,Repairs & Maintenance,7309.29
36,2025-11-01,Management Fee,6197.77
36,2025-11-01,Marketing,1064.98
36,2025-11-01,Payroll,5993.2
36,2025-12-01,Property Tax,14678.76
36,2025-12-01,Insurance,4697.87
36,2025-12-01,Utilities,9160.4
36,2025-12-01,Repairs & Maintenance,9229.83
36,2025-12-01,Management Fee,5394.22
36,2025-12-01,Marketing,1303.22
36,2025-12-01,Payroll,5959.72
36,2026-01-01,Property Tax,12086.82
36,2026-01-01,Insurance,4663.11
36,2026-01-01,Utilities,10580.34
36,2026-01-01,Repairs & Maintenance,8873.93
36,2026-01-01,Management Fee,6138.27
36,2026-01-01,Marketing,1290.88
36,2026-01-01,Payroll,5572.15
36,2026-02-01,Property Tax,15688.6
36,2026-02-01,Insurance,6307.71
36,2026-02-01,Utilities,9594.85
36,2026-02-01,Repairs & Maintenance,9144.75
36,2026-02-01,Management Fee,6109.38
36,2026-02-01,Marketing,1238.54
36,2026-02-01,Payroll,5703.38
36,2026-03-01,Property Tax,11767.66
36,2026-03-01,Insurance,5704.74
36,2026-03-01,Utilities,7926.86
36,2026-03-01,Repairs & Maintenance,7423.06
36,2026-03-01,Management Fee,4523.56
36,2026-03-01,Marketing,1221.66
36,2026-03-01,Payroll,5424.4
36,2026-04-01,Property Tax,14591.38
36,2026-04-01,Insurance,4878.73
36,2026-04-01,Utilities,6081.36
36,2026-04-01,Repairs & Maintenance,8068.14
36,2026-04-01,Management Fee,4960.49
36,2026-04-01,Marketing,1548.63
36,2026-04-01,Payroll,6790.59
36,2026-05-01,Property Tax,14163.8
36,2026-05-01,Insurance,4451.88
36,2026-05-01,Utilities,8117.86
36,2026-05-01,Repairs & Maintenance,8264.49
36,2026-05-01,Management Fee,4221.24
36,2026-05-01,Marketing,1322.83
36,2026-05-01,Payroll,5709.3
36,2026-06-01,Property Tax,16788.81
36,2026-06-01,Insurance,4575.04
36,2026-06-01,Utilities,7700.42
36,2026-06-01,Repairs & Maintenance,8038.48
36,2026-06-01,Management Fee,4980.01
36,2026-06-01,Marketing,1110.27
36,2026-06-01,Payroll,6432.88
36,2026-07-01,Property Tax,14104.91
36,2026-07-01,Insurance,4042.84
36,2026-07-01,Utilities,8161.65
36,2026-07-01,Repairs & Maintenance,7731.73
36,2026-07-01,Management Fee,6035.81
36,2026-07-01,Marketing,1084.82
36,2026-07-01,Payroll,6828.21
36,2026-08-01,Property Tax,14772.16
36,2026-08-01,Insurance,6094.03
36,2026-08-01,Utilities,9508.04
36,2026-08-01,Repairs & Maintenance,8969.36
36,2026-08-01,Management Fee,4464.71
36,2026-08-01,Marketing,1249.26
36,2026-08-01,Payroll,3976.06
36,2026-09-01,Property Tax,11772.75
36,2026-09-01,Insurance,4278.53
36,2026-09-01,Utilities,7146.43
36,2026-09-01,Repairs & Maintenance,8005.84
36,2026-09-01,Management Fee,4759.98
36,2026-09-01,Marketing,1242.56
36,2026-09-01,Payroll,5083.95
