ActivityKey,OpportunityKey,RepKey,ActivityDate,ActivityType
1,1,13,2026-01-24,Meeting
2,1,13,2026-02-13,Demo
3,1,13,2026-02-11,Call
4,2,9,2025-08-03,Call
5,2,9,2025-08-03,Call
6,2,9,2025-08-29,Email
7,2,9,2025-09-17,Call
8,2,9,2025-08-11,Call
9,3,13,2024-12-31,Call
10,3,13,2025-01-04,Email
11,3,13,2024-11-22,Email
12,3,13,2024-12-22,Call
13,3,13,2024-12-03,Meeting
14,4,10,2024-12-15,Call
15,4,10,2024-12-23,Call
16,4,10,2024-12-11,Call
17,4,10,2024-12-14,Demo
18,5,6,2025-03-21,Call
19,5,6,2025-01-24,Email
20,5,6,2025-04-04,Email
21,5,6,2025-03-18,Call
22,5,6,2025-03-17,Meeting
23,5,6,2025-02-08,Meeting
24,5,6,2025-04-02,Email
25,5,6,2025-04-03,Call
26,5,6,2025-04-06,Email
27,5,6,2025-02-21,Call
28,5,6,2025-03-24,Meeting
29,5,6,2025-03-29,Call
30,5,6,2025-04-06,Call
31,5,6,2025-02-22,Demo
32,5,6,2025-04-06,Meeting
33,5,6,2025-03-27,Meeting
34,5,6,2025-02-05,Email
35,6,9,2024-10-04,Call
36,6,9,2024-10-06,Email
37,6,9,2024-09-06,Email
38,6,9,2024-09-26,Email
39,6,9,2024-09-10,Call
40,6,9,2024-09-17,Meeting
41,6,9,2024-09-29,Call
42,6,9,2024-09-26,Meeting
43,6,9,2024-09-08,Call
44,6,9,2024-08-30,Email
45,6,9,2024-09-19,Email
46,6,9,2024-10-03,Call
47,6,9,2024-09-25,Email
48,6,9,2024-09-23,Call
49,6,9,2024-09-11,Call
50,6,9,2024-08-31,Email
51,7,4,2024-12-17,Email
52,7,4,2024-11-23,Demo
53,7,4,2024-12-27,Call
54,7,4,2024-11-04,Email
55,8,11,2026-03-28,Call
56,8,11,2026-03-18,Meeting
57,8,11,2026-03-20,Call
58,8,11,2026-03-14,Email
59,8,11,2026-03-18,Email
60,8,11,2026-03-23,Meeting
61,8,11,2026-03-17,Email
62,8,11,2026-03-08,Call
63,8,11,2026-03-24,Email
64,8,11,2026-03-08,Email
65,8,11,2026-03-23,Call
66,9,3,2026-09-02,Email
67,10,14,2025-02-19,Meeting
68,10,14,2025-02-26,Call
69,10,14,2025-02-16,Call
70,10,14,2025-02-20,Meeting
71,11,7,2024-05-27,Email
72,11,7,2024-06-15,Call
73,11,7,2024-06-18,Meeting
74,11,7,2024-06-30,Email
75,11,7,2024-07-24,Email
76,12,1,2026-02-03,Call
77,12,1,2026-01-11,Meeting
78,12,1,2025-12-24,Meeting
79,12,1,2026-03-02,Meeting
80,13,2,2026-07-26,Demo
81,13,2,2026-07-12,Call
82,13,2,2026-07-10,Call
83,13,2,2026-06-21,Call
84,13,2,2026-06-21,Email
85,13,2,2026-07-01,Email
86,14,10,2025-09-16,Meeting
87,14,10,2025-08-15,Email
88,14,10,2025-08-25,Call
89,14,10,2025-08-29,Meeting
90,14,10,2025-08-31,Call
91,15,4,2026-09-27,Demo
92,15,4,2026-08-22,Demo
93,15,4,2026-09-20,Meeting
94,15,4,2026-08-14,Call
95,15,4,2026-09-29,Email
96,15,4,2026-09-23,Email
97,15,4,2026-08-26,Demo
98,16,14,2024-11-07,Email
99,16,14,2024-11-28,Email
100,17,14,2026-09-21,Email
101,17,14,2026-09-29,Email
102,17,14,2026-09-02,Call
103,17,14,2026-09-15,Call
104,17,14,2026-09-18,Email
105,18,9,2025-02-04,Meeting
106,18,9,2025-01-31,Call
107,18,9,2025-01-04,Call
108,18,9,2025-01-21,Call
109,18,9,2025-02-17,Call
110,18,9,2025-01-13,Call
111,18,9,2025-02-15,Email
112,18,9,2025-01-27,Meeting
113,19,14,2024-10-03,Meeting
114,19,14,2024-10-10,Meeting
115,19,14,2024-10-08,Email
116,19,14,2024-10-05,Email
117,19,14,2024-10-08,Email
118,20,10,2026-04-14,Call
119,20,10,2026-04-12,Meeting
120,20,10,2026-05-05,Meeting
121,20,10,2026-04-22,Demo
122,20,10,2026-05-04,Email
123,20,10,2026-04-29,Call
124,20,10,2026-05-04,Call
125,20,10,2026-04-24,Email
126,21,3,2024-07-03,Email
127,21,3,2024-03-04,Meeting
128,21,3,2024-06-26,Call
129,21,3,2024-05-05,Email
130,21,3,2024-09-14,Email
131,21,3,2024-07-11,Meeting
132,21,3,2024-05-06,Meeting
133,21,3,2024-06-18,Call
134,22,7,2025-08-06,Email
135,22,7,2025-07-16,Call
136,22,7,2025-06-28,Meeting
137,22,7,2025-07-19,Call
138,22,7,2025-07-17,Meeting
139,23,8,2024-10-12,Email
140,23,8,2024-10-21,Meeting
141,23,8,2024-10-12,Call
142,23,8,2024-11-01,Email
143,23,8,2024-10-24,Email
144,23,8,2024-10-26,Email
145,23,8,2024-10-22,Email
146,23,8,2024-10-12,Email
147,23,8,2024-10-07,Call
148,23,8,2024-10-29,Email
149,24,7,2024-03-04,Call
150,24,7,2024-02-28,Email
151,24,7,2024-02-26,Call
152,25,9,2026-01-06,Call
153,25,9,2026-01-19,Meeting
154,25,9,2025-12-12,Meeting
155,25,9,2025-12-20,Email
156,26,12,2026-04-14,Meeting
157,26,12,2026-04-24,Call
158,27,11,2024-11-05,Call
159,27,11,2024-11-14,Call
160,27,11,2024-11-03,Email
161,28,5,2025-07-06,Call
162,28,5,2025-07-06,Email
163,28,5,2025-06-01,Email
164,28,5,2025-05-20,Call
165,28,5,2025-06-28,Call
166,28,5,2025-06-27,Email
167,28,5,2025-05-14,Call
168,29,10,2026-07-11,Call
169,29,10,2026-07-28,Call
170,29,10,2026-08-08,Email
171,29,10,2026-08-08,Email
172,29,10,2026-08-03,Email
173,29,10,2026-07-23,Call
174,29,10,2026-07-13,Meeting
175,30,6,2024-04-26,Email
176,30,6,2024-05-11,Demo
177,30,6,2024-05-29,Call
178,30,6,2024-05-28,Email
179,30,6,2024-05-11,Demo
180,30,6,2024-05-05,Meeting
181,31,8,2025-02-11,Email
182,31,8,2025-02-16,Email
183,31,8,2025-01-18,Email
184,31,8,2025-01-16,Meeting
185,31,8,2025-01-13,Email
186,31,8,2025-01-30,Email
187,31,8,2025-01-12,Email
188,31,8,2025-02-24,Email
189,31,8,2025-03-01,Call
190,32,7,2025-01-24,Email
191,32,7,2024-12-28,Call
192,32,7,2024-12-16,Email
193,32,7,2025-01-21,Call
194,32,7,2024-12-08,Call
195,32,7,2025-01-08,Email
196,32,7,2024-12-13,Email
197,33,10,2026-08-11,Call
198,33,10,2026-08-12,Call
199,33,10,2026-08-29,Call
200,33,10,2026-08-13,Email
201,33,10,2026-08-22,Call
202,33,10,2026-08-22,Call
203,33,10,2026-08-20,Email
204,33,10,2026-08-16,Email
205,33,10,2026-08-26,Email
206,33,10,2026-08-26,Email
207,33,10,2026-08-14,Email
208,34,12,2025-10-07,Call
209,34,12,2025-10-21,Call
210,34,12,2025-10-26,Call
211,34,12,2025-10-21,Email
212,34,12,2025-10-10,Call
213,34,12,2025-10-18,Email
214,34,12,2025-10-19,Email
215,34,12,2025-10-12,Email
216,34,12,2025-10-20,Email
217,35,8,2026-06-14,Call
218,35,8,2026-06-30,Meeting
219,35,8,2026-06-20,Demo
220,35,8,2026-06-29,Call
221,35,8,2026-07-13,Call
222,35,8,2026-05-21,Meeting
223,35,8,2026-05-22,Demo
224,36,7,2026-09-01,Email
225,36,7,2026-08-28,Email
226,36,7,2026-09-05,Email
227,36,7,2026-09-06,Demo
228,36,7,2026-09-05,Call
229,36,7,2026-09-18,Call
230,36,7,2026-09-26,Email
231,37,7,2025-09-05,Email
232,37,7,2025-08-11,Demo
233,37,7,2025-08-13,Call
234,37,7,2025-09-01,Call
235,37,7,2025-09-02,Meeting
236,37,7,2025-08-25,Call
237,37,7,2025-08-05,Meeting
238,37,7,2025-08-08,Demo
239,37,7,2025-09-04,Call
240,37,7,2025-08-14,Email
241,37,7,2025-09-03,Meeting
242,37,7,2025-09-07,Meeting
243,37,7,2025-08-21,Call
244,37,7,2025-08-29,Email
245,37,7,2025-08-04,Call
246,37,7,2025-08-06,Email
247,37,7,2025-08-24,Demo
248,38,9,2026-01-08,Email
249,38,9,2026-01-02,Email
250,38,9,2025-11-30,Meeting
251,38,9,2025-11-04,Call
252,38,9,2025-12-26,Email
253,38,9,2026-01-19,Email
254,39,10,2025-05-13,Meeting
255,39,10,2025-05-15,Email
256,39,10,2025-05-12,Email
257,39,10,2025-05-14,Email
258,39,10,2025-05-09,Meeting
259,39,10,2025-05-02,Meeting
260,39,10,2025-05-04,Call
261,39,10,2025-05-14,Email
262,39,10,2025-05-13,Call
263,39,10,2025-05-14,Call
264,39,10,2025-05-12,Call
265,39,10,2025-05-14,Call
266,39,10,2025-05-09,Meeting
267,40,7,2024-11-30,Call
268,40,7,2024-11-28,Call
269,40,7,2024-11-22,Email
270,40,7,2024-11-23,Call
271,40,7,2024-11-28,Email
272,40,7,2024-11-27,Email
273,40,7,2024-11-22,Meeting
274,40,7,2024-12-02,Call
275,40,7,2024-12-02,Email
276,40,7,2024-12-01,Email
277,40,7,2024-12-01,Call
278,41,6,2024-07-10,Demo
279,41,6,2024-06-30,Demo
280,41,6,2024-07-17,Call
281,41,6,2024-07-11,Call
282,41,6,2024-07-22,Call
283,41,6,2024-07-29,Call
284,41,6,2024-08-14,Email
285,41,6,2024-08-22,Call
286,41,6,2024-08-26,Meeting
287,41,6,2024-08-14,Call
288,41,6,2024-07-03,Call
289,41,6,2024-06-20,Email
290,41,6,2024-08-10,Call
291,42,12,2024-06-09,Email
292,42,12,2024-06-12,Call
293,42,12,2024-07-03,Email
294,42,12,2024-06-18,Email
295,42,12,2024-06-01,Email
296,42,12,2024-06-20,Email
297,42,12,2024-06-08,Call
298,42,12,2024-06-16,Call
299,42,12,2024-07-01,Email
300,42,12,2024-06-01,Demo
301,42,12,2024-06-04,Meeting
302,42,12,2024-06-09,Demo
303,42,12,2024-06-19,Call
304,42,12,2024-06-29,Meeting
305,42,12,2024-07-05,Email
306,42,12,2024-07-06,Call
307,43,11,2026-02-24,Call
308,43,11,2026-03-05,Call
309,43,11,2026-02-24,Demo
310,43,11,2026-02-24,Call
311,43,11,2026-03-21,Call
312,43,11,2026-03-04,Email
313,43,11,2026-03-12,Email
314,43,11,2026-03-11,Call
315,43,11,2026-03-07,Email
316,43,11,2026-03-17,Email
317,43,11,2026-02-27,Call
318,43,11,2026-03-01,Email
319,43,11,2026-03-03,Call
320,44,14,2026-02-09,Meeting
321,44,14,2026-01-21,Meeting
322,44,14,2026-01-10,Email
323,45,6,2026-07-16,Call
324,45,6,2026-06-20,Demo
325,45,6,2026-05-19,Email
326,45,6,2026-06-04,Email
327,45,6,2026-05-30,Call
328,45,6,2026-05-19,Demo
329,45,6,2026-05-23,Meeting
330,45,6,2026-05-29,Meeting
331,45,6,2026-07-17,Email
332,45,6,2026-07-01,Call
333,45,6,2026-07-13,Demo
334,46,3,2026-03-26,Meeting
335,46,3,2026-02-08,Demo
336,46,3,2026-04-14,Call
337,46,3,2026-02-24,Email
338,46,3,2026-04-09,Email
339,47,14,2026-05-22,Email
340,47,14,2026-05-19,Meeting
341,47,14,2026-05-27,Email
342,47,14,2026-05-24,Meeting
343,47,14,2026-05-30,Call
344,47,14,2026-05-27,Call
345,47,14,2026-05-27,Call
346,48,13,2025-08-06,Call
347,48,13,2025-08-04,Email
348,48,13,2025-07-27,Demo
349,49,7,2026-03-07,Email
350,49,7,2026-03-31,Call
351,49,7,2026-03-11,Meeting
352,49,7,2026-03-13,Demo
353,49,7,2026-03-03,Email
354,49,7,2026-03-31,Meeting
355,49,7,2026-04-01,Email
356,49,7,2026-03-18,Meeting
357,49,7,2026-04-10,Call
358,49,7,2026-02-15,Meeting
359,49,7,2026-03-01,Email
360,49,7,2026-03-18,Email
361,49,7,2026-04-14,Call
362,49,7,2026-03-27,Email
363,50,7,2025-06-07,Email
364,51,13,2026-04-10,Call
365,51,13,2026-04-30,Call
366,51,13,2026-05-01,Email
367,51,13,2026-04-23,Meeting
368,51,13,2026-04-06,Meeting
369,51,13,2026-05-01,Call
370,52,2,2026-07-30,Email
371,52,2,2026-08-20,Email
372,52,2,2026-08-23,Call
373,52,2,2026-08-26,Demo
374,52,2,2026-08-11,Call
375,52,2,2026-08-13,Call
376,52,2,2026-08-16,Email
377,53,5,2024-07-04,Meeting
378,53,5,2024-07-13,Call
379,53,5,2024-07-31,Meeting
380,54,12,2025-11-12,Call
381,54,12,2025-11-12,Call
382,54,12,2025-11-09,Email
383,54,12,2025-11-28,Email
384,54,12,2025-11-21,Call
385,54,12,2025-11-24,Demo
386,54,12,2025-11-24,Email
387,54,12,2025-11-20,Meeting
388,54,12,2025-11-18,Call
389,54,12,2025-11-27,Meeting
390,54,12,2025-11-12,Call
391,55,13,2025-04-26,Call
392,55,13,2025-04-16,Call
393,55,13,2025-04-29,Email
394,55,13,2025-04-14,Call
395,55,13,2025-04-15,Meeting
396,55,13,2025-04-19,Email
397,55,13,2025-04-18,Call
398,56,14,2024-05-01,Email
399,56,14,2024-05-05,Call
400,56,14,2024-05-05,Demo
401,56,14,2024-05-07,Email
402,56,14,2024-04-30,Email
403,57,2,2025-08-22,Call
404,57,2,2025-09-11,Email
405,57,2,2025-09-10,Meeting
406,57,2,2025-09-16,Email
407,57,2,2025-09-07,Call
408,57,2,2025-09-02,Meeting
409,57,2,2025-08-26,Email
410,57,2,2025-08-30,Call
411,57,2,2025-09-06,Call
412,57,2,2025-08-24,Call
413,58,7,2024-05-31,Email
414,58,7,2024-06-01,Call
415,58,7,2024-06-19,Meeting
416,58,7,2024-05-24,Call
417,58,7,2024-05-20,Call
418,59,10,2024-09-23,Meeting
419,59,10,2024-09-28,Meeting
420,59,10,2024-09-25,Call
421,59,10,2024-09-11,Call
422,59,10,2024-10-01,Meeting
423,59,10,2024-09-22,Email
424,60,6,2025-10-20,Call
425,60,6,2025-10-11,Email
426,60,6,2025-10-15,Call
427,61,14,2024-07-05,Demo
428,61,14,2024-06-30,Email
429,61,14,2024-07-05,Email
430,61,14,2024-06-30,Demo
431,61,14,2024-06-28,Call
432,62,14,2026-06-26,Meeting
433,62,14,2026-07-19,Call
434,62,14,2026-07-08,Call
435,62,14,2026-07-18,Meeting
436,63,7,2024-05-07,Email
437,63,7,2024-05-14,Call
438,64,3,2026-08-12,Email
439,64,3,2026-07-17,Call
440,64,3,2026-08-07,Email
441,64,3,2026-09-16,Call
442,64,3,2026-08-19,Demo
443,65,6,2026-06-29,Meeting
444,65,6,2026-03-09,Email
445,65,6,2026-03-17,Meeting
446,65,6,2026-05-25,Demo
447,65,6,2026-05-13,Call
448,65,6,2026-03-31,Meeting
449,65,6,2026-04-16,Email
450,65,6,2026-03-18,Demo
451,65,6,2026-06-01,Email
452,65,6,2026-02-25,Email
453,65,6,2026-06-10,Meeting
454,65,6,2026-05-08,Call
455,65,6,2026-04-15,Meeting
456,65,6,2026-05-09,Email
457,65,6,2026-04-28,Meeting
458,65,6,2026-05-07,Call
459,65,6,2026-05-11,Call
460,66,12,2026-04-20,Email
461,66,12,2026-04-21,Email
462,66,12,2026-04-28,Call
463,66,12,2026-04-26,Demo
464,66,12,2026-05-04,Email
465,67,12,2024-04-21,Email
466,67,12,2024-05-04,Email
467,67,12,2024-05-01,Email
468,67,12,2024-04-05,Call
469,67,12,2024-05-01,Call
470,67,12,2024-04-06,Email
471,68,5,2025-04-17,Email
472,68,5,2025-03-24,Demo
473,68,5,2025-03-29,Meeting
474,68,5,2025-04-02,Meeting
475,69,10,2025-04-03,Email
476,70,10,2026-09-09,Email
477,70,10,2026-09-14,Demo
478,70,10,2026-09-16,Demo
479,70,10,2026-09-09,Call
480,70,10,2026-09-16,Call
481,70,10,2026-08-29,Email
482,70,10,2026-09-20,Email
483,70,10,2026-09-07,Email
484,70,10,2026-09-17,Call
485,70,10,2026-09-12,Email
486,71,5,2025-11-18,Call
487,72,10,2025-10-13,Call
488,72,10,2025-10-08,Call
489,72,10,2025-10-18,Email
490,72,10,2025-10-12,Call
491,73,9,2026-03-07,Email
492,73,9,2026-02-13,Call
493,73,9,2026-03-15,Meeting
494,73,9,2026-03-24,Call
495,73,9,2026-02-16,Email
496,73,9,2026-03-10,Call
497,73,9,2026-02-15,Email
498,73,9,2026-03-12,Email
499,73,9,2026-03-07,Email
500,73,9,2026-03-15,Email
501,73,9,2026-03-15,Email
502,74,14,2024-03-04,Email
503,75,10,2024-05-26,Meeting
504,75,10,2024-05-25,Call
505,75,10,2024-05-16,Email
506,75,10,2024-05-07,Meeting
507,75,10,2024-05-03,Meeting
508,75,10,2024-05-09,Email
509,76,13,2025-10-25,Email
510,76,13,2025-10-25,Call
511,76,13,2025-11-01,Email
512,77,2,2025-08-26,Email
513,77,2,2025-08-17,Email
514,77,2,2025-08-17,Email
515,77,2,2025-08-12,Email
516,77,2,2025-08-10,Call
517,77,2,2025-08-02,Meeting
518,77,2,2025-08-04,Call
519,77,2,2025-08-15,Demo
520,77,2,2025-08-06,Email
521,78,2,2026-08-04,Call
522,78,2,2026-08-03,Call
523,78,2,2026-05-20,Call
524,78,2,2026-07-08,Call
525,78,2,2026-07-31,Call
526,78,2,2026-06-17,Email
527,78,2,2026-06-15,Email
528,78,2,2026-07-27,Email
529,78,2,2026-08-04,Email
530,78,2,2026-07-18,Email
531,78,2,2026-08-08,Call
532,78,2,2026-08-07,Email
533,78,2,2026-08-03,Call
534,79,11,2025-03-26,Call
535,79,11,2025-03-26,Email
536,79,11,2025-04-05,Meeting
537,79,11,2025-03-27,Email
538,79,11,2025-04-09,Call
539,80,3,2025-10-22,Email
540,80,3,2025-10-15,Call
541,80,3,2025-10-26,Email
542,80,3,2025-09-29,Email
543,80,3,2025-10-08,Email
544,80,3,2025-10-15,Email
545,80,3,2025-10-19,Email
546,80,3,2025-10-14,Call
547,80,3,2025-10-25,Meeting
548,80,3,2025-10-15,Call
549,80,3,2025-10-11,Call
550,80,3,2025-10-15,Email
551,81,12,2026-01-25,Email
552,81,12,2026-02-07,Email
553,81,12,2026-01-16,Email
554,82,13,2024-12-09,Demo
555,82,13,2024-12-11,Email
556,82,13,2024-11-30,Meeting
557,82,13,2024-11-26,Call
558,82,13,2024-11-24,Email
559,82,13,2024-12-02,Demo
560,82,13,2024-11-20,Call
561,82,13,2024-12-02,Demo
562,82,13,2024-12-11,Email
563,83,10,2025-04-30,Call
564,83,10,2025-05-24,Demo
565,83,10,2025-04-29,Call
566,83,10,2025-05-01,Call
567,84,13,2026-07-17,Email
568,84,13,2026-07-16,Meeting
569,84,13,2026-07-05,Email
570,84,13,2026-07-19,Email
571,85,11,2024-08-02,Call
572,85,11,2024-08-07,Email
573,85,11,2024-07-29,Email
574,85,11,2024-08-16,Email
575,86,14,2026-03-26,Call
576,86,14,2026-03-08,Call
577,86,14,2026-03-26,Email
578,86,14,2026-03-06,Email
579,86,14,2026-03-23,Demo
580,87,14,2026-08-02,Meeting
581,87,14,2026-07-25,Call
582,87,14,2026-07-25,Meeting
583,87,14,2026-08-12,Meeting
584,87,14,2026-07-30,Email
585,87,14,2026-07-19,Demo
586,87,14,2026-08-10,Email
587,87,14,2026-07-22,Meeting
588,88,12,2025-04-12,Meeting
589,88,12,2025-05-12,Call
590,88,12,2025-05-17,Email
591,88,12,2025-05-03,Call
592,88,12,2025-05-22,Email
593,88,12,2025-04-08,Email
594,88,12,2025-05-16,Call
595,88,12,2025-04-02,Email
596,88,12,2025-05-23,Email
597,88,12,2025-05-02,Email
598,88,12,2025-04-23,Call
599,88,12,2025-04-13,Meeting
600,88,12,2025-05-06,Email
601,89,10,2025-04-04,Email
602,89,10,2025-04-01,Call
603,89,10,2025-03-31,Email
604,89,10,2025-03-26,Call
605,89,10,2025-03-27,Email
606,90,10,2025-09-09,Call
607,90,10,2025-09-17,Call
608,91,8,2026-07-12,Email
609,91,8,2026-06-05,Demo
610,91,8,2026-06-01,Email
611,92,6,2026-08-30,Call
612,92,6,2026-08-28,Meeting
613,92,6,2026-07-13,Email
614,92,6,2026-08-27,Email
615,92,6,2026-08-15,Call
616,92,6,2026-06-18,Email
617,92,6,2026-06-10,Meeting
618,92,6,2026-07-17,Demo
619,92,6,2026-06-14,Email
620,92,6,2026-07-30,Email
621,92,6,2026-06-17,Call
622,92,6,2026-07-06,Email
623,92,6,2026-07-27,Email
624,92,6,2026-08-18,Demo
625,92,6,2026-06-07,Call
626,93,10,2025-08-19,Demo
627,93,10,2025-08-13,Email
628,93,10,2025-08-21,Email
629,93,10,2025-08-14,Email
630,93,10,2025-08-22,Meeting
631,94,6,2024-10-30,Email
632,94,6,2024-09-30,Meeting
633,94,6,2024-10-10,Email
634,94,6,2024-11-02,Meeting
635,95,14,2024-03-13,Call
636,95,14,2024-03-04,Email
637,96,1,2024-10-14,Email
638,96,1,2024-11-27,Email
639,97,6,2026-02-05,Email
640,97,6,2026-01-29,Meeting
641,97,6,2026-01-06,Call
642,97,6,2026-01-08,Meeting
643,98,13,2025-08-13,Email
644,98,13,2025-07-27,Email
645,99,10,2025-09-17,Call
646,99,10,2025-09-07,Call
647,99,10,2025-09-04,Call
648,99,10,2025-09-14,Demo
649,99,10,2025-09-16,Call
650,99,10,2025-09-04,Email
651,99,10,2025-09-20,Email
652,99,10,2025-08-28,Email
653,99,10,2025-09-03,Email
654,99,10,2025-09-06,Email
655,99,10,2025-09-13,Call
656,99,10,2025-08-28,Email
657,99,10,2025-09-20,Call
658,100,9,2026-03-31,Email
659,100,9,2026-03-30,Meeting
660,100,9,2026-03-22,Call
661,100,9,2026-02-12,Email
662,100,9,2026-02-28,Email
663,101,1,2025-07-25,Call
664,101,1,2025-09-30,Email
665,101,1,2025-08-19,Email
666,101,1,2025-07-18,Meeting
667,101,1,2025-07-30,Call
668,101,1,2025-08-19,Email
669,101,1,2025-08-06,Call
670,102,13,2025-05-30,Call
671,102,13,2025-06-05,Email
672,102,13,2025-06-03,Email
673,102,13,2025-06-02,Email
674,103,14,2026-08-15,Email
675,103,14,2026-08-22,Email
676,103,14,2026-08-17,Meeting
677,103,14,2026-08-06,Email
678,103,14,2026-08-09,Meeting
679,103,14,2026-09-06,Email
680,103,14,2026-08-25,Email
681,103,14,2026-08-15,Email
682,103,14,2026-09-06,Email
683,103,14,2026-08-20,Meeting
684,103,14,2026-08-18,Email
685,103,14,2026-08-10,Email
686,103,14,2026-08-25,Email
687,104,6,2026-03-07,Email
688,104,6,2026-03-11,Call
689,104,6,2026-03-18,Call
690,104,6,2026-04-17,Meeting
691,104,6,2026-04-13,Call
692,104,6,2026-03-26,Call
693,104,6,2026-04-15,Email
694,104,6,2026-04-19,Email
695,104,6,2026-04-11,Call
696,105,1,2025-03-07,Call
697,105,1,2025-02-22,Call
698,106,13,2025-07-31,Meeting
699,106,13,2025-07-23,Meeting
700,106,13,2025-08-09,Demo
701,106,13,2025-07-27,Demo
702,106,13,2025-07-30,Email
703,107,3,2024-09-16,Email
704,107,3,2024-09-14,Meeting
705,107,3,2024-10-24,Meeting
706,107,3,2024-10-20,Demo
707,107,3,2024-10-04,Call
708,107,3,2024-10-04,Call
709,107,3,2024-10-17,Demo
710,107,3,2024-10-29,Email
711,107,3,2024-10-10,Email
712,107,3,2024-10-26,Demo
713,107,3,2024-09-20,Meeting
714,107,3,2024-10-13,Meeting
715,107,3,2024-09-09,Call
716,107,3,2024-10-07,Call
717,107,3,2024-09-19,Email
718,107,3,2024-09-10,Call
719,107,3,2024-09-07,Call
720,107,3,2024-09-17,Email
721,107,3,2024-10-26,Email
722,107,3,2024-09-12,Call
723,107,3,2024-09-16,Meeting
724,107,3,2024-11-01,Email
725,107,3,2024-09-07,Call
726,108,7,2026-01-27,Meeting
727,108,7,2026-02-16,Demo
728,108,7,2026-02-23,Call
729,108,7,2026-01-27,Call
730,109,6,2024-06-01,Demo
731,109,6,2024-04-20,Call
732,109,6,2024-04-10,Demo
733,110,14,2025-10-03,Email
734,110,14,2025-10-01,Call
735,110,14,2025-10-12,Demo
736,110,14,2025-10-02,Meeting
737,110,14,2025-10-20,Demo
738,110,14,2025-10-17,Email
739,110,14,2025-10-22,Email
740,111,7,2025-02-23,Meeting
741,111,7,2025-02-15,Demo
742,111,7,2025-03-01,Call
743,111,7,2025-02-16,Email
744,111,7,2025-03-04,Call
745,112,1,2024-09-18,Email
746,112,1,2024-10-13,Email
747,112,1,2024-08-12,Meeting
748,112,1,2024-09-27,Email
749,112,1,2024-10-21,Call
750,112,1,2024-10-16,Demo
751,112,1,2024-10-06,Demo
752,113,10,2025-03-22,Email
753,113,10,2025-04-03,Meeting
754,114,9,2026-01-10,Call
755,114,9,2026-02-02,Call
756,114,9,2026-01-27,Demo
757,114,9,2026-01-13,Call
758,114,9,2026-01-31,Call
759,114,9,2026-01-05,Email
760,114,9,2026-01-05,Demo
761,114,9,2026-01-09,Meeting
762,114,9,2026-01-26,Email
763,115,13,2024-02-24,Call
764,116,2,2025-11-27,Meeting
765,116,2,2025-10-19,Call
766,116,2,2025-10-24,Demo
767,116,2,2025-12-03,Call
768,117,9,2024-09-24,Email
769,117,9,2024-09-22,Demo
770,117,9,2024-09-26,Demo
771,117,9,2024-08-20,Call
772,117,9,2024-09-13,Demo
773,117,9,2024-08-27,Meeting
774,118,6,2024-08-28,Email
775,118,6,2024-09-13,Meeting
776,118,6,2024-08-04,Email
777,119,11,2025-12-26,Meeting
778,119,11,2025-12-09,Email
779,120,8,2026-09-16,Meeting
780,120,8,2026-07-14,Email
781,120,8,2026-09-20,Call
782,120,8,2026-09-11,Demo
783,120,8,2026-09-01,Email
784,121,7,2025-11-24,Call
785,121,7,2025-10-22,Call
786,121,7,2025-11-25,Email
787,121,7,2025-11-17,Email
788,121,7,2025-11-06,Meeting
789,121,7,2025-10-23,Call
790,121,7,2025-10-26,Call
791,121,7,2025-12-03,Email
792,121,7,2025-10-28,Email
793,122,4,2025-01-27,Demo
794,122,4,2024-12-27,Call
795,122,4,2025-02-15,Call
796,122,4,2025-02-14,Email
797,122,4,2025-02-10,Call
798,123,4,2025-02-12,Meeting
799,123,4,2025-01-31,Demo
800,123,4,2024-12-16,Email
801,123,4,2025-01-29,Email
802,123,4,2024-12-05,Email
803,123,4,2025-03-28,Demo
804,123,4,2025-03-04,Call
805,123,4,2025-02-02,Email
806,123,4,2025-01-02,Email
807,123,4,2024-12-25,Email
808,123,4,2025-02-09,Call
809,124,8,2026-08-18,Email
810,124,8,2026-08-24,Demo
811,124,8,2026-08-09,Meeting
812,124,8,2026-07-27,Call
813,124,8,2026-08-26,Call
814,124,8,2026-08-05,Email
815,124,8,2026-08-16,Email
816,124,8,2026-07-25,Meeting
817,124,8,2026-07-22,Meeting
818,124,8,2026-08-03,Meeting
819,124,8,2026-08-02,Email
820,125,10,2026-01-06,Meeting
821,125,10,2026-01-07,Email
822,125,10,2026-01-04,Call
823,126,11,2026-04-27,Email
824,126,11,2026-04-28,Email
825,126,11,2026-04-23,Demo
826,126,11,2026-04-27,Call
827,126,11,2026-04-28,Call
828,126,11,2026-04-27,Call
829,126,11,2026-04-29,Meeting
830,126,11,2026-05-05,Call
831,126,11,2026-05-01,Call
832,126,11,2026-04-30,Email
833,126,11,2026-04-27,Email
834,126,11,2026-04-25,Email
835,126,11,2026-05-05,Email
836,126,11,2026-04-25,Call
837,126,11,2026-04-23,Call
838,126,11,2026-04-22,Call
839,127,11,2024-07-10,Call
840,127,11,2024-07-21,Email
841,127,11,2024-07-13,Email
842,127,11,2024-07-07,Email
843,127,11,2024-07-07,Call
844,128,7,2025-12-27,Email
845,128,7,2026-01-18,Meeting
846,128,7,2026-01-19,Email
847,128,7,2025-12-22,Demo
848,128,7,2025-12-25,Email
849,128,7,2026-01-21,Email
850,129,11,2024-08-08,Email
851,129,11,2024-08-03,Email
852,129,11,2024-07-30,Demo
853,130,6,2026-09-10,Email
854,130,6,2026-09-21,Meeting
855,130,6,2026-09-07,Email
856,130,6,2026-09-22,Call
857,131,10,2026-06-11,Demo
858,131,10,2026-05-21,Meeting
859,131,10,2026-06-04,Email
860,131,10,2026-06-06,Meeting
861,132,5,2024-05-16,Demo
862,132,5,2024-05-09,Email
863,132,5,2024-04-17,Call
864,133,14,2026-04-08,Email
865,133,14,2026-04-28,Email
866,133,14,2026-04-19,Call
867,133,14,2026-03-31,Email
868,133,14,2026-04-23,Demo
869,133,14,2026-03-26,Call
870,133,14,2026-03-30,Call
871,133,14,2026-03-29,Email
872,133,14,2026-04-08,Call
873,133,14,2026-04-30,Email
874,134,11,2025-05-08,Email
875,134,11,2025-05-06,Call
876,134,11,2025-04-20,Call
877,134,11,2025-05-03,Email
878,135,14,2024-03-22,Email
879,135,14,2024-03-07,Call
880,135,14,2024-04-06,Email
881,135,14,2024-03-15,Call
882,135,14,2024-04-04,Call
883,135,14,2024-03-10,Call
884,135,14,2024-04-05,Email
885,135,14,2024-03-24,Call
886,136,12,2026-05-11,Call
887,136,12,2026-04-30,Call
888,136,12,2026-05-15,Call
889,136,12,2026-05-20,Call
890,136,12,2026-05-21,Meeting
891,136,12,2026-05-01,Meeting
892,136,12,2026-05-07,Email
893,136,12,2026-05-04,Call
894,136,12,2026-05-12,Email
895,136,12,2026-05-21,Call
896,136,12,2026-05-08,Email
897,137,14,2026-09-16,Email
898,138,7,2025-12-26,Call
899,138,7,2026-01-09,Call
900,138,7,2025-11-21,Email
901,139,10,2025-04-18,Call
902,139,10,2025-04-02,Call
903,139,10,2025-04-24,Meeting
904,139,10,2025-04-15,Meeting
905,140,11,2026-09-22,Call
906,140,11,2026-09-28,Email
907,140,11,2026-09-28,Email
908,141,6,2024-05-06,Email
909,141,6,2024-05-14,Email
910,141,6,2024-07-02,Meeting
911,142,12,2024-09-13,Email
912,142,12,2024-09-13,Email
913,142,12,2024-08-27,Meeting
914,142,12,2024-08-19,Meeting
915,142,12,2024-09-13,Email
916,142,12,2024-08-28,Meeting
917,142,12,2024-09-01,Call
918,143,10,2025-02-18,Meeting
919,143,10,2025-02-16,Call
920,144,7,2025-04-19,Email
921,144,7,2025-03-18,Call
922,144,7,2025-02-20,Demo
923,144,7,2025-04-28,Meeting
924,144,7,2025-03-13,Call
925,145,13,2025-12-20,Call
926,145,13,2025-12-28,Demo
927,145,13,2025-12-21,Email
928,145,13,2026-01-03,Call
929,145,13,2026-01-21,Call
930,145,13,2025-12-31,Call
931,145,13,2025-12-27,Email
932,145,13,2025-12-16,Meeting
933,145,13,2026-01-22,Meeting
934,146,2,2024-11-21,Email
935,146,2,2024-10-27,Demo
936,146,2,2024-10-21,Email
937,146,2,2024-11-21,Call
938,146,2,2024-11-30,Call
939,146,2,2024-10-15,Meeting
940,146,2,2024-10-12,Call
941,146,2,2024-10-09,Call
942,147,13,2025-01-06,Email
943,147,13,2025-01-15,Demo
944,148,6,2025-08-01,Call
945,148,6,2025-06-14,Email
946,148,6,2025-06-19,Email
947,148,6,2025-07-16,Call
948,148,6,2025-07-07,Call
949,148,6,2025-06-08,Call
950,148,6,2025-06-10,Meeting
951,148,6,2025-08-03,Call
952,148,6,2025-07-13,Demo
953,148,6,2025-06-26,Email
954,148,6,2025-06-16,Call
955,148,6,2025-07-12,Email
956,148,6,2025-07-26,Meeting
957,148,6,2025-07-24,Email
958,149,1,2026-02-06,Meeting
959,149,1,2026-01-07,Call
960,149,1,2026-01-19,Call
961,149,1,2026-01-02,Email
962,149,1,2025-12-31,Email
963,149,1,2026-01-20,Email
964,150,13,2025-12-24,Demo
965,150,13,2025-12-10,Call
966,150,13,2026-01-08,Email
967,151,5,2024-03-31,Email
968,151,5,2024-06-14,Call
969,151,5,2024-05-18,Email
970,152,2,2024-06-13,Meeting
971,152,2,2024-06-21,Email
972,152,2,2024-07-23,Demo
973,152,2,2024-07-26,Call
974,152,2,2024-04-15,Email
975,152,2,2024-06-18,Email
976,152,2,2024-07-23,Email
977,153,2,2024-08-21,Meeting
978,153,2,2024-08-08,Call
979,153,2,2024-10-24,Call
980,153,2,2024-10-22,Call
981,153,2,2024-08-06,Call
982,153,2,2024-11-13,Email
983,154,6,2026-07-13,Email
984,154,6,2026-08-17,Meeting
985,154,6,2026-07-31,Call
986,154,6,2026-08-11,Email
987,154,6,2026-08-12,Email
988,155,9,2026-09-26,Call
989,155,9,2026-09-24,Email
990,155,9,2026-09-10,Email
991,155,9,2026-09-29,Email
992,155,9,2026-09-19,Email
993,155,9,2026-09-22,Email
994,156,9,2024-07-22,Email
995,157,13,2026-01-19,Demo
996,157,13,2026-01-14,Call
997,158,7,2026-04-15,Meeting
998,158,7,2026-04-15,Email
999,158,7,2026-04-05,Meeting
1000,158,7,2026-03-28,Call
1001,158,7,2026-03-11,Email
1002,158,7,2026-03-08,Call
1003,158,7,2026-03-12,Email
1004,159,12,2025-01-17,Call
1005,159,12,2025-01-23,Meeting
1006,159,12,2025-01-21,Call
1007,159,12,2025-01-24,Demo
1008,159,12,2025-01-25,Call
1009,159,12,2025-01-04,Email
1010,159,12,2025-01-16,Email
1011,159,12,2025-01-15,Call
1012,159,12,2025-02-08,Meeting
1013,160,9,2026-09-26,Email
1014,160,9,2026-09-25,Call
1015,160,9,2026-09-29,Email
1016,160,9,2026-09-26,Call
1017,160,9,2026-09-28,Call
1018,160,9,2026-09-25,Meeting
1019,160,9,2026-09-26,Call
1020,161,5,2025-08-04,Meeting
1021,161,5,2025-05-16,Email
1022,161,5,2025-06-22,Meeting
1023,162,11,2025-09-01,Call
1024,162,11,2025-09-11,Call
1025,162,11,2025-09-20,Meeting
1026,162,11,2025-09-13,Call
1027,162,11,2025-09-06,Email
1028,163,10,2026-01-14,Email
1029,163,10,2026-01-20,Call
1030,163,10,2026-01-11,Email
1031,164,14,2024-10-08,Call
1032,164,14,2024-09-16,Email
1033,164,14,2024-09-20,Demo
1034,164,14,2024-09-29,Demo
1035,164,14,2024-09-21,Email
1036,164,14,2024-09-23,Call
1037,164,14,2024-09-27,Email
1038,164,14,2024-09-19,Email
1039,164,14,2024-10-07,Email
1040,164,14,2024-09-24,Call
1041,164,14,2024-09-21,Demo
1042,164,14,2024-09-26,Meeting
1043,165,2,2026-02-13,Call
1044,165,2,2026-04-19,Email
1045,165,2,2026-02-04,Email
1046,165,2,2026-04-18,Meeting
1047,166,8,2026-09-24,Email
1048,166,8,2026-09-14,Email
1049,166,8,2026-09-25,Meeting
1050,166,8,2026-09-18,Email
1051,166,8,2026-09-14,Call
1052,167,9,2026-09-27,Demo
1053,168,7,2025-03-15,Email
1054,168,7,2025-04-14,Meeting
1055,169,13,2025-07-19,Email
1056,169,13,2025-07-22,Email
1057,169,13,2025-07-13,Call
1058,170,7,2025-12-18,Demo
1059,170,7,2025-12-16,Email
1060,170,7,2025-12-22,Call
1061,170,7,2025-12-11,Email
1062,170,7,2025-11-26,Meeting
1063,170,7,2025-11-24,Meeting
1064,170,7,2025-11-21,Meeting
1065,171,5,2026-06-05,Call
1066,171,5,2026-06-20,Email
1067,171,5,2026-07-05,Call
1068,171,5,2026-07-14,Email
1069,171,5,2026-07-05,Email
1070,171,5,2026-06-21,Email
1071,171,5,2026-06-19,Call
1072,171,5,2026-06-19,Meeting
1073,171,5,2026-06-26,Call
1074,172,11,2024-08-03,Call
1075,172,11,2024-08-11,Email
1076,173,3,2026-04-03,Meeting
1077,173,3,2026-02-18,Email
1078,173,3,2026-03-26,Call
1079,173,3,2026-03-07,Email
1080,173,3,2026-03-08,Email
1081,173,3,2026-01-20,Email
1082,173,3,2026-02-12,Call
1083,174,11,2025-02-16,Call
1084,174,11,2025-03-31,Demo
1085,174,11,2025-02-17,Email
1086,174,11,2025-03-13,Call
1087,174,11,2025-03-27,Email
1088,174,11,2025-03-19,Email
1089,174,11,2025-03-05,Call
1090,174,11,2025-02-28,Email
1091,174,11,2025-03-18,Meeting
1092,174,11,2025-03-30,Call
1093,174,11,2025-03-26,Email
1094,175,12,2025-12-04,Meeting
1095,175,12,2025-11-18,Call
1096,175,12,2025-12-10,Call
1097,176,11,2024-02-23,Call
1098,176,11,2024-02-20,Call
1099,176,11,2024-02-06,Email
1100,176,11,2024-02-04,Call
1101,176,11,2024-02-16,Email
1102,177,9,2026-01-08,Meeting
1103,177,9,2026-01-03,Email
1104,177,9,2025-12-13,Call
1105,177,9,2026-01-15,Email
1106,177,9,2025-12-23,Email
1107,177,9,2026-02-02,Email
1108,177,9,2025-12-29,Email
1109,178,2,2025-08-20,Call
1110,178,2,2025-08-26,Call
1111,178,2,2025-08-11,Demo
1112,178,2,2025-10-22,Call
1113,178,2,2025-08-20,Email
1114,178,2,2025-08-28,Email
1115,178,2,2025-08-18,Email
1116,178,2,2025-08-30,Call
1117,178,2,2025-09-19,Email
1118,178,2,2025-08-14,Call
1119,178,2,2025-08-31,Email
1120,178,2,2025-10-08,Email
1121,178,2,2025-08-13,Call
1122,178,2,2025-10-14,Demo
1123,179,9,2025-06-09,Call
1124,179,9,2025-05-16,Meeting
1125,179,9,2025-05-26,Email
1126,179,9,2025-07-03,Meeting
1127,179,9,2025-05-30,Email
1128,180,10,2026-07-21,Email
1129,180,10,2026-07-30,Email
1130,180,10,2026-07-31,Email
1131,180,10,2026-07-25,Email
1132,180,10,2026-08-03,Call
1133,180,10,2026-08-05,Meeting
1134,180,10,2026-07-22,Meeting
1135,180,10,2026-07-21,Call
1136,181,13,2026-09-13,Call
1137,181,13,2026-08-26,Email
1138,181,13,2026-09-01,Call
1139,181,13,2026-08-31,Demo
1140,181,13,2026-08-31,Call
1141,182,9,2024-04-02,Email
1142,182,9,2024-05-18,Call
1143,183,6,2025-05-21,Call
1144,183,6,2025-05-21,Meeting
1145,184,5,2026-02-12,Call
1146,184,5,2026-02-06,Call
1147,184,5,2026-02-14,Meeting
1148,184,5,2026-01-18,Call
1149,185,9,2026-07-19,Call
1150,185,9,2026-07-14,Email
1151,185,9,2026-07-22,Call
1152,185,9,2026-06-28,Call
1153,185,9,2026-07-29,Meeting
1154,185,9,2026-07-09,Demo
1155,185,9,2026-07-07,Call
1156,185,9,2026-07-27,Meeting
1157,185,9,2026-07-10,Call
1158,186,1,2026-09-10,Email
1159,186,1,2026-08-20,Email
1160,186,1,2026-09-06,Meeting
1161,186,1,2026-09-17,Demo
1162,186,1,2026-08-24,Demo
1163,187,11,2026-05-19,Call
1164,187,11,2026-05-10,Demo
1165,187,11,2026-05-22,Email
1166,187,11,2026-05-21,Email
1167,187,11,2026-05-10,Email
1168,187,11,2026-05-23,Email
1169,188,13,2024-05-03,Meeting
1170,188,13,2024-05-12,Call
1171,188,13,2024-05-06,Demo
1172,188,13,2024-04-18,Email
1173,188,13,2024-04-15,Email
1174,188,13,2024-04-28,Email
1175,189,9,2026-03-03,Meeting
1176,189,9,2026-02-24,Meeting
1177,189,9,2026-03-06,Call
1178,189,9,2026-02-02,Meeting
1179,189,9,2026-02-15,Call
1180,189,9,2026-02-15,Email
1181,189,9,2026-03-05,Email
1182,190,10,2024-09-08,Meeting
1183,191,11,2026-03-06,Call
1184,191,11,2026-03-21,Meeting
1185,191,11,2026-03-19,Meeting
1186,191,11,2026-03-01,Email
1187,191,11,2026-03-18,Email
1188,191,11,2026-03-02,Email
1189,192,5,2024-10-16,Email
1190,192,5,2024-10-13,Email
1191,192,5,2024-10-02,Meeting
1192,192,5,2024-09-02,Email
1193,192,5,2024-10-03,Email
1194,192,5,2024-09-05,Demo
1195,192,5,2024-09-12,Email
1196,193,9,2026-09-11,Email
1197,193,9,2026-09-28,Email
1198,193,9,2026-09-11,Call
1199,193,9,2026-09-24,Email
1200,193,9,2026-09-16,Call
1201,193,9,2026-09-26,Meeting
1202,194,10,2026-01-03,Email
1203,194,10,2025-12-16,Demo
1204,194,10,2026-01-01,Call
1205,194,10,2025-12-26,Call
1206,194,10,2026-01-05,Meeting
1207,194,10,2026-01-04,Meeting
1208,194,10,2025-12-28,Call
1209,194,10,2026-01-02,Meeting
1210,194,10,2026-01-02,Email
1211,195,10,2026-02-13,Email
1212,195,10,2026-02-01,Email
1213,195,10,2026-02-09,Call
1214,196,7,2025-09-15,Email
1215,196,7,2025-08-29,Demo
1216,196,7,2025-09-17,Call
1217,196,7,2025-08-19,Email
1218,196,7,2025-08-22,Demo
1219,196,7,2025-10-01,Email
1220,196,7,2025-09-23,Meeting
1221,196,7,2025-09-16,Call
1222,196,7,2025-09-21,Email
1223,196,7,2025-08-15,Call
1224,197,8,2025-03-25,Email
1225,197,8,2025-03-19,Email
1226,198,14,2026-08-17,Demo
1227,198,14,2026-07-26,Meeting
1228,198,14,2026-07-10,Email
1229,198,14,2026-08-01,Email
1230,198,14,2026-08-04,Demo
1231,199,11,2025-06-29,Meeting
1232,199,11,2025-06-25,Email
1233,199,11,2025-06-21,Meeting
1234,199,11,2025-06-13,Meeting
1235,199,11,2025-06-12,Email
1236,200,11,2025-10-16,Meeting
1237,200,11,2025-11-05,Call
1238,201,12,2026-06-12,Email
1239,201,12,2026-05-27,Call
1240,201,12,2026-06-15,Meeting
1241,201,12,2026-06-19,Demo
1242,201,12,2026-06-12,Call
1243,202,5,2026-06-01,Call
1244,202,5,2026-06-13,Demo
1245,202,5,2026-05-15,Email
1246,202,5,2026-06-06,Meeting
1247,203,12,2025-06-09,Call
1248,203,12,2025-05-25,Meeting
1249,203,12,2025-05-27,Email
1250,203,12,2025-05-25,Call
1251,203,12,2025-06-10,Email
1252,203,12,2025-05-23,Demo
1253,203,12,2025-05-28,Email
1254,203,12,2025-06-11,Email
1255,203,12,2025-06-11,Email
1256,203,12,2025-06-11,Email
1257,204,11,2025-06-24,Email
1258,204,11,2025-06-27,Email
1259,204,11,2025-06-01,Call
1260,204,11,2025-06-23,Email
1261,204,11,2025-06-10,Email
1262,204,11,2025-06-16,Email
1263,204,11,2025-05-29,Meeting
1264,204,11,2025-06-29,Demo
1265,204,11,2025-06-02,Call
1266,204,11,2025-06-06,Call
1267,204,11,2025-06-15,Call
1268,205,8,2026-06-10,Email
1269,205,8,2026-06-24,Call
1270,205,8,2026-06-04,Email
1271,205,8,2026-05-12,Meeting
1272,206,7,2025-09-22,Email
1273,206,7,2025-10-03,Call
1274,206,7,2025-10-19,Meeting
1275,207,12,2024-12-17,Call
1276,207,12,2024-12-09,Email
1277,207,12,2024-12-13,Call
1278,207,12,2024-12-05,Demo
1279,207,12,2024-12-12,Call
1280,207,12,2024-12-14,Email
1281,207,12,2024-12-01,Meeting
1282,208,14,2026-08-14,Email
1283,208,14,2026-08-18,Call
1284,208,14,2026-08-10,Email
1285,208,14,2026-08-27,Email
1286,208,14,2026-08-25,Demo
1287,208,14,2026-08-23,Email
1288,209,6,2026-09-09,Call
1289,209,6,2026-09-16,Call
1290,209,6,2026-08-08,Call
1291,209,6,2026-09-02,Email
1292,210,5,2026-01-02,Email
1293,210,5,2025-12-18,Meeting
1294,211,11,2026-02-08,Call
1295,211,11,2026-02-25,Call
1296,211,11,2026-02-11,Call
1297,211,11,2026-02-15,Call
1298,211,11,2026-02-24,Email
1299,211,11,2026-02-18,Email
1300,211,11,2026-02-24,Call
1301,212,9,2024-03-23,Call
1302,212,9,2024-03-25,Call
1303,212,9,2024-03-05,Email
1304,212,9,2024-04-28,Email
1305,212,9,2024-04-21,Meeting
1306,212,9,2024-03-06,Call
1307,212,9,2024-04-08,Call
1308,212,9,2024-04-03,Email
1309,212,9,2024-05-03,Call
1310,212,9,2024-03-13,Call
1311,212,9,2024-04-28,Meeting
1312,213,14,2024-03-15,Meeting
1313,213,14,2024-03-31,Call
1314,213,14,2024-03-21,Call
1315,213,14,2024-03-21,Email
1316,213,14,2024-04-07,Call
1317,213,14,2024-03-14,Email
1318,213,14,2024-04-10,Meeting
1319,213,14,2024-03-22,Email
1320,213,14,2024-03-13,Call
1321,214,6,2024-08-15,Call
1322,214,6,2024-07-11,Email
1323,214,6,2024-08-16,Meeting
1324,214,6,2024-09-01,Call
1325,214,6,2024-09-01,Email
1326,214,6,2024-07-23,Email
1327,215,11,2025-08-05,Email
1328,215,11,2025-08-06,Email
1329,215,11,2025-08-15,Email
1330,216,11,2025-12-10,Meeting
1331,216,11,2025-12-10,Meeting
1332,216,11,2025-12-09,Email
1333,216,11,2025-12-12,Demo
1334,216,11,2025-11-30,Meeting
1335,216,11,2025-12-04,Meeting
1336,217,11,2026-08-19,Call
1337,217,11,2026-09-05,Demo
1338,217,11,2026-08-29,Call
1339,217,11,2026-09-07,Email
1340,217,11,2026-09-03,Call
1341,217,11,2026-08-31,Email
1342,217,11,2026-09-07,Meeting
1343,217,11,2026-08-24,Call
1344,218,3,2026-08-09,Meeting
1345,218,3,2026-06-16,Email
1346,218,3,2026-08-20,Call
1347,218,3,2026-08-14,Email
1348,218,3,2026-09-25,Meeting
1349,218,3,2026-06-14,Call
1350,218,3,2026-07-23,Email
1351,219,10,2024-10-01,Call
1352,219,10,2024-10-03,Email
1353,219,10,2024-09-28,Call
1354,219,10,2024-10-03,Call
1355,219,10,2024-10-04,Call
1356,219,10,2024-10-04,Call
1357,219,10,2024-09-29,Meeting
1358,219,10,2024-09-30,Meeting
1359,220,11,2025-09-12,Email
1360,220,11,2025-09-11,Meeting
1361,220,11,2025-09-14,Email
1362,220,11,2025-09-09,Demo
1363,221,13,2025-09-30,Call
1364,221,13,2025-09-27,Call
1365,221,13,2025-10-10,Email
1366,221,13,2025-09-20,Call
1367,222,1,2026-07-30,Meeting
1368,222,1,2026-07-27,Call
1369,222,1,2026-09-27,Email
1370,222,1,2026-07-31,Email
1371,222,1,2026-08-18,Email
1372,222,1,2026-09-02,Call
1373,222,1,2026-07-13,Email
1374,223,9,2025-08-16,Call
1375,223,9,2025-08-07,Call
1376,223,9,2025-08-27,Meeting
1377,223,9,2025-08-21,Email
1378,223,9,2025-08-17,Call
1379,223,9,2025-08-06,Meeting
1380,223,9,2025-08-16,Call
1381,223,9,2025-08-04,Call
1382,223,9,2025-08-31,Demo
1383,223,9,2025-08-10,Call
1384,223,9,2025-08-23,Call
1385,223,9,2025-08-14,Call
1386,224,12,2026-03-15,Call
1387,224,12,2026-03-18,Email
1388,224,12,2026-03-17,Call
1389,225,2,2025-04-22,Email
1390,225,2,2025-02-24,Email
1391,225,2,2025-05-19,Meeting
1392,225,2,2025-06-13,Call
1393,225,2,2025-05-16,Demo
1394,225,2,2025-04-09,Email
1395,225,2,2025-04-26,Email
1396,225,2,2025-04-22,Call
1397,225,2,2025-06-17,Meeting
1398,225,2,2025-03-24,Demo
1399,225,2,2025-04-05,Email
1400,225,2,2025-03-29,Email
1401,225,2,2025-04-14,Meeting
1402,226,12,2025-01-07,Call
1403,226,12,2025-01-16,Email
1404,226,12,2025-01-13,Email
1405,226,12,2025-01-10,Meeting
1406,226,12,2025-01-23,Call
1407,227,1,2026-03-29,Email
1408,227,1,2026-02-01,Email
1409,227,1,2026-03-17,Demo
1410,227,1,2026-02-05,Meeting
1411,227,1,2026-02-24,Email
1412,227,1,2026-03-10,Email
1413,227,1,2026-03-18,Call
1414,228,12,2024-07-02,Call
1415,228,12,2024-06-09,Demo
1416,228,12,2024-07-07,Meeting
1417,228,12,2024-07-08,Call
1418,228,12,2024-07-13,Demo
1419,228,12,2024-06-22,Call
1420,229,11,2025-09-19,Email
1421,230,12,2026-04-10,Email
1422,230,12,2026-04-23,Meeting
1423,230,12,2026-04-28,Meeting
1424,230,12,2026-04-22,Email
1425,230,12,2026-04-13,Demo
1426,230,12,2026-04-11,Meeting
1427,230,12,2026-04-14,Call
1428,230,12,2026-03-30,Email
1429,231,14,2026-09-29,Email
1430,231,14,2026-09-23,Email
1431,232,14,2025-09-16,Call
1432,232,14,2025-09-17,Call
1433,232,14,2025-09-14,Demo
1434,232,14,2025-09-16,Meeting
1435,232,14,2025-09-03,Call
1436,232,14,2025-09-21,Meeting
1437,232,14,2025-08-31,Call
1438,232,14,2025-08-31,Call
1439,232,14,2025-09-16,Demo
1440,232,14,2025-09-18,Email
1441,233,11,2025-11-21,Meeting
1442,233,11,2025-11-13,Email
1443,233,11,2025-11-11,Meeting
1444,233,11,2025-11-29,Call
1445,233,11,2025-11-22,Meeting
1446,233,11,2025-11-29,Call
1447,233,11,2025-11-17,Call
1448,233,11,2025-11-13,Call
1449,233,11,2025-11-14,Email
1450,234,9,2024-07-17,Meeting
1451,234,9,2024-06-24,Call
1452,234,9,2024-06-11,Email
1453,234,9,2024-05-24,Call
1454,234,9,2024-06-23,Call
1455,234,9,2024-07-05,Meeting
1456,234,9,2024-06-28,Meeting
1457,234,9,2024-05-25,Demo
1458,234,9,2024-05-29,Email
1459,234,9,2024-07-08,Meeting
1460,234,9,2024-05-18,Email
1461,234,9,2024-07-12,Email
1462,234,9,2024-07-14,Email
1463,234,9,2024-05-31,Email
1464,234,9,2024-07-17,Email
1465,234,9,2024-06-28,Call
1466,235,9,2024-07-15,Email
1467,235,9,2024-07-21,Call
1468,235,9,2024-08-18,Meeting
1469,235,9,2024-09-01,Call
1470,235,9,2024-08-05,Email
1471,236,1,2024-07-23,Email
1472,236,1,2024-08-19,Email
1473,236,1,2024-10-06,Email
1474,236,1,2024-06-24,Meeting
1475,236,1,2024-08-27,Email
1476,236,1,2024-07-27,Email
1477,237,5,2024-08-28,Email
1478,237,5,2024-07-13,Call
1479,238,12,2025-06-13,Email
1480,238,12,2025-06-03,Email
1481,238,12,2025-06-05,Call
1482,238,12,2025-06-14,Email
1483,238,12,2025-06-13,Email
1484,239,9,2026-01-24,Email
1485,239,9,2025-12-30,Meeting
1486,240,11,2026-07-04,Email
1487,240,11,2026-07-18,Call
1488,240,11,2026-07-09,Email
1489,240,11,2026-07-13,Email
1490,240,11,2026-07-03,Meeting
1491,240,11,2026-07-18,Email
1492,240,11,2026-07-20,Call
1493,240,11,2026-06-29,Email
1494,240,11,2026-07-16,Call
1495,240,11,2026-07-10,Meeting
1496,240,11,2026-06-30,Email
1497,240,11,2026-07-08,Meeting
1498,241,7,2026-02-09,Email
1499,241,7,2026-02-21,Call
1500,241,7,2026-02-24,Email
1501,241,7,2026-02-15,Email
1502,241,7,2026-02-05,Meeting
1503,241,7,2026-03-10,Email
1504,242,13,2026-07-05,Demo
1505,242,13,2026-07-18,Demo
1506,242,13,2026-07-12,Email
1507,242,13,2026-07-05,Call
1508,242,13,2026-06-29,Call
1509,243,13,2025-11-05,Email
1510,243,13,2025-09-15,Call
1511,243,13,2025-11-01,Call
1512,243,13,2025-11-01,Email
1513,243,13,2025-09-12,Call
1514,243,13,2025-10-10,Call
1515,243,13,2025-10-10,Meeting
1516,243,13,2025-09-08,Call
1517,243,13,2025-10-01,Email
1518,244,7,2026-02-08,Email
1519,244,7,2026-02-08,Call
1520,244,7,2026-03-10,Call
1521,244,7,2026-02-12,Meeting
1522,244,7,2026-02-08,Call
1523,244,7,2026-03-13,Demo
1524,244,7,2026-03-04,Call
1525,244,7,2026-03-14,Meeting
1526,244,7,2026-03-16,Call
1527,244,7,2026-03-04,Email
1528,244,7,2026-03-22,Demo
1529,244,7,2026-02-04,Email
1530,244,7,2026-03-08,Call
1531,244,7,2026-03-21,Meeting
1532,244,7,2026-02-13,Call
1533,244,7,2026-02-17,Call
1534,245,2,2026-08-06,Email
1535,245,2,2026-09-16,Email
1536,245,2,2026-07-22,Call
1537,245,2,2026-06-26,Email
1538,245,2,2026-09-10,Email
1539,245,2,2026-07-03,Meeting
1540,245,2,2026-07-29,Call
1541,245,2,2026-09-05,Email
1542,245,2,2026-09-12,Meeting
1543,245,2,2026-09-08,Email
1544,245,2,2026-08-26,Call
1545,246,10,2025-10-24,Demo
1546,246,10,2025-10-23,Email
1547,246,10,2025-10-24,Email
1548,247,5,2026-04-06,Meeting
1549,247,5,2026-03-20,Email
1550,247,5,2026-04-14,Demo
1551,248,3,2026-01-03,Meeting
1552,248,3,2026-01-11,Email
1553,249,9,2025-04-01,Call
1554,249,9,2025-04-08,Call
1555,249,9,2025-04-04,Call
1556,249,9,2025-05-13,Meeting
1557,249,9,2025-04-01,Email
1558,250,11,2026-07-02,Email
1559,250,11,2026-07-16,Email
1560,250,11,2026-08-20,Email
1561,250,11,2026-08-13,Call
1562,251,14,2025-08-03,Email
1563,251,14,2025-08-12,Meeting
1564,252,12,2025-02-19,Call
1565,252,12,2025-02-25,Call
1566,252,12,2025-02-15,Email
1567,252,12,2025-03-05,Call
1568,253,8,2026-08-29,Email
1569,253,8,2026-09-26,Meeting
1570,253,8,2026-09-23,Call
1571,253,8,2026-09-21,Meeting
1572,253,8,2026-09-20,Email
1573,254,11,2024-07-25,Call
1574,254,11,2024-08-02,Email
1575,254,11,2024-08-01,Email
1576,254,11,2024-07-23,Email
1577,254,11,2024-08-01,Email
1578,254,11,2024-08-12,Call
1579,254,11,2024-08-05,Email
1580,254,11,2024-07-25,Call
1581,254,11,2024-08-15,Meeting
1582,254,11,2024-08-16,Email
1583,254,11,2024-07-31,Call
1584,254,11,2024-08-12,Call
1585,254,11,2024-08-12,Demo
1586,254,11,2024-07-31,Meeting
1587,255,6,2026-06-07,Call
1588,255,6,2026-04-23,Call
1589,255,6,2026-04-14,Call
1590,255,6,2026-04-13,Email
1591,256,7,2026-04-13,Email
1592,256,7,2026-04-22,Meeting
1593,256,7,2026-05-08,Call
1594,256,7,2026-04-24,Call
1595,256,7,2026-05-03,Meeting
1596,256,7,2026-04-26,Call
1597,256,7,2026-04-10,Meeting
1598,256,7,2026-04-25,Email
1599,256,7,2026-04-16,Demo
1600,256,7,2026-04-29,Demo
1601,256,7,2026-04-09,Call
1602,256,7,2026-04-16,Meeting
1603,256,7,2026-04-19,Email
1604,256,7,2026-04-30,Call
1605,256,7,2026-04-14,Email
1606,257,5,2026-09-08,Meeting
1607,257,5,2026-09-21,Call
1608,257,5,2026-09-04,Meeting
1609,257,5,2026-09-21,Email
1610,258,9,2025-03-28,Meeting
1611,258,9,2025-03-22,Email
1612,258,9,2025-06-17,Email
1613,258,9,2025-02-19,Meeting
1614,258,9,2025-05-25,Email
1615,259,10,2025-07-23,Meeting
1616,259,10,2025-07-13,Email
1617,259,10,2025-07-12,Email
1618,259,10,2025-07-22,Call
1619,260,2,2026-02-10,Email
1620,260,2,2026-02-13,Email
1621,260,2,2026-02-26,Email
1622,260,2,2026-02-16,Call
1623,260,2,2026-02-08,Call
1624,261,14,2024-07-04,Email
1625,261,14,2024-06-27,Email
1626,261,14,2024-07-09,Email
1627,262,14,2026-05-01,Email
1628,262,14,2026-04-23,Email
1629,262,14,2026-05-18,Meeting
1630,262,14,2026-04-27,Demo
1631,262,14,2026-04-17,Call
1632,262,14,2026-04-17,Meeting
1633,262,14,2026-05-09,Meeting
1634,263,2,2025-01-15,Email
1635,263,2,2024-11-29,Meeting
1636,263,2,2024-12-07,Demo
1637,263,2,2024-12-11,Call
1638,263,2,2024-11-29,Email
1639,263,2,2024-12-13,Email
1640,263,2,2025-01-13,Call
1641,263,2,2025-01-04,Call
1642,263,2,2025-01-02,Email
1643,264,10,2025-05-27,Meeting
1644,264,10,2025-05-19,Email
1645,264,10,2025-05-14,Email
1646,264,10,2025-05-21,Call
1647,264,10,2025-04-24,Call
1648,264,10,2025-05-19,Email
1649,264,10,2025-05-27,Call
1650,264,10,2025-04-25,Email
1651,264,10,2025-04-22,Call
1652,264,10,2025-05-16,Call
1653,265,10,2024-06-01,Email
1654,265,10,2024-05-12,Email
1655,265,10,2024-05-30,Email
1656,265,10,2024-05-30,Email
1657,265,10,2024-05-30,Call
1658,265,10,2024-05-11,Demo
1659,265,10,2024-05-31,Email
1660,265,10,2024-05-12,Call
1661,266,14,2024-04-29,Demo
1662,266,14,2024-05-03,Call
1663,266,14,2024-05-05,Meeting
1664,266,14,2024-05-01,Meeting
1665,266,14,2024-05-07,Email
1666,267,13,2026-08-08,Call
1667,268,2,2025-10-17,Email
1668,268,2,2025-10-07,Call
1669,268,2,2025-10-31,Call
1670,268,2,2025-09-19,Call
1671,268,2,2025-10-20,Call
1672,268,2,2025-09-19,Email
1673,268,2,2025-10-17,Meeting
1674,269,14,2026-08-05,Demo
1675,269,14,2026-08-11,Call
1676,269,14,2026-08-19,Meeting
1677,269,14,2026-07-20,Meeting
1678,269,14,2026-07-23,Demo
1679,269,14,2026-07-31,Email
1680,269,14,2026-08-04,Call
1681,270,14,2026-03-30,Email
1682,270,14,2026-03-12,Email
1683,270,14,2026-03-01,Email
1684,271,6,2025-03-06,Demo
1685,271,6,2025-02-25,Call
1686,271,6,2025-03-17,Email
1687,271,6,2025-03-19,Call
1688,271,6,2025-02-23,Email
1689,271,6,2025-04-07,Email
1690,271,6,2025-03-05,Call
1691,271,6,2025-03-04,Call
1692,271,6,2025-03-13,Email
1693,271,6,2025-03-27,Email
1694,271,6,2025-03-18,Meeting
1695,271,6,2025-03-19,Meeting
1696,271,6,2025-02-26,Email
1697,271,6,2025-04-13,Call
1698,272,6,2024-09-18,Email
1699,272,6,2024-10-28,Email
1700,272,6,2024-12-20,Call
1701,272,6,2024-10-29,Call
1702,272,6,2024-11-18,Demo
1703,272,6,2024-11-30,Demo
1704,272,6,2024-09-19,Call
1705,272,6,2024-10-24,Call
1706,273,1,2026-05-01,Call
1707,273,1,2026-03-24,Meeting
1708,273,1,2026-07-13,Call
1709,273,1,2026-06-26,Call
1710,273,1,2026-05-12,Meeting
1711,274,5,2025-09-10,Email
1712,274,5,2025-09-23,Demo
1713,274,5,2025-08-26,Meeting
1714,274,5,2025-09-13,Call
1715,274,5,2025-09-13,Email
1716,274,5,2025-09-23,Email
1717,275,13,2025-01-27,Email
1718,275,13,2025-02-01,Call
1719,275,13,2025-01-24,Call
1720,275,13,2025-02-04,Email
1721,276,11,2024-08-03,Call
1722,277,5,2026-01-01,Call
1723,277,5,2026-01-02,Email
1724,277,5,2026-01-23,Meeting
1725,278,10,2025-09-07,Demo
1726,278,10,2025-09-02,Email
1727,278,10,2025-09-07,Email
1728,278,10,2025-09-07,Email
1729,278,10,2025-09-05,Meeting
1730,278,10,2025-08-31,Email
1731,278,10,2025-08-31,Demo
1732,279,12,2024-06-27,Call
1733,279,12,2024-06-12,Email
1734,279,12,2024-07-03,Call
1735,279,12,2024-07-04,Email
1736,280,12,2024-11-04,Email
1737,280,12,2024-11-14,Email
1738,280,12,2024-11-12,Email
1739,280,12,2024-11-03,Call
1740,281,12,2024-11-22,Meeting
1741,281,12,2024-12-01,Email
1742,281,12,2024-11-24,Email
1743,281,12,2024-11-20,Demo
1744,281,12,2024-11-18,Demo
1745,281,12,2024-11-18,Call
1746,281,12,2024-12-01,Email
1747,281,12,2024-11-08,Call
1748,282,3,2024-10-29,Meeting
1749,282,3,2024-12-18,Demo
1750,282,3,2024-10-26,Call
1751,282,3,2024-12-17,Email
1752,282,3,2024-12-08,Meeting
1753,282,3,2024-10-25,Email
1754,282,3,2024-11-23,Email
1755,282,3,2024-11-03,Demo
1756,282,3,2024-12-02,Email
1757,282,3,2024-10-27,Meeting
1758,282,3,2024-11-19,Call
1759,282,3,2024-12-06,Email
1760,283,11,2026-03-23,Email
1761,283,11,2026-03-22,Meeting
1762,283,11,2026-03-24,Meeting
1763,283,11,2026-03-22,Call
1764,283,11,2026-03-18,Demo
1765,283,11,2026-03-13,Call
1766,283,11,2026-03-11,Meeting
1767,283,11,2026-03-21,Meeting
1768,283,11,2026-03-14,Demo
1769,283,11,2026-03-15,Email
1770,283,11,2026-03-24,Email
1771,283,11,2026-03-10,Email
1772,283,11,2026-03-14,Meeting
1773,283,11,2026-03-23,Call
1774,283,11,2026-03-06,Call
1775,283,11,2026-03-07,Email
1776,283,11,2026-03-08,Call
1777,283,11,2026-03-11,Call
1778,283,11,2026-03-16,Email
1779,283,11,2026-03-05,Meeting
1780,283,11,2026-03-17,Email
1781,284,8,2026-01-16,Meeting
1782,284,8,2026-01-23,Email
1783,284,8,2026-01-29,Demo
1784,285,5,2025-09-17,Email
1785,285,5,2025-09-15,Call
1786,285,5,2025-09-15,Email
1787,285,5,2025-10-12,Call
1788,286,13,2026-09-16,Call
1789,286,13,2026-09-10,Meeting
1790,287,14,2026-09-02,Email
1791,287,14,2026-08-20,Email
1792,287,14,2026-08-31,Call
1793,287,14,2026-08-26,Call
1794,287,14,2026-08-28,Email
1795,288,9,2026-01-01,Demo
1796,288,9,2025-12-20,Email
1797,288,9,2025-11-28,Meeting
1798,288,9,2025-12-29,Call
1799,288,9,2025-12-08,Meeting
1800,289,11,2026-07-21,Email
1801,289,11,2026-06-19,Meeting
1802,290,6,2024-05-20,Email
1803,290,6,2024-07-29,Meeting
1804,290,6,2024-07-16,Email
1805,290,6,2024-07-26,Email
1806,291,13,2024-05-28,Demo
1807,291,13,2024-05-16,Email
1808,291,13,2024-06-06,Email
1809,291,13,2024-06-06,Email
1810,292,13,2026-06-30,Call
1811,292,13,2026-06-30,Email
1812,292,13,2026-07-08,Call
1813,293,7,2025-04-26,Email
1814,293,7,2025-03-17,Meeting
1815,293,7,2025-04-19,Call
1816,293,7,2025-03-18,Email
1817,293,7,2025-03-22,Meeting
1818,293,7,2025-03-22,Email
1819,293,7,2025-04-14,Call
1820,294,2,2024-05-20,Email
1821,294,2,2024-07-04,Meeting
1822,294,2,2024-07-11,Email
1823,294,2,2024-08-17,Call
1824,295,9,2025-07-25,Email
1825,295,9,2025-09-01,Email
1826,295,9,2025-07-30,Demo
1827,295,9,2025-08-11,Meeting
1828,296,10,2024-12-17,Call
1829,296,10,2024-12-26,Call
1830,296,10,2024-12-27,Call
1831,297,13,2025-08-10,Meeting
1832,297,13,2025-08-10,Meeting
1833,297,13,2025-07-25,Call
1834,298,1,2026-09-28,Call
1835,298,1,2026-09-20,Email
1836,298,1,2026-09-15,Call
1837,298,1,2026-08-06,Call
1838,298,1,2026-08-18,Call
1839,298,1,2026-08-20,Email
1840,298,1,2026-09-21,Demo
1841,298,1,2026-09-01,Email
1842,298,1,2026-08-30,Email
1843,299,5,2025-07-23,Email
1844,299,5,2025-08-03,Call
1845,299,5,2025-07-22,Meeting
1846,300,9,2026-09-29,Meeting
1847,300,9,2026-09-20,Call
1848,300,9,2026-09-07,Email
1849,300,9,2026-09-14,Email
1850,301,13,2026-06-21,Demo
1851,301,13,2026-07-14,Email
1852,301,13,2026-06-29,Email
1853,301,13,2026-06-23,Email
1854,301,13,2026-07-08,Meeting
1855,301,13,2026-07-10,Call
1856,301,13,2026-07-17,Meeting
1857,302,8,2025-04-30,Email
1858,302,8,2025-05-04,Email
1859,302,8,2025-05-25,Email
1860,303,7,2024-12-28,Meeting
1861,303,7,2025-01-08,Call
1862,303,7,2024-12-23,Email
1863,303,7,2025-01-17,Call
1864,303,7,2025-01-22,Email
1865,303,7,2025-01-20,Call
1866,303,7,2025-01-22,Call
1867,303,7,2024-12-25,Email
1868,304,12,2025-03-22,Demo
1869,304,12,2025-04-07,Meeting
1870,304,12,2025-03-25,Call
1871,305,6,2024-04-15,Email
1872,305,6,2024-05-01,Call
1873,305,6,2024-04-27,Email
1874,305,6,2024-05-12,Call
1875,305,6,2024-04-29,Email
1876,305,6,2024-04-15,Call
1877,305,6,2024-04-29,Demo
1878,305,6,2024-05-14,Email
1879,305,6,2024-04-22,Call
1880,306,6,2025-11-18,Meeting
1881,306,6,2025-12-02,Email
1882,306,6,2025-11-20,Call
1883,306,6,2025-11-20,Email
1884,306,6,2025-11-13,Meeting
1885,306,6,2025-11-16,Email
1886,306,6,2025-11-16,Call
1887,306,6,2025-11-27,Email
1888,306,6,2025-12-01,Email
1889,306,6,2025-11-25,Email
1890,306,6,2025-11-09,Call
1891,307,8,2025-07-20,Call
1892,307,8,2025-08-04,Call
1893,307,8,2025-07-16,Call
1894,308,9,2025-06-19,Call
1895,308,9,2025-06-17,Call
1896,308,9,2025-06-17,Meeting
1897,309,5,2026-05-09,Email
1898,309,5,2026-07-04,Email
1899,309,5,2026-07-22,Call
1900,309,5,2026-06-15,Meeting
1901,309,5,2026-07-30,Meeting
1902,309,5,2026-07-29,Email
1903,310,14,2025-08-10,Email
1904,310,14,2025-08-16,Email
1905,310,14,2025-08-08,Email
1906,310,14,2025-08-10,Call
1907,310,14,2025-08-06,Email
1908,311,13,2026-05-08,Call
1909,312,1,2024-09-03,Email
1910,312,1,2024-10-22,Call
1911,312,1,2024-08-18,Call
1912,312,1,2024-09-12,Meeting
1913,312,1,2024-10-18,Meeting
1914,312,1,2024-09-22,Call
1915,312,1,2024-09-01,Demo
1916,312,1,2024-08-14,Call
1917,312,1,2024-08-21,Call
1918,312,1,2024-08-29,Call
1919,312,1,2024-08-20,Call
1920,312,1,2024-08-14,Email
1921,312,1,2024-10-28,Call
1922,312,1,2024-08-16,Email
1923,312,1,2024-09-28,Meeting
1924,312,1,2024-08-18,Email
1925,312,1,2024-10-25,Email
1926,313,14,2025-12-15,Email
1927,313,14,2025-12-08,Email
1928,313,14,2025-12-05,Email
1929,313,14,2025-12-17,Meeting
1930,314,6,2026-09-21,Email
1931,314,6,2026-09-12,Call
1932,314,6,2026-09-25,Meeting
1933,315,13,2026-09-16,Meeting
1934,315,13,2026-09-26,Meeting
1935,316,12,2025-02-25,Call
1936,316,12,2025-02-13,Email
1937,316,12,2025-02-09,Call
1938,316,12,2025-02-11,Call
1939,316,12,2025-02-12,Call
1940,316,12,2025-02-09,Demo
1941,318,5,2025-02-13,Email
1942,318,5,2025-02-19,Meeting
1943,318,5,2025-02-25,Email
1944,319,3,2025-12-20,Call
1945,319,3,2025-12-25,Call
1946,319,3,2025-11-19,Call
1947,319,3,2025-12-12,Call
1948,319,3,2025-09-19,Call
1949,319,3,2025-11-11,Meeting
1950,319,3,2025-10-09,Meeting
1951,319,3,2025-11-02,Call
1952,319,3,2026-01-07,Email
1953,319,3,2025-12-21,Email
1954,319,3,2026-01-19,Call
1955,320,5,2024-10-10,Call
1956,320,5,2024-10-05,Call
1957,320,5,2024-10-10,Email
1958,320,5,2024-10-19,Email
1959,320,5,2024-10-22,Call
1960,320,5,2024-10-31,Call
1961,320,5,2024-10-07,Call
1962,320,5,2024-11-23,Email
1963,320,5,2024-12-03,Meeting
1964,320,5,2024-10-20,Call
1965,320,5,2024-12-01,Meeting
1966,320,5,2024-10-15,Email
1967,320,5,2024-11-28,Demo
1968,320,5,2024-11-09,Call
1969,320,5,2024-11-28,Call
1970,320,5,2024-11-29,Email
1971,321,6,2026-05-28,Call
1972,321,6,2026-04-21,Call
1973,322,5,2025-03-03,Call
1974,322,5,2025-02-22,Call
1975,322,5,2025-04-26,Meeting
1976,322,5,2025-03-04,Meeting
1977,322,5,2025-04-16,Demo
1978,322,5,2025-02-26,Call
1979,322,5,2025-02-28,Email
1980,322,5,2025-04-01,Demo
1981,323,3,2025-02-05,Email
1982,323,3,2025-04-21,Call
1983,323,3,2025-07-03,Call
1984,323,3,2025-07-22,Call
1985,323,3,2024-12-30,Email
1986,323,3,2025-06-09,Email
1987,323,3,2025-05-22,Email
1988,324,5,2026-09-28,Meeting
1989,324,5,2026-09-25,Email
1990,325,14,2024-12-19,Email
1991,325,14,2025-01-01,Email
1992,325,14,2024-12-30,Call
1993,325,14,2024-12-04,Call
1994,326,14,2025-09-12,Email
1995,326,14,2025-09-21,Meeting
1996,326,14,2025-09-21,Call
1997,326,14,2025-09-25,Email
1998,326,14,2025-09-16,Call
1999,326,14,2025-09-21,Email
2000,326,14,2025-09-19,Call
2001,326,14,2025-09-27,Meeting
2002,327,9,2025-10-13,Demo
2003,327,9,2025-10-24,Call
2004,327,9,2025-10-04,Email
2005,327,9,2025-11-07,Call
2006,327,9,2025-11-11,Email
2007,327,9,2025-11-06,Email
2008,327,9,2025-11-11,Meeting
2009,327,9,2025-11-07,Meeting
2010,327,9,2025-10-15,Call
2011,327,9,2025-11-12,Meeting
2012,327,9,2025-10-20,Demo
2013,327,9,2025-10-26,Demo
2014,328,8,2026-06-10,Meeting
2015,328,8,2026-06-25,Email
2016,328,8,2026-08-26,Demo
2017,328,8,2026-07-26,Call
2018,328,8,2026-06-08,Email
2019,328,8,2026-08-29,Email
2020,329,14,2025-07-31,Email
2021,329,14,2025-09-01,Call
2022,329,14,2025-08-01,Email
2023,329,14,2025-08-26,Call
2024,330,6,2025-01-31,Email
2025,330,6,2025-01-07,Meeting
2026,330,6,2025-01-05,Call
2027,330,6,2025-01-03,Call
2028,330,6,2024-12-30,Call
2029,330,6,2025-01-13,Email
2030,330,6,2025-02-07,Email
2031,330,6,2025-01-07,Call
2032,331,12,2024-12-28,Email
2033,331,12,2024-12-20,Call
2034,331,12,2024-12-16,Call
2035,331,12,2024-12-23,Meeting
2036,331,12,2024-12-14,Call
2037,331,12,2024-12-23,Demo
2038,331,12,2025-01-05,Email
2039,332,14,2024-03-05,Demo
2040,332,14,2024-02-15,Call
2041,333,13,2024-11-01,Email
2042,333,13,2024-10-25,Email
2043,334,10,2026-05-17,Call
2044,334,10,2026-03-29,Email
2045,334,10,2026-05-19,Email
2046,334,10,2026-04-12,Email
2047,334,10,2026-05-13,Call
2048,334,10,2026-04-30,Meeting
2049,334,10,2026-04-08,Email
2050,334,10,2026-03-25,Email
2051,335,10,2024-12-25,Call
2052,335,10,2024-12-24,Meeting
2053,336,13,2024-02-11,Email
2054,336,13,2024-02-21,Email
2055,336,13,2024-02-17,Email
2056,336,13,2024-02-16,Demo
2057,336,13,2024-02-17,Demo
2058,336,13,2024-02-16,Email
2059,336,13,2024-02-11,Call
2060,337,11,2026-05-07,Call
2061,337,11,2026-05-18,Meeting
2062,337,11,2026-05-05,Email
2063,338,14,2024-04-05,Email
2064,338,14,2024-04-05,Call
2065,339,13,2026-03-29,Meeting
2066,339,13,2026-03-15,Meeting
2067,339,13,2026-03-22,Demo
2068,339,13,2026-03-18,Call
2069,339,13,2026-03-25,Email
2070,339,13,2026-03-30,Email
2071,339,13,2026-03-26,Meeting
2072,339,13,2026-03-30,Meeting
2073,340,13,2025-06-10,Call
2074,340,13,2025-06-07,Meeting
2075,340,13,2025-06-12,Demo
2076,340,13,2025-06-16,Email
2077,340,13,2025-06-08,Email
2078,340,13,2025-06-14,Email
2079,340,13,2025-06-25,Meeting
2080,341,11,2026-09-28,Email
2081,341,11,2026-09-25,Call
2082,341,11,2026-09-29,Email
2083,342,11,2025-12-12,Meeting
2084,342,11,2025-12-09,Call
2085,342,11,2025-11-26,Email
2086,342,11,2025-12-18,Meeting
2087,342,11,2025-12-21,Call
2088,342,11,2025-12-10,Call
2089,342,11,2025-12-21,Email
2090,342,11,2025-11-26,Email
2091,342,11,2025-12-01,Email
2092,343,6,2024-08-06,Call
2093,343,6,2024-08-12,Email
2094,343,6,2024-08-06,Email
2095,343,6,2024-08-05,Email
2096,343,6,2024-08-22,Meeting
2097,343,6,2024-08-25,Call
2098,343,6,2024-08-05,Email
2099,343,6,2024-08-11,Call
2100,344,13,2026-06-16,Meeting
2101,344,13,2026-06-09,Meeting
2102,344,13,2026-06-20,Email
2103,344,13,2026-05-29,Call
2104,344,13,2026-06-22,Call
2105,345,14,2025-05-04,Call
2106,345,14,2025-05-02,Email
2107,345,14,2025-04-30,Meeting
2108,345,14,2025-04-08,Meeting
2109,345,14,2025-05-01,Email
2110,345,14,2025-04-16,Call
2111,346,9,2026-09-28,Call
2112,346,9,2026-09-29,Call
2113,346,9,2026-09-28,Demo
2114,346,9,2026-09-28,Call
2115,346,9,2026-09-28,Email
2116,346,9,2026-09-27,Email
2117,346,9,2026-09-29,Email
2118,347,8,2025-10-26,Call
2119,347,8,2025-12-07,Call
2120,347,8,2025-10-24,Call
2121,347,8,2025-10-02,Meeting
2122,347,8,2025-10-26,Email
2123,348,14,2026-05-11,Meeting
2124,348,14,2026-05-14,Call
2125,348,14,2026-05-08,Call
2126,349,2,2026-08-12,Call
2127,349,2,2026-07-27,Email
2128,349,2,2026-09-22,Call
2129,349,2,2026-08-15,Email
2130,349,2,2026-08-25,Email
2131,350,4,2025-07-07,Email
2132,350,4,2025-06-10,Email
2133,350,4,2025-07-16,Call
2134,350,4,2025-07-09,Email
2135,351,7,2024-06-26,Call
2136,351,7,2024-05-10,Call
2137,351,7,2024-06-02,Call
2138,351,7,2024-07-02,Email
2139,351,7,2024-07-06,Email
2140,351,7,2024-05-14,Email
2141,351,7,2024-05-09,Call
2142,351,7,2024-07-06,Call
2143,351,7,2024-06-02,Call
2144,351,7,2024-06-13,Email
2145,351,7,2024-05-17,Email
2146,352,3,2024-06-11,Email
2147,352,3,2024-05-16,Email
2148,352,3,2024-06-05,Meeting
2149,352,3,2024-06-05,Meeting
2150,352,3,2024-06-19,Email
2151,352,3,2024-05-10,Call
2152,352,3,2024-06-25,Call
2153,352,3,2024-05-10,Email
2154,352,3,2024-06-29,Meeting
2155,352,3,2024-06-23,Meeting
2156,352,3,2024-05-10,Email
2157,352,3,2024-05-15,Email
2158,352,3,2024-07-04,Email
2159,353,1,2024-10-05,Email
2160,353,1,2024-10-14,Email
2161,353,1,2024-08-09,Call
2162,353,1,2024-09-22,Meeting
2163,353,1,2024-10-06,Email
2164,353,1,2024-09-10,Call
2165,353,1,2024-10-29,Email
2166,353,1,2024-09-28,Email
2167,353,1,2024-09-07,Call
2168,353,1,2024-08-20,Demo
2169,353,1,2024-10-15,Demo
2170,353,1,2024-08-17,Email
2171,353,1,2024-08-13,Meeting
2172,353,1,2024-08-18,Call
2173,355,9,2024-11-29,Email
2174,355,9,2024-10-05,Call
2175,355,9,2024-12-25,Call
2176,355,9,2024-11-14,Email
2177,355,9,2025-01-11,Meeting
2178,355,9,2025-01-24,Call
2179,355,9,2024-10-27,Email
2180,355,9,2024-10-08,Demo
2181,355,9,2024-12-15,Call
2182,355,9,2024-09-05,Call
2183,356,1,2025-11-03,Demo
2184,356,1,2025-10-12,Email
2185,356,1,2025-09-26,Email
2186,356,1,2025-11-19,Meeting
2187,356,1,2025-11-26,Email
2188,356,1,2025-11-05,Email
2189,356,1,2025-11-15,Email
2190,356,1,2025-09-20,Demo
2191,356,1,2025-10-11,Email
2192,356,1,2025-11-07,Email
2193,356,1,2025-10-25,Meeting
2194,356,1,2025-10-02,Meeting
2195,357,6,2025-07-18,Email
2196,357,6,2025-08-11,Email
2197,357,6,2025-08-06,Call
2198,357,6,2025-07-31,Demo
2199,357,6,2025-09-02,Email
2200,357,6,2025-07-08,Call
2201,359,2,2024-08-03,Email
2202,359,2,2024-08-17,Call
2203,359,2,2024-07-29,Email
2204,359,2,2024-05-27,Call
2205,359,2,2024-06-15,Call
2206,359,2,2024-08-26,Meeting
2207,359,2,2024-06-09,Email
2208,359,2,2024-08-26,Meeting
2209,360,14,2025-09-09,Meeting
2210,360,14,2025-09-11,Meeting
2211,360,14,2025-09-18,Call
2212,360,14,2025-09-12,Email
2213,360,14,2025-09-09,Email
2214,360,14,2025-09-20,Demo
2215,360,14,2025-09-21,Meeting
2216,360,14,2025-09-18,Demo
2217,360,14,2025-09-21,Call
2218,360,14,2025-09-20,Meeting
2219,360,14,2025-09-16,Meeting
2220,360,14,2025-09-14,Email
2221,360,14,2025-09-13,Demo
2222,360,14,2025-09-18,Call
2223,361,11,2025-12-05,Email
2224,361,11,2025-12-14,Email
2225,361,11,2025-12-14,Email
2226,361,11,2025-12-07,Demo
2227,361,11,2025-12-04,Email
2228,361,11,2025-12-05,Demo
2229,361,11,2025-12-08,Meeting
2230,361,11,2025-12-07,Demo
2231,361,11,2025-12-09,Demo
2232,361,11,2025-12-10,Call
2233,361,11,2025-12-13,Call
2234,361,11,2025-12-11,Call
2235,361,11,2025-12-14,Email
2236,362,5,2026-08-23,Call
2237,362,5,2026-09-02,Email
2238,362,5,2026-09-01,Call
2239,362,5,2026-09-17,Call
2240,363,6,2026-04-06,Email
2241,363,6,2026-05-17,Call
2242,363,6,2026-05-28,Email
2243,363,6,2026-04-10,Email
2244,363,6,2026-05-26,Call
2245,363,6,2026-05-15,Meeting
2246,363,6,2026-05-12,Demo
2247,363,6,2026-04-13,Email
2248,364,6,2025-12-26,Call
2249,364,6,2025-12-25,Email
2250,364,6,2026-01-19,Call
2251,364,6,2026-01-19,Email
2252,365,4,2024-11-06,Call
2253,365,4,2024-11-13,Meeting
2254,365,4,2024-11-26,Call
2255,365,4,2024-10-21,Call
2256,365,4,2024-10-19,Demo
2257,365,4,2024-10-08,Meeting
2258,365,4,2024-11-03,Email
2259,365,4,2024-11-27,Call
2260,365,4,2024-11-26,Email
2261,365,4,2025-01-15,Email
2262,365,4,2024-11-18,Call
2263,365,4,2024-12-16,Meeting
2264,366,10,2025-07-12,Meeting
2265,366,10,2025-07-13,Call
2266,366,10,2025-07-14,Meeting
2267,366,10,2025-07-16,Email
2268,366,10,2025-07-10,Email
2269,366,10,2025-07-08,Call
2270,366,10,2025-07-08,Email
2271,366,10,2025-07-27,Email
2272,367,11,2026-03-02,Call
2273,367,11,2026-03-19,Email
2274,367,11,2026-02-18,Call
2275,367,11,2026-03-20,Call
2276,368,2,2025-07-31,Call
2277,368,2,2025-07-19,Demo
2278,368,2,2025-07-19,Email
2279,368,2,2025-10-09,Meeting
2280,368,2,2025-10-14,Email
2281,368,2,2025-09-05,Call
2282,368,2,2025-10-01,Email
2283,368,2,2025-08-30,Call
2284,368,2,2025-08-07,Email
2285,369,5,2024-06-18,Email
2286,369,5,2024-06-13,Call
2287,369,5,2024-05-22,Email
2288,369,5,2024-06-05,Email
2289,369,5,2024-06-14,Email
2290,369,5,2024-06-08,Call
2291,369,5,2024-06-06,Email
2292,369,5,2024-06-03,Email
2293,369,5,2024-06-17,Call
2294,369,5,2024-05-24,Email
2295,369,5,2024-06-19,Meeting
2296,369,5,2024-06-02,Meeting
2297,369,5,2024-06-02,Call
2298,369,5,2024-05-25,Email
2299,369,5,2024-06-13,Email
2300,370,7,2025-07-21,Email
2301,370,7,2025-09-19,Email
2302,370,7,2025-10-18,Email
2303,370,7,2025-10-04,Email
2304,370,7,2025-11-21,Call
2305,370,7,2025-10-27,Call
2306,370,7,2025-07-29,Call
2307,370,7,2025-09-29,Call
2308,370,7,2025-07-21,Email
2309,370,7,2025-08-09,Email
2310,371,7,2025-08-19,Call
2311,373,7,2026-07-17,Meeting
2312,373,7,2026-07-18,Email
2313,373,7,2026-07-29,Meeting
2314,373,7,2026-07-14,Call
2315,373,7,2026-07-15,Meeting
2316,373,7,2026-07-12,Call
2317,373,7,2026-07-21,Call
2318,374,11,2025-04-17,Demo
2319,374,11,2025-04-21,Email
2320,375,7,2026-02-21,Email
2321,375,7,2026-01-27,Call
2322,375,7,2026-02-18,Email
2323,375,7,2026-03-06,Call
2324,375,7,2026-02-27,Email
2325,375,7,2026-01-23,Call
2326,375,7,2026-01-13,Call
2327,375,7,2026-02-04,Email
2328,375,7,2026-02-27,Call
2329,375,7,2026-03-08,Email
2330,376,12,2025-03-03,Call
2331,376,12,2025-04-10,Call
2332,376,12,2025-03-30,Meeting
2333,376,12,2025-04-02,Meeting
2334,377,10,2024-04-17,Email
2335,377,10,2024-04-16,Email
2336,377,10,2024-04-23,Call
2337,377,10,2024-04-25,Call
2338,377,10,2024-04-17,Email
2339,377,10,2024-04-19,Meeting
2340,378,10,2026-01-14,Call
2341,378,10,2026-01-14,Email
2342,378,10,2026-01-20,Email
2343,378,10,2025-12-16,Email
2344,378,10,2026-01-08,Demo
2345,379,10,2025-12-27,Email
2346,379,10,2026-01-09,Call
2347,379,10,2026-01-10,Meeting
2348,379,10,2025-12-28,Email
2349,380,4,2026-09-03,Call
2350,380,4,2026-08-17,Call
2351,380,4,2026-09-01,Meeting
2352,380,4,2026-08-25,Call
2353,380,4,2026-09-12,Meeting
2354,380,4,2026-08-17,Call
2355,380,4,2026-08-17,Meeting
2356,380,4,2026-08-29,Call
2357,381,10,2024-06-30,Meeting
2358,381,10,2024-06-24,Meeting
2359,381,10,2024-06-19,Email
2360,381,10,2024-06-12,Email
2361,381,10,2024-07-12,Call
2362,381,10,2024-07-11,Email
2363,383,11,2026-03-24,Meeting
2364,383,11,2026-03-12,Email
2365,383,11,2026-03-11,Demo
2366,383,11,2026-03-24,Email
2367,383,11,2026-03-06,Call
2368,383,11,2026-03-06,Email
2369,383,11,2026-03-07,Call
2370,383,11,2026-03-12,Meeting
2371,384,14,2026-07-09,Meeting
2372,384,14,2026-07-04,Email
2373,384,14,2026-07-05,Email
2374,385,6,2026-09-25,Call
2375,385,6,2026-09-24,Call
2376,385,6,2026-09-22,Call
2377,385,6,2026-09-28,Meeting
2378,385,6,2026-09-22,Meeting
2379,385,6,2026-09-23,Call
2380,386,10,2025-03-26,Email
2381,386,10,2025-03-30,Call
2382,386,10,2025-04-08,Call
2383,386,10,2025-03-07,Email
2384,386,10,2025-03-05,Call
2385,386,10,2025-03-21,Call
2386,386,10,2025-04-01,Call
2387,386,10,2025-03-22,Email
2388,386,10,2025-02-25,Email
2389,386,10,2025-04-11,Demo
2390,386,10,2025-04-01,Email
2391,387,7,2025-05-18,Call
2392,387,7,2025-05-20,Call
2393,387,7,2025-04-08,Meeting
2394,387,7,2025-05-12,Email
2395,387,7,2025-05-05,Call
2396,387,7,2025-04-13,Email
2397,388,13,2026-09-25,Call
2398,388,13,2026-09-27,Call
2399,388,13,2026-09-27,Email
2400,388,13,2026-09-29,Email
2401,389,14,2026-06-26,Meeting
2402,389,14,2026-06-23,Call
2403,389,14,2026-06-14,Email
2404,390,12,2026-08-15,Email
2405,390,12,2026-08-17,Call
2406,390,12,2026-08-17,Call
2407,391,10,2026-06-24,Email
2408,391,10,2026-07-08,Email
2409,391,10,2026-06-29,Meeting
2410,391,10,2026-06-19,Meeting
2411,391,10,2026-06-23,Meeting
2412,391,10,2026-06-22,Call
2413,392,1,2024-02-24,Call
2414,392,1,2024-03-22,Call
2415,392,1,2024-03-23,Email
2416,393,2,2026-05-31,Meeting
2417,393,2,2026-06-11,Email
2418,393,2,2026-04-21,Email
2419,393,2,2026-06-01,Call
2420,393,2,2026-06-02,Call
2421,393,2,2026-05-11,Email
2422,393,2,2026-04-05,Call
2423,393,2,2026-05-04,Email
2424,393,2,2026-04-28,Email
2425,393,2,2026-04-09,Call
2426,394,7,2026-07-22,Call
2427,394,7,2026-07-16,Call
2428,394,7,2026-07-11,Email
2429,394,7,2026-06-18,Demo
2430,394,7,2026-07-23,Email
2431,394,7,2026-06-29,Email
2432,394,7,2026-07-20,Meeting
2433,395,7,2026-08-16,Call
2434,395,7,2026-08-25,Email
2435,395,7,2026-09-03,Meeting
2436,395,7,2026-09-13,Email
2437,395,7,2026-09-18,Call
2438,395,7,2026-08-04,Call
2439,396,13,2026-01-17,Email
2440,396,13,2026-01-10,Email
2441,396,13,2026-01-13,Email
2442,396,13,2026-01-15,Meeting
2443,396,13,2026-01-16,Email
2444,397,13,2026-05-18,Email
2445,397,13,2026-06-11,Email
2446,397,13,2026-06-07,Email
2447,397,13,2026-06-13,Meeting
2448,397,13,2026-06-06,Call
2449,398,13,2024-12-14,Meeting
2450,398,13,2025-01-03,Email
2451,398,13,2025-02-12,Call
2452,398,13,2025-01-07,Meeting
2453,398,13,2025-02-04,Call
2454,398,13,2025-01-24,Email
2455,398,13,2025-01-09,Demo
2456,398,13,2024-11-14,Meeting
2457,398,13,2025-02-03,Email
2458,398,13,2025-02-24,Email
2459,398,13,2024-12-21,Meeting
2460,399,14,2026-07-13,Call
2461,399,14,2026-07-17,Call
2462,399,14,2026-07-19,Call
2463,400,6,2024-06-09,Call
2464,400,6,2024-05-26,Call
2465,400,6,2024-05-31,Email
2466,400,6,2024-05-14,Meeting
2467,400,6,2024-05-18,Meeting
2468,400,6,2024-06-23,Call
2469,400,6,2024-05-13,Call
2470,400,6,2024-05-20,Meeting
2471,400,6,2024-05-29,Call
2472,400,6,2024-05-11,Email
2473,400,6,2024-05-21,Demo
2474,400,6,2024-06-23,Email
2475,400,6,2024-06-06,Call
2476,400,6,2024-07-04,Demo
2477,400,6,2024-06-28,Call
2478,401,12,2024-12-19,Call
2479,401,12,2024-12-20,Call
2480,401,12,2024-12-27,Email
2481,401,12,2024-12-29,Email
2482,401,12,2024-12-17,Email
2483,401,12,2024-12-19,Call
2484,401,12,2024-12-14,Meeting
2485,401,12,2024-12-30,Demo
2486,401,12,2024-12-28,Meeting
2487,401,12,2024-12-28,Call
2488,401,12,2024-12-26,Email
2489,401,12,2024-12-20,Meeting
2490,402,13,2024-04-26,Email
2491,402,13,2024-04-28,Demo
2492,403,8,2026-04-07,Call
2493,403,8,2026-05-22,Call
2494,403,8,2026-05-16,Email
2495,403,8,2026-05-05,Email
2496,404,12,2025-08-06,Demo
2497,404,12,2025-07-28,Email
2498,404,12,2025-08-14,Meeting
2499,404,12,2025-08-16,Email
2500,404,12,2025-08-03,Meeting
2501,404,12,2025-07-29,Meeting
2502,404,12,2025-08-09,Email
2503,404,12,2025-08-10,Email
2504,405,1,2025-10-24,Meeting
2505,405,1,2025-09-26,Call
2506,405,1,2025-10-21,Call
2507,405,1,2025-10-24,Call
2508,405,1,2025-10-18,Email
2509,405,1,2025-10-08,Email
2510,405,1,2025-10-18,Call
2511,405,1,2025-09-27,Call
2512,405,1,2025-10-17,Meeting
2513,405,1,2025-10-24,Email
2514,405,1,2025-10-27,Email
2515,405,1,2025-10-17,Call
2516,406,14,2024-09-21,Demo
2517,406,14,2024-09-14,Meeting
2518,406,14,2024-09-10,Meeting
2519,406,14,2024-09-16,Email
2520,406,14,2024-09-10,Email
2521,407,9,2025-05-08,Email
2522,407,9,2025-04-28,Meeting
2523,407,9,2025-05-19,Meeting
2524,407,9,2025-04-14,Email
2525,407,9,2025-05-17,Call
2526,407,9,2025-04-19,Email
2527,407,9,2025-04-21,Email
2528,407,9,2025-05-07,Email
2529,407,9,2025-04-24,Call
2530,408,1,2025-06-01,Email
2531,408,1,2025-05-23,Call
2532,408,1,2025-05-28,Email
2533,408,1,2025-03-15,Email
2534,408,1,2025-08-24,Call
2535,409,11,2024-08-16,Meeting
2536,409,11,2024-08-19,Call
2537,410,9,2026-05-24,Meeting
2538,410,9,2026-05-19,Email
2539,410,9,2026-05-25,Email
2540,411,9,2025-01-08,Email
2541,411,9,2024-12-30,Meeting
2542,411,9,2025-01-14,Demo
2543,411,9,2025-02-10,Call
2544,411,9,2025-01-21,Email
2545,412,8,2024-08-23,Meeting
2546,412,8,2024-09-07,Email
2547,412,8,2024-09-06,Email
2548,412,8,2024-08-22,Email
2549,412,8,2024-08-20,Email
2550,412,8,2024-08-25,Call
2551,412,8,2024-09-06,Call
2552,412,8,2024-09-08,Call
2553,412,8,2024-09-01,Email
2554,412,8,2024-08-22,Demo
2555,412,8,2024-08-26,Email
2556,412,8,2024-09-03,Email
2557,412,8,2024-09-13,Call
2558,412,8,2024-09-07,Email
2559,412,8,2024-09-08,Email
2560,412,8,2024-08-26,Call
2561,412,8,2024-09-01,Meeting
2562,412,8,2024-09-06,Email
2563,412,8,2024-09-06,Email
2564,412,8,2024-08-22,Call
2565,413,12,2025-07-07,Meeting
2566,413,12,2025-06-14,Call
2567,413,12,2025-07-09,Email
2568,413,12,2025-06-25,Email
2569,413,12,2025-06-23,Email
2570,414,14,2025-12-15,Meeting
2571,414,14,2026-01-02,Call
2572,414,14,2026-01-01,Email
2573,415,8,2025-03-24,Email
2574,415,8,2025-04-03,Email
2575,415,8,2025-04-26,Call
2576,415,8,2025-03-25,Call
2577,415,8,2025-03-27,Email
2578,415,8,2025-03-27,Call
2579,416,6,2025-12-11,Meeting
2580,416,6,2025-12-04,Email
2581,416,6,2026-01-02,Call
2582,416,6,2026-01-03,Email
2583,416,6,2026-01-01,Email
2584,417,9,2024-09-27,Call
2585,417,9,2024-11-04,Email
2586,417,9,2024-10-30,Call
2587,417,9,2024-10-25,Email
2588,417,9,2024-10-11,Email
2589,417,9,2024-11-05,Email
2590,417,9,2024-11-09,Call
2591,418,14,2024-06-07,Email
2592,418,14,2024-06-14,Email
2593,418,14,2024-06-29,Call
2594,418,14,2024-05-28,Email
2595,418,14,2024-06-15,Call
2596,418,14,2024-06-10,Email
2597,419,8,2024-12-20,Email
2598,419,8,2024-11-18,Call
2599,419,8,2024-11-30,Call
2600,419,8,2024-12-13,Call
2601,419,8,2024-11-11,Demo
2602,419,8,2024-12-25,Email
2603,419,8,2024-11-16,Call
2604,419,8,2024-12-06,Email
2605,419,8,2024-11-10,Demo
2606,419,8,2024-12-24,Email
2607,419,8,2024-12-16,Email
2608,420,8,2026-09-17,Email
2609,420,8,2026-09-14,Demo
2610,420,8,2026-09-18,Call
2611,420,8,2026-09-10,Email
2612,421,6,2026-09-25,Email
2613,421,6,2026-09-28,Demo
2614,421,6,2026-09-25,Email
2615,421,6,2026-09-26,Demo
2616,421,6,2026-09-25,Call
2617,421,6,2026-09-27,Call
2618,422,13,2024-04-28,Call
2619,422,13,2024-05-13,Email
2620,422,13,2024-05-18,Email
2621,423,9,2025-12-25,Email
2622,423,9,2025-12-25,Meeting
2623,423,9,2025-12-13,Call
2624,423,9,2026-01-13,Email
2625,423,9,2025-12-13,Email
2626,423,9,2026-01-11,Meeting
2627,423,9,2025-12-10,Meeting
2628,423,9,2026-01-03,Email
2629,423,9,2026-01-04,Demo
2630,423,9,2026-01-12,Call
2631,423,9,2025-12-23,Call
2632,423,9,2025-12-30,Email
2633,423,9,2025-12-16,Call
2634,424,13,2025-10-10,Meeting
2635,424,13,2025-11-08,Call
2636,425,14,2024-11-02,Call
2637,425,14,2024-11-02,Email
2638,425,14,2024-11-04,Meeting
2639,425,14,2024-11-03,Meeting
2640,425,14,2024-10-29,Email
2641,425,14,2024-10-30,Demo
2642,425,14,2024-10-26,Email
2643,426,1,2025-08-17,Call
2644,426,1,2025-05-25,Call
2645,426,1,2025-06-08,Email
2646,426,1,2025-07-16,Email
2647,426,1,2025-07-18,Call
2648,426,1,2025-07-02,Email
2649,426,1,2025-08-14,Meeting
2650,426,1,2025-05-31,Call
2651,426,1,2025-07-31,Meeting
2652,426,1,2025-07-25,Call
2653,426,1,2025-05-22,Meeting
2654,427,13,2024-11-21,Meeting
2655,427,13,2024-11-28,Call
2656,427,13,2024-11-29,Email
2657,427,13,2024-11-22,Email
2658,428,2,2025-10-05,Call
2659,428,2,2025-11-09,Call
2660,428,2,2025-12-06,Email
2661,428,2,2025-11-21,Meeting
2662,428,2,2025-12-19,Call
2663,428,2,2025-11-14,Call
2664,428,2,2025-10-14,Email
2665,428,2,2025-11-16,Email
2666,428,2,2025-11-09,Call
2667,428,2,2025-12-09,Meeting
2668,429,12,2025-10-31,Call
2669,429,12,2025-11-02,Meeting
2670,430,4,2025-08-16,Meeting
2671,430,4,2025-09-10,Call
2672,430,4,2025-07-29,Call
2673,430,4,2025-09-10,Email
2674,430,4,2025-09-18,Call
2675,430,4,2025-09-02,Meeting
2676,430,4,2025-07-31,Call
2677,430,4,2025-09-25,Email
2678,431,5,2026-08-02,Email
2679,431,5,2026-08-28,Call
2680,431,5,2026-08-20,Email
2681,432,8,2025-08-09,Call
2682,432,8,2025-08-16,Call
2683,432,8,2025-09-12,Meeting
2684,432,8,2025-09-18,Call
2685,432,8,2025-09-26,Email
2686,432,8,2025-08-08,Email
2687,432,8,2025-09-09,Call
2688,432,8,2025-09-07,Call
2689,433,14,2026-05-30,Call
2690,433,14,2026-05-29,Call
2691,433,14,2026-06-06,Demo
2692,434,4,2025-01-20,Email
2693,434,4,2025-02-20,Meeting
2694,434,4,2025-01-16,Demo
2695,434,4,2025-02-03,Call
2696,434,4,2024-12-23,Email
2697,434,4,2025-02-17,Meeting
2698,434,4,2024-12-21,Call
2699,435,13,2026-05-25,Call
2700,435,13,2026-05-27,Email
2701,435,13,2026-05-29,Email
2702,435,13,2026-06-16,Email
2703,435,13,2026-06-17,Call
2704,436,13,2024-03-24,Call
2705,436,13,2024-03-27,Meeting
2706,436,13,2024-03-28,Email
2707,436,13,2024-03-20,Call
2708,436,13,2024-03-31,Meeting
2709,436,13,2024-03-22,Email
2710,437,3,2024-11-09,Email
2711,437,3,2024-11-01,Call
2712,437,3,2024-10-12,Call
2713,437,3,2024-09-28,Call
2714,438,14,2025-07-21,Email
2715,438,14,2025-08-08,Email
2716,438,14,2025-08-12,Email
2717,438,14,2025-08-07,Meeting
2718,438,14,2025-07-28,Email
2719,438,14,2025-07-22,Meeting
2720,438,14,2025-07-21,Demo
2721,438,14,2025-08-11,Call
2722,438,14,2025-07-25,Meeting
2723,438,14,2025-08-11,Demo
2724,439,11,2025-09-06,Email
2725,439,11,2025-08-04,Demo
2726,439,11,2025-09-02,Call
2727,439,11,2025-08-07,Email
2728,440,2,2025-05-24,Email
2729,440,2,2025-03-10,Email
2730,440,2,2025-03-26,Meeting
2731,440,2,2025-04-07,Email
2732,440,2,2025-02-07,Email
2733,440,2,2025-03-01,Call
2734,441,13,2025-08-03,Call
2735,441,13,2025-08-10,Call
2736,441,13,2025-08-06,Call
2737,441,13,2025-08-12,Email
2738,441,13,2025-08-01,Meeting
2739,441,13,2025-08-12,Email
2740,442,14,2024-03-19,Email
2741,442,14,2024-03-07,Call
2742,442,14,2024-03-23,Call
2743,442,14,2024-02-10,Demo
2744,443,5,2025-09-27,Email
2745,444,14,2024-03-25,Demo
2746,444,14,2024-03-20,Call
2747,445,2,2026-03-30,Demo
2748,445,2,2026-05-15,Call
2749,445,2,2026-05-15,Email
2750,445,2,2026-03-06,Demo
2751,445,2,2026-05-06,Call
2752,445,2,2026-05-24,Email
2753,446,11,2024-11-03,Meeting
2754,446,11,2024-11-26,Meeting
2755,446,11,2024-11-21,Demo
2756,446,11,2024-10-27,Call
2757,446,11,2024-11-22,Email
2758,446,11,2024-11-08,Call
2759,446,11,2024-11-15,Call
2760,446,11,2024-10-31,Demo
2761,447,5,2026-01-14,Meeting
2762,447,5,2026-01-16,Email
2763,447,5,2026-01-17,Email
2764,447,5,2026-01-14,Email
2765,447,5,2025-12-13,Call
2766,448,3,2026-05-22,Meeting
2767,448,3,2026-03-14,Call
2768,448,3,2026-05-04,Email
2769,448,3,2026-05-15,Email
2770,448,3,2026-04-25,Meeting
2771,448,3,2026-05-21,Email
2772,449,3,2024-03-19,Call
2773,449,3,2024-04-28,Meeting
2774,449,3,2024-03-10,Email
2775,449,3,2024-06-18,Email
2776,449,3,2024-06-04,Call
2777,449,3,2024-03-31,Meeting
2778,449,3,2024-05-07,Call
2779,449,3,2024-05-18,Email
2780,449,3,2024-03-29,Meeting
2781,449,3,2024-04-21,Email
2782,450,2,2026-03-06,Call
2783,450,2,2026-04-24,Email
2784,450,2,2026-04-12,Demo
2785,450,2,2026-04-08,Call
2786,450,2,2026-03-10,Meeting
2787,450,2,2026-04-16,Email
2788,450,2,2026-03-21,Call
2789,450,2,2026-04-11,Email
2790,450,2,2026-03-07,Meeting
2791,450,2,2026-03-28,Meeting
2792,451,3,2026-04-09,Call
2793,451,3,2026-04-18,Email
2794,451,3,2026-05-17,Email
2795,451,3,2026-05-04,Demo
2796,451,3,2026-05-13,Email
2797,452,7,2024-06-19,Email
2798,452,7,2024-06-24,Email
2799,452,7,2024-07-22,Email
2800,453,11,2024-12-06,Call
2801,453,11,2024-11-15,Email
2802,453,11,2024-12-12,Email
2803,454,12,2026-09-08,Email
2804,454,12,2026-08-28,Call
2805,454,12,2026-09-04,Email
2806,454,12,2026-09-08,Email
2807,454,12,2026-08-29,Email
2808,454,12,2026-08-31,Email
2809,454,12,2026-09-01,Email
2810,454,12,2026-08-28,Email
2811,455,14,2025-11-01,Email
2812,455,14,2025-11-18,Meeting
2813,455,14,2025-11-06,Demo
2814,455,14,2025-11-15,Email
2815,456,8,2025-05-28,Email
2816,456,8,2025-08-19,Demo
2817,456,8,2025-05-11,Call
2818,456,8,2025-08-15,Email
2819,456,8,2025-06-14,Demo
2820,456,8,2025-06-05,Email
2821,456,8,2025-07-08,Email
2822,456,8,2025-07-13,Call
2823,456,8,2025-05-29,Call
2824,457,9,2026-03-19,Call
2825,457,9,2026-03-24,Email
2826,458,6,2026-04-06,Call
2827,458,6,2026-05-04,Email
2828,458,6,2026-04-07,Call
2829,458,6,2026-03-17,Email
2830,458,6,2026-04-09,Email
2831,458,6,2026-04-28,Call
2832,459,13,2025-05-15,Email
2833,459,13,2025-06-02,Call
2834,459,13,2025-05-17,Email
2835,460,3,2026-07-05,Email
2836,460,3,2026-06-23,Meeting
2837,460,3,2026-06-16,Demo
2838,460,3,2026-05-14,Email
2839,460,3,2026-06-16,Call
2840,460,3,2026-02-04,Meeting
2841,460,3,2026-06-05,Email
2842,460,3,2026-05-27,Meeting
2843,460,3,2026-02-10,Email
2844,460,3,2026-02-27,Email
2845,460,3,2026-05-17,Call
2846,460,3,2026-05-07,Email
2847,461,14,2024-07-06,Call
2848,461,14,2024-06-29,Call
2849,461,14,2024-06-27,Email
2850,461,14,2024-06-25,Demo
2851,462,5,2025-02-17,Email
2852,462,5,2025-04-27,Call
2853,462,5,2025-03-30,Email
2854,462,5,2025-05-10,Meeting
2855,462,5,2025-02-28,Email
2856,462,5,2025-02-10,Email
2857,462,5,2025-02-23,Email
2858,462,5,2025-02-14,Meeting
2859,462,5,2025-01-21,Meeting
2860,462,5,2025-05-22,Demo
2861,462,5,2025-05-11,Email
2862,463,12,2024-05-13,Email
2863,463,12,2024-04-29,Email
2864,463,12,2024-05-10,Email
2865,463,12,2024-04-21,Meeting
2866,463,12,2024-05-07,Email
2867,463,12,2024-04-30,Call
2868,463,12,2024-04-28,Call
2869,463,12,2024-05-05,Call
2870,463,12,2024-04-20,Call
2871,463,12,2024-05-06,Email
2872,463,12,2024-04-26,Meeting
2873,463,12,2024-05-05,Demo
2874,463,12,2024-04-28,Email
2875,464,9,2025-11-02,Call
2876,464,9,2025-11-26,Email
2877,464,9,2025-10-30,Email
2878,464,9,2025-11-24,Meeting
2879,464,9,2025-10-30,Demo
2880,464,9,2025-11-18,Email
2881,464,9,2025-10-07,Meeting
2882,464,9,2025-10-30,Call
2883,464,9,2025-09-26,Call
2884,464,9,2025-10-15,Demo
2885,464,9,2025-11-22,Email
2886,464,9,2025-10-03,Call
2887,464,9,2025-11-12,Meeting
2888,464,9,2025-11-19,Meeting
2889,464,9,2025-11-21,Email
2890,464,9,2025-10-31,Email
2891,464,9,2025-11-12,Meeting
2892,464,9,2025-09-27,Call
2893,464,9,2025-10-25,Meeting
2894,465,6,2025-12-20,Meeting
2895,465,6,2026-01-28,Call
2896,465,6,2025-12-22,Call
2897,465,6,2026-01-09,Email
2898,465,6,2025-12-26,Call
2899,465,6,2026-01-22,Meeting
2900,465,6,2026-01-20,Email
2901,465,6,2025-12-25,Email
2902,465,6,2025-12-20,Demo
2903,465,6,2026-01-12,Email
2904,465,6,2026-01-25,Email
2905,465,6,2026-01-16,Call
2906,465,6,2025-12-29,Call
2907,465,6,2026-01-03,Call
2908,465,6,2026-01-11,Call
2909,466,2,2024-07-11,Email
2910,466,2,2024-10-27,Call
2911,466,2,2024-08-09,Email
2912,466,2,2024-10-26,Call
2913,466,2,2024-07-27,Meeting
2914,466,2,2024-10-23,Call
2915,466,2,2024-08-03,Call
2916,466,2,2024-10-19,Email
2917,466,2,2024-10-20,Email
2918,466,2,2024-09-17,Email
2919,466,2,2024-07-31,Email
2920,466,2,2024-09-10,Email
2921,467,4,2026-02-13,Call
2922,467,4,2026-02-04,Email
2923,467,4,2026-01-14,Call
2924,467,4,2026-01-18,Meeting
2925,467,4,2025-12-20,Email
2926,467,4,2026-01-29,Email
2927,467,4,2025-12-26,Call
2928,467,4,2026-01-07,Meeting
2929,467,4,2026-02-14,Email
2930,467,4,2026-01-02,Email
2931,468,5,2026-08-30,Call
2932,468,5,2026-08-24,Call
2933,468,5,2026-08-23,Meeting
2934,468,5,2026-08-26,Email
2935,469,3,2026-07-23,Call
2936,469,3,2026-09-17,Call
2937,469,3,2026-08-17,Call
2938,469,3,2026-08-17,Call
2939,470,13,2025-04-14,Meeting
2940,470,13,2025-04-08,Email
2941,470,13,2025-04-01,Email
2942,470,13,2025-04-03,Call
2943,470,13,2025-04-15,Call
2944,471,9,2024-05-10,Meeting
2945,471,9,2024-05-27,Call
2946,471,9,2024-06-06,Call
2947,472,6,2025-02-07,Call
2948,472,6,2025-02-23,Email
2949,472,6,2025-03-14,Meeting
2950,472,6,2025-03-17,Call
2951,472,6,2025-02-26,Email
2952,472,6,2025-02-10,Call
2953,473,13,2024-06-24,Meeting
2954,473,13,2024-07-06,Email
2955,473,13,2024-06-26,Call
2956,473,13,2024-06-14,Email
2957,473,13,2024-06-20,Meeting
2958,473,13,2024-07-08,Call
2959,473,13,2024-06-17,Call
2960,473,13,2024-07-02,Meeting
2961,473,13,2024-07-05,Demo
2962,473,13,2024-06-22,Demo
2963,474,13,2026-07-11,Meeting
2964,474,13,2026-07-05,Demo
2965,474,13,2026-07-06,Meeting
2966,474,13,2026-07-09,Email
2967,475,4,2024-09-04,Call
2968,475,4,2024-10-22,Call
2969,475,4,2024-09-15,Email
2970,475,4,2024-10-24,Call
2971,475,4,2024-10-26,Email
2972,475,4,2024-10-11,Call
2973,476,6,2025-08-18,Call
2974,476,6,2025-08-03,Email
2975,476,6,2025-08-15,Call
2976,476,6,2025-08-19,Demo
2977,476,6,2025-07-22,Call
2978,476,6,2025-08-17,Meeting
2979,476,6,2025-08-06,Email
2980,477,13,2026-04-06,Email
2981,477,13,2026-04-06,Meeting
2982,477,13,2026-04-13,Demo
2983,477,13,2026-04-18,Email
2984,478,8,2026-01-01,Email
2985,478,8,2026-02-04,Meeting
2986,478,8,2026-01-13,Call
2987,478,8,2026-01-04,Call
2988,478,8,2026-01-25,Email
2989,478,8,2026-01-30,Call
2990,478,8,2026-01-24,Call
2991,478,8,2026-01-12,Meeting
2992,478,8,2026-01-25,Meeting
2993,478,8,2026-02-05,Call
2994,478,8,2026-01-16,Call
2995,479,11,2025-03-31,Meeting
2996,479,11,2025-04-05,Meeting
2997,479,11,2025-03-30,Email
2998,479,11,2025-04-04,Call
2999,479,11,2025-03-31,Email
3000,479,11,2025-04-10,Call
3001,479,11,2025-04-12,Call
3002,479,11,2025-04-08,Email
3003,479,11,2025-03-30,Call
3004,479,11,2025-03-28,Call
3005,480,10,2026-08-05,Meeting
3006,480,10,2026-08-10,Call
3007,480,10,2026-08-10,Call
3008,480,10,2026-08-02,Call
3009,480,10,2026-08-08,Meeting
3010,480,10,2026-08-09,Email
3011,480,10,2026-07-30,Email
3012,481,9,2024-11-28,Call
3013,481,9,2024-12-10,Call
3014,481,9,2024-11-27,Meeting
3015,481,9,2024-11-21,Call
3016,481,9,2024-12-16,Call
3017,481,9,2024-12-22,Email
3018,481,9,2024-12-03,Demo
3019,481,9,2024-12-09,Email
3020,482,13,2025-04-29,Email
3021,482,13,2025-04-25,Call
3022,482,13,2025-04-21,Demo
3023,482,13,2025-04-23,Email
3024,482,13,2025-04-11,Call
3025,482,13,2025-04-11,Call
3026,482,13,2025-04-06,Email
3027,482,13,2025-04-21,Call
3028,482,13,2025-04-13,Meeting
3029,482,13,2025-04-19,Email
3030,482,13,2025-04-10,Email
3031,483,10,2026-06-18,Email
3032,483,10,2026-06-17,Email
3033,483,10,2026-06-15,Meeting
3034,483,10,2026-07-25,Call
3035,483,10,2026-06-20,Call
3036,483,10,2026-06-23,Email
3037,483,10,2026-07-17,Meeting
3038,483,10,2026-08-26,Call
3039,483,10,2026-07-05,Call
3040,483,10,2026-07-26,Meeting
3041,483,10,2026-08-11,Call
3042,483,10,2026-06-22,Meeting
3043,483,10,2026-07-15,Email
3044,483,10,2026-07-16,Email
3045,484,9,2025-01-03,Call
3046,484,9,2025-01-02,Call
3047,484,9,2024-12-21,Call
3048,484,9,2024-12-23,Call
3049,484,9,2024-12-24,Meeting
3050,484,9,2024-12-31,Meeting
3051,484,9,2024-12-25,Call
3052,484,9,2024-12-23,Email
3053,484,9,2024-12-24,Demo
3054,484,9,2025-01-05,Email
3055,484,9,2025-01-05,Call
3056,484,9,2024-12-24,Meeting
3057,484,9,2024-12-19,Call
3058,484,9,2024-12-19,Demo
3059,484,9,2025-01-06,Meeting
3060,484,9,2024-12-27,Email
3061,485,14,2026-09-27,Email
3062,485,14,2026-09-27,Email
3063,485,14,2026-09-28,Email
3064,485,14,2026-09-29,Call
3065,485,14,2026-09-28,Call
3066,486,11,2026-01-07,Email
3067,486,11,2026-02-01,Email
3068,486,11,2026-01-03,Call
3069,486,11,2026-01-28,Email
3070,486,11,2026-01-28,Email
3071,487,8,2025-07-13,Meeting
3072,487,8,2025-06-22,Email
3073,487,8,2025-06-19,Email
3074,488,12,2026-08-09,Email
3075,488,12,2026-08-25,Demo
3076,488,12,2026-08-17,Meeting
3077,488,12,2026-08-20,Email
3078,489,4,2025-09-23,Email
3079,489,4,2025-09-13,Call
3080,489,4,2025-11-07,Call
3081,489,4,2025-10-05,Demo
3082,489,4,2025-09-12,Email
3083,489,4,2025-11-10,Email
3084,490,10,2025-12-03,Email
3085,490,10,2025-12-02,Meeting
3086,490,10,2025-12-12,Call
3087,490,10,2025-11-30,Call
3088,491,5,2026-09-27,Call
3089,491,5,2026-09-14,Call
3090,493,6,2025-02-10,Email
3091,493,6,2025-02-06,Email
3092,493,6,2025-02-07,Meeting
3093,493,6,2025-02-20,Call
3094,493,6,2025-02-09,Meeting
3095,493,6,2025-01-29,Email
3096,493,6,2025-02-15,Meeting
3097,494,4,2024-09-08,Email
3098,494,4,2024-08-01,Call
3099,494,4,2024-08-25,Email
3100,494,4,2024-09-23,Meeting
3101,494,4,2024-08-15,Call
3102,494,4,2024-08-31,Email
3103,494,4,2024-09-22,Meeting
3104,495,5,2024-09-18,Meeting
3105,495,5,2024-10-05,Call
3106,495,5,2024-10-09,Demo
3107,495,5,2024-09-24,Call
3108,496,2,2025-08-12,Call
3109,496,2,2026-02-14,Call
3110,496,2,2025-09-17,Call
3111,496,2,2026-04-03,Call
3112,497,12,2026-09-28,Meeting
3113,497,12,2026-09-18,Demo
3114,497,12,2026-09-28,Call
3115,497,12,2026-09-29,Call
3116,498,8,2024-08-19,Call
3117,498,8,2024-09-03,Email
3118,498,8,2024-08-01,Email
3119,498,8,2024-08-21,Email
3120,498,8,2024-08-04,Email
3121,498,8,2024-08-07,Call
3122,498,8,2024-08-04,Email
3123,499,5,2026-09-24,Email
3124,499,5,2026-09-08,Call
3125,499,5,2026-09-03,Call
3126,499,5,2026-09-02,Email
3127,500,6,2025-05-19,Email
3128,500,6,2025-06-04,Call
3129,500,6,2025-05-09,Email
3130,500,6,2025-05-28,Email
3131,500,6,2025-05-15,Call
3132,500,6,2025-06-08,Call
3133,500,6,2025-06-01,Call
3134,501,9,2025-10-22,Meeting
3135,501,9,2025-10-22,Call
3136,501,9,2025-10-02,Meeting
3137,502,1,2024-08-15,Meeting
3138,502,1,2024-09-19,Meeting
3139,502,1,2024-07-18,Meeting
3140,502,1,2024-08-03,Demo
3141,502,1,2024-08-27,Email
3142,502,1,2024-07-25,Email
3143,503,12,2025-02-06,Call
3144,503,12,2025-02-05,Email
3145,503,12,2025-01-27,Email
3146,503,12,2025-01-30,Call
3147,503,12,2025-02-02,Call
3148,503,12,2025-01-30,Call
3149,503,12,2025-01-28,Call
3150,503,12,2025-02-02,Meeting
3151,503,12,2025-02-06,Call
3152,503,12,2025-02-07,Call
3153,503,12,2025-02-04,Meeting
3154,503,12,2025-01-27,Email
3155,504,14,2026-07-28,Email
3156,504,14,2026-07-26,Demo
3157,504,14,2026-07-22,Meeting
3158,504,14,2026-07-17,Meeting
3159,504,14,2026-07-29,Demo
3160,504,14,2026-07-22,Email
3161,504,14,2026-07-19,Meeting
3162,504,14,2026-07-20,Call
3163,505,11,2026-08-12,Email
3164,505,11,2026-08-08,Meeting
3165,505,11,2026-08-05,Email
3166,505,11,2026-08-13,Call
3167,505,11,2026-07-29,Demo
3168,505,11,2026-08-10,Call
3169,505,11,2026-08-02,Email
3170,505,11,2026-08-13,Call
3171,505,11,2026-07-29,Email
3172,506,10,2024-12-03,Call
3173,506,10,2024-12-19,Email
3174,506,10,2024-12-09,Email
3175,506,10,2024-12-18,Call
3176,507,6,2024-04-04,Email
3177,507,6,2024-01-30,Email
3178,507,6,2024-02-20,Call
3179,507,6,2024-03-02,Call
3180,507,6,2024-01-30,Email
3181,507,6,2024-03-09,Demo
3182,507,6,2024-02-02,Call
3183,507,6,2024-04-07,Email
3184,507,6,2024-03-18,Email
3185,507,6,2024-02-13,Call
3186,508,8,2026-07-18,Email
3187,508,8,2026-07-03,Email
3188,509,5,2024-08-26,Call
3189,509,5,2024-08-22,Email
3190,509,5,2024-07-11,Call
3191,509,5,2024-07-21,Meeting
3192,510,7,2025-04-19,Meeting
3193,510,7,2025-05-09,Email
3194,510,7,2025-03-12,Call
3195,510,7,2025-03-31,Call
3196,510,7,2025-04-18,Email
3197,511,7,2026-09-01,Call
3198,511,7,2026-09-04,Email
3199,511,7,2026-09-22,Meeting
3200,511,7,2026-08-29,Call
3201,511,7,2026-08-24,Demo
3202,511,7,2026-09-02,Call
3203,511,7,2026-09-13,Call
3204,511,7,2026-08-15,Call
3205,511,7,2026-08-24,Email
3206,512,4,2026-04-27,Email
3207,512,4,2026-04-25,Call
3208,512,4,2026-05-12,Email
3209,512,4,2026-04-19,Email
3210,512,4,2026-05-05,Call
3211,512,4,2026-05-15,Demo
3212,512,4,2026-05-26,Email
3213,512,4,2026-05-14,Meeting
3214,513,14,2024-12-22,Email
3215,513,14,2024-12-16,Meeting
3216,514,9,2026-08-24,Demo
3217,514,9,2026-08-24,Call
3218,514,9,2026-08-14,Call
3219,514,9,2026-09-08,Email
3220,514,9,2026-09-02,Email
3221,514,9,2026-08-05,Call
3222,514,9,2026-09-07,Email
3223,515,6,2024-11-07,Email
3224,515,6,2025-01-08,Email
3225,515,6,2024-12-22,Call
3226,515,6,2024-11-10,Call
3227,515,6,2024-12-19,Demo
3228,515,6,2024-12-20,Call
3229,515,6,2025-01-03,Meeting
3230,515,6,2025-01-01,Email
3231,515,6,2025-01-04,Call
3232,516,10,2024-10-05,Demo
3233,516,10,2024-09-26,Meeting
3234,516,10,2024-10-01,Email
3235,516,10,2024-09-29,Email
3236,516,10,2024-10-11,Email
3237,516,10,2024-09-25,Meeting
3238,516,10,2024-10-02,Email
3239,516,10,2024-09-26,Meeting
3240,516,10,2024-10-03,Call
3241,516,10,2024-10-05,Call
3242,517,13,2025-09-13,Call
3243,517,13,2025-09-12,Meeting
3244,517,13,2025-09-18,Email
3245,517,13,2025-09-11,Email
3246,518,8,2024-03-17,Call
3247,518,8,2024-03-07,Call
3248,519,13,2024-02-25,Demo
3249,519,13,2024-03-05,Call
3250,519,13,2024-02-26,Demo
3251,519,13,2024-03-08,Meeting
3252,519,13,2024-03-04,Call
3253,520,9,2025-07-15,Call
3254,520,9,2025-07-26,Meeting
3255,520,9,2025-07-19,Email
3256,521,11,2024-08-20,Call
3257,521,11,2024-08-25,Email
3258,521,11,2024-08-22,Meeting
3259,521,11,2024-08-18,Email
3260,522,4,2024-12-31,Call
3261,522,4,2025-02-22,Call
3262,522,4,2025-01-11,Call
3263,523,7,2024-07-30,Call
3264,523,7,2024-07-15,Email
3265,523,7,2024-08-27,Call
3266,523,7,2024-08-19,Meeting
3267,523,7,2024-08-08,Email
3268,523,7,2024-08-24,Meeting
3269,523,7,2024-08-17,Email
3270,523,7,2024-08-06,Meeting
3271,524,14,2025-12-15,Email
3272,524,14,2025-12-14,Meeting
3273,524,14,2025-12-01,Call
3274,524,14,2025-12-05,Email
3275,524,14,2025-12-13,Call
3276,524,14,2025-12-10,Email
3277,524,14,2025-11-30,Call
3278,524,14,2025-12-05,Email
3279,524,14,2025-12-03,Call
3280,524,14,2025-12-13,Email
3281,525,5,2024-04-04,Demo
3282,525,5,2024-02-17,Demo
3283,525,5,2024-02-08,Meeting
3284,526,11,2026-08-01,Email
3285,526,11,2026-07-31,Email
3286,526,11,2026-07-17,Email
3287,526,11,2026-08-02,Meeting
3288,527,9,2026-05-10,Email
3289,527,9,2026-05-03,Email
3290,527,9,2026-05-09,Call
3291,527,9,2026-05-16,Email
3292,527,9,2026-04-28,Call
3293,528,11,2026-05-25,Meeting
3294,528,11,2026-05-10,Email
3295,528,11,2026-05-11,Call
3296,528,11,2026-05-25,Email
3297,528,11,2026-05-26,Email
3298,528,11,2026-05-21,Email
3299,529,5,2024-12-31,Email
3300,529,5,2024-12-25,Email
3301,529,5,2024-12-23,Email
3302,529,5,2024-12-24,Demo
3303,529,5,2024-12-28,Call
3304,529,5,2024-12-04,Call
3305,529,5,2024-12-01,Email
3306,530,1,2025-08-17,Call
3307,530,1,2025-10-07,Email
3308,530,1,2025-10-05,Call
3309,530,1,2025-09-03,Email
3310,530,1,2025-10-11,Call
3311,530,1,2025-09-23,Meeting
3312,530,1,2025-09-15,Call
3313,530,1,2025-09-13,Email
3314,531,1,2025-08-24,Demo
3315,531,1,2025-08-17,Email
3316,531,1,2025-08-15,Call
3317,531,1,2025-09-04,Call
3318,531,1,2025-08-23,Demo
3319,532,2,2025-01-28,Call
3320,532,2,2025-03-27,Call
3321,532,2,2025-03-21,Call
3322,532,2,2025-02-23,Email
3323,532,2,2025-02-09,Meeting
3324,533,6,2024-12-18,Email
3325,533,6,2024-12-04,Meeting
3326,533,6,2024-10-25,Call
3327,534,3,2026-03-31,Meeting
3328,534,3,2026-05-03,Email
3329,534,3,2026-05-09,Email
3330,534,3,2026-06-01,Demo
3331,534,3,2026-06-03,Call
3332,535,7,2026-02-26,Call
3333,535,7,2026-04-02,Email
3334,535,7,2026-04-01,Email
3335,535,7,2026-03-17,Email
3336,535,7,2026-03-09,Email
3337,535,7,2026-03-02,Email
3338,535,7,2026-04-08,Meeting
3339,535,7,2026-04-02,Call
3340,536,1,2026-02-14,Call
3341,536,1,2026-05-18,Email
3342,536,1,2026-03-28,Email
3343,536,1,2026-03-22,Email
3344,536,1,2026-05-21,Demo
3345,536,1,2026-01-29,Call
3346,536,1,2026-04-30,Email
3347,536,1,2026-01-19,Email
3348,536,1,2026-01-18,Call
3349,536,1,2026-03-24,Email
3350,536,1,2026-01-30,Email
3351,537,14,2024-04-03,Email
3352,538,13,2024-04-28,Demo
3353,538,13,2024-04-23,Email
3354,538,13,2024-05-15,Meeting
3355,539,9,2026-01-19,Email
3356,539,9,2026-01-15,Meeting
3357,539,9,2026-01-27,Call
3358,539,9,2026-02-02,Email
3359,540,8,2025-07-23,Call
3360,540,8,2025-07-05,Email
3361,540,8,2025-07-10,Meeting
3362,540,8,2025-07-14,Call
3363,540,8,2025-07-16,Email
3364,540,8,2025-07-17,Call
3365,540,8,2025-07-11,Meeting
3366,540,8,2025-07-22,Email
3367,540,8,2025-07-06,Call
3368,540,8,2025-07-15,Email
3369,542,5,2025-12-17,Call
3370,542,5,2025-12-22,Email
3371,542,5,2025-12-15,Call
3372,542,5,2025-12-26,Call
3373,542,5,2025-11-24,Call
3374,543,12,2024-03-29,Call
3375,543,12,2024-04-11,Meeting
3376,543,12,2024-03-30,Email
3377,543,12,2024-04-10,Call
3378,543,12,2024-04-30,Email
3379,543,12,2024-03-21,Email
3380,543,12,2024-04-22,Email
3381,543,12,2024-03-25,Email
3382,543,12,2024-04-24,Meeting
3383,543,12,2024-04-29,Email
3384,544,5,2025-03-30,Email
3385,544,5,2025-04-16,Demo
3386,544,5,2025-03-25,Meeting
3387,544,5,2025-04-16,Call
3388,544,5,2025-03-26,Demo
3389,545,11,2025-12-02,Meeting
3390,545,11,2025-12-04,Email
3391,546,12,2025-12-25,Call
3392,546,12,2025-12-23,Email
3393,546,12,2025-12-17,Email
3394,546,12,2025-12-24,Email
3395,547,6,2026-03-02,Call
3396,547,6,2026-03-23,Call
3397,547,6,2026-02-25,Call
3398,547,6,2026-02-23,Email
3399,547,6,2026-03-11,Call
3400,548,12,2026-03-27,Meeting
3401,548,12,2026-04-23,Demo
3402,548,12,2026-04-04,Call
3403,548,12,2026-04-21,Meeting
3404,548,12,2026-04-03,Call
3405,549,12,2026-08-21,Call
3406,549,12,2026-08-10,Email
3407,549,12,2026-07-28,Call
3408,549,12,2026-08-15,Email
3409,549,12,2026-08-13,Meeting
3410,549,12,2026-08-07,Email
3411,549,12,2026-08-30,Demo
3412,549,12,2026-09-07,Email
3413,549,12,2026-08-26,Call
3414,550,3,2025-12-29,Email
3415,550,3,2025-12-29,Call
3416,550,3,2026-01-11,Email
3417,550,3,2026-01-20,Demo
3418,551,12,2024-11-10,Call
3419,551,12,2024-11-10,Call
3420,551,12,2024-11-19,Meeting
3421,551,12,2024-11-26,Email
3422,551,12,2024-11-08,Call
3423,551,12,2024-11-29,Call
3424,551,12,2024-12-01,Email
3425,551,12,2024-11-10,Meeting
3426,551,12,2024-12-05,Email
3427,551,12,2024-11-01,Call
3428,552,8,2025-10-18,Email
3429,552,8,2025-12-30,Demo
3430,552,8,2025-12-30,Email
3431,552,8,2025-10-11,Email
3432,553,14,2025-09-09,Email
3433,553,14,2025-08-21,Email
3434,553,14,2025-09-12,Demo
3435,553,14,2025-08-23,Email
3436,554,1,2026-07-17,Call
3437,554,1,2026-09-24,Email
3438,554,1,2026-09-23,Call
3439,554,1,2026-07-21,Call
3440,554,1,2026-08-27,Meeting
3441,554,1,2026-07-24,Meeting
3442,554,1,2026-09-19,Email
3443,554,1,2026-09-13,Meeting
3444,555,13,2024-03-17,Call
3445,555,13,2024-03-19,Email
3446,555,13,2024-03-18,Email
3447,555,13,2024-03-02,Email
3448,555,13,2024-03-16,Call
3449,555,13,2024-03-15,Call
3450,556,5,2025-01-03,Demo
3451,556,5,2024-11-21,Meeting
3452,556,5,2024-11-22,Meeting
3453,557,3,2026-08-10,Email
3454,557,3,2026-09-08,Demo
3455,557,3,2026-07-05,Meeting
3456,557,3,2026-06-23,Email
3457,557,3,2026-07-04,Call
3458,558,13,2026-04-27,Call
3459,558,13,2026-04-12,Email
3460,559,12,2024-10-03,Email
3461,559,12,2024-10-13,Email
3462,560,3,2026-05-16,Call
3463,560,3,2026-05-27,Email
3464,560,3,2026-05-28,Demo
3465,560,3,2026-04-11,Call
3466,560,3,2026-04-15,Email
3467,560,3,2026-04-12,Call
3468,560,3,2026-06-13,Call
3469,560,3,2026-04-28,Call
3470,560,3,2026-04-25,Call
3471,560,3,2026-04-21,Call
3472,560,3,2026-04-25,Email
3473,560,3,2026-04-10,Email
3474,560,3,2026-04-10,Email
3475,560,3,2026-06-14,Call
3476,561,11,2025-11-25,Call
3477,561,11,2025-11-13,Email
3478,561,11,2025-11-10,Call
3479,561,11,2025-11-12,Email
3480,562,6,2024-10-06,Email
3481,562,6,2024-09-24,Email
3482,562,6,2024-09-24,Meeting
3483,562,6,2024-10-01,Call
3484,562,6,2024-09-04,Demo
3485,562,6,2024-09-12,Meeting
3486,563,14,2024-12-31,Call
3487,563,14,2025-01-08,Email
3488,563,14,2025-01-09,Email
3489,563,14,2025-01-18,Call
3490,563,14,2025-01-06,Email
3491,564,1,2024-11-30,Email
3492,564,1,2024-10-26,Call
3493,564,1,2024-12-22,Demo
3494,564,1,2024-12-13,Call
3495,564,1,2024-12-27,Call
3496,564,1,2024-10-26,Email
3497,564,1,2025-01-08,Call
3498,564,1,2024-11-29,Email
3499,564,1,2024-12-22,Email
3500,564,1,2024-10-15,Call
3501,564,1,2025-01-07,Email
3502,564,1,2024-12-18,Email
3503,565,6,2025-06-30,Call
3504,565,6,2025-08-20,Demo
3505,565,6,2025-08-18,Call
3506,565,6,2025-06-27,Call
3507,565,6,2025-06-15,Call
3508,565,6,2025-08-30,Call
3509,565,6,2025-08-23,Email
3510,565,6,2025-08-29,Call
3511,565,6,2025-06-20,Email
3512,566,12,2025-09-03,Email
3513,566,12,2025-08-16,Email
3514,566,12,2025-09-01,Email
3515,566,12,2025-08-29,Meeting
3516,567,13,2025-01-12,Meeting
3517,567,13,2025-01-11,Email
3518,567,13,2025-01-18,Email
3519,567,13,2025-01-25,Call
3520,568,6,2025-08-12,Call
3521,568,6,2025-06-24,Call
3522,568,6,2025-07-27,Email
3523,568,6,2025-08-08,Demo
3524,568,6,2025-07-06,Email
3525,568,6,2025-07-30,Demo
3526,568,6,2025-08-22,Meeting
3527,568,6,2025-07-29,Call
3528,569,11,2026-07-29,Meeting
3529,569,11,2026-07-23,Email
3530,569,11,2026-07-23,Call
3531,569,11,2026-07-13,Call
3532,569,11,2026-07-30,Call
3533,570,8,2025-07-04,Meeting
3534,570,8,2025-06-07,Call
3535,570,8,2025-06-10,Meeting
3536,570,8,2025-07-13,Call
3537,570,8,2025-06-09,Demo
3538,571,1,2024-03-23,Email
3539,571,1,2024-05-05,Email
3540,571,1,2024-03-31,Meeting
3541,571,1,2024-05-29,Email
3542,572,14,2026-08-15,Email
3543,572,14,2026-08-19,Demo
3544,572,14,2026-08-18,Call
3545,573,11,2024-12-01,Meeting
3546,573,11,2024-12-15,Email
3547,573,11,2024-12-21,Email
3548,574,9,2026-09-24,Email
3549,574,9,2026-09-28,Meeting
3550,574,9,2026-09-28,Call
3551,574,9,2026-09-28,Call
3552,574,9,2026-09-22,Meeting
3553,574,9,2026-09-20,Email
3554,575,9,2025-09-04,Demo
3555,575,9,2025-09-07,Call
3556,576,13,2025-03-22,Email
3557,576,13,2025-04-05,Email
3558,576,13,2025-03-15,Call
3559,576,13,2025-03-29,Call
3560,577,5,2024-07-19,Email
3561,577,5,2024-08-17,Call
3562,577,5,2024-07-08,Meeting
3563,577,5,2024-08-09,Call
3564,577,5,2024-08-20,Email
3565,577,5,2024-07-02,Call
3566,578,6,2025-05-22,Email
3567,578,6,2025-04-28,Call
3568,578,6,2025-06-03,Email
3569,578,6,2025-05-22,Meeting
3570,578,6,2025-05-11,Call
3571,579,7,2025-05-12,Email
3572,579,7,2025-04-08,Email
3573,579,7,2025-06-03,Call
3574,579,7,2025-03-15,Email
3575,580,9,2026-05-31,Email
3576,580,9,2026-05-31,Email
3577,580,9,2026-06-09,Demo
3578,580,9,2026-05-29,Demo
3579,581,5,2025-06-18,Email
3580,581,5,2025-06-24,Meeting
3581,581,5,2025-06-24,Email
3582,581,5,2025-06-28,Demo
3583,581,5,2025-07-12,Email
3584,581,5,2025-07-11,Demo
3585,581,5,2025-06-11,Meeting
3586,582,13,2025-04-16,Email
3587,582,13,2025-04-08,Email
3588,582,13,2025-04-10,Email
3589,582,13,2025-04-16,Email
3590,582,13,2025-04-08,Meeting
3591,582,13,2025-03-31,Call
3592,582,13,2025-03-31,Call
3593,582,13,2025-04-14,Email
3594,582,13,2025-04-01,Email
3595,582,13,2025-04-06,Call
3596,582,13,2025-04-12,Demo
3597,582,13,2025-04-10,Call
3598,582,13,2025-03-29,Meeting
3599,582,13,2025-04-05,Email
3600,582,13,2025-04-15,Meeting
3601,582,13,2025-03-29,Email
3602,582,13,2025-04-03,Meeting
3603,583,12,2025-09-02,Meeting
3604,583,12,2025-09-05,Email
3605,583,12,2025-09-11,Email
3606,584,6,2026-01-29,Email
3607,584,6,2026-02-17,Meeting
3608,584,6,2026-01-23,Meeting
3609,584,6,2026-01-09,Email
3610,585,5,2026-02-23,Email
3611,585,5,2026-03-21,Email
3612,585,5,2026-03-21,Call
3613,586,11,2025-11-25,Email
3614,586,11,2025-12-17,Email
3615,586,11,2025-12-11,Meeting
3616,586,11,2025-11-30,Call
3617,586,11,2025-11-09,Call
3618,586,11,2025-11-20,Meeting
3619,587,13,2026-03-07,Email
3620,587,13,2026-03-03,Call
3621,587,13,2026-03-10,Email
3622,587,13,2026-03-11,Call
3623,587,13,2026-03-04,Email
3624,587,13,2026-03-08,Email
3625,587,13,2026-03-20,Email
3626,587,13,2026-03-05,Meeting
3627,587,13,2026-03-11,Call
3628,587,13,2026-03-19,Meeting
3629,587,13,2026-03-20,Call
3630,587,13,2026-03-01,Call
3631,587,13,2026-03-20,Email
3632,587,13,2026-03-07,Meeting
3633,587,13,2026-03-06,Meeting
3634,588,10,2025-05-04,Call
3635,588,10,2025-05-05,Demo
3636,588,10,2025-05-25,Demo
3637,589,13,2025-02-12,Email
3638,589,13,2025-01-18,Email
3639,589,13,2025-02-08,Meeting
3640,589,13,2025-02-20,Email
3641,589,13,2025-01-24,Demo
3642,589,13,2025-01-27,Call
3643,589,13,2025-02-23,Email
3644,589,13,2025-02-01,Meeting
3645,589,13,2025-01-21,Call
3646,589,13,2025-02-06,Call
3647,589,13,2025-01-18,Call
3648,589,13,2025-01-30,Call
3649,589,13,2025-01-26,Meeting
3650,589,13,2025-01-18,Demo
3651,590,14,2024-05-18,Call
3652,590,14,2024-05-20,Email
3653,590,14,2024-06-12,Email
3654,590,14,2024-05-18,Email
3655,591,14,2026-05-21,Email
3656,591,14,2026-05-25,Call
3657,591,14,2026-05-13,Call
3658,591,14,2026-05-25,Email
3659,591,14,2026-05-20,Email
3660,591,14,2026-05-18,Email
3661,591,14,2026-05-24,Meeting
3662,591,14,2026-05-25,Email
3663,591,14,2026-05-29,Call
3664,591,14,2026-05-06,Email
3665,592,9,2024-07-12,Email
3666,592,9,2024-07-11,Meeting
3667,592,9,2024-06-24,Call
3668,592,9,2024-07-07,Call
3669,592,9,2024-07-15,Call
3670,592,9,2024-06-30,Meeting
3671,592,9,2024-06-21,Email
3672,592,9,2024-06-01,Meeting
3673,592,9,2024-08-02,Email
3674,592,9,2024-07-29,Call
3675,592,9,2024-06-23,Email
3676,592,9,2024-06-03,Call
3677,592,9,2024-06-01,Email
3678,593,14,2024-07-05,Demo
3679,593,14,2024-07-06,Meeting
3680,593,14,2024-07-25,Email
3681,593,14,2024-07-23,Email
3682,593,14,2024-07-13,Meeting
3683,593,14,2024-07-11,Call
3684,593,14,2024-07-16,Meeting
3685,594,12,2024-06-06,Call
3686,595,5,2026-06-25,Call
3687,595,5,2026-06-24,Demo
3688,595,5,2026-07-25,Call
3689,596,6,2026-05-07,Email
3690,596,6,2026-05-10,Meeting
3691,596,6,2026-07-05,Meeting
3692,596,6,2026-05-06,Email
3693,596,6,2026-05-22,Meeting
3694,597,1,2026-09-24,Email
3695,597,1,2026-09-11,Email
3696,597,1,2026-09-17,Call
3697,597,1,2026-09-29,Email
3698,598,14,2024-07-17,Email
3699,598,14,2024-07-18,Call
3700,598,14,2024-07-15,Email
3701,598,14,2024-07-12,Email
3702,598,14,2024-07-09,Call
3703,598,14,2024-07-21,Meeting
3704,598,14,2024-07-10,Call
3705,598,14,2024-07-12,Email
3706,598,14,2024-07-16,Email
3707,598,14,2024-07-28,Call
3708,598,14,2024-07-11,Call
3709,598,14,2024-07-20,Email
3710,598,14,2024-07-29,Email
3711,598,14,2024-07-20,Call
3712,599,14,2026-09-29,Email
3713,599,14,2026-09-28,Email
3714,599,14,2026-09-28,Call
3715,599,14,2026-09-28,Demo
3716,599,14,2026-09-26,Email
3717,600,1,2026-02-03,Email
3718,600,1,2026-02-18,Email
3719,600,1,2026-01-23,Call
3720,600,1,2026-04-17,Call
3721,600,1,2026-01-28,Meeting
3722,601,11,2025-11-22,Meeting
3723,601,11,2025-11-11,Demo
3724,601,11,2025-11-02,Meeting
3725,601,11,2025-11-02,Demo
3726,602,14,2024-06-14,Meeting
3727,602,14,2024-06-04,Email
3728,602,14,2024-05-25,Email
3729,602,14,2024-05-30,Email
3730,602,14,2024-06-10,Call
3731,602,14,2024-06-04,Call
3732,603,6,2025-07-29,Call
3733,603,6,2025-08-06,Demo
3734,603,6,2025-08-27,Call
3735,604,11,2025-02-09,Meeting
3736,604,11,2025-02-03,Meeting
3737,604,11,2025-02-25,Email
3738,604,11,2025-02-14,Call
3739,604,11,2025-02-24,Call
3740,605,8,2026-09-29,Email
3741,605,8,2026-09-29,Email
3742,605,8,2026-09-28,Email
3743,605,8,2026-09-27,Email
3744,605,8,2026-09-27,Email
3745,605,8,2026-09-28,Call
3746,605,8,2026-09-29,Call
3747,605,8,2026-09-29,Meeting
3748,606,13,2025-03-29,Call
3749,606,13,2025-03-10,Call
3750,606,13,2025-03-21,Meeting
3751,607,12,2026-04-18,Email
3752,607,12,2026-05-04,Meeting
3753,607,12,2026-03-26,Demo
3754,607,12,2026-05-06,Call
3755,607,12,2026-04-15,Call
3756,607,12,2026-04-07,Email
3757,608,14,2025-10-05,Email
3758,608,14,2025-10-08,Meeting
3759,608,14,2025-10-10,Email
3760,609,9,2024-04-04,Meeting
3761,609,9,2024-04-28,Email
3762,609,9,2024-05-24,Email
3763,609,9,2024-05-20,Email
3764,610,3,2025-09-06,Meeting
3765,610,3,2025-10-31,Demo
3766,610,3,2025-09-04,Meeting
3767,610,3,2025-09-06,Email
3768,610,3,2025-10-21,Call
3769,610,3,2025-10-27,Email
3770,610,3,2025-09-18,Email
3771,611,7,2025-04-08,Meeting
3772,611,7,2025-04-01,Meeting
3773,611,7,2025-03-06,Demo
3774,611,7,2025-03-20,Call
3775,611,7,2025-03-10,Call
3776,612,13,2025-12-09,Email
3777,612,13,2025-11-25,Email
3778,612,13,2025-12-23,Meeting
3779,612,13,2025-12-08,Call
3780,613,13,2024-12-07,Call
3781,613,13,2024-11-29,Email
3782,613,13,2024-12-11,Demo
3783,613,13,2024-11-24,Email
3784,614,6,2025-11-19,Email
3785,614,6,2025-11-13,Email
3786,614,6,2025-10-12,Call
3787,615,9,2025-11-25,Call
3788,615,9,2025-11-25,Call
3789,615,9,2025-11-29,Call
3790,615,9,2025-11-15,Call
3791,615,9,2025-12-21,Call
3792,615,9,2025-11-14,Meeting
3793,615,9,2025-12-09,Call
3794,615,9,2025-11-19,Email
3795,615,9,2025-12-07,Meeting
3796,615,9,2025-12-20,Email
3797,615,9,2025-12-21,Call
3798,615,9,2025-11-30,Call
3799,615,9,2025-12-18,Email
3800,615,9,2025-12-17,Email
3801,615,9,2025-12-21,Call
3802,616,14,2026-03-23,Email
3803,616,14,2026-03-23,Email
3804,616,14,2026-04-13,Call
3805,616,14,2026-03-31,Call
3806,616,14,2026-04-08,Call
3807,616,14,2026-04-02,Email
3808,617,9,2025-08-19,Email
3809,617,9,2025-07-10,Call
3810,617,9,2025-07-26,Email
3811,617,9,2025-08-05,Email
3812,617,9,2025-07-21,Email
3813,618,4,2026-05-05,Call
3814,618,4,2026-03-08,Call
3815,618,4,2026-02-20,Email
3816,618,4,2025-12-26,Call
3817,618,4,2025-12-18,Call
3818,618,4,2026-04-22,Call
3819,618,4,2026-02-27,Call
3820,618,4,2026-04-20,Email
3821,618,4,2026-02-03,Call
3822,618,4,2026-03-01,Call
3823,618,4,2025-11-27,Email
3824,618,4,2025-12-15,Demo
3825,618,4,2026-04-30,Email
3826,618,4,2025-11-06,Email
3827,618,4,2025-10-21,Email
3828,619,14,2024-02-11,Meeting
3829,619,14,2024-02-10,Email
3830,619,14,2024-02-15,Email
3831,619,14,2024-02-19,Call
3832,619,14,2024-02-09,Meeting
3833,619,14,2024-02-10,Demo
3834,620,13,2026-03-18,Call
3835,620,13,2026-04-01,Email
3836,620,13,2026-04-06,Email
3837,620,13,2026-03-11,Meeting
3838,620,13,2026-04-07,Demo
3839,620,13,2026-03-16,Email
3840,620,13,2026-04-06,Call
3841,620,13,2026-04-04,Meeting
3842,620,13,2026-03-25,Demo
3843,620,13,2026-04-07,Email
3844,620,13,2026-03-31,Call
3845,621,3,2025-11-09,Call
3846,621,3,2025-10-20,Email
3847,621,3,2025-10-12,Email
3848,621,3,2025-10-17,Email
3849,621,3,2025-09-19,Call
3850,621,3,2025-08-21,Email
3851,621,3,2025-09-17,Meeting
3852,621,3,2025-12-16,Demo
3853,621,3,2025-12-02,Meeting
3854,621,3,2025-10-08,Email
3855,621,3,2025-12-11,Demo
3856,621,3,2025-10-30,Email
3857,621,3,2025-08-31,Email
3858,622,12,2026-09-02,Email
3859,623,10,2025-05-10,Email
3860,623,10,2025-05-10,Call
3861,623,10,2025-05-22,Email
3862,624,11,2024-08-23,Email
3863,624,11,2024-08-18,Email
3864,624,11,2024-08-19,Call
3865,624,11,2024-08-21,Call
3866,624,11,2024-08-21,Call
3867,624,11,2024-08-24,Email
3868,625,7,2026-07-17,Meeting
3869,625,7,2026-07-03,Meeting
3870,625,7,2026-07-31,Call
3871,625,7,2026-06-13,Meeting
3872,625,7,2026-07-02,Demo
3873,625,7,2026-06-30,Call
3874,625,7,2026-06-16,Email
3875,625,7,2026-06-25,Call
3876,625,7,2026-07-03,Call
3877,625,7,2026-07-12,Email
3878,625,7,2026-06-23,Call
3879,625,7,2026-06-12,Call
3880,625,7,2026-08-03,Meeting
3881,625,7,2026-06-11,Email
3882,625,7,2026-06-24,Email
3883,625,7,2026-08-09,Call
3884,625,7,2026-07-03,Call
3885,625,7,2026-06-10,Email
3886,625,7,2026-08-04,Email
3887,625,7,2026-07-28,Email
3888,625,7,2026-07-02,Call
3889,625,7,2026-08-12,Email
3890,625,7,2026-08-08,Email
3891,625,7,2026-07-20,Email
3892,625,7,2026-07-23,Call
3893,625,7,2026-08-08,Call
3894,625,7,2026-07-28,Email
3895,626,10,2026-05-24,Demo
3896,626,10,2026-05-25,Email
3897,626,10,2026-05-28,Email
3898,626,10,2026-05-24,Email
3899,626,10,2026-05-26,Call
3900,626,10,2026-05-30,Call
3901,626,10,2026-05-22,Email
3902,626,10,2026-05-19,Email
3903,626,10,2026-05-19,Call
3904,626,10,2026-05-19,Meeting
3905,626,10,2026-05-29,Email
3906,626,10,2026-05-18,Call
3907,626,10,2026-05-18,Email
3908,626,10,2026-05-22,Email
3909,626,10,2026-05-27,Call
3910,626,10,2026-05-20,Email
3911,626,10,2026-05-24,Demo
3912,627,12,2025-06-25,Meeting
3913,627,12,2025-07-26,Call
3914,627,12,2025-06-25,Call
3915,627,12,2025-07-19,Call
3916,627,12,2025-07-21,Call
3917,627,12,2025-07-28,Call
3918,627,12,2025-06-30,Email
3919,627,12,2025-07-17,Email
3920,627,12,2025-06-25,Email
3921,628,14,2025-12-02,Email
3922,628,14,2025-12-11,Email
3923,628,14,2025-11-29,Email
3924,629,9,2025-06-07,Email
3925,629,9,2025-06-29,Email
3926,629,9,2025-07-16,Call
3927,629,9,2025-07-11,Email
3928,629,9,2025-06-05,Email
3929,629,9,2025-06-21,Demo
3930,629,9,2025-06-21,Call
3931,630,4,2026-01-21,Email
3932,630,4,2026-04-15,Demo
3933,630,4,2026-03-27,Email
3934,630,4,2026-04-01,Email
3935,630,4,2026-02-08,Email
3936,630,4,2026-04-26,Call
3937,630,4,2026-04-25,Call
3938,630,4,2026-03-17,Meeting
3939,630,4,2026-03-31,Email
3940,630,4,2026-03-24,Email
3941,630,4,2026-01-21,Meeting
3942,630,4,2026-02-01,Call
3943,630,4,2026-03-24,Demo
3944,630,4,2026-04-28,Email
3945,631,12,2026-02-28,Email
3946,631,12,2026-04-01,Demo
3947,631,12,2026-04-09,Demo
3948,631,12,2026-03-25,Meeting
3949,632,12,2026-02-07,Email
3950,632,12,2026-02-07,Email
3951,632,12,2026-02-07,Email
3952,632,12,2026-02-10,Email
3953,632,12,2026-02-17,Call
3954,633,7,2025-07-02,Call
3955,633,7,2025-06-24,Email
3956,633,7,2025-05-13,Email
3957,633,7,2025-05-27,Meeting
3958,633,7,2025-07-03,Email
3959,633,7,2025-05-26,Email
3960,633,7,2025-06-18,Email
3961,634,5,2024-02-21,Call
3962,634,5,2024-01-29,Call
3963,634,5,2024-02-16,Meeting
3964,634,5,2024-02-05,Email
3965,635,9,2025-02-19,Email
3966,635,9,2025-03-09,Call
3967,635,9,2025-02-09,Email
3968,636,12,2025-02-04,Email
3969,636,12,2025-01-17,Meeting
3970,636,12,2025-02-06,Email
3971,636,12,2025-01-17,Demo
3972,636,12,2025-02-08,Email
3973,636,12,2025-01-29,Meeting
3974,636,12,2025-01-30,Demo
3975,637,5,2026-02-19,Email
3976,637,5,2026-04-07,Call
3977,637,5,2026-04-20,Call
3978,637,5,2026-04-11,Email
3979,637,5,2026-03-27,Demo
3980,638,14,2026-01-11,Call
3981,638,14,2026-01-03,Email
3982,638,14,2026-01-09,Meeting
3983,638,14,2026-01-23,Email
3984,638,14,2025-12-22,Call
3985,638,14,2026-01-21,Meeting
3986,639,13,2026-07-28,Email
3987,639,13,2026-07-20,Call
3988,639,13,2026-07-29,Call
3989,639,13,2026-07-18,Call
3990,639,13,2026-07-19,Email
3991,639,13,2026-07-16,Demo
3992,639,13,2026-08-02,Email
3993,639,13,2026-08-01,Email
3994,640,8,2025-02-20,Call
3995,640,8,2025-03-14,Call
3996,640,8,2025-03-15,Demo
3997,640,8,2025-03-26,Email
3998,640,8,2025-03-03,Email
3999,640,8,2025-03-22,Call
4000,640,8,2025-02-21,Email
4001,640,8,2025-03-20,Call
4002,640,8,2025-03-17,Email
4003,640,8,2025-03-15,Meeting
4004,640,8,2025-04-06,Email
4005,640,8,2025-03-27,Demo
4006,641,5,2025-11-06,Email
4007,641,5,2025-11-26,Email
4008,641,5,2025-11-23,Call
4009,641,5,2025-11-25,Email
4010,641,5,2025-11-03,Email
4011,641,5,2025-11-28,Email
4012,641,5,2025-12-04,Call
4013,641,5,2025-12-01,Email
4014,642,11,2024-09-06,Email
4015,642,11,2024-09-02,Call
4016,642,11,2024-09-10,Email
4017,643,7,2024-12-09,Email
4018,643,7,2024-11-11,Call
4019,643,7,2024-11-02,Email
4020,643,7,2024-10-24,Email
4021,643,7,2024-12-22,Meeting
4022,643,7,2024-11-17,Email
4023,644,14,2025-06-18,Meeting
4024,644,14,2025-06-07,Call
4025,644,14,2025-06-16,Meeting
4026,644,14,2025-06-13,Call
4027,644,14,2025-06-15,Call
4028,644,14,2025-06-29,Email
4029,644,14,2025-06-07,Email
4030,644,14,2025-06-30,Meeting
4031,644,14,2025-06-09,Demo
4032,644,14,2025-06-22,Call
4033,644,14,2025-06-19,Call
4034,644,14,2025-06-20,Meeting
4035,645,14,2024-10-02,Call
4036,645,14,2024-11-08,Call
4037,645,14,2024-11-01,Demo
4038,646,10,2026-09-18,Meeting
4039,646,10,2026-09-20,Email
4040,646,10,2026-09-15,Email
4041,647,7,2024-04-30,Meeting
4042,647,7,2024-05-29,Call
4043,647,7,2024-06-01,Call
4044,647,7,2024-04-14,Demo
4045,647,7,2024-05-08,Call
4046,647,7,2024-05-03,Call
4047,647,7,2024-04-29,Email
4048,647,7,2024-04-27,Call
4049,647,7,2024-05-23,Email
4050,648,5,2026-01-16,Demo
4051,648,5,2026-01-14,Email
4052,648,5,2026-01-08,Email
4053,648,5,2026-01-17,Meeting
4054,648,5,2026-01-14,Meeting
4055,648,5,2026-01-14,Call
4056,648,5,2026-01-22,Meeting
4057,648,5,2026-01-21,Call
4058,649,12,2024-04-03,Demo
4059,649,12,2024-03-22,Email
4060,649,12,2024-04-01,Demo
4061,649,12,2024-04-02,Meeting
4062,649,12,2024-03-31,Meeting
4063,649,12,2024-03-30,Demo
4064,649,12,2024-03-26,Call
4065,649,12,2024-04-02,Email
4066,649,12,2024-03-29,Call
4067,649,12,2024-03-22,Meeting
4068,649,12,2024-03-27,Email
4069,649,12,2024-03-28,Meeting
4070,649,12,2024-03-26,Meeting
4071,650,10,2026-06-28,Meeting
4072,650,10,2026-07-16,Call
4073,650,10,2026-07-07,Meeting
4074,650,10,2026-07-12,Call
4075,651,14,2026-06-17,Call
4076,651,14,2026-07-15,Call
4077,651,14,2026-07-07,Email
4078,652,12,2025-04-07,Demo
4079,652,12,2025-04-12,Email
4080,652,12,2025-03-31,Call
4081,652,12,2025-04-12,Email
4082,652,12,2025-04-06,Call
4083,652,12,2025-04-04,Call
4084,653,6,2025-07-26,Meeting
4085,653,6,2025-07-20,Meeting
4086,653,6,2025-07-09,Meeting
4087,653,6,2025-07-17,Meeting
4088,653,6,2025-06-24,Email
4089,653,6,2025-07-14,Meeting
4090,653,6,2025-07-21,Email
4091,654,9,2024-11-11,Email
4092,654,9,2024-11-09,Meeting
4093,654,9,2024-09-28,Email
4094,654,9,2024-11-02,Email
4095,654,9,2024-10-17,Email
4096,654,9,2024-10-23,Email
4097,654,9,2024-09-30,Meeting
4098,654,9,2024-10-25,Email
4099,654,9,2024-10-30,Email
4100,654,9,2024-10-20,Email
4101,654,9,2024-09-19,Call
4102,654,9,2024-10-02,Email
4103,654,9,2024-09-29,Meeting
4104,654,9,2024-10-31,Email
4105,654,9,2024-10-18,Demo
4106,654,9,2024-11-02,Call
4107,654,9,2024-10-27,Call
4108,654,9,2024-09-26,Call
4109,654,9,2024-10-30,Call
4110,654,9,2024-09-25,Email
4111,654,9,2024-10-05,Meeting
4112,655,8,2024-07-24,Call
4113,655,8,2024-08-07,Meeting
4114,655,8,2024-08-02,Meeting
4115,655,8,2024-07-17,Email
4116,655,8,2024-08-08,Meeting
4117,655,8,2024-07-21,Call
4118,656,7,2024-02-03,Call
4119,656,7,2024-01-20,Call
4120,657,14,2026-05-23,Email
4121,657,14,2026-05-25,Meeting
4122,657,14,2026-05-15,Email
4123,658,10,2026-01-12,Email
4124,658,10,2026-01-06,Demo
4125,658,10,2025-12-21,Email
4126,658,10,2026-01-08,Call
4127,659,3,2025-10-09,Meeting
4128,659,3,2025-11-07,Email
4129,659,3,2025-10-04,Meeting
4130,659,3,2025-10-18,Call
4131,659,3,2025-10-13,Meeting
4132,659,3,2025-10-28,Email
4133,659,3,2025-10-25,Call
4134,659,3,2025-10-20,Call
4135,660,12,2025-12-21,Call
4136,660,12,2025-12-30,Call
4137,660,12,2025-12-16,Demo
4138,660,12,2025-12-16,Email
4139,660,12,2025-12-27,Email
4140,660,12,2025-12-17,Call
4141,660,12,2025-12-18,Email
4142,660,12,2025-12-26,Demo
4143,660,12,2025-12-24,Call
4144,660,12,2025-12-25,Demo
4145,660,12,2025-12-15,Email
4146,660,12,2025-12-26,Email
4147,661,14,2024-10-29,Email
4148,661,14,2024-11-11,Email
4149,661,14,2024-11-04,Call
4150,661,14,2024-11-10,Call
4151,662,12,2025-12-08,Call
4152,662,12,2025-12-26,Call
4153,662,12,2025-11-29,Call
4154,663,13,2025-02-07,Call
4155,663,13,2025-01-29,Call
4156,663,13,2025-01-29,Demo
4157,663,13,2025-02-09,Call
4158,663,13,2025-02-09,Call
4159,663,13,2025-01-31,Call
4160,663,13,2025-02-03,Email
4161,663,13,2025-02-04,Call
4162,664,1,2025-04-10,Call
4163,664,1,2025-04-20,Email
4164,664,1,2025-04-22,Demo
4165,664,1,2025-04-30,Call
4166,664,1,2025-05-07,Meeting
4167,664,1,2025-05-26,Demo
4168,665,3,2026-08-17,Email
4169,665,3,2026-09-29,Email
4170,665,3,2026-08-28,Meeting
4171,665,3,2026-07-07,Call
4172,665,3,2026-09-29,Call
4173,665,3,2026-07-08,Email
4174,665,3,2026-08-03,Meeting
4175,665,3,2026-07-18,Meeting
4176,666,13,2024-11-19,Call
4177,666,13,2024-11-20,Email
4178,666,13,2024-11-25,Demo
4179,666,13,2024-11-26,Call
4180,666,13,2024-11-29,Call
4181,666,13,2024-10-20,Email
4182,666,13,2024-10-25,Meeting
4183,667,8,2024-11-24,Call
4184,667,8,2024-12-08,Email
4185,667,8,2025-01-09,Meeting
4186,667,8,2024-12-11,Call
4187,667,8,2024-11-24,Email
4188,667,8,2025-01-28,Email
4189,667,8,2024-11-23,Call
4190,667,8,2025-01-28,Call
4191,668,14,2026-02-04,Email
4192,668,14,2026-02-14,Call
4193,668,14,2026-01-30,Email
4194,668,14,2026-02-08,Call
4195,669,14,2026-02-22,Call
4196,669,14,2026-02-16,Email
4197,669,14,2026-02-24,Demo
4198,670,4,2024-12-30,Call
4199,670,4,2025-03-01,Call
4200,670,4,2024-12-09,Call
4201,670,4,2025-01-01,Call
4202,670,4,2025-01-07,Call
4203,670,4,2025-02-08,Call
4204,670,4,2025-01-29,Call
4205,671,4,2025-05-05,Email
4206,671,4,2025-07-23,Demo
4207,672,7,2024-12-31,Call
4208,672,7,2025-02-15,Email
4209,672,7,2025-02-17,Call
4210,672,7,2025-02-13,Email
4211,672,7,2025-01-29,Call
4212,672,7,2025-02-05,Meeting
4213,672,7,2025-02-09,Email
4214,672,7,2024-12-24,Call
4215,673,12,2025-10-09,Call
4216,673,12,2025-09-27,Email
4217,673,12,2025-10-29,Email
4218,673,12,2025-09-23,Email
4219,673,12,2025-10-31,Call
4220,674,12,2025-10-11,Email
4221,674,12,2025-09-12,Meeting
4222,674,12,2025-10-06,Call
4223,674,12,2025-10-08,Meeting
4224,674,12,2025-09-19,Call
4225,674,12,2025-09-25,Call
4226,675,6,2025-08-08,Call
4227,675,6,2025-08-01,Email
4228,675,6,2025-08-13,Email
4229,675,6,2025-08-13,Meeting
4230,675,6,2025-07-31,Email
4231,675,6,2025-08-27,Demo
4232,675,6,2025-08-05,Call
4233,676,10,2025-09-23,Call
4234,676,10,2025-09-20,Call
4235,676,10,2025-10-04,Meeting
4236,676,10,2025-10-01,Demo
4237,676,10,2025-09-26,Email
4238,676,10,2025-10-06,Call
4239,676,10,2025-10-07,Email
4240,676,10,2025-09-27,Meeting
4241,676,10,2025-10-02,Meeting
4242,676,10,2025-10-01,Call
4243,676,10,2025-10-02,Meeting
4244,676,10,2025-09-27,Demo
4245,676,10,2025-10-05,Call
4246,676,10,2025-10-05,Email
4247,676,10,2025-10-01,Meeting
4248,676,10,2025-09-30,Demo
4249,676,10,2025-09-24,Demo
4250,676,10,2025-09-27,Email
4251,676,10,2025-10-07,Call
4252,676,10,2025-09-27,Demo
4253,676,10,2025-09-21,Call
4254,677,14,2026-08-04,Email
4255,677,14,2026-08-16,Call
4256,677,14,2026-08-08,Meeting
4257,678,12,2026-04-25,Email
4258,678,12,2026-04-19,Email
4259,678,12,2026-04-17,Email
4260,678,12,2026-04-25,Email
4261,678,12,2026-04-28,Meeting
4262,678,12,2026-04-24,Meeting
4263,678,12,2026-04-25,Meeting
4264,678,12,2026-04-26,Meeting
4265,678,12,2026-04-26,Email
4266,678,12,2026-04-24,Email
4267,678,12,2026-04-14,Call
4268,678,12,2026-04-29,Email
4269,678,12,2026-04-18,Demo
4270,678,12,2026-04-25,Demo
4271,678,12,2026-05-02,Email
4272,678,12,2026-04-14,Email
4273,679,4,2025-12-07,Meeting
4274,679,4,2026-01-23,Call
4275,679,4,2026-01-21,Email
4276,679,4,2026-01-23,Call
4277,680,9,2025-03-07,Email
4278,680,9,2025-02-24,Email
4279,680,9,2025-03-05,Call
4280,680,9,2025-02-27,Email
4281,680,9,2025-01-06,Demo
4282,680,9,2025-03-03,Demo
4283,680,9,2025-01-19,Email
4284,680,9,2025-02-03,Meeting
4285,680,9,2025-03-04,Call
4286,681,13,2026-08-08,Call
4287,681,13,2026-08-18,Call
4288,681,13,2026-08-04,Call
4289,681,13,2026-08-13,Call
4290,682,1,2026-09-27,Email
4291,682,1,2026-09-25,Email
4292,682,1,2026-09-25,Call
4293,682,1,2026-09-27,Email
4294,682,1,2026-09-27,Call
4295,682,1,2026-09-27,Email
4296,682,1,2026-09-27,Demo
4297,682,1,2026-09-27,Call
4298,683,6,2024-07-03,Email
4299,683,6,2024-07-27,Call
4300,683,6,2024-07-05,Call
4301,683,6,2024-07-19,Demo
4302,683,6,2024-07-06,Email
4303,683,6,2024-07-21,Meeting
4304,684,7,2026-08-30,Call
4305,684,7,2026-09-07,Email
4306,684,7,2026-08-14,Call
4307,684,7,2026-09-07,Email
4308,684,7,2026-08-18,Call
4309,684,7,2026-09-01,Email
4310,684,7,2026-08-29,Meeting
4311,685,12,2025-02-16,Email
4312,685,12,2025-02-04,Email
4313,685,12,2025-02-14,Email
4314,685,12,2025-02-04,Email
4315,686,13,2025-04-11,Meeting
4316,687,9,2026-01-25,Email
4317,687,9,2026-02-15,Call
4318,687,9,2026-02-15,Demo
4319,687,9,2026-01-28,Meeting
4320,687,9,2026-01-18,Email
4321,687,9,2026-01-27,Email
4322,687,9,2026-02-01,Meeting
4323,688,14,2025-04-01,Call
4324,688,14,2025-03-22,Call
4325,688,14,2025-03-31,Call
4326,689,12,2025-10-04,Call
4327,689,12,2025-10-10,Email
4328,689,12,2025-10-13,Call
4329,689,12,2025-10-05,Call
4330,689,12,2025-10-20,Call
4331,690,13,2025-12-06,Call
4332,690,13,2025-12-13,Call
4333,690,13,2025-12-19,Email
4334,690,13,2025-12-21,Email
4335,690,13,2025-11-25,Call
4336,691,2,2026-09-17,Call
4337,691,2,2026-09-10,Meeting
4338,691,2,2026-09-26,Call
4339,691,2,2026-09-21,Demo
4340,692,9,2025-04-20,Demo
4341,692,9,2025-05-07,Meeting
4342,692,9,2025-04-28,Email
4343,692,9,2025-05-05,Call
4344,692,9,2025-04-28,Call
4345,692,9,2025-04-06,Demo
4346,692,9,2025-04-18,Demo
4347,692,9,2025-04-16,Email
4348,692,9,2025-05-04,Email
4349,692,9,2025-04-22,Email
4350,692,9,2025-04-20,Email
4351,692,9,2025-04-23,Call
4352,693,8,2026-02-16,Call
4353,693,8,2026-01-07,Demo
4354,693,8,2026-02-04,Email
4355,693,8,2026-02-13,Email
4356,693,8,2026-01-19,Meeting
4357,693,8,2026-01-13,Call
4358,693,8,2026-02-13,Call
4359,694,8,2026-09-10,Email
4360,694,8,2026-09-29,Call
4361,695,9,2025-12-04,Demo
4362,695,9,2025-11-10,Demo
4363,695,9,2025-11-16,Meeting
4364,695,9,2025-10-31,Call
4365,695,9,2025-12-15,Email
4366,695,9,2025-11-02,Email
4367,695,9,2025-10-24,Call
4368,695,9,2025-10-31,Email
4369,695,9,2025-10-30,Meeting
4370,695,9,2025-11-16,Email
4371,695,9,2025-12-20,Call
4372,695,9,2025-12-04,Email
4373,696,12,2026-08-02,Email
4374,696,12,2026-09-08,Meeting
4375,696,12,2026-09-02,Call
4376,696,12,2026-08-30,Meeting
4377,696,12,2026-08-03,Call
4378,696,12,2026-07-20,Email
4379,696,12,2026-08-04,Call
4380,696,12,2026-09-10,Meeting
4381,696,12,2026-09-11,Call
4382,697,7,2025-07-20,Call
4383,697,7,2025-07-18,Email
4384,697,7,2025-07-16,Call
4385,697,7,2025-07-01,Call
4386,697,7,2025-08-08,Meeting
4387,698,5,2025-07-14,Call
4388,698,5,2025-06-23,Call
4389,699,10,2026-01-14,Email
4390,700,2,2025-12-23,Call
4391,700,2,2025-12-24,Call
4392,700,2,2025-09-27,Meeting
4393,700,2,2025-09-24,Meeting
4394,700,2,2025-10-23,Call
4395,700,2,2025-12-03,Meeting
4396,701,7,2026-04-05,Demo
4397,701,7,2026-04-17,Meeting
4398,701,7,2026-05-01,Demo
4399,701,7,2026-04-29,Email
4400,701,7,2026-04-25,Meeting
4401,701,7,2026-04-15,Call
4402,701,7,2026-05-05,Email
4403,702,9,2026-06-06,Email
4404,702,9,2026-04-30,Call
4405,702,9,2026-05-16,Email
4406,702,9,2026-05-26,Meeting
4407,702,9,2026-06-07,Call
4408,702,9,2026-05-15,Email
4409,703,7,2025-09-25,Email
4410,703,7,2025-10-17,Email
4411,703,7,2025-10-27,Call
4412,704,2,2025-05-21,Call
4413,704,2,2025-06-16,Call
4414,704,2,2025-06-30,Call
4415,704,2,2025-06-05,Email
4416,704,2,2025-05-08,Email
4417,704,2,2025-06-18,Email
4418,705,6,2025-11-19,Email
4419,705,6,2025-12-12,Meeting
4420,705,6,2025-12-24,Meeting
4421,705,6,2025-12-02,Email
4422,705,6,2025-12-24,Call
4423,705,6,2025-12-22,Call
4424,705,6,2025-12-17,Call
4425,705,6,2025-12-05,Email
4426,705,6,2025-12-14,Meeting
4427,705,6,2025-11-19,Email
4428,706,1,2025-10-17,Call
4429,706,1,2025-11-04,Demo
4430,706,1,2025-11-25,Call
4431,706,1,2025-11-05,Call
4432,706,1,2025-12-16,Email
4433,706,1,2025-11-13,Demo
4434,706,1,2025-12-04,Call
4435,706,1,2025-12-19,Demo
4436,706,1,2025-12-21,Demo
4437,707,10,2025-02-18,Demo
4438,707,10,2025-02-15,Meeting
4439,707,10,2025-02-17,Meeting
4440,708,2,2025-11-03,Call
4441,708,2,2025-06-15,Email
4442,708,2,2025-08-25,Email
4443,708,2,2025-08-17,Email
4444,708,2,2026-01-09,Meeting
4445,708,2,2025-06-08,Email
4446,708,2,2025-04-07,Call
4447,708,2,2025-04-25,Call
4448,709,6,2025-07-16,Email
4449,709,6,2025-08-20,Meeting
4450,709,6,2025-07-25,Meeting
4451,709,6,2025-08-05,Email
4452,710,11,2025-07-26,Call
4453,710,11,2025-08-16,Email
4454,710,11,2025-08-06,Email
4455,710,11,2025-08-13,Email
4456,710,11,2025-07-22,Email
4457,711,7,2026-09-26,Call
4458,711,7,2026-09-25,Demo
4459,711,7,2026-09-29,Email
4460,711,7,2026-09-28,Email
4461,712,2,2026-05-08,Call
4462,712,2,2026-04-25,Email
4463,712,2,2026-02-15,Email
4464,712,2,2026-03-31,Email
4465,712,2,2026-06-01,Email
4466,712,2,2026-02-23,Email
4467,712,2,2026-03-08,Meeting
4468,713,11,2026-07-21,Call
4469,713,11,2026-07-31,Call
4470,714,3,2025-06-03,Email
4471,714,3,2025-06-06,Email
4472,714,3,2025-05-06,Demo
4473,714,3,2025-04-23,Email
4474,714,3,2025-05-17,Email
4475,714,3,2025-06-21,Email
4476,714,3,2025-06-30,Meeting
4477,714,3,2025-05-04,Email
4478,714,3,2025-06-03,Email
4479,714,3,2025-06-09,Meeting
4480,714,3,2025-06-30,Email
4481,715,1,2024-05-30,Email
4482,715,1,2024-05-29,Email
4483,715,1,2024-04-21,Call
4484,715,1,2024-06-15,Meeting
4485,715,1,2024-05-22,Email
4486,715,1,2024-04-12,Email
4487,715,1,2024-06-07,Email
4488,715,1,2024-04-27,Meeting
4489,715,1,2024-05-25,Email
4490,715,1,2024-06-20,Email
4491,715,1,2024-06-05,Email
4492,715,1,2024-05-27,Call
4493,715,1,2024-04-30,Email
4494,715,1,2024-04-20,Call
4495,715,1,2024-05-02,Call
4496,715,1,2024-05-18,Email
4497,715,1,2024-04-09,Call
4498,715,1,2024-04-29,Meeting
4499,715,1,2024-05-06,Demo
4500,715,1,2024-04-18,Email
4501,716,10,2026-08-11,Call
4502,716,10,2026-08-27,Email
4503,716,10,2026-08-28,Meeting
4504,716,10,2026-08-08,Email
4505,716,10,2026-08-26,Email
4506,716,10,2026-08-31,Email
4507,716,10,2026-07-29,Email
4508,717,8,2024-12-19,Email
4509,717,8,2025-01-01,Demo
4510,717,8,2025-01-08,Email
4511,717,8,2024-12-23,Meeting
4512,717,8,2025-01-18,Meeting
4513,717,8,2024-12-19,Call
4514,717,8,2025-02-04,Call
4515,717,8,2024-12-28,Call
4516,717,8,2025-01-14,Demo
4517,718,3,2025-09-13,Call
4518,718,3,2025-11-22,Email
4519,718,3,2025-12-06,Call
4520,718,3,2025-10-06,Meeting
4521,718,3,2025-08-23,Demo
4522,718,3,2025-11-27,Meeting
4523,719,10,2025-10-14,Call
4524,719,10,2025-10-17,Email
4525,719,10,2025-11-01,Meeting
4526,719,10,2025-10-19,Call
4527,719,10,2025-10-14,Demo
4528,719,10,2025-10-27,Email
4529,719,10,2025-10-24,Email
4530,719,10,2025-10-24,Email
4531,719,10,2025-10-26,Meeting
4532,720,12,2026-08-29,Call
4533,720,12,2026-08-29,Meeting
4534,720,12,2026-09-18,Email
4535,720,12,2026-09-08,Call
4536,720,12,2026-09-26,Email
4537,721,12,2025-10-20,Call
4538,721,12,2025-11-04,Call
4539,721,12,2025-11-09,Call
4540,721,12,2025-10-17,Demo
4541,721,12,2025-11-02,Email
4542,721,12,2025-10-04,Call
4543,721,12,2025-10-03,Call
4544,721,12,2025-10-06,Email
4545,722,5,2026-06-20,Demo
4546,722,5,2026-06-28,Call
4547,722,5,2026-08-04,Call
4548,722,5,2026-08-02,Email
4549,722,5,2026-07-28,Call
4550,722,5,2026-06-23,Call
4551,722,5,2026-07-30,Email
4552,722,5,2026-06-23,Email
4553,722,5,2026-06-30,Email
4554,723,10,2026-05-21,Call
4555,723,10,2026-05-19,Call
4556,723,10,2026-05-20,Email
4557,724,8,2024-10-20,Email
4558,724,8,2024-11-03,Email
4559,724,8,2024-11-01,Call
4560,725,11,2026-06-28,Call
4561,725,11,2026-07-11,Call
4562,725,11,2026-06-25,Email
4563,725,11,2026-07-11,Demo
4564,725,11,2026-06-27,Call
4565,725,11,2026-06-27,Email
4566,725,11,2026-07-05,Call
4567,726,7,2026-04-03,Call
4568,726,7,2026-03-25,Meeting
4569,726,7,2026-05-26,Email
4570,726,7,2026-04-20,Call
4571,726,7,2026-05-31,Demo
4572,726,7,2026-05-22,Email
4573,727,13,2025-11-05,Email
4574,727,13,2025-11-14,Meeting
4575,727,13,2025-11-02,Demo
4576,727,13,2025-11-15,Meeting
4577,727,13,2025-11-03,Email
4578,727,13,2025-11-09,Demo
4579,727,13,2025-11-02,Meeting
4580,727,13,2025-11-05,Meeting
4581,727,13,2025-11-15,Call
4582,727,13,2025-11-09,Call
4583,728,10,2025-03-11,Email
4584,728,10,2025-03-06,Email
4585,728,10,2025-03-09,Demo
4586,729,13,2026-04-25,Call
4587,729,13,2026-04-29,Call
4588,729,13,2026-04-21,Call
4589,730,3,2025-10-30,Call
4590,730,3,2025-11-16,Email
4591,730,3,2025-11-15,Call
4592,730,3,2025-11-17,Meeting
4593,731,3,2026-06-21,Email
4594,731,3,2026-07-19,Email
4595,731,3,2026-09-03,Demo
4596,731,3,2026-09-10,Email
4597,731,3,2026-09-01,Email
4598,731,3,2026-06-25,Email
4599,731,3,2026-08-31,Demo
4600,732,6,2025-02-21,Email
4601,732,6,2025-02-10,Meeting
4602,732,6,2025-01-27,Email
4603,732,6,2025-02-09,Email
4604,732,6,2025-02-10,Email
4605,732,6,2025-02-09,Call
4606,732,6,2024-11-14,Demo
4607,732,6,2025-01-15,Email
4608,732,6,2024-12-16,Call
4609,732,6,2024-11-24,Call
4610,733,12,2026-06-17,Call
4611,733,12,2026-06-26,Email
4612,733,12,2026-06-28,Email
4613,733,12,2026-06-17,Email
4614,733,12,2026-07-01,Meeting
4615,734,11,2026-05-06,Email
4616,734,11,2026-05-02,Email
4617,734,11,2026-05-02,Call
4618,734,11,2026-04-21,Meeting
4619,734,11,2026-04-28,Call
4620,734,11,2026-05-02,Email
4621,734,11,2026-04-24,Demo
4622,734,11,2026-05-05,Email
4623,735,5,2025-12-20,Call
4624,735,5,2025-11-23,Meeting
4625,736,13,2025-11-13,Email
4626,736,13,2025-11-02,Email
4627,736,13,2025-11-08,Meeting
4628,736,13,2025-11-05,Call
4629,736,13,2025-11-06,Email
4630,736,13,2025-11-18,Email
4631,737,5,2025-12-13,Demo
4632,737,5,2025-11-22,Call
4633,737,5,2025-12-06,Call
4634,737,5,2026-01-02,Email
4635,737,5,2025-12-28,Email
4636,738,2,2025-03-30,Meeting
4637,738,2,2024-11-13,Meeting
4638,738,2,2025-05-08,Email
4639,738,2,2025-04-01,Meeting
4640,738,2,2024-12-09,Email
4641,738,2,2024-11-12,Call
4642,738,2,2025-03-11,Meeting
4643,738,2,2024-11-09,Email
4644,738,2,2025-01-06,Call
4645,738,2,2024-11-11,Email
4646,738,2,2025-01-16,Demo
4647,738,2,2025-01-10,Meeting
4648,738,2,2024-12-09,Meeting
4649,738,2,2025-01-29,Meeting
4650,738,2,2024-12-30,Email
4651,738,2,2025-03-28,Demo
4652,738,2,2025-02-27,Call
4653,738,2,2025-01-16,Call
4654,738,2,2025-03-12,Meeting
4655,738,2,2025-04-27,Demo
4656,738,2,2025-03-30,Meeting
4657,739,13,2026-09-24,Meeting
4658,739,13,2026-09-28,Call
4659,739,13,2026-09-15,Call
4660,740,12,2026-02-16,Call
4661,740,12,2026-01-28,Call
4662,740,12,2026-01-31,Email
4663,740,12,2026-02-01,Email
4664,740,12,2026-01-28,Email
4665,740,12,2026-01-28,Call
4666,740,12,2026-02-11,Email
4667,741,8,2024-12-08,Email
4668,741,8,2024-12-02,Meeting
4669,741,8,2024-11-11,Email
4670,741,8,2024-11-10,Email
4671,741,8,2024-11-30,Email
4672,741,8,2024-11-15,Email
4673,741,8,2024-12-07,Demo
4674,741,8,2024-11-18,Email
4675,741,8,2024-11-06,Call
4676,741,8,2024-11-28,Email
4677,741,8,2024-11-14,Demo
4678,741,8,2024-11-14,Meeting
4679,741,8,2024-12-03,Call
4680,742,9,2025-10-26,Call
4681,742,9,2025-10-07,Meeting
4682,742,9,2025-09-07,Call
4683,742,9,2025-10-14,Meeting
4684,742,9,2025-09-26,Call
4685,742,9,2025-10-15,Email
4686,742,9,2025-10-13,Email
4687,742,9,2025-10-20,Meeting
4688,742,9,2025-10-15,Call
4689,742,9,2025-10-06,Email
4690,742,9,2025-10-07,Email
4691,742,9,2025-10-23,Email
4692,743,12,2025-05-07,Email
4693,743,12,2025-05-20,Meeting
4694,743,12,2025-05-11,Email
4695,743,12,2025-05-04,Demo
4696,743,12,2025-05-16,Meeting
4697,744,12,2026-08-14,Demo
4698,744,12,2026-08-21,Call
4699,744,12,2026-08-13,Email
4700,744,12,2026-08-15,Meeting
4701,744,12,2026-08-21,Call
4702,744,12,2026-08-05,Email
4703,744,12,2026-08-12,Demo
4704,744,12,2026-07-30,Meeting
4705,744,12,2026-08-08,Call
4706,744,12,2026-08-12,Email
4707,744,12,2026-08-13,Email
4708,744,12,2026-08-09,Email
4709,744,12,2026-08-16,Email
4710,744,12,2026-08-06,Email
4711,744,12,2026-08-04,Call
4712,745,8,2024-05-10,Call
4713,745,8,2024-04-17,Demo
4714,745,8,2024-04-30,Email
4715,745,8,2024-04-26,Call
4716,745,8,2024-05-18,Email
4717,746,10,2026-08-14,Call
4718,746,10,2026-07-29,Meeting
4719,746,10,2026-08-21,Meeting
4720,746,10,2026-08-03,Meeting
4721,746,10,2026-08-06,Call
4722,746,10,2026-07-30,Email
4723,746,10,2026-08-09,Demo
4724,746,10,2026-07-31,Meeting
4725,746,10,2026-08-15,Meeting
4726,746,10,2026-08-10,Email
4727,746,10,2026-08-03,Demo
4728,747,5,2025-07-15,Email
4729,748,6,2025-01-22,Email
4730,748,6,2025-01-25,Call
4731,748,6,2025-01-03,Email
4732,748,6,2024-12-09,Email
4733,748,6,2024-12-26,Email
4734,748,6,2025-01-24,Meeting
4735,748,6,2025-01-03,Call
4736,748,6,2025-01-28,Email
4737,748,6,2024-12-19,Demo
4738,748,6,2024-12-30,Call
4739,748,6,2024-12-31,Email
4740,749,12,2024-02-16,Email
4741,749,12,2024-02-16,Email
4742,750,13,2025-01-25,Meeting
4743,750,13,2025-01-12,Email
4744,750,13,2025-01-09,Call
4745,750,13,2025-01-18,Call
4746,750,13,2025-01-20,Meeting
4747,750,13,2025-01-26,Email
4748,750,13,2025-01-12,Meeting
4749,750,13,2025-01-15,Meeting
4750,750,13,2025-01-14,Email
4751,750,13,2025-01-11,Call
4752,750,13,2025-01-15,Email
4753,751,14,2026-02-25,Call
4754,751,14,2026-02-13,Meeting
4755,751,14,2026-02-25,Call
4756,751,14,2026-01-26,Call
4757,751,14,2026-03-19,Call
4758,751,14,2026-03-01,Call
4759,751,14,2026-03-07,Meeting
4760,751,14,2026-02-16,Email
4761,751,14,2026-02-08,Meeting
4762,751,14,2026-03-11,Demo
4763,752,5,2026-02-16,Meeting
4764,752,5,2026-02-24,Email
4765,752,5,2026-02-19,Email
4766,752,5,2026-03-01,Call
4767,752,5,2026-02-26,Email
4768,752,5,2026-02-24,Call
4769,753,2,2024-09-15,Email
4770,753,2,2024-06-24,Demo
4771,753,2,2024-11-06,Email
4772,753,2,2024-07-25,Email
4773,753,2,2024-08-05,Call
4774,754,10,2026-03-19,Call
4775,754,10,2026-03-13,Demo
4776,754,10,2026-03-22,Call
4777,754,10,2026-03-26,Call
4778,754,10,2026-03-20,Meeting
4779,755,1,2025-09-27,Call
4780,755,1,2025-09-30,Email
4781,755,1,2025-09-13,Meeting
4782,755,1,2025-10-26,Meeting
4783,755,1,2025-10-11,Call
4784,755,1,2025-09-20,Email
4785,755,1,2025-10-16,Call
4786,755,1,2025-10-28,Meeting
4787,755,1,2025-10-01,Meeting
4788,755,1,2025-10-16,Call
4789,755,1,2025-10-24,Meeting
4790,755,1,2025-10-19,Email
4791,756,1,2025-09-22,Demo
4792,756,1,2025-09-06,Call
4793,756,1,2025-09-18,Meeting
4794,756,1,2025-08-29,Call
4795,756,1,2025-08-31,Meeting
4796,756,1,2025-09-29,Call
4797,756,1,2025-09-01,Call
4798,756,1,2025-09-26,Demo
4799,757,10,2024-07-08,Demo
4800,757,10,2024-07-05,Call
4801,757,10,2024-07-17,Email
4802,757,10,2024-07-09,Email
4803,757,10,2024-07-08,Email
4804,757,10,2024-07-12,Email
4805,757,10,2024-07-17,Meeting
4806,758,4,2026-02-28,Call
4807,758,4,2026-04-06,Call
4808,758,4,2026-04-27,Call
4809,758,4,2026-03-17,Demo
4810,758,4,2026-03-21,Call
4811,758,4,2026-03-19,Call
4812,758,4,2026-04-13,Email
4813,758,4,2026-02-21,Email
4814,758,4,2026-02-13,Email
4815,758,4,2026-04-05,Call
4816,758,4,2026-02-14,Call
4817,758,4,2026-02-21,Demo
4818,759,12,2025-06-04,Call
4819,759,12,2025-06-01,Email
4820,759,12,2025-06-06,Email
4821,760,14,2024-08-26,Call
4822,760,14,2024-08-23,Email
4823,760,14,2024-08-26,Demo
4824,760,14,2024-08-26,Email
4825,760,14,2024-08-18,Meeting
4826,760,14,2024-08-31,Call
4827,760,14,2024-08-22,Email
4828,761,7,2024-07-25,Call
4829,761,7,2024-06-16,Email
4830,761,7,2024-07-02,Email
4831,761,7,2024-07-21,Demo
4832,761,7,2024-07-01,Meeting
4833,761,7,2024-06-26,Demo
4834,761,7,2024-07-11,Call
4835,761,7,2024-08-01,Call
4836,761,7,2024-07-11,Email
4837,761,7,2024-06-13,Call
4838,763,7,2026-08-24,Email
4839,763,7,2026-08-04,Email
4840,763,7,2026-07-08,Call
4841,763,7,2026-08-19,Email
4842,764,1,2025-05-28,Call
4843,764,1,2025-05-27,Email
4844,764,1,2025-07-01,Call
4845,764,1,2025-05-06,Email
4846,764,1,2025-07-27,Call
4847,765,8,2026-04-08,Email
4848,765,8,2026-04-02,Meeting
4849,765,8,2026-03-20,Meeting
4850,765,8,2026-04-05,Meeting
4851,765,8,2026-03-20,Call
4852,765,8,2026-03-23,Call
4853,765,8,2026-04-06,Email
4854,765,8,2026-04-09,Call
4855,765,8,2026-04-05,Meeting
4856,765,8,2026-03-27,Email
4857,765,8,2026-03-19,Email
4858,765,8,2026-04-08,Email
4859,765,8,2026-03-29,Email
4860,765,8,2026-04-02,Email
4861,765,8,2026-03-23,Email
4862,765,8,2026-04-04,Call
4863,765,8,2026-04-07,Email
4864,765,8,2026-04-04,Email
4865,765,8,2026-04-01,Call
4866,765,8,2026-03-20,Email
4867,765,8,2026-04-10,Call
4868,765,8,2026-03-19,Email
4869,766,9,2024-10-25,Meeting
4870,766,9,2024-11-01,Call
4871,766,9,2024-10-08,Call
4872,766,9,2024-11-10,Email
4873,766,9,2024-10-07,Demo
4874,766,9,2024-11-05,Call
4875,766,9,2024-10-02,Demo
4876,767,8,2024-12-09,Email
4877,767,8,2024-12-07,Meeting
4878,767,8,2024-11-08,Email
4879,767,8,2024-12-15,Email
4880,767,8,2024-12-11,Email
4881,767,8,2024-12-11,Call
4882,767,8,2024-11-09,Email
4883,768,10,2026-08-08,Call
4884,768,10,2026-08-06,Meeting
4885,768,10,2026-07-27,Call
4886,768,10,2026-08-05,Call
4887,768,10,2026-08-02,Call
4888,768,10,2026-08-04,Email
4889,768,10,2026-08-05,Email
4890,768,10,2026-08-09,Demo
4891,769,2,2026-03-31,Email
4892,769,2,2026-05-03,Email
4893,769,2,2026-03-17,Meeting
4894,769,2,2026-06-18,Email
4895,769,2,2026-06-19,Email
4896,769,2,2026-03-17,Email
4897,769,2,2026-05-19,Email
4898,769,2,2026-06-09,Email
4899,769,2,2026-04-12,Call
4900,769,2,2026-05-12,Demo
4901,769,2,2026-03-26,Email
4902,770,11,2025-05-12,Email
4903,770,11,2025-05-08,Demo
4904,770,11,2025-05-15,Email
4905,770,11,2025-05-09,Email
4906,770,11,2025-05-14,Email
4907,771,7,2026-06-08,Meeting
4908,771,7,2026-06-28,Call
4909,772,7,2026-01-04,Email
4910,772,7,2026-02-05,Email
4911,772,7,2026-02-05,Call
4912,772,7,2026-01-29,Meeting
4913,772,7,2026-01-28,Demo
4914,772,7,2026-02-09,Meeting
4915,772,7,2026-02-15,Demo
4916,773,14,2024-05-09,Email
4917,773,14,2024-05-05,Meeting
4918,773,14,2024-05-12,Meeting
4919,773,14,2024-04-21,Demo
4920,773,14,2024-05-02,Meeting
4921,774,6,2024-10-24,Call
4922,774,6,2024-10-17,Email
4923,774,6,2024-11-20,Call
4924,775,14,2024-04-23,Call
4925,775,14,2024-04-24,Demo
4926,775,14,2024-04-21,Email
4927,775,14,2024-04-17,Call
4928,775,14,2024-04-26,Call
4929,775,14,2024-04-25,Email
4930,775,14,2024-04-28,Call
4931,775,14,2024-04-30,Call
4932,776,13,2026-02-14,Meeting
4933,776,13,2026-02-07,Call
4934,776,13,2026-02-14,Meeting
4935,776,13,2026-01-20,Email
4936,776,13,2026-01-25,Demo
4937,776,13,2026-01-30,Call
4938,776,13,2026-02-24,Email
4939,777,5,2025-04-16,Call
4940,777,5,2025-03-18,Email
4941,777,5,2025-03-15,Email
4942,777,5,2025-04-14,Email
4943,777,5,2025-04-09,Email
4944,778,6,2024-03-19,Call
4945,778,6,2024-03-13,Email
4946,778,6,2024-04-01,Meeting
4947,778,6,2024-03-22,Email
4948,778,6,2024-02-13,Email
4949,778,6,2024-02-13,Call
4950,778,6,2024-01-28,Email
4951,778,6,2024-02-24,Call
4952,778,6,2024-01-31,Email
4953,778,6,2024-02-24,Email
4954,778,6,2024-02-03,Demo
4955,778,6,2024-02-12,Call
4956,779,14,2026-09-23,Meeting
4957,779,14,2026-09-26,Call
4958,780,5,2024-10-05,Meeting
4959,780,5,2024-11-19,Call
4960,780,5,2024-11-03,Call
4961,780,5,2024-10-09,Call
4962,780,5,2024-11-11,Call
4963,781,13,2026-02-20,Email
4964,781,13,2026-02-23,Call
4965,781,13,2026-02-14,Email
4966,781,13,2026-02-23,Call
4967,781,13,2026-02-25,Email
4968,781,13,2026-02-20,Call
4969,781,13,2026-02-21,Email
4970,782,11,2025-09-16,Email
4971,782,11,2025-08-31,Email
4972,782,11,2025-09-06,Email
4973,782,11,2025-09-09,Meeting
4974,782,11,2025-09-07,Email
4975,782,11,2025-09-27,Email
4976,783,11,2026-09-02,Call
4977,783,11,2026-09-09,Meeting
4978,783,11,2026-09-11,Meeting
4979,783,11,2026-09-07,Call
4980,783,11,2026-09-07,Email
4981,783,11,2026-09-07,Email
4982,783,11,2026-09-13,Call
4983,783,11,2026-09-08,Meeting
4984,783,11,2026-09-03,Email
4985,783,11,2026-09-06,Meeting
4986,783,11,2026-09-07,Email
4987,783,11,2026-09-19,Email
4988,783,11,2026-09-15,Demo
4989,784,14,2024-09-27,Call
4990,784,14,2024-09-27,Call
4991,784,14,2024-10-08,Email
4992,784,14,2024-09-28,Email
4993,784,14,2024-10-01,Call
4994,784,14,2024-10-03,Email
4995,784,14,2024-10-03,Call
4996,784,14,2024-09-26,Call
4997,784,14,2024-10-05,Call
4998,785,14,2026-02-18,Email
4999,785,14,2026-02-24,Call
5000,785,14,2026-03-04,Call
5001,785,14,2026-02-18,Email
5002,785,14,2026-02-16,Meeting
5003,785,14,2026-01-29,Meeting
5004,786,5,2025-02-12,Email
5005,786,5,2025-02-17,Email
5006,786,5,2025-02-21,Email
5007,786,5,2025-01-26,Email
5008,787,13,2024-01-27,Meeting
5009,787,13,2024-01-07,Email
5010,788,7,2026-07-21,Meeting
5011,788,7,2026-07-21,Email
5012,789,10,2024-05-04,Call
5013,789,10,2024-05-18,Call
5014,789,10,2024-04-23,Call
5015,789,10,2024-05-11,Email
5016,789,10,2024-05-10,Email
5017,789,10,2024-05-03,Call
5018,790,9,2024-12-30,Email
5019,791,6,2025-02-23,Call
5020,791,6,2025-03-05,Call
5021,791,6,2025-02-21,Email
5022,791,6,2025-02-28,Email
5023,791,6,2025-02-21,Call
5024,791,6,2025-03-20,Email
5025,791,6,2025-03-09,Email
5026,792,6,2025-01-17,Email
5027,792,6,2024-12-17,Call
5028,792,6,2025-01-04,Call
5029,792,6,2025-01-12,Email
5030,793,8,2025-04-30,Call
5031,793,8,2025-04-18,Demo
5032,793,8,2025-05-24,Email
5033,793,8,2025-06-05,Call
5034,793,8,2025-04-28,Meeting
5035,793,8,2025-04-21,Call
5036,794,2,2026-08-11,Call
5037,794,2,2026-06-09,Meeting
5038,794,2,2026-07-26,Email
5039,794,2,2026-08-02,Call
5040,794,2,2026-07-22,Email
5041,794,2,2026-06-18,Meeting
5042,794,2,2026-08-30,Call
5043,794,2,2026-09-12,Email
5044,795,11,2025-03-12,Meeting
5045,795,11,2025-03-09,Email
5046,795,11,2025-03-11,Call
5047,796,10,2024-11-19,Email
5048,796,10,2024-11-07,Call
5049,796,10,2024-11-23,Meeting
5050,796,10,2024-11-16,Email
5051,796,10,2024-11-30,Call
5052,797,13,2026-07-23,Meeting
5053,797,13,2026-07-17,Demo
5054,797,13,2026-07-26,Demo
5055,797,13,2026-07-25,Email
5056,797,13,2026-07-25,Call
5057,797,13,2026-07-27,Email
5058,797,13,2026-07-25,Call
5059,797,13,2026-07-24,Meeting
5060,798,6,2025-12-01,Call
5061,798,6,2025-11-21,Email
5062,798,6,2025-12-04,Call
5063,798,6,2025-11-19,Call
5064,798,6,2025-11-03,Meeting
5065,798,6,2025-10-28,Call
5066,798,6,2025-11-01,Call
5067,798,6,2025-11-28,Meeting
5068,798,6,2025-11-22,Email
5069,798,6,2025-12-09,Call
5070,798,6,2025-11-16,Email
5071,799,13,2025-01-14,Email
5072,799,13,2025-01-31,Email
5073,799,13,2025-01-25,Meeting
5074,799,13,2025-01-20,Email
5075,799,13,2025-01-26,Call
5076,799,13,2025-02-12,Email
5077,799,13,2025-01-23,Email
5078,799,13,2025-01-30,Meeting
5079,799,13,2025-01-30,Email
5080,799,13,2025-02-09,Call
5081,799,13,2025-01-21,Meeting
5082,799,13,2025-01-18,Call
5083,799,13,2025-02-08,Meeting
5084,799,13,2025-01-27,Call
5085,799,13,2025-01-20,Email
5086,799,13,2025-02-07,Meeting
5087,799,13,2025-02-02,Email
5088,800,10,2026-09-12,Call
5089,800,10,2026-09-01,Call
5090,800,10,2026-08-21,Call
5091,800,10,2026-09-01,Call
5092,800,10,2026-09-01,Email
5093,800,10,2026-09-06,Call
5094,800,10,2026-08-30,Call
5095,800,10,2026-09-15,Call
5096,800,10,2026-08-26,Email
5097,800,10,2026-09-03,Call
5098,800,10,2026-09-13,Email
5099,801,9,2026-03-22,Email
5100,801,9,2026-02-19,Email
5101,801,9,2026-03-07,Call
5102,801,9,2026-01-03,Email
5103,801,9,2026-03-28,Email
5104,801,9,2025-12-23,Email
5105,801,9,2026-01-12,Demo
5106,801,9,2026-01-26,Meeting
5107,802,10,2025-07-23,Call
5108,802,10,2025-07-26,Email
5109,802,10,2025-08-03,Email
5110,802,10,2025-07-22,Email
5111,802,10,2025-08-01,Email
5112,802,10,2025-07-21,Call
5113,803,6,2025-06-26,Meeting
5114,803,6,2025-06-24,Email
5115,803,6,2025-07-07,Email
5116,803,6,2025-07-10,Call
5117,803,6,2025-06-30,Meeting
5118,803,6,2025-06-19,Call
5119,804,13,2025-10-29,Call
5120,804,13,2025-11-22,Meeting
5121,805,3,2024-09-25,Email
5122,805,3,2024-09-30,Call
5123,805,3,2024-08-26,Meeting
5124,805,3,2024-09-19,Call
5125,805,3,2024-08-20,Demo
5126,805,3,2024-09-05,Email
5127,805,3,2024-09-10,Meeting
5128,805,3,2024-10-01,Demo
5129,805,3,2024-10-19,Email
5130,805,3,2024-07-29,Email
5131,805,3,2024-09-03,Call
5132,805,3,2024-10-16,Email
5133,805,3,2024-10-01,Meeting
5134,806,5,2024-11-13,Email
5135,806,5,2024-12-26,Call
5136,806,5,2024-11-15,Call
5137,806,5,2024-11-17,Call
5138,806,5,2024-12-06,Call
5139,806,5,2024-11-10,Demo
5140,807,14,2024-07-21,Email
5141,807,14,2024-07-27,Email
5142,807,14,2024-07-26,Call
5143,807,14,2024-08-08,Call
5144,807,14,2024-07-28,Email
5145,809,9,2024-07-25,Email
5146,809,9,2024-08-06,Email
5147,809,9,2024-07-02,Email
5148,810,6,2026-09-06,Call
5149,810,6,2026-08-11,Email
5150,810,6,2026-07-25,Email
5151,810,6,2026-07-23,Demo
5152,811,13,2025-03-05,Email
5153,811,13,2025-03-09,Call
5154,811,13,2025-03-06,Email
5155,812,7,2025-08-31,Meeting
5156,812,7,2025-09-13,Call
5157,812,7,2025-08-05,Meeting
5158,812,7,2025-08-17,Call
5159,812,7,2025-08-15,Call
5160,812,7,2025-07-21,Call
5161,812,7,2025-07-22,Meeting
5162,812,7,2025-07-21,Demo
5163,812,7,2025-09-01,Email
5164,813,14,2026-09-16,Meeting
5165,813,14,2026-09-16,Call
5166,813,14,2026-09-09,Email
5167,813,14,2026-08-27,Call
5168,814,6,2026-06-26,Meeting
5169,814,6,2026-06-04,Email
5170,814,6,2026-06-24,Call
5171,814,6,2026-06-01,Email
5172,814,6,2026-08-09,Call
5173,815,7,2026-05-26,Meeting
5174,815,7,2026-05-11,Meeting
5175,815,7,2026-06-22,Email
5176,815,7,2026-04-28,Meeting
5177,815,7,2026-05-26,Email
5178,815,7,2026-04-24,Email
5179,815,7,2026-05-21,Email
5180,815,7,2026-06-12,Call
5181,815,7,2026-06-05,Demo
5182,815,7,2026-06-14,Meeting
5183,815,7,2026-06-21,Call
5184,815,7,2026-04-29,Email
5185,816,12,2025-06-30,Call
5186,816,12,2025-07-07,Email
5187,817,7,2024-12-11,Demo
5188,817,7,2024-12-22,Email
5189,817,7,2024-12-21,Call
5190,817,7,2025-01-02,Call
5191,817,7,2024-12-20,Call
5192,817,7,2024-12-14,Meeting
5193,817,7,2024-12-01,Demo
5194,818,6,2025-07-24,Call
5195,818,6,2025-08-11,Meeting
5196,818,6,2025-09-01,Email
5197,818,6,2025-09-01,Call
5198,818,6,2025-08-04,Demo
5199,819,3,2026-06-27,Call
5200,819,3,2026-07-15,Call
5201,819,3,2026-07-06,Call
5202,819,3,2026-07-26,Email
5203,819,3,2026-08-03,Call
5204,819,3,2026-07-01,Meeting
5205,819,3,2026-07-02,Call
5206,819,3,2026-08-11,Call
5207,819,3,2026-07-19,Email
5208,819,3,2026-08-05,Call
5209,819,3,2026-07-01,Meeting
5210,819,3,2026-06-10,Email
5211,819,3,2026-06-27,Email
5212,819,3,2026-06-10,Call
5213,819,3,2026-07-12,Email
5214,819,3,2026-07-25,Call
5215,819,3,2026-07-26,Call
5216,820,13,2024-07-18,Email
5217,820,13,2024-07-26,Meeting
5218,820,13,2024-08-03,Call
5219,820,13,2024-08-04,Call
5220,821,5,2025-08-31,Call
5221,821,5,2025-08-28,Email
5222,821,5,2025-09-06,Call
5223,821,5,2025-07-05,Email
5224,821,5,2025-07-30,Call
5225,821,5,2025-09-14,Call
5226,822,7,2026-03-13,Call
5227,822,7,2026-03-10,Call
5228,822,7,2026-02-28,Email
5229,822,7,2026-02-27,Demo
5230,822,7,2026-03-16,Demo
5231,822,7,2026-02-23,Email
5232,822,7,2026-03-14,Meeting
5233,822,7,2026-03-11,Email
5234,822,7,2026-02-24,Email
5235,822,7,2026-03-15,Call
5236,822,7,2026-03-20,Call
5237,822,7,2026-03-18,Email
5238,822,7,2026-02-28,Call
5239,823,13,2026-05-27,Email
5240,823,13,2026-05-27,Email
5241,823,13,2026-05-21,Demo
5242,823,13,2026-05-14,Email
5243,823,13,2026-05-25,Email
5244,823,13,2026-05-25,Call
5245,823,13,2026-05-26,Email
5246,824,3,2024-09-27,Demo
5247,824,3,2024-11-02,Email
5248,824,3,2024-10-05,Email
5249,824,3,2024-11-06,Call
5250,824,3,2024-10-19,Call
5251,824,3,2024-09-01,Call
5252,824,3,2024-10-21,Meeting
5253,825,13,2025-07-29,Email
5254,825,13,2025-08-06,Call
5255,825,13,2025-07-16,Call
5256,825,13,2025-07-25,Meeting
5257,825,13,2025-08-07,Email
5258,825,13,2025-08-01,Call
5259,825,13,2025-07-30,Meeting
5260,825,13,2025-07-17,Call
5261,825,13,2025-08-05,Email
5262,825,13,2025-07-28,Email
5263,825,13,2025-07-16,Email
5264,825,13,2025-07-31,Meeting
5265,825,13,2025-07-22,Email
5266,826,12,2025-02-07,Email
5267,826,12,2025-02-13,Call
5268,826,12,2025-01-31,Meeting
5269,826,12,2025-02-17,Call
5270,826,12,2025-02-10,Call
5271,826,12,2025-02-12,Meeting
5272,826,12,2025-02-17,Email
5273,826,12,2025-02-07,Call
5274,826,12,2025-02-08,Call
5275,826,12,2025-02-11,Call
5276,826,12,2025-02-06,Meeting
5277,826,12,2025-02-16,Call
5278,826,12,2025-01-31,Demo
5279,826,12,2025-02-10,Call
5280,826,12,2025-02-01,Email
5281,827,12,2025-02-13,Call
5282,827,12,2025-03-09,Email
5283,827,12,2025-02-18,Call
5284,828,10,2024-09-17,Meeting
5285,828,10,2024-09-08,Call
5286,828,10,2024-09-16,Email
5287,828,10,2024-08-30,Call
5288,829,12,2026-02-20,Email
5289,829,12,2026-02-16,Email
5290,829,12,2026-03-07,Call
5291,829,12,2026-03-02,Email
5292,829,12,2026-03-07,Email
5293,829,12,2026-03-01,Call
5294,829,12,2026-02-18,Call
5295,830,5,2026-08-11,Email
5296,830,5,2026-08-02,Email
5297,830,5,2026-08-12,Meeting
5298,830,5,2026-08-15,Email
5299,830,5,2026-08-12,Email
5300,830,5,2026-07-31,Call
5301,830,5,2026-08-03,Call
5302,830,5,2026-08-07,Call
5303,831,10,2024-08-29,Email
5304,831,10,2024-08-30,Meeting
5305,831,10,2024-08-07,Email
5306,831,10,2024-09-04,Email
5307,831,10,2024-08-22,Demo
5308,831,10,2024-08-14,Email
5309,831,10,2024-08-11,Email
5310,831,10,2024-08-13,Call
5311,832,3,2024-12-02,Call
5312,832,3,2024-10-26,Call
5313,832,3,2024-12-08,Meeting
5314,832,3,2024-10-26,Call
5315,832,3,2024-10-22,Email
5316,832,3,2024-09-23,Meeting
5317,832,3,2024-10-07,Meeting
5318,832,3,2024-10-23,Demo
5319,832,3,2024-10-24,Call
5320,832,3,2024-12-04,Email
5321,832,3,2024-11-14,Call
5322,833,9,2026-04-12,Email
5323,833,9,2026-04-10,Email
5324,833,9,2026-03-19,Call
5325,834,4,2026-02-08,Email
5326,834,4,2026-02-18,Email
5327,834,4,2026-03-16,Email
5328,834,4,2026-03-14,Email
5329,834,4,2026-03-14,Call
5330,834,4,2026-03-27,Demo
5331,834,4,2026-01-12,Call
5332,834,4,2025-12-26,Call
5333,834,4,2026-01-28,Email
5334,835,11,2025-12-26,Demo
5335,835,11,2025-12-01,Email
5336,835,11,2025-12-21,Email
5337,835,11,2025-12-31,Demo
5338,835,11,2025-12-11,Call
5339,835,11,2025-12-12,Email
5340,835,11,2025-12-28,Call
5341,835,11,2025-11-29,Email
5342,835,11,2025-12-17,Call
5343,835,11,2025-12-05,Meeting
5344,835,11,2025-12-12,Meeting
5345,836,10,2025-10-13,Call
5346,836,10,2025-10-12,Meeting
5347,836,10,2025-10-15,Call
5348,836,10,2025-10-21,Call
5349,837,8,2025-01-14,Email
5350,837,8,2025-01-21,Email
5351,837,8,2025-01-05,Email
5352,837,8,2025-01-14,Email
5353,838,2,2025-05-10,Call
5354,838,2,2025-02-23,Email
5355,838,2,2025-02-23,Call
5356,838,2,2025-04-18,Email
5357,838,2,2025-04-07,Meeting
5358,838,2,2025-04-17,Demo
5359,840,12,2025-03-03,Email
5360,840,12,2025-02-15,Email
5361,840,12,2025-03-29,Meeting
5362,840,12,2025-02-14,Call
5363,841,1,2025-03-24,Email
5364,841,1,2025-02-23,Email
5365,841,1,2025-03-04,Call
5366,841,1,2025-03-07,Email
5367,841,1,2025-04-08,Email
5368,841,1,2025-04-11,Email
5369,841,1,2025-04-06,Email
5370,841,1,2025-04-20,Email
5371,841,1,2025-04-10,Email
5372,842,12,2024-09-15,Demo
5373,842,12,2024-09-14,Meeting
5374,842,12,2024-09-07,Call
5375,842,12,2024-09-08,Meeting
5376,842,12,2024-09-14,Email
5377,842,12,2024-09-10,Meeting
5378,842,12,2024-08-21,Call
5379,842,12,2024-09-06,Email
5380,842,12,2024-08-25,Meeting
5381,842,12,2024-08-30,Meeting
5382,842,12,2024-09-15,Call
5383,843,7,2025-05-02,Meeting
5384,843,7,2025-04-24,Email
5385,843,7,2025-03-05,Email
5386,843,7,2025-02-12,Call
5387,844,5,2025-04-21,Meeting
5388,844,5,2025-03-26,Email
5389,844,5,2025-04-17,Call
5390,844,5,2025-04-08,Email
5391,844,5,2025-05-09,Meeting
5392,844,5,2025-03-17,Email
5393,844,5,2025-05-06,Call
5394,844,5,2025-05-19,Meeting
5395,844,5,2025-04-30,Call
5396,844,5,2025-04-04,Meeting
5397,844,5,2025-05-19,Call
5398,844,5,2025-04-19,Call
5399,844,5,2025-03-13,Call
5400,844,5,2025-04-27,Email
5401,845,5,2024-07-04,Call
5402,845,5,2024-07-24,Email
5403,845,5,2024-07-16,Call
5404,845,5,2024-07-19,Call
5405,845,5,2024-07-12,Meeting
5406,846,9,2025-01-07,Demo
5407,846,9,2025-02-14,Meeting
5408,846,9,2025-01-04,Email
5409,846,9,2025-01-30,Email
5410,846,9,2025-02-14,Call
5411,847,2,2025-02-07,Email
5412,847,2,2025-03-01,Demo
5413,847,2,2025-03-13,Meeting
5414,847,2,2025-02-16,Demo
5415,847,2,2025-02-05,Email
5416,848,7,2024-04-26,Call
5417,848,7,2024-04-25,Call
5418,848,7,2024-04-17,Email
5419,848,7,2024-03-23,Email
5420,848,7,2024-04-12,Meeting
5421,848,7,2024-03-20,Call
5422,848,7,2024-03-26,Call
5423,849,12,2024-11-23,Email
5424,849,12,2024-11-18,Email
5425,850,5,2025-02-19,Call
5426,850,5,2025-01-28,Demo
5427,850,5,2025-01-28,Email
5428,850,5,2025-01-08,Email
5429,850,5,2024-12-17,Email
5430,850,5,2025-01-24,Call
5431,851,5,2025-07-18,Email
5432,851,5,2025-04-22,Call
5433,851,5,2025-08-27,Email
5434,851,5,2025-04-17,Meeting
5435,851,5,2025-08-09,Meeting
5436,852,11,2026-01-01,Email
5437,852,11,2026-01-09,Meeting
5438,852,11,2025-12-26,Demo
5439,852,11,2025-12-23,Call
5440,852,11,2026-01-05,Email
5441,852,11,2025-12-29,Meeting
5442,852,11,2026-01-11,Call
5443,852,11,2026-01-09,Call
5444,852,11,2025-12-31,Email
5445,853,13,2025-03-04,Meeting
5446,853,13,2025-02-27,Demo
5447,853,13,2025-03-03,Email
5448,854,7,2026-07-13,Email
5449,854,7,2026-07-04,Call
5450,854,7,2026-07-21,Email
5451,855,13,2024-05-01,Call
5452,855,13,2024-05-09,Call
5453,855,13,2024-04-30,Call
5454,855,13,2024-04-22,Call
5455,855,13,2024-05-04,Call
5456,855,13,2024-05-10,Email
5457,855,13,2024-05-03,Meeting
5458,856,12,2026-06-21,Meeting
5459,856,12,2026-06-24,Call
5460,856,12,2026-07-12,Meeting
5461,856,12,2026-07-10,Email
5462,856,12,2026-06-20,Demo
5463,856,12,2026-07-11,Call
5464,857,1,2025-05-18,Call
5465,857,1,2025-06-17,Email
5466,857,1,2025-09-12,Call
5467,857,1,2025-05-20,Call
5468,858,3,2026-03-18,Email
5469,858,3,2026-03-03,Call
5470,858,3,2026-05-23,Meeting
5471,858,3,2026-05-20,Email
5472,858,3,2026-03-18,Email
5473,858,3,2026-02-26,Call
5474,859,2,2025-07-24,Call
5475,859,2,2025-08-07,Call
5476,859,2,2025-08-28,Call
5477,859,2,2025-09-21,Email
5478,859,2,2025-08-19,Email
5479,859,2,2025-09-22,Email
5480,859,2,2025-09-09,Call
5481,859,2,2025-09-28,Meeting
5482,859,2,2025-09-19,Email
5483,859,2,2025-08-25,Email
5484,859,2,2025-08-31,Meeting
5485,859,2,2025-09-21,Meeting
5486,860,10,2026-05-02,Meeting
5487,860,10,2026-04-16,Email
5488,860,10,2026-04-16,Email
5489,860,10,2026-04-27,Email
5490,860,10,2026-04-15,Call
5491,860,10,2026-05-02,Meeting
5492,861,7,2025-11-24,Email
5493,861,7,2025-11-19,Demo
5494,861,7,2025-11-23,Call
5495,862,11,2026-07-17,Call
5496,862,11,2026-07-14,Meeting
5497,862,11,2026-07-19,Call
5498,862,11,2026-07-21,Demo
5499,862,11,2026-07-30,Meeting
5500,863,10,2026-05-06,Email
5501,863,10,2026-05-18,Call
5502,863,10,2026-05-04,Call
5503,863,10,2026-05-03,Email
5504,863,10,2026-05-18,Call
5505,863,10,2026-05-16,Call
5506,864,3,2026-09-21,Meeting
5507,864,3,2026-09-24,Demo
5508,864,3,2026-09-24,Email
5509,864,3,2026-09-04,Email
5510,865,14,2025-05-01,Email
5511,865,14,2025-04-15,Meeting
5512,865,14,2025-04-21,Call
5513,865,14,2025-04-27,Call
5514,866,6,2024-08-31,Call
5515,866,6,2024-08-05,Email
5516,866,6,2024-08-21,Meeting
5517,866,6,2024-08-23,Call
5518,866,6,2024-07-25,Call
5519,866,6,2024-07-28,Call
5520,866,6,2024-09-06,Meeting
5521,866,6,2024-08-18,Email
5522,866,6,2024-09-07,Call
5523,866,6,2024-08-16,Call
5524,866,6,2024-08-28,Meeting
5525,866,6,2024-08-14,Meeting
5526,866,6,2024-08-25,Meeting
5527,866,6,2024-08-02,Meeting
5528,866,6,2024-08-23,Email
5529,866,6,2024-08-07,Email
5530,866,6,2024-08-13,Meeting
5531,867,5,2026-09-16,Call
5532,868,6,2024-09-11,Email
5533,868,6,2024-08-28,Email
5534,868,6,2024-09-03,Email
5535,869,14,2025-09-20,Call
5536,869,14,2025-09-15,Call
5537,869,14,2025-09-18,Meeting
5538,870,2,2026-09-24,Email
5539,870,2,2026-07-29,Email
5540,870,2,2026-08-31,Email
5541,870,2,2026-08-05,Call
5542,870,2,2026-08-14,Email
5543,871,14,2026-04-17,Email
5544,871,14,2026-03-12,Call
5545,871,14,2026-04-10,Email
5546,871,14,2026-03-19,Meeting
5547,871,14,2026-03-29,Call
5548,872,2,2025-12-20,Demo
5549,872,2,2026-01-05,Call
5550,872,2,2025-12-07,Call
5551,872,2,2025-10-28,Call
5552,872,2,2026-01-04,Call
5553,872,2,2026-01-11,Call
5554,872,2,2025-11-02,Meeting
5555,872,2,2025-11-18,Call
5556,873,9,2025-06-17,Email
5557,873,9,2025-07-12,Email
5558,873,9,2025-05-01,Call
5559,873,9,2025-06-22,Email
5560,873,9,2025-06-05,Call
5561,873,9,2025-06-19,Call
5562,873,9,2025-08-18,Call
5563,873,9,2025-09-04,Demo
5564,873,9,2025-06-14,Email
5565,873,9,2025-06-15,Call
5566,873,9,2025-05-10,Call
5567,873,9,2025-08-07,Demo
5568,874,13,2026-09-25,Email
5569,874,13,2026-09-29,Email
5570,874,13,2026-09-26,Email
5571,874,13,2026-09-27,Meeting
5572,875,12,2026-03-17,Meeting
5573,875,12,2026-03-18,Call
5574,875,12,2026-03-23,Email
5575,875,12,2026-03-26,Call
5576,875,12,2026-03-22,Email
5577,876,4,2025-05-01,Email
5578,876,4,2025-06-01,Call
5579,876,4,2025-05-15,Call
5580,876,4,2025-07-25,Email
5581,876,4,2025-05-13,Call
5582,876,4,2025-08-11,Call
5583,876,4,2025-06-13,Email
5584,876,4,2025-04-29,Email
5585,877,9,2024-11-23,Email
5586,877,9,2024-11-12,Call
5587,878,8,2026-05-12,Email
5588,878,8,2026-05-02,Email
5589,878,8,2026-05-27,Meeting
5590,878,8,2026-05-21,Call
5591,878,8,2026-04-25,Meeting
5592,878,8,2026-04-05,Email
5593,878,8,2026-04-26,Meeting
5594,879,11,2025-08-26,Email
5595,879,11,2025-09-04,Email
5596,880,4,2025-06-15,Email
5597,880,4,2025-08-20,Call
5598,880,4,2025-07-13,Email
5599,880,4,2025-07-30,Email
5600,881,11,2024-10-31,Call
5601,882,11,2025-01-15,Email
5602,882,11,2025-01-12,Meeting
5603,882,11,2025-01-02,Email
5604,882,11,2025-01-22,Email
5605,882,11,2025-01-24,Email
5606,882,11,2025-01-09,Email
5607,882,11,2025-01-31,Email
5608,882,11,2025-01-28,Meeting
5609,883,9,2026-09-26,Meeting
5610,883,9,2026-09-12,Email
5611,883,9,2026-09-16,Call
5612,884,5,2024-10-13,Email
5613,884,5,2024-08-31,Meeting
5614,885,4,2025-07-22,Demo
5615,885,4,2025-08-08,Email
5616,885,4,2025-04-11,Email
5617,885,4,2025-07-02,Meeting
5618,885,4,2025-05-22,Meeting
5619,886,4,2024-09-13,Meeting
5620,886,4,2024-07-23,Email
5621,886,4,2024-10-17,Call
5622,886,4,2024-10-09,Meeting
5623,886,4,2024-08-12,Meeting
5624,886,4,2024-07-25,Email
5625,886,4,2024-10-16,Meeting
5626,887,1,2025-08-03,Meeting
5627,888,11,2025-12-08,Meeting
5628,888,11,2025-12-14,Call
5629,888,11,2025-12-02,Call
5630,888,11,2025-12-11,Email
5631,888,11,2025-12-09,Call
5632,889,14,2025-03-26,Call
5633,889,14,2025-04-13,Call
5634,890,10,2025-11-02,Meeting
5635,890,10,2025-10-31,Email
5636,890,10,2025-10-16,Email
5637,890,10,2025-10-25,Call
5638,890,10,2025-11-02,Email
5639,890,10,2025-10-31,Email
5640,890,10,2025-10-17,Email
5641,890,10,2025-10-31,Call
5642,890,10,2025-10-31,Meeting
5643,890,10,2025-10-28,Email
5644,890,10,2025-10-20,Email
5645,891,10,2026-07-12,Call
5646,891,10,2026-07-03,Email
5647,891,10,2026-07-09,Email
5648,891,10,2026-07-16,Email
5649,892,11,2025-02-15,Email
5650,892,11,2025-02-03,Call
5651,892,11,2025-01-26,Meeting
5652,892,11,2025-02-03,Call
5653,892,11,2025-02-14,Meeting
5654,892,11,2025-02-18,Email
5655,892,11,2025-02-14,Meeting
5656,892,11,2025-02-05,Email
5657,892,11,2025-02-09,Demo
5658,893,9,2026-03-31,Meeting
5659,893,9,2026-03-11,Email
5660,893,9,2026-05-11,Meeting
5661,893,9,2026-05-23,Email
5662,893,9,2026-03-15,Email
5663,893,9,2026-04-14,Email
5664,894,11,2025-06-06,Call
5665,894,11,2025-06-02,Email
5666,894,11,2025-06-30,Email
5667,895,9,2024-08-26,Email
5668,895,9,2024-09-01,Call
5669,895,9,2024-09-17,Email
5670,895,9,2024-08-04,Meeting
5671,895,9,2024-08-30,Email
5672,895,9,2024-09-05,Call
5673,895,9,2024-08-05,Meeting
5674,895,9,2024-08-23,Email
5675,895,9,2024-08-22,Meeting
5676,895,9,2024-07-22,Email
5677,895,9,2024-08-30,Call
5678,895,9,2024-07-22,Call
5679,896,14,2025-09-10,Demo
5680,896,14,2025-09-24,Email
5681,896,14,2025-09-21,Meeting
5682,896,14,2025-09-05,Call
5683,896,14,2025-09-30,Call
5684,896,14,2025-09-17,Call
5685,897,14,2025-07-10,Meeting
5686,897,14,2025-07-18,Meeting
5687,897,14,2025-07-15,Call
5688,897,14,2025-07-21,Email
5689,897,14,2025-07-25,Meeting
5690,898,11,2026-02-10,Email
5691,898,11,2026-02-26,Call
5692,899,9,2025-09-27,Call
5693,899,9,2025-09-29,Meeting
5694,899,9,2025-10-04,Demo
5695,900,3,2024-11-02,Call
5696,900,3,2024-09-22,Call
5697,900,3,2024-09-21,Demo
5698,900,3,2024-10-09,Email
5699,900,3,2024-12-15,Call
5700,900,3,2024-12-24,Call
5701,900,3,2024-11-28,Email
5702,901,2,2025-02-18,Meeting
5703,901,2,2025-05-18,Email
5704,901,2,2025-04-29,Meeting
5705,901,2,2025-06-10,Call
5706,901,2,2025-03-20,Email
5707,901,2,2025-07-09,Call
5708,901,2,2025-03-08,Email
5709,901,2,2025-04-01,Call
5710,902,7,2026-05-13,Email
5711,902,7,2026-04-07,Call
5712,902,7,2026-04-20,Email
5713,902,7,2026-06-03,Email
5714,903,11,2026-09-11,Email
5715,903,11,2026-09-19,Demo
5716,903,11,2026-09-21,Email
5717,904,11,2025-06-30,Meeting
5718,904,11,2025-07-08,Call
5719,904,11,2025-07-13,Call
5720,904,11,2025-06-06,Meeting
5721,904,11,2025-07-01,Meeting
5722,905,3,2025-10-12,Email
5723,905,3,2025-11-15,Email
5724,905,3,2025-09-29,Call
5725,905,3,2025-11-11,Call
5726,905,3,2025-10-03,Meeting
5727,905,3,2025-12-08,Meeting
5728,905,3,2025-10-30,Call
5729,905,3,2025-10-26,Meeting
5730,905,3,2025-11-18,Meeting
5731,905,3,2025-09-29,Call
5732,905,3,2025-09-20,Call
5733,905,3,2025-11-12,Email
5734,907,10,2026-04-08,Email
5735,907,10,2026-03-19,Call
5736,907,10,2026-03-29,Meeting
5737,907,10,2026-03-28,Call
5738,907,10,2026-03-27,Demo
5739,907,10,2026-04-18,Email
5740,907,10,2026-04-10,Call
5741,908,7,2026-06-06,Email
5742,908,7,2026-05-29,Call
5743,908,7,2026-05-27,Email
5744,908,7,2026-06-13,Email
5745,908,7,2026-07-04,Call
5746,908,7,2026-06-17,Email
5747,909,5,2026-05-29,Call
5748,909,5,2026-05-22,Email
5749,909,5,2026-05-16,Email
5750,909,5,2026-06-10,Demo
5751,910,8,2026-06-16,Call
5752,910,8,2026-06-16,Call
5753,910,8,2026-06-19,Call
5754,910,8,2026-07-15,Demo
5755,910,8,2026-06-17,Email
5756,910,8,2026-06-23,Call
5757,910,8,2026-07-07,Meeting
5758,910,8,2026-07-05,Email
5759,910,8,2026-06-27,Meeting
5760,910,8,2026-07-17,Call
5761,910,8,2026-06-28,Meeting
5762,910,8,2026-07-21,Call
5763,910,8,2026-06-18,Email
5764,910,8,2026-07-21,Meeting
5765,911,12,2024-07-27,Meeting
5766,911,12,2024-08-08,Email
5767,911,12,2024-07-26,Email
5768,911,12,2024-08-08,Email
5769,911,12,2024-08-03,Email
5770,912,6,2025-06-08,Call
5771,912,6,2025-05-08,Meeting
5772,912,6,2025-04-07,Call
5773,912,6,2025-05-24,Email
5774,912,6,2025-04-09,Email
5775,912,6,2025-06-02,Email
5776,912,6,2025-05-26,Email
5777,912,6,2025-04-07,Email
5778,912,6,2025-04-27,Meeting
5779,912,6,2025-06-11,Email
5780,912,6,2025-04-28,Call
5781,912,6,2025-05-20,Meeting
5782,913,5,2024-09-21,Meeting
5783,913,5,2024-10-02,Meeting
5784,913,5,2024-09-30,Call
5785,913,5,2024-10-21,Demo
5786,913,5,2024-10-16,Meeting
5787,914,14,2025-04-05,Demo
5788,914,14,2025-03-22,Demo
5789,914,14,2025-04-01,Call
5790,914,14,2025-03-29,Meeting
5791,914,14,2025-04-08,Meeting
5792,914,14,2025-03-22,Email
5793,914,14,2025-03-25,Meeting
5794,914,14,2025-03-27,Call
5795,914,14,2025-03-27,Call
5796,914,14,2025-03-28,Call
5797,915,12,2025-08-24,Email
5798,915,12,2025-08-25,Email
5799,915,12,2025-09-06,Email
5800,915,12,2025-08-17,Email
5801,915,12,2025-08-29,Email
5802,915,12,2025-08-19,Demo
5803,917,13,2026-06-27,Call
5804,917,13,2026-06-15,Meeting
5805,917,13,2026-07-05,Meeting
5806,917,13,2026-06-21,Call
5807,917,13,2026-06-11,Call
5808,917,13,2026-07-07,Email
5809,917,13,2026-07-07,Demo
5810,917,13,2026-06-15,Call
5811,917,13,2026-07-04,Email
5812,917,13,2026-06-21,Call
5813,918,10,2026-06-18,Call
5814,918,10,2026-06-19,Call
5815,918,10,2026-06-24,Call
5816,918,10,2026-06-29,Email
5817,918,10,2026-06-15,Email
5818,919,9,2024-04-20,Call
5819,919,9,2024-03-19,Call
5820,919,9,2024-03-14,Email
5821,919,9,2024-03-27,Email
5822,919,9,2024-04-19,Call
5823,919,9,2024-03-21,Email
5824,920,8,2026-09-29,Call
5825,920,8,2026-09-29,Email
5826,921,13,2026-06-24,Call
5827,921,13,2026-06-27,Email
5828,921,13,2026-07-02,Call
5829,921,13,2026-06-23,Email
5830,921,13,2026-07-05,Email
5831,921,13,2026-07-05,Call
5832,922,3,2025-07-29,Meeting
5833,922,3,2025-09-26,Call
5834,922,3,2025-09-29,Meeting
5835,922,3,2025-08-10,Email
5836,922,3,2025-10-02,Email
5837,923,11,2026-09-06,Email
5838,923,11,2026-09-11,Call
5839,923,11,2026-09-18,Email
5840,924,5,2026-08-08,Meeting
5841,924,5,2026-08-08,Email
5842,924,5,2026-08-22,Call
5843,924,5,2026-08-15,Meeting
5844,925,14,2025-04-27,Email
5845,925,14,2025-04-24,Email
5846,925,14,2025-04-30,Call
5847,925,14,2025-04-25,Call
5848,925,14,2025-04-25,Call
5849,925,14,2025-04-24,Call
5850,925,14,2025-05-05,Email
5851,926,11,2024-04-19,Email
5852,926,11,2024-04-23,Demo
5853,926,11,2024-04-30,Email
5854,926,11,2024-04-25,Meeting
5855,926,11,2024-04-25,Call
5856,926,11,2024-04-18,Meeting
5857,926,11,2024-04-18,Email
5858,926,11,2024-04-20,Call
5859,926,11,2024-04-21,Call
5860,926,11,2024-04-21,Email
5861,926,11,2024-04-17,Email
5862,926,11,2024-05-04,Call
5863,927,14,2025-08-12,Call
5864,927,14,2025-08-01,Call
5865,927,14,2025-08-05,Email
5866,927,14,2025-08-11,Meeting
5867,927,14,2025-08-01,Meeting
5868,927,14,2025-08-08,Email
5869,927,14,2025-08-14,Call
5870,927,14,2025-08-17,Email
5871,927,14,2025-08-04,Call
5872,928,1,2025-02-15,Email
5873,928,1,2025-04-26,Email
5874,928,1,2025-03-22,Call
5875,928,1,2025-04-12,Call
5876,928,1,2025-03-03,Call
5877,929,6,2026-09-27,Email
5878,929,6,2026-09-09,Email
5879,929,6,2026-09-13,Email
5880,929,6,2026-09-25,Call
5881,929,6,2026-09-25,Call
5882,929,6,2026-09-13,Call
5883,929,6,2026-09-07,Email
5884,929,6,2026-09-18,Email
5885,930,10,2025-03-04,Meeting
5886,930,10,2025-03-18,Email
5887,930,10,2025-03-12,Email
5888,931,14,2025-09-17,Email
5889,931,14,2025-09-24,Call
5890,931,14,2025-09-10,Call
5891,931,14,2025-09-22,Email
5892,931,14,2025-09-16,Call
5893,932,10,2025-06-09,Call
5894,932,10,2025-05-03,Call
5895,932,10,2025-06-14,Demo
5896,932,10,2025-06-21,Demo
5897,932,10,2025-06-21,Demo
5898,932,10,2025-06-06,Call
5899,932,10,2025-06-10,Email
5900,932,10,2025-05-06,Call
5901,933,5,2024-04-26,Email
5902,933,5,2024-03-28,Email
5903,933,5,2024-04-19,Call
5904,933,5,2024-04-30,Email
5905,933,5,2024-04-23,Call
5906,934,8,2025-12-21,Call
5907,934,8,2025-12-27,Meeting
5908,935,11,2026-03-30,Email
5909,935,11,2026-03-18,Email
5910,935,11,2026-03-10,Call
5911,935,11,2026-03-30,Call
5912,935,11,2026-03-23,Email
5913,935,11,2026-03-28,Call
5914,935,11,2026-03-31,Email
5915,935,11,2026-03-11,Email
5916,935,11,2026-03-12,Call
5917,935,11,2026-03-29,Call
5918,936,3,2024-04-17,Demo
5919,936,3,2024-03-28,Call
5920,936,3,2024-05-23,Email
5921,936,3,2024-04-23,Meeting
5922,936,3,2024-04-08,Demo
5923,936,3,2024-04-09,Email
5924,936,3,2024-03-14,Call
5925,936,3,2024-05-14,Email
5926,937,6,2025-03-07,Email
5927,937,6,2025-03-24,Email
5928,937,6,2025-03-06,Call
5929,937,6,2025-03-17,Call
5930,937,6,2025-03-12,Call
5931,937,6,2025-03-22,Email
5932,937,6,2025-03-12,Email
5933,937,6,2025-03-08,Email
5934,937,6,2025-04-06,Demo
5935,937,6,2025-03-16,Email
5936,937,6,2025-03-17,Call
5937,937,6,2025-03-09,Email
5938,938,10,2026-06-25,Email
5939,938,10,2026-07-11,Meeting
5940,938,10,2026-07-08,Email
5941,938,10,2026-06-27,Call
5942,938,10,2026-07-10,Call
5943,938,10,2026-06-26,Meeting
5944,938,10,2026-06-26,Call
5945,938,10,2026-06-25,Email
5946,938,10,2026-07-04,Call
5947,938,10,2026-06-24,Call
5948,938,10,2026-07-02,Meeting
5949,938,10,2026-07-08,Email
5950,938,10,2026-07-04,Email
5951,938,10,2026-07-09,Call
5952,938,10,2026-06-28,Meeting
5953,939,13,2024-12-03,Demo
5954,939,13,2024-11-30,Meeting
5955,939,13,2024-12-04,Call
5956,939,13,2024-12-02,Email
5957,940,9,2026-05-02,Email
5958,940,9,2026-04-20,Call
5959,940,9,2026-03-20,Meeting
5960,940,9,2026-03-19,Call
5961,940,9,2026-04-13,Call
5962,940,9,2026-04-17,Email
5963,940,9,2026-03-31,Meeting
5964,940,9,2026-03-21,Meeting
5965,941,10,2025-10-13,Call
5966,941,10,2025-08-29,Call
5967,941,10,2025-08-25,Meeting
5968,941,10,2025-10-13,Email
5969,941,10,2025-08-20,Email
5970,941,10,2025-09-25,Email
5971,941,10,2025-08-19,Call
5972,941,10,2025-09-22,Email
5973,941,10,2025-10-01,Email
5974,942,14,2025-06-06,Call
5975,942,14,2025-05-28,Email
5976,942,14,2025-05-26,Email
5977,943,14,2024-05-03,Email
5978,943,14,2024-04-26,Email
5979,943,14,2024-05-03,Demo
5980,943,14,2024-04-22,Call
5981,943,14,2024-04-20,Email
5982,943,14,2024-04-28,Email
5983,943,14,2024-04-22,Meeting
5984,943,14,2024-05-04,Call
5985,943,14,2024-03-23,Call
5986,943,14,2024-04-18,Meeting
5987,943,14,2024-04-10,Email
5988,944,6,2026-02-09,Call
5989,944,6,2026-03-15,Email
5990,944,6,2026-03-15,Email
5991,944,6,2026-03-22,Email
5992,944,6,2026-02-09,Email
5993,944,6,2026-03-14,Email
5994,944,6,2026-02-20,Call
5995,945,5,2024-11-30,Meeting
5996,945,5,2025-01-05,Demo
5997,945,5,2024-11-26,Meeting
5998,945,5,2024-12-19,Demo
5999,945,5,2024-12-17,Meeting
6000,945,5,2024-12-02,Email
6001,945,5,2025-01-07,Call
6002,945,5,2024-11-16,Email
6003,946,11,2024-09-17,Call
6004,946,11,2024-09-25,Demo
6005,946,11,2024-09-30,Meeting
6006,946,11,2024-09-23,Meeting
6007,947,10,2025-09-01,Meeting
6008,947,10,2025-09-18,Call
6009,947,10,2025-09-22,Email
6010,947,10,2025-09-12,Call
6011,947,10,2025-09-11,Email
6012,947,10,2025-09-17,Email
6013,947,10,2025-09-10,Call
6014,947,10,2025-08-26,Meeting
6015,947,10,2025-09-14,Demo
6016,948,9,2025-12-08,Email
6017,948,9,2026-02-17,Email
6018,948,9,2026-02-14,Meeting
6019,948,9,2026-03-08,Demo
6020,948,9,2025-12-29,Call
6021,949,5,2026-04-27,Call
6022,949,5,2026-03-31,Email
6023,949,5,2026-03-22,Meeting
6024,950,10,2025-12-01,Call
6025,950,10,2025-12-10,Meeting
6026,950,10,2025-12-30,Email
6027,950,10,2025-12-21,Demo
6028,950,10,2025-12-01,Email
6029,950,10,2026-01-02,Email
6030,950,10,2025-12-03,Email
6031,950,10,2025-12-24,Email
6032,951,10,2024-05-10,Call
6033,951,10,2024-04-28,Email
6034,951,10,2024-05-03,Email
6035,951,10,2024-05-07,Meeting
6036,952,6,2026-02-25,Email
6037,952,6,2026-02-19,Email
6038,952,6,2026-01-10,Email
6039,952,6,2026-02-15,Email
6040,952,6,2026-02-14,Email
6041,952,6,2026-01-07,Email
6042,952,6,2026-01-07,Email
6043,952,6,2026-01-17,Demo
6044,952,6,2026-02-25,Demo
6045,952,6,2026-02-05,Demo
6046,952,6,2026-01-08,Demo
6047,953,11,2026-01-31,Call
6048,953,11,2026-01-28,Meeting
6049,953,11,2026-02-13,Email
6050,953,11,2026-02-01,Call
6051,953,11,2026-02-13,Meeting
6052,953,11,2026-01-27,Call
6053,953,11,2026-02-11,Call
6054,953,11,2026-02-08,Email
6055,953,11,2026-02-16,Email
6056,954,4,2026-01-27,Email
6057,954,4,2025-11-22,Email
6058,954,4,2025-11-15,Email
6059,954,4,2025-11-29,Meeting
6060,955,7,2024-09-23,Demo
6061,955,7,2024-10-09,Demo
6062,955,7,2024-09-27,Call
6063,955,7,2024-10-29,Email
6064,955,7,2024-09-29,Email
6065,955,7,2024-09-23,Call
6066,956,10,2025-10-03,Meeting
6067,956,10,2025-10-23,Demo
6068,956,10,2025-10-24,Email
6069,956,10,2025-10-15,Meeting
6070,956,10,2025-10-27,Meeting
6071,956,10,2025-10-05,Email
6072,957,12,2024-10-10,Email
6073,957,12,2024-10-22,Email
6074,958,7,2025-03-09,Meeting
6075,958,7,2025-03-14,Meeting
6076,959,14,2026-02-07,Email
6077,960,14,2025-06-06,Email
6078,960,14,2025-05-25,Email
6079,960,14,2025-06-12,Email
6080,960,14,2025-06-16,Meeting
6081,960,14,2025-06-01,Call
6082,961,12,2025-08-15,Demo
6083,961,12,2025-08-17,Meeting
6084,961,12,2025-08-22,Email
6085,961,12,2025-08-19,Email
6086,962,13,2024-12-17,Call
6087,962,13,2024-12-24,Meeting
6088,962,13,2025-01-02,Meeting
6089,962,13,2024-12-21,Call
6090,962,13,2025-01-02,Email
6091,962,13,2025-01-04,Call
6092,963,8,2025-11-09,Call
6093,963,8,2025-11-11,Email
6094,963,8,2025-10-03,Email
6095,963,8,2025-11-09,Meeting
6096,963,8,2025-11-09,Call
6097,963,8,2025-10-08,Email
6098,963,8,2025-10-18,Email
6099,963,8,2025-11-11,Demo
6100,963,8,2025-12-02,Email
6101,963,8,2025-10-29,Meeting
6102,963,8,2025-10-06,Email
6103,963,8,2025-11-12,Call
6104,963,8,2025-11-23,Email
6105,963,8,2025-11-01,Demo
6106,963,8,2025-11-08,Email
6107,963,8,2025-11-21,Demo
6108,964,13,2025-05-14,Call
6109,964,13,2025-05-31,Email
6110,964,13,2025-05-31,Call
6111,964,13,2025-05-18,Email
6112,964,13,2025-05-10,Email
6113,964,13,2025-05-29,Email
6114,964,13,2025-05-17,Call
6115,964,13,2025-05-13,Call
6116,964,13,2025-05-04,Call
6117,964,13,2025-05-26,Call
6118,964,13,2025-05-01,Call
6119,964,13,2025-05-16,Meeting
6120,965,7,2026-06-16,Email
6121,965,7,2026-06-12,Call
6122,966,1,2025-08-05,Meeting
6123,966,1,2025-09-18,Meeting
6124,966,1,2025-07-24,Call
6125,966,1,2025-08-25,Email
6126,966,1,2025-07-30,Email
6127,966,1,2025-07-22,Email
6128,966,1,2025-09-25,Call
6129,967,2,2025-05-16,Call
6130,967,2,2025-05-19,Meeting
6131,967,2,2025-06-20,Call
6132,967,2,2025-06-20,Call
6133,967,2,2025-05-30,Email
6134,967,2,2025-06-05,Meeting
6135,967,2,2025-06-23,Email
6136,967,2,2025-06-20,Call
6137,967,2,2025-05-29,Meeting
6138,967,2,2025-05-15,Meeting
6139,967,2,2025-05-15,Email
6140,967,2,2025-05-30,Email
6141,967,2,2025-05-17,Call
6142,967,2,2025-06-16,Call
6143,967,2,2025-06-14,Email
6144,968,13,2024-12-17,Call
6145,968,13,2024-12-12,Meeting
6146,968,13,2025-01-05,Call
6147,968,13,2025-01-20,Meeting
6148,968,13,2024-12-12,Email
6149,968,13,2024-12-11,Email
6150,969,5,2024-12-14,Call
6151,969,5,2024-12-17,Call
6152,969,5,2024-11-08,Call
6153,970,7,2025-06-06,Call
6154,970,7,2025-06-20,Email
6155,970,7,2025-05-23,Call
6156,970,7,2025-06-16,Email
6157,970,7,2025-06-02,Email
6158,970,7,2025-05-24,Email
6159,970,7,2025-05-21,Email
6160,970,7,2025-06-18,Email
6161,970,7,2025-06-16,Meeting
6162,970,7,2025-05-17,Call
6163,970,7,2025-05-18,Meeting
6164,971,5,2025-12-01,Call
6165,971,5,2025-10-15,Call
6166,972,13,2025-09-22,Email
6167,972,13,2025-09-23,Email
6168,972,13,2025-10-05,Email
6169,972,13,2025-09-19,Email
6170,972,13,2025-09-26,Call
6171,973,13,2025-11-27,Call
6172,973,13,2025-11-19,Call
6173,973,13,2025-11-28,Call
6174,973,13,2025-11-18,Call
6175,973,13,2025-11-27,Call
6176,973,13,2025-11-19,Email
6177,973,13,2025-11-05,Call
6178,973,13,2025-11-03,Call
6179,973,13,2025-11-08,Meeting
6180,973,13,2025-11-23,Email
6181,973,13,2025-11-09,Email
6182,974,6,2025-11-07,Email
6183,974,6,2025-11-16,Call
6184,975,14,2025-03-23,Email
6185,975,14,2025-03-06,Call
6186,975,14,2025-03-11,Call
6187,975,14,2025-03-23,Meeting
6188,975,14,2025-03-07,Call
6189,975,14,2025-03-06,Call
6190,975,14,2025-03-23,Meeting
6191,976,9,2024-10-12,Meeting
6192,976,9,2024-10-28,Call
6193,977,8,2026-08-28,Call
6194,977,8,2026-09-12,Call
6195,978,12,2025-02-25,Email
6196,978,12,2025-02-28,Demo
6197,978,12,2025-03-08,Call
6198,978,12,2025-03-17,Email
6199,978,12,2025-03-16,Call
6200,979,13,2026-02-13,Call
6201,979,13,2026-02-11,Call
6202,979,13,2026-02-09,Call
6203,980,2,2026-05-09,Email
6204,980,2,2026-04-13,Email
6205,980,2,2026-03-31,Meeting
6206,980,2,2026-05-03,Email
6207,980,2,2026-05-31,Demo
6208,980,2,2026-05-04,Email
6209,981,10,2024-10-16,Email
6210,981,10,2024-10-20,Call
6211,981,10,2024-11-06,Email
6212,982,13,2024-06-27,Email
6213,982,13,2024-06-27,Email
6214,982,13,2024-07-11,Call
6215,982,13,2024-07-10,Call
6216,982,13,2024-06-30,Call
6217,982,13,2024-07-01,Call
6218,983,5,2026-03-07,Email
6219,983,5,2026-03-14,Email
6220,983,5,2026-03-22,Call
6221,983,5,2026-03-27,Call
6222,983,5,2026-04-24,Call
6223,983,5,2026-03-25,Call
6224,983,5,2026-04-11,Email
6225,983,5,2026-04-13,Meeting
6226,983,5,2026-03-31,Call
6227,984,12,2026-07-20,Meeting
6228,984,12,2026-07-20,Demo
6229,984,12,2026-07-02,Call
6230,984,12,2026-07-27,Demo
6231,984,12,2026-07-15,Call
6232,984,12,2026-06-30,Call
6233,984,12,2026-06-30,Call
6234,984,12,2026-07-14,Email
6235,984,12,2026-07-06,Email
6236,984,12,2026-07-01,Email
6237,984,12,2026-07-15,Email
6238,984,12,2026-07-21,Call
6239,985,14,2024-02-11,Call
6240,985,14,2024-02-17,Email
6241,985,14,2024-02-22,Meeting
6242,986,4,2026-06-18,Email
6243,986,4,2026-07-06,Call
6244,986,4,2026-06-13,Email
6245,987,9,2026-03-09,Call
6246,987,9,2026-03-22,Call
6247,987,9,2026-03-19,Email
6248,987,9,2026-02-18,Call
6249,987,9,2026-03-22,Email
6250,987,9,2026-02-12,Call
6251,987,9,2026-03-18,Demo
6252,988,6,2025-07-25,Email
6253,988,6,2025-06-16,Call
6254,988,6,2025-07-12,Demo
6255,988,6,2025-08-03,Email
6256,988,6,2025-06-28,Email
6257,988,6,2025-07-07,Email
6258,988,6,2025-07-05,Email
6259,989,7,2026-01-10,Meeting
6260,989,7,2026-01-10,Meeting
6261,989,7,2025-12-21,Call
6262,989,7,2025-12-28,Call
6263,989,7,2025-12-30,Email
6264,989,7,2025-12-24,Email
6265,990,12,2025-05-04,Call
6266,991,13,2026-09-18,Email
6267,991,13,2026-09-04,Email
6268,991,13,2026-09-12,Demo
6269,991,13,2026-09-19,Meeting
6270,991,13,2026-09-15,Call
6271,992,7,2026-05-20,Meeting
6272,992,7,2026-05-18,Call
6273,992,7,2026-07-08,Demo
6274,992,7,2026-07-06,Demo
6275,992,7,2026-07-10,Demo
6276,992,7,2026-06-20,Call
6277,992,7,2026-07-11,Call
6278,992,7,2026-06-07,Email
6279,992,7,2026-07-11,Demo
6280,992,7,2026-06-28,Email
6281,992,7,2026-06-08,Email
6282,992,7,2026-06-10,Call
6283,992,7,2026-07-04,Email
6284,993,13,2024-07-14,Meeting
6285,993,13,2024-07-30,Meeting
6286,993,13,2024-08-11,Call
6287,993,13,2024-08-15,Call
6288,993,13,2024-08-11,Email
6289,993,13,2024-08-03,Email
6290,993,13,2024-07-31,Meeting
6291,993,13,2024-07-07,Email
6292,993,13,2024-07-26,Email
6293,993,13,2024-07-18,Call
6294,994,14,2024-11-07,Email
6295,995,10,2025-05-02,Demo
6296,995,10,2025-04-22,Demo
6297,996,10,2025-10-09,Call
6298,996,10,2025-10-26,Email
6299,996,10,2025-10-16,Meeting
6300,996,10,2025-10-11,Email
6301,997,13,2026-07-26,Call
6302,997,13,2026-07-28,Email
6303,999,8,2026-04-04,Demo
6304,999,8,2026-04-07,Call
6305,999,8,2026-02-24,Email
6306,999,8,2026-03-22,Meeting
6307,999,8,2026-02-25,Meeting
6308,1000,6,2025-11-08,Email
6309,1000,6,2025-09-25,Demo
6310,1000,6,2025-10-13,Call
6311,1000,6,2025-10-09,Call
6312,1001,14,2024-12-01,Call
6313,1001,14,2024-12-15,Email
6314,1001,14,2024-11-28,Call
6315,1001,14,2024-12-07,Email
6316,1001,14,2024-12-04,Meeting
6317,1001,14,2024-12-18,Call
6318,1001,14,2024-12-01,Call
6319,1002,14,2025-09-26,Email
6320,1002,14,2025-10-17,Email
6321,1003,11,2026-01-20,Email
6322,1003,11,2026-01-05,Call
6323,1003,11,2026-01-09,Demo
6324,1004,7,2026-07-07,Email
6325,1005,14,2026-02-16,Meeting
6326,1005,14,2026-02-02,Call
6327,1005,14,2026-01-28,Demo
6328,1005,14,2026-02-12,Call
6329,1005,14,2026-02-15,Email
6330,1005,14,2026-02-04,Meeting
6331,1005,14,2026-02-08,Email
6332,1005,14,2026-02-01,Meeting
6333,1005,14,2026-02-12,Call
6334,1005,14,2026-01-29,Meeting
6335,1005,14,2026-01-31,Meeting
6336,1006,14,2025-11-24,Call
6337,1006,14,2025-11-01,Meeting
6338,1006,14,2025-12-07,Call
6339,1006,14,2025-12-05,Meeting
6340,1006,14,2025-12-10,Meeting
6341,1006,14,2025-11-15,Demo
6342,1006,14,2025-11-23,Meeting
6343,1006,14,2025-11-06,Email
6344,1006,14,2025-12-04,Demo
6345,1006,14,2025-11-24,Call
6346,1007,13,2026-05-27,Email
6347,1007,13,2026-05-27,Email
6348,1007,13,2026-05-27,Email
6349,1008,4,2024-06-24,Email
6350,1008,4,2024-06-26,Email
6351,1008,4,2024-06-19,Meeting
6352,1008,4,2024-05-06,Meeting
6353,1009,10,2025-11-04,Call
6354,1009,10,2025-09-28,Meeting
6355,1009,10,2025-10-08,Meeting
6356,1009,10,2025-10-29,Email
6357,1009,10,2025-10-16,Meeting
6358,1009,10,2025-09-21,Call
6359,1010,6,2026-06-12,Call
6360,1010,6,2026-05-19,Email
6361,1010,6,2026-06-07,Email
6362,1010,6,2026-05-18,Demo
6363,1010,6,2026-05-14,Call
6364,1010,6,2026-06-13,Meeting
6365,1010,6,2026-05-20,Email
6366,1010,6,2026-05-22,Call
6367,1010,6,2026-05-18,Call
6368,1011,6,2024-08-23,Call
6369,1011,6,2024-08-06,Demo
6370,1011,6,2024-08-31,Call
6371,1011,6,2024-07-28,Email
6372,1011,6,2024-07-28,Email
6373,1012,5,2025-04-18,Email
6374,1012,5,2025-03-31,Demo
6375,1012,5,2025-04-27,Call
6376,1012,5,2025-05-07,Call
6377,1012,5,2025-05-11,Email
6378,1013,11,2026-05-08,Meeting
6379,1013,11,2026-05-06,Meeting
6380,1013,11,2026-05-02,Meeting
6381,1014,11,2024-08-23,Call
6382,1014,11,2024-08-09,Email
6383,1014,11,2024-08-09,Call
6384,1014,11,2024-08-09,Meeting
6385,1014,11,2024-08-27,Meeting
6386,1015,4,2026-02-22,Email
6387,1015,4,2026-03-03,Email
6388,1015,4,2026-04-10,Call
6389,1015,4,2026-02-27,Email
6390,1015,4,2026-04-04,Call
6391,1015,4,2026-03-06,Meeting
6392,1015,4,2026-02-05,Meeting
6393,1015,4,2026-03-24,Email
6394,1015,4,2026-03-08,Email
6395,1015,4,2026-03-02,Call
6396,1015,4,2026-02-14,Meeting
6397,1015,4,2026-04-05,Call
6398,1016,13,2024-11-26,Call
6399,1016,13,2024-11-10,Email
6400,1016,13,2024-11-20,Call
6401,1016,13,2024-11-22,Call
6402,1016,13,2024-11-23,Demo
6403,1016,13,2024-11-21,Email
6404,1016,13,2024-11-18,Email
6405,1016,13,2024-11-13,Call
6406,1017,13,2026-06-27,Email
6407,1017,13,2026-07-20,Call
6408,1017,13,2026-06-29,Email
6409,1017,13,2026-07-04,Email
6410,1017,13,2026-07-21,Email
6411,1018,7,2024-10-11,Demo
6412,1018,7,2024-11-05,Demo
6413,1018,7,2024-09-27,Email
6414,1018,7,2024-11-15,Demo
6415,1018,7,2024-09-29,Meeting
6416,1018,7,2024-10-29,Demo
6417,1018,7,2024-10-30,Call
6418,1018,7,2024-10-06,Call
6419,1018,7,2024-10-10,Email
6420,1018,7,2024-10-13,Call
6421,1019,6,2024-01-26,Email
6422,1019,6,2024-01-17,Call
6423,1019,6,2024-03-04,Call
6424,1019,6,2024-02-02,Email
6425,1020,12,2025-02-21,Call
6426,1020,12,2025-03-03,Demo
6427,1020,12,2025-02-24,Email
6428,1020,12,2025-02-12,Call
6429,1020,12,2025-02-12,Call
6430,1020,12,2025-03-06,Meeting
6431,1020,12,2025-02-16,Email
6432,1020,12,2025-03-06,Email
6433,1020,12,2025-03-04,Demo
6434,1020,12,2025-03-05,Meeting
6435,1020,12,2025-02-22,Call
6436,1020,12,2025-03-05,Call
6437,1020,12,2025-02-11,Demo
6438,1021,12,2025-10-02,Meeting
6439,1021,12,2025-09-30,Call
6440,1021,12,2025-10-01,Email
6441,1021,12,2025-09-25,Call
6442,1022,12,2025-04-08,Email
6443,1022,12,2025-03-27,Call
6444,1022,12,2025-03-26,Email
6445,1022,12,2025-03-22,Call
6446,1022,12,2025-03-30,Email
6447,1022,12,2025-04-01,Email
6448,1022,12,2025-03-30,Email
6449,1022,12,2025-03-28,Email
6450,1022,12,2025-03-24,Call
6451,1022,12,2025-04-09,Meeting
6452,1022,12,2025-03-29,Call
6453,1022,12,2025-03-26,Call
6454,1022,12,2025-03-25,Email
6455,1023,10,2025-12-01,Call
6456,1023,10,2026-01-05,Email
6457,1023,10,2025-12-27,Email
6458,1023,10,2025-12-26,Email
6459,1023,10,2026-01-12,Email
6460,1023,10,2025-11-24,Call
6461,1023,10,2025-11-24,Email
6462,1024,5,2026-05-17,Email
6463,1024,5,2026-05-11,Call
6464,1024,5,2026-06-07,Call
6465,1025,3,2026-09-24,Email
6466,1025,3,2026-09-12,Email
6467,1025,3,2026-09-16,Meeting
6468,1025,3,2026-09-21,Meeting
6469,1025,3,2026-09-24,Meeting
6470,1025,3,2026-09-22,Email
6471,1025,3,2026-09-08,Email
6472,1025,3,2026-09-27,Email
6473,1025,3,2026-09-22,Demo
6474,1025,3,2026-09-28,Call
6475,1025,3,2026-08-31,Call
6476,1026,8,2026-09-16,Call
6477,1026,8,2026-09-11,Email
6478,1026,8,2026-09-29,Meeting
6479,1026,8,2026-09-29,Call
6480,1027,7,2024-12-08,Call
6481,1027,7,2024-11-18,Meeting
6482,1027,7,2024-12-22,Email
6483,1028,3,2024-08-04,Email
6484,1028,3,2024-08-12,Call
6485,1028,3,2024-06-28,Call
6486,1028,3,2024-10-01,Email
6487,1028,3,2024-07-26,Call
6488,1028,3,2024-09-30,Call
6489,1028,3,2024-08-28,Call
6490,1028,3,2024-09-23,Email
6491,1028,3,2024-06-28,Demo
6492,1028,3,2024-08-22,Meeting
6493,1028,3,2024-10-03,Meeting
6494,1028,3,2024-09-24,Meeting
6495,1029,10,2024-12-09,Email
6496,1029,10,2024-12-02,Email
6497,1029,10,2024-12-04,Email
6498,1029,10,2024-11-27,Email
6499,1029,10,2024-12-13,Call
6500,1029,10,2024-12-10,Meeting
6501,1029,10,2024-12-06,Email
6502,1029,10,2024-12-04,Email
6503,1029,10,2024-12-09,Email
6504,1029,10,2024-12-27,Meeting
6505,1029,10,2024-12-23,Call
6506,1029,10,2024-12-10,Meeting
6507,1029,10,2024-12-11,Email
6508,1030,1,2025-10-04,Call
6509,1030,1,2025-10-05,Email
6510,1030,1,2025-10-29,Call
6511,1030,1,2025-11-12,Email
6512,1030,1,2025-10-17,Email
6513,1030,1,2025-10-11,Email
6514,1030,1,2025-10-22,Call
6515,1030,1,2025-10-07,Call
6516,1030,1,2025-11-05,Email
6517,1030,1,2025-10-25,Call
6518,1030,1,2025-10-04,Meeting
6519,1030,1,2025-11-01,Call
6520,1031,12,2026-02-27,Email
6521,1031,12,2026-03-18,Call
6522,1031,12,2026-02-23,Call
6523,1031,12,2026-03-19,Call
6524,1031,12,2026-03-14,Email
6525,1032,13,2025-03-15,Meeting
6526,1032,13,2025-03-13,Email
6527,1032,13,2025-03-10,Call
6528,1032,13,2025-03-09,Meeting
6529,1033,14,2025-09-01,Call
6530,1033,14,2025-09-12,Meeting
6531,1033,14,2025-09-06,Meeting
6532,1033,14,2025-08-22,Meeting
6533,1033,14,2025-08-28,Call
6534,1034,14,2026-03-22,Call
6535,1034,14,2026-03-28,Meeting
6536,1034,14,2026-04-05,Call
6537,1034,14,2026-03-26,Email
6538,1034,14,2026-04-12,Email
6539,1034,14,2026-04-07,Call
6540,1034,14,2026-03-22,Demo
6541,1034,14,2026-03-25,Call
6542,1035,3,2026-05-18,Demo
6543,1035,3,2026-05-21,Call
6544,1035,3,2026-06-19,Meeting
6545,1035,3,2026-05-30,Meeting
6546,1035,3,2026-07-04,Call
6547,1035,3,2026-05-26,Call
6548,1035,3,2026-05-17,Email
6549,1035,3,2026-09-25,Email
6550,1036,1,2024-10-06,Meeting
6551,1036,1,2024-08-22,Call
6552,1036,1,2024-09-30,Meeting
6553,1036,1,2024-09-11,Call
6554,1036,1,2024-09-14,Meeting
6555,1036,1,2024-10-05,Email
6556,1036,1,2024-10-04,Meeting
6557,1036,1,2024-09-10,Demo
6558,1036,1,2024-09-03,Call
6559,1036,1,2024-08-31,Call
6560,1036,1,2024-08-27,Call
6561,1036,1,2024-09-25,Call
6562,1036,1,2024-10-07,Meeting
6563,1036,1,2024-08-22,Meeting
6564,1036,1,2024-10-07,Call
6565,1036,1,2024-09-11,Email
6566,1036,1,2024-08-06,Email
6567,1036,1,2024-09-22,Email
6568,1036,1,2024-09-16,Email
6569,1036,1,2024-09-07,Call
6570,1037,7,2026-07-22,Demo
6571,1037,7,2026-07-04,Email
6572,1037,7,2026-06-28,Call
6573,1037,7,2026-07-07,Demo
6574,1038,14,2024-10-09,Call
6575,1038,14,2024-10-15,Call
6576,1038,14,2024-10-08,Email
6577,1039,7,2024-09-05,Email
6578,1039,7,2024-09-20,Call
6579,1039,7,2024-10-30,Email
6580,1039,7,2024-09-29,Email
6581,1039,7,2024-10-09,Call
6582,1040,6,2025-05-13,Email
6583,1040,6,2025-05-21,Call
6584,1040,6,2025-06-06,Meeting
6585,1040,6,2025-06-09,Demo
6586,1041,12,2024-09-12,Call
6587,1041,12,2024-09-14,Meeting
6588,1041,12,2024-09-15,Call
6589,1041,12,2024-09-11,Call
6590,1041,12,2024-09-10,Meeting
6591,1041,12,2024-09-14,Call
6592,1041,12,2024-09-13,Email
6593,1041,12,2024-08-26,Call
6594,1041,12,2024-08-31,Call
6595,1041,12,2024-08-29,Email
6596,1041,12,2024-09-19,Call
6597,1041,12,2024-08-25,Email
6598,1041,12,2024-09-02,Meeting
6599,1041,12,2024-09-08,Call
6600,1042,8,2026-05-24,Meeting
6601,1042,8,2026-06-24,Email
6602,1042,8,2026-05-19,Email
6603,1042,8,2026-06-01,Demo
6604,1042,8,2026-06-08,Email
6605,1042,8,2026-06-06,Meeting
6606,1042,8,2026-06-22,Email
6607,1042,8,2026-05-31,Email
6608,1042,8,2026-06-11,Email
6609,1043,3,2025-05-29,Meeting
6610,1043,3,2025-06-30,Demo
6611,1043,3,2025-06-12,Meeting
6612,1043,3,2025-06-08,Email
6613,1043,3,2025-06-13,Call
6614,1043,3,2025-06-21,Email
6615,1043,3,2025-06-23,Call
6616,1043,3,2025-05-24,Call
6617,1043,3,2025-05-28,Call
6618,1043,3,2025-06-16,Email
6619,1043,3,2025-06-08,Meeting
6620,1043,3,2025-06-14,Demo
6621,1044,11,2024-05-15,Call
6622,1044,11,2024-05-12,Call
6623,1044,11,2024-05-15,Email
6624,1044,11,2024-05-09,Call
6625,1045,12,2024-09-04,Meeting
6626,1045,12,2024-09-12,Meeting
6627,1045,12,2024-08-30,Demo
6628,1045,12,2024-09-03,Call
6629,1045,12,2024-09-08,Call
6630,1046,11,2026-02-28,Email
6631,1046,11,2026-02-16,Email
6632,1046,11,2026-02-21,Meeting
6633,1047,2,2025-10-03,Meeting
6634,1047,2,2025-08-16,Email
6635,1047,2,2025-11-06,Email
6636,1047,2,2025-12-23,Call
6637,1047,2,2025-11-01,Call
6638,1047,2,2025-12-12,Call
6639,1047,2,2025-11-22,Email
6640,1047,2,2025-12-02,Call
6641,1047,2,2025-11-01,Email
6642,1047,2,2025-09-08,Meeting
6643,1047,2,2025-09-11,Call
6644,1048,14,2026-06-30,Call
6645,1048,14,2026-06-24,Call
6646,1049,10,2024-02-02,Call
6647,1049,10,2024-02-18,Call
6648,1049,10,2024-02-03,Email
6649,1050,14,2024-12-15,Email
6650,1050,14,2025-01-02,Call
6651,1050,14,2024-12-31,Email
6652,1050,14,2024-12-15,Demo
6653,1051,12,2026-01-30,Call
6654,1051,12,2025-12-29,Email
6655,1051,12,2026-01-09,Call
6656,1051,12,2026-01-27,Meeting
6657,1051,12,2026-01-10,Call
6658,1052,12,2024-12-19,Email
6659,1052,12,2024-12-07,Email
6660,1052,12,2024-11-29,Email
6661,1052,12,2024-12-06,Email
6662,1052,12,2024-12-03,Call
6663,1052,12,2024-12-31,Call
6664,1053,13,2024-10-30,Meeting
6665,1053,13,2024-11-08,Call
6666,1053,13,2024-11-01,Call
6667,1053,13,2024-10-12,Email
6668,1053,13,2024-11-08,Meeting
6669,1053,13,2024-11-06,Call
6670,1053,13,2024-11-08,Call
6671,1054,11,2024-02-05,Call
6672,1054,11,2024-02-04,Email
6673,1054,11,2024-02-16,Email
6674,1054,11,2024-02-15,Email
6675,1054,11,2024-02-01,Call
6676,1054,11,2024-02-13,Email
6677,1055,12,2026-02-20,Call
6678,1055,12,2026-02-19,Email
6679,1055,12,2026-02-03,Email
6680,1055,12,2026-01-31,Call
6681,1056,8,2025-03-11,Demo
6682,1056,8,2025-03-10,Call
6683,1056,8,2025-03-04,Meeting
6684,1056,8,2025-03-01,Demo
6685,1056,8,2025-02-04,Meeting
6686,1056,8,2025-02-18,Meeting
6687,1057,11,2025-11-26,Email
6688,1057,11,2025-11-29,Email
6689,1057,11,2025-11-15,Email
6690,1057,11,2025-11-23,Email
6691,1058,11,2025-03-30,Call
6692,1058,11,2025-03-13,Meeting
6693,1058,11,2025-03-16,Email
6694,1058,11,2025-04-01,Demo
6695,1058,11,2025-03-16,Email
6696,1059,3,2024-08-31,Email
6697,1059,3,2024-10-06,Meeting
6698,1059,3,2024-09-14,Email
6699,1059,3,2024-09-27,Demo
6700,1059,3,2024-10-09,Call
6701,1059,3,2024-09-05,Email
6702,1059,3,2024-07-30,Email
6703,1059,3,2024-07-25,Email
6704,1059,3,2024-08-10,Meeting
6705,1059,3,2024-08-23,Call
6706,1059,3,2024-08-11,Call
6707,1060,6,2025-08-28,Call
6708,1060,6,2025-07-04,Call
6709,1060,6,2025-07-28,Demo
6710,1061,10,2024-12-18,Call
6711,1061,10,2024-12-23,Email
6712,1061,10,2024-11-30,Email
6713,1061,10,2024-12-12,Meeting
6714,1061,10,2024-12-08,Call
6715,1061,10,2024-12-20,Email
6716,1061,10,2024-12-21,Call
6717,1061,10,2024-12-08,Call
6718,1061,10,2024-11-29,Call
6719,1061,10,2024-12-03,Call
6720,1062,6,2026-09-28,Email
6721,1062,6,2026-09-28,Meeting
6722,1062,6,2026-09-28,Email
6723,1062,6,2026-09-28,Demo
6724,1063,14,2026-06-30,Email
6725,1063,14,2026-06-24,Call
6726,1063,14,2026-06-30,Email
6727,1063,14,2026-06-23,Demo
6728,1063,14,2026-06-26,Email
6729,1063,14,2026-06-25,Email
6730,1063,14,2026-06-29,Email
6731,1063,14,2026-07-02,Email
6732,1063,14,2026-06-22,Email
6733,1063,14,2026-06-26,Email
6734,1063,14,2026-06-28,Meeting
6735,1064,7,2024-05-17,Email
6736,1064,7,2024-05-12,Meeting
6737,1064,7,2024-07-14,Call
6738,1064,7,2024-07-09,Call
6739,1064,7,2024-06-18,Call
6740,1064,7,2024-06-04,Demo
6741,1064,7,2024-07-09,Call
6742,1064,7,2024-07-02,Meeting
6743,1064,7,2024-05-02,Call
6744,1064,7,2024-05-04,Meeting
6745,1065,14,2025-05-07,Email
6746,1065,14,2025-04-12,Email
6747,1065,14,2025-05-10,Meeting
6748,1065,14,2025-05-04,Email
6749,1065,14,2025-04-13,Meeting
6750,1065,14,2025-04-14,Meeting
6751,1065,14,2025-04-27,Call
6752,1065,14,2025-04-12,Email
6753,1065,14,2025-04-20,Call
6754,1065,14,2025-04-29,Email
6755,1065,14,2025-05-04,Call
6756,1065,14,2025-05-01,Call
6757,1065,14,2025-05-02,Meeting
6758,1065,14,2025-04-17,Call
6759,1066,14,2025-12-23,Email
6760,1067,14,2025-09-14,Meeting
6761,1067,14,2025-08-31,Email
6762,1067,14,2025-09-16,Email
6763,1068,8,2025-03-02,Email
6764,1068,8,2025-02-13,Demo
6765,1069,13,2025-06-24,Email
6766,1069,13,2025-07-06,Email
6767,1069,13,2025-07-11,Email
6768,1070,10,2026-05-17,Call
6769,1070,10,2026-06-03,Call
6770,1070,10,2026-06-03,Call
6771,1070,10,2026-06-03,Email
6772,1070,10,2026-06-03,Demo
6773,1071,6,2026-08-07,Email
6774,1071,6,2026-06-12,Meeting
6775,1071,6,2026-08-18,Meeting
6776,1071,6,2026-09-08,Email
6777,1071,6,2026-08-31,Email
6778,1071,6,2026-08-16,Email
6779,1071,6,2026-08-28,Email
6780,1071,6,2026-06-25,Call
6781,1071,6,2026-08-16,Email
6782,1071,6,2026-09-19,Call
6783,1071,6,2026-09-09,Call
6784,1072,4,2024-06-16,Email
6785,1072,4,2024-02-18,Email
6786,1072,4,2024-02-09,Email
6787,1072,4,2024-03-27,Email
6788,1072,4,2024-04-21,Call
6789,1072,4,2024-06-10,Call
6790,1072,4,2024-05-13,Call
6791,1072,4,2024-06-07,Email
6792,1072,4,2024-03-16,Call
6793,1072,4,2024-03-06,Meeting
6794,1073,13,2026-03-30,Email
6795,1073,13,2026-03-26,Call
6796,1073,13,2026-03-25,Call
6797,1074,5,2026-05-26,Email
6798,1074,5,2026-05-17,Email
6799,1074,5,2026-04-30,Email
6800,1074,5,2026-04-22,Call
6801,1075,6,2026-02-19,Email
6802,1075,6,2026-02-18,Call
6803,1075,6,2026-03-22,Call
6804,1076,5,2024-12-13,Meeting
6805,1076,5,2024-12-12,Email
6806,1076,5,2024-12-12,Call
6807,1076,5,2024-12-28,Email
6808,1077,7,2024-12-02,Email
6809,1077,7,2024-11-25,Call
6810,1077,7,2024-11-04,Email
6811,1077,7,2024-12-04,Demo
6812,1077,7,2024-11-28,Call
6813,1077,7,2024-11-17,Email
6814,1077,7,2024-11-28,Email
6815,1078,8,2024-09-15,Demo
6816,1078,8,2024-09-11,Email
6817,1078,8,2024-09-15,Email
6818,1078,8,2024-09-08,Meeting
6819,1078,8,2024-08-20,Meeting
6820,1078,8,2024-08-28,Call
6821,1078,8,2024-09-05,Meeting
6822,1078,8,2024-09-12,Call
6823,1079,11,2026-04-15,Email
6824,1079,11,2026-04-13,Call
6825,1079,11,2026-04-18,Call
6826,1079,11,2026-04-16,Call
6827,1079,11,2026-04-21,Meeting
6828,1079,11,2026-04-16,Demo
6829,1080,10,2026-07-31,Meeting
6830,1080,10,2026-07-23,Meeting
6831,1081,12,2025-06-16,Meeting
6832,1081,12,2025-06-22,Call
6833,1081,12,2025-06-17,Call
6834,1081,12,2025-07-02,Email
6835,1082,13,2026-08-09,Demo
6836,1082,13,2026-08-05,Email
6837,1082,13,2026-08-08,Meeting
6838,1082,13,2026-08-09,Email
6839,1082,13,2026-08-10,Call
6840,1083,14,2025-01-08,Call
6841,1083,14,2024-12-28,Email
6842,1083,14,2025-01-03,Call
6843,1083,14,2024-12-23,Call
6844,1083,14,2025-01-12,Call
6845,1084,12,2026-01-31,Demo
6846,1084,12,2026-01-28,Call
6847,1084,12,2026-02-16,Email
6848,1084,12,2026-02-12,Demo
6849,1084,12,2026-01-31,Email
6850,1084,12,2026-01-27,Call
6851,1084,12,2026-01-29,Email
6852,1084,12,2026-01-24,Call
6853,1084,12,2026-01-31,Email
6854,1084,12,2026-02-02,Call
6855,1084,12,2026-02-17,Call
6856,1085,8,2025-03-31,Call
6857,1085,8,2025-02-09,Email
6858,1085,8,2025-04-18,Meeting
6859,1085,8,2025-02-25,Email
6860,1085,8,2025-03-26,Meeting
6861,1085,8,2025-02-28,Email
6862,1086,3,2025-01-09,Meeting
6863,1086,3,2025-01-09,Meeting
6864,1086,3,2024-12-25,Email
6865,1086,3,2025-01-16,Email
6866,1086,3,2025-02-18,Email
6867,1086,3,2025-01-16,Demo
6868,1086,3,2025-01-07,Call
6869,1086,3,2024-12-03,Call
6870,1087,11,2024-12-09,Meeting
6871,1087,11,2024-11-27,Call
6872,1087,11,2024-12-13,Call
6873,1087,11,2024-12-07,Email
6874,1087,11,2024-11-24,Demo
6875,1087,11,2024-11-29,Call
6876,1087,11,2024-11-22,Email
6877,1087,11,2024-11-27,Email
6878,1088,9,2024-07-08,Demo
6879,1088,9,2024-08-14,Call
6880,1088,9,2024-08-01,Call
6881,1088,9,2024-07-19,Email
6882,1088,9,2024-07-20,Call
6883,1088,9,2024-07-15,Email
6884,1088,9,2024-07-01,Call
6885,1088,9,2024-06-26,Meeting
6886,1088,9,2024-08-28,Meeting
6887,1088,9,2024-07-28,Meeting
6888,1088,9,2024-07-06,Email
6889,1088,9,2024-08-12,Meeting
6890,1088,9,2024-06-26,Demo
6891,1089,5,2025-12-04,Email
6892,1089,5,2025-11-09,Call
6893,1089,5,2025-12-05,Email
6894,1089,5,2025-11-23,Call
6895,1090,9,2025-01-23,Email
6896,1090,9,2025-02-09,Email
6897,1090,9,2025-02-11,Call
6898,1090,9,2025-02-11,Meeting
6899,1090,9,2025-02-21,Email
6900,1090,9,2025-02-13,Meeting
6901,1090,9,2025-02-11,Meeting
6902,1090,9,2025-03-01,Email
6903,1090,9,2025-02-01,Call
6904,1090,9,2025-02-07,Email
6905,1091,13,2025-06-12,Email
6906,1091,13,2025-05-30,Email
6907,1091,13,2025-06-21,Email
6908,1091,13,2025-06-21,Email
6909,1091,13,2025-06-21,Meeting
6910,1091,13,2025-06-21,Meeting
6911,1091,13,2025-06-01,Demo
6912,1091,13,2025-06-28,Meeting
6913,1091,13,2025-05-31,Call
6914,1091,13,2025-06-04,Call
6915,1091,13,2025-06-16,Email
6916,1091,13,2025-05-31,Meeting
6917,1091,13,2025-06-24,Email
6918,1091,13,2025-06-16,Call
6919,1092,11,2024-06-05,Email
6920,1092,11,2024-06-07,Email
6921,1092,11,2024-06-21,Call
6922,1092,11,2024-06-07,Email
6923,1093,14,2025-10-21,Email
6924,1093,14,2025-10-22,Email
6925,1093,14,2025-10-26,Email
6926,1093,14,2025-10-30,Call
6927,1093,14,2025-10-21,Email
6928,1093,14,2025-10-26,Call
6929,1093,14,2025-10-27,Meeting
6930,1093,14,2025-10-29,Call
6931,1094,10,2025-02-14,Call
6932,1094,10,2025-01-26,Call
6933,1094,10,2025-01-19,Email
6934,1094,10,2025-02-03,Email
6935,1094,10,2025-01-22,Email
6936,1094,10,2025-01-04,Email
6937,1094,10,2025-02-15,Call
6938,1094,10,2025-01-12,Demo
6939,1094,10,2025-01-12,Call
6940,1094,10,2025-01-17,Email
6941,1094,10,2025-01-11,Call
6942,1095,11,2026-03-16,Email
6943,1095,11,2026-03-06,Email
6944,1095,11,2026-03-15,Email
6945,1095,11,2026-03-09,Email
6946,1095,11,2026-03-26,Email
6947,1096,10,2026-03-26,Email
6948,1096,10,2026-04-08,Email
6949,1096,10,2026-04-09,Meeting
6950,1096,10,2026-05-16,Email
6951,1096,10,2026-04-25,Call
6952,1097,14,2026-09-19,Call
6953,1097,14,2026-09-16,Meeting
6954,1097,14,2026-09-12,Call
6955,1097,14,2026-09-28,Email
6956,1097,14,2026-09-25,Email
6957,1097,14,2026-09-09,Meeting
6958,1098,6,2024-06-18,Email
6959,1098,6,2024-06-02,Call
6960,1098,6,2024-06-02,Meeting
6961,1098,6,2024-05-31,Meeting
6962,1098,6,2024-06-20,Email
6963,1098,6,2024-06-04,Call
6964,1098,6,2024-06-30,Demo
6965,1098,6,2024-06-26,Call
6966,1098,6,2024-06-15,Meeting
6967,1098,6,2024-06-03,Meeting
6968,1099,14,2025-11-15,Call
6969,1099,14,2025-12-27,Meeting
6970,1100,12,2025-07-05,Email
6971,1100,12,2025-07-05,Call
6972,1100,12,2025-07-08,Call
6973,1100,12,2025-07-03,Call
6974,1101,6,2026-05-21,Meeting
6975,1101,6,2026-04-22,Meeting
6976,1101,6,2026-04-24,Demo
6977,1101,6,2026-04-25,Meeting
6978,1101,6,2026-05-05,Email
6979,1101,6,2026-05-04,Call
6980,1101,6,2026-04-23,Meeting
6981,1101,6,2026-04-19,Email
6982,1101,6,2026-05-22,Meeting
6983,1102,1,2025-11-16,Call
6984,1102,1,2025-11-28,Call
6985,1102,1,2025-11-25,Email
6986,1102,1,2025-12-19,Call
6987,1102,1,2025-12-08,Email
6988,1103,4,2026-09-14,Email
6989,1103,4,2026-07-31,Email
6990,1103,4,2026-09-08,Meeting
6991,1103,4,2026-09-06,Demo
6992,1103,4,2026-08-09,Demo
6993,1103,4,2026-09-13,Meeting
6994,1105,13,2026-04-30,Call
6995,1105,13,2026-04-08,Call
6996,1105,13,2026-05-10,Call
6997,1105,13,2026-04-09,Email
6998,1106,2,2024-12-24,Email
6999,1106,2,2024-11-18,Call
7000,1106,2,2024-11-27,Call
7001,1106,2,2024-12-18,Email
7002,1106,2,2024-12-29,Call
7003,1106,2,2025-01-04,Call
7004,1106,2,2024-12-21,Email
7005,1106,2,2024-11-29,Email
7006,1106,2,2024-12-30,Email
7007,1106,2,2024-12-13,Call
7008,1106,2,2024-12-04,Demo
7009,1106,2,2024-12-31,Call
7010,1106,2,2024-12-06,Email
7011,1106,2,2024-11-30,Email
7012,1107,13,2025-09-07,Email
7013,1107,13,2025-08-31,Call
7014,1107,13,2025-08-27,Meeting
7015,1107,13,2025-08-27,Call
7016,1107,13,2025-08-09,Meeting
7017,1107,13,2025-08-23,Email
7018,1108,10,2026-05-28,Email
7019,1108,10,2026-06-04,Call
7020,1109,5,2024-05-25,Call
7021,1109,5,2024-05-02,Demo
7022,1109,5,2024-04-17,Meeting
7023,1109,5,2024-04-14,Demo
7024,1109,5,2024-05-12,Email
7025,1110,7,2026-03-31,Email
7026,1110,7,2026-04-10,Email
7027,1110,7,2026-04-01,Email
7028,1110,7,2026-04-05,Email
7029,1110,7,2026-04-11,Email
7030,1110,7,2026-04-09,Call
7031,1110,7,2026-04-13,Call
7032,1110,7,2026-04-05,Call
7033,1110,7,2026-03-31,Email
7034,1110,7,2026-04-15,Email
7035,1110,7,2026-04-03,Meeting
7036,1110,7,2026-04-01,Meeting
7037,1110,7,2026-04-08,Call
7038,1110,7,2026-04-16,Email
7039,1110,7,2026-04-14,Email
7040,1111,10,2026-03-16,Meeting
7041,1111,10,2026-03-12,Meeting
7042,1111,10,2026-03-14,Call
7043,1111,10,2026-02-26,Meeting
7044,1111,10,2026-02-23,Email
7045,1111,10,2026-03-11,Call
7046,1111,10,2026-02-26,Call
7047,1112,12,2026-06-25,Meeting
7048,1112,12,2026-06-25,Email
7049,1112,12,2026-07-28,Call
7050,1112,12,2026-08-16,Email
7051,1112,12,2026-06-24,Email
7052,1113,3,2026-06-13,Meeting
7053,1113,3,2026-06-18,Email
7054,1113,3,2026-06-09,Meeting
7055,1113,3,2026-06-08,Call
7056,1113,3,2026-08-11,Call
7057,1113,3,2026-06-04,Call
7058,1113,3,2026-07-19,Call
7059,1113,3,2026-06-17,Call
7060,1113,3,2026-08-09,Demo
7061,1113,3,2026-06-06,Demo
7062,1113,3,2026-06-15,Email
7063,1113,3,2026-06-06,Call
7064,1113,3,2026-07-24,Call
7065,1113,3,2026-05-16,Email
7066,1113,3,2026-06-23,Email
7067,1114,6,2025-03-08,Call
7068,1114,6,2025-04-10,Meeting
7069,1114,6,2025-03-10,Call
7070,1114,6,2025-04-27,Email
7071,1115,14,2025-04-10,Email
7072,1115,14,2025-04-02,Email
7073,1115,14,2025-04-16,Email
7074,1115,14,2025-04-08,Call
7075,1116,11,2026-03-18,Call
7076,1116,11,2026-04-05,Email
7077,1116,11,2026-03-14,Call
7078,1116,11,2026-03-30,Call
7079,1116,11,2026-04-01,Meeting
7080,1116,11,2026-03-30,Call
7081,1116,11,2026-03-24,Email
7082,1117,12,2026-05-18,Meeting
7083,1117,12,2026-05-11,Email
7084,1117,12,2026-05-17,Call
7085,1117,12,2026-05-14,Email
7086,1117,12,2026-05-29,Call
7087,1117,12,2026-06-02,Email
7088,1118,13,2026-07-18,Email
7089,1118,13,2026-07-07,Call
7090,1118,13,2026-07-06,Email
7091,1118,13,2026-07-24,Call
7092,1119,1,2024-12-02,Call
7093,1119,1,2024-11-09,Call
7094,1119,1,2024-11-19,Call
7095,1119,1,2024-11-07,Email
7096,1119,1,2024-09-19,Email
7097,1119,1,2024-10-23,Email
7098,1119,1,2024-12-03,Demo
7099,1120,13,2025-07-23,Call
7100,1120,13,2025-07-28,Email
7101,1120,13,2025-07-11,Call
7102,1120,13,2025-06-29,Email
7103,1121,9,2024-12-24,Call
7104,1121,9,2024-12-31,Call
7105,1121,9,2025-01-04,Call
7106,1121,9,2024-12-24,Call
7107,1121,9,2024-12-17,Meeting
7108,1121,9,2025-01-07,Email
7109,1121,9,2025-01-06,Meeting
7110,1121,9,2024-12-30,Email
7111,1121,9,2024-12-30,Email
7112,1121,9,2024-12-31,Meeting
7113,1121,9,2024-12-14,Email
7114,1121,9,2024-12-30,Email
7115,1121,9,2025-01-04,Meeting
7116,1121,9,2025-01-09,Meeting
7117,1122,13,2025-11-28,Email
7118,1122,13,2025-12-21,Email
7119,1122,13,2025-11-25,Email
7120,1122,13,2025-12-14,Call
7121,1123,7,2026-02-20,Meeting
7122,1123,7,2026-01-29,Email
7123,1123,7,2026-03-08,Email
7124,1124,12,2024-02-10,Meeting
7125,1124,12,2024-02-08,Call
7126,1124,12,2024-02-04,Demo
7127,1124,12,2024-01-24,Email
7128,1124,12,2024-01-28,Call
7129,1124,12,2024-02-04,Email
7130,1124,12,2024-02-04,Call
7131,1124,12,2024-01-26,Call
7132,1124,12,2024-01-31,Call
7133,1124,12,2024-01-28,Call
7134,1124,12,2024-02-07,Call
7135,1125,14,2025-06-11,Demo
7136,1125,14,2025-07-01,Meeting
7137,1125,14,2025-07-01,Call
7138,1126,6,2026-07-16,Email
7139,1126,6,2026-06-24,Call
7140,1126,6,2026-06-04,Call
7141,1126,6,2026-07-04,Meeting
7142,1127,14,2026-09-01,Call
7143,1128,7,2025-11-08,Email
7144,1128,7,2026-01-12,Call
7145,1128,7,2025-10-21,Email
7146,1128,7,2025-12-13,Call
7147,1128,7,2025-10-16,Meeting
7148,1128,7,2025-12-12,Call
7149,1129,14,2026-06-12,Meeting
7150,1129,14,2026-05-19,Email
7151,1129,14,2026-05-16,Demo
7152,1129,14,2026-06-02,Meeting
7153,1130,7,2025-01-10,Demo
7154,1130,7,2024-12-18,Call
7155,1130,7,2024-12-07,Call
7156,1130,7,2024-12-04,Meeting
7157,1130,7,2025-02-04,Email
7158,1131,9,2024-10-15,Meeting
7159,1131,9,2024-10-19,Email
7160,1131,9,2024-10-12,Call
7161,1131,9,2024-10-28,Meeting
7162,1131,9,2024-10-19,Email
7163,1131,9,2024-10-26,Email
7164,1131,9,2024-10-28,Call
7165,1131,9,2024-10-27,Call
7166,1131,9,2024-10-26,Call
7167,1131,9,2024-10-03,Call
7168,1131,9,2024-10-22,Meeting
7169,1131,9,2024-10-16,Demo
7170,1132,8,2026-09-26,Call
7171,1132,8,2026-09-23,Call
7172,1132,8,2026-09-29,Email
7173,1132,8,2026-09-20,Meeting
7174,1132,8,2026-09-23,Email
7175,1132,8,2026-09-29,Email
7176,1132,8,2026-09-25,Meeting
7177,1132,8,2026-09-28,Email
7178,1133,10,2026-04-29,Call
7179,1133,10,2026-04-24,Email
7180,1133,10,2026-04-16,Meeting
7181,1133,10,2026-04-19,Email
7182,1134,9,2026-08-19,Call
7183,1134,9,2026-07-01,Call
7184,1134,9,2026-07-30,Meeting
7185,1134,9,2026-07-30,Call
7186,1134,9,2026-07-01,Meeting
7187,1134,9,2026-09-05,Demo
7188,1134,9,2026-08-30,Call
7189,1134,9,2026-08-26,Call
7190,1135,6,2025-02-05,Email
7191,1135,6,2025-01-31,Email
7192,1135,6,2025-01-04,Email
7193,1135,6,2025-01-24,Meeting
7194,1136,13,2026-08-16,Email
7195,1136,13,2026-08-27,Meeting
7196,1136,13,2026-07-31,Meeting
7197,1136,13,2026-07-27,Meeting
7198,1136,13,2026-07-15,Call
7199,1136,13,2026-08-30,Email
7200,1136,13,2026-07-16,Call
7201,1136,13,2026-08-18,Email
7202,1136,13,2026-08-23,Email
7203,1136,13,2026-08-23,Email
7204,1136,13,2026-07-15,Demo
7205,1136,13,2026-07-15,Email
7206,1136,13,2026-08-21,Call
7207,1136,13,2026-08-10,Demo
7208,1137,9,2025-05-10,Call
7209,1137,9,2025-05-14,Meeting
7210,1137,9,2025-04-23,Email
7211,1137,9,2025-05-06,Call
7212,1137,9,2025-05-11,Call
7213,1137,9,2025-05-24,Email
7214,1137,9,2025-05-01,Meeting
7215,1137,9,2025-05-27,Email
7216,1137,9,2025-04-27,Call
7217,1137,9,2025-04-24,Meeting
7218,1137,9,2025-05-31,Call
7219,1138,4,2024-08-14,Call
7220,1138,4,2024-09-14,Email
7221,1138,4,2024-09-15,Call
7222,1138,4,2024-09-16,Email
7223,1138,4,2024-08-28,Email
7224,1138,4,2024-08-29,Call
7225,1139,9,2025-09-01,Meeting
7226,1139,9,2025-10-03,Email
7227,1139,9,2025-09-07,Call
7228,1139,9,2025-10-05,Demo
7229,1140,5,2026-06-27,Call
7230,1140,5,2026-06-20,Call
7231,1140,5,2026-07-05,Call
7232,1140,5,2026-06-20,Meeting
7233,1140,5,2026-07-08,Call
7234,1140,5,2026-06-21,Call
7235,1140,5,2026-07-02,Email
7236,1140,5,2026-06-20,Call
7237,1140,5,2026-06-28,Call
7238,1141,6,2024-09-20,Email
7239,1141,6,2024-10-30,Email
7240,1141,6,2024-11-04,Call
7241,1142,5,2025-11-18,Call
7242,1142,5,2025-09-23,Call
7243,1143,7,2025-05-11,Demo
7244,1143,7,2025-05-29,Email
7245,1143,7,2025-05-16,Email
7246,1144,10,2024-07-14,Email
7247,1144,10,2024-07-20,Call
7248,1144,10,2024-07-15,Email
7249,1145,13,2026-07-31,Demo
7250,1145,13,2026-09-09,Call
7251,1145,13,2026-08-26,Email
7252,1145,13,2026-09-18,Email
7253,1145,13,2026-08-05,Meeting
7254,1145,13,2026-09-08,Email
7255,1145,13,2026-09-13,Email
7256,1146,12,2024-12-08,Demo
7257,1147,12,2025-02-27,Email
7258,1147,12,2025-03-07,Email
7259,1147,12,2025-03-16,Meeting
7260,1147,12,2025-03-14,Call
7261,1148,10,2025-03-08,Demo
7262,1148,10,2025-03-21,Call
7263,1148,10,2025-02-04,Call
7264,1148,10,2025-03-08,Meeting
7265,1148,10,2025-03-08,Email
7266,1148,10,2025-03-03,Meeting
7267,1148,10,2025-03-08,Meeting
7268,1149,3,2026-05-29,Demo
7269,1149,3,2026-07-15,Call
7270,1149,3,2026-08-22,Call
7271,1149,3,2026-04-11,Call
7272,1149,3,2026-04-03,Email
7273,1149,3,2026-07-27,Email
7274,1150,12,2025-10-14,Call
7275,1150,12,2025-09-29,Meeting
7276,1150,12,2025-10-01,Call
7277,1150,12,2025-09-30,Meeting
7278,1151,8,2026-05-27,Demo
7279,1151,8,2026-07-10,Call
7280,1151,8,2026-05-03,Email
7281,1151,8,2026-06-10,Meeting
7282,1151,8,2026-07-11,Call
7283,1151,8,2026-06-03,Email
7284,1151,8,2026-06-03,Demo
7285,1151,8,2026-05-21,Meeting
7286,1151,8,2026-05-17,Email
7287,1151,8,2026-05-07,Email
7288,1151,8,2026-06-28,Call
7289,1151,8,2026-06-12,Call
7290,1151,8,2026-06-23,Email
7291,1152,6,2025-11-17,Email
7292,1152,6,2025-12-28,Call
7293,1152,6,2025-12-21,Call
7294,1153,13,2025-10-10,Call
7295,1153,13,2025-10-18,Demo
7296,1153,13,2025-10-03,Call
7297,1153,13,2025-10-23,Email
7298,1153,13,2025-10-10,Call
7299,1153,13,2025-10-05,Call
7300,1153,13,2025-10-18,Email
7301,1153,13,2025-10-08,Call
7302,1153,13,2025-10-11,Email
7303,1153,13,2025-10-11,Meeting
7304,1153,13,2025-10-14,Meeting
7305,1153,13,2025-10-11,Email
7306,1153,13,2025-10-05,Meeting
7307,1153,13,2025-10-18,Call
7308,1153,13,2025-10-06,Call
7309,1153,13,2025-10-23,Email
7310,1153,13,2025-10-16,Email
7311,1153,13,2025-10-03,Email
7312,1153,13,2025-10-24,Call
7313,1154,12,2026-01-03,Meeting
7314,1154,12,2026-01-07,Call
7315,1154,12,2026-01-21,Call
7316,1154,12,2026-01-18,Email
7317,1154,12,2026-01-12,Meeting
7318,1155,13,2025-12-13,Call
7319,1155,13,2025-12-07,Email
7320,1155,13,2025-12-11,Meeting
7321,1155,13,2025-12-21,Call
7322,1156,11,2025-09-19,Meeting
7323,1156,11,2025-06-06,Call
7324,1156,11,2025-07-03,Meeting
7325,1156,11,2025-06-12,Call
7326,1157,6,2026-08-27,Email
7327,1157,6,2026-09-04,Call
7328,1157,6,2026-08-25,Email
7329,1157,6,2026-08-07,Call
7330,1157,6,2026-09-01,Meeting
7331,1157,6,2026-09-13,Meeting
7332,1158,5,2024-11-25,Email
7333,1158,5,2024-12-12,Call
7334,1158,5,2024-12-11,Demo
7335,1158,5,2024-12-11,Call
7336,1158,5,2024-11-25,Call
7337,1158,5,2024-12-08,Email
7338,1158,5,2024-12-03,Meeting
7339,1158,5,2024-12-11,Call
7340,1158,5,2024-11-27,Meeting
7341,1158,5,2024-11-24,Meeting
7342,1158,5,2024-11-23,Email
7343,1158,5,2024-12-04,Call
7344,1158,5,2024-11-21,Email
7345,1158,5,2024-12-10,Meeting
7346,1159,14,2026-04-19,Email
7347,1159,14,2026-04-14,Email
7348,1159,14,2026-04-30,Call
7349,1159,14,2026-04-18,Call
7350,1159,14,2026-04-15,Email
7351,1159,14,2026-04-15,Call
7352,1160,11,2024-08-05,Demo
7353,1160,11,2024-07-31,Email
7354,1160,11,2024-08-17,Call
7355,1160,11,2024-07-17,Meeting
7356,1161,11,2025-09-13,Meeting
7357,1161,11,2025-09-12,Email
7358,1161,11,2025-09-06,Call
7359,1161,11,2025-09-02,Demo
7360,1161,11,2025-09-21,Meeting
7361,1161,11,2025-08-18,Meeting
7362,1161,11,2025-09-07,Call
7363,1161,11,2025-08-22,Email
7364,1161,11,2025-09-04,Meeting
7365,1161,11,2025-09-23,Email
7366,1161,11,2025-08-15,Email
7367,1161,11,2025-08-19,Meeting
7368,1162,11,2025-12-27,Email
7369,1162,11,2026-01-05,Meeting
7370,1162,11,2026-01-04,Email
7371,1162,11,2026-01-01,Email
7372,1162,11,2025-12-28,Meeting
7373,1162,11,2025-12-14,Email
7374,1163,12,2025-10-10,Email
7375,1163,12,2025-10-08,Meeting
7376,1163,12,2025-10-27,Email
7377,1164,10,2025-01-22,Meeting
7378,1164,10,2025-01-26,Call
7379,1165,10,2026-03-17,Email
7380,1165,10,2026-04-05,Demo
7381,1165,10,2026-04-02,Email
7382,1165,10,2026-04-03,Email
7383,1166,7,2024-11-19,Call
7384,1166,7,2024-10-18,Email
7385,1166,7,2024-12-27,Email
7386,1166,7,2024-12-19,Call
7387,1167,6,2024-07-13,Meeting
7388,1167,6,2024-07-08,Email
7389,1167,6,2024-07-30,Email
7390,1167,6,2024-07-02,Call
7391,1167,6,2024-07-17,Email
7392,1167,6,2024-07-10,Email
7393,1167,6,2024-07-22,Email
7394,1168,13,2026-04-05,Email
7395,1168,13,2026-04-06,Call
7396,1168,13,2026-04-10,Email
7397,1168,13,2026-03-27,Email
7398,1168,13,2026-04-10,Call
7399,1168,13,2026-04-09,Call
7400,1168,13,2026-03-30,Meeting
7401,1168,13,2026-04-11,Email
7402,1168,13,2026-04-12,Meeting
7403,1168,13,2026-03-31,Call
7404,1169,4,2026-07-23,Meeting
7405,1169,4,2026-08-29,Call
7406,1169,4,2026-09-24,Meeting
7407,1169,4,2026-08-19,Email
7408,1169,4,2026-09-06,Email
7409,1169,4,2026-09-02,Email
7410,1169,4,2026-07-10,Call
7411,1169,4,2026-08-01,Meeting
7412,1170,11,2026-04-13,Meeting
7413,1170,11,2026-04-12,Call
7414,1170,11,2026-04-04,Call
7415,1170,11,2026-04-06,Email
7416,1170,11,2026-04-08,Email
7417,1170,11,2026-04-03,Email
7418,1170,11,2026-04-11,Call
7419,1170,11,2026-04-02,Email
7420,1171,10,2024-07-23,Call
7421,1171,10,2024-08-21,Email
7422,1171,10,2024-08-19,Call
7423,1171,10,2024-08-01,Email
7424,1171,10,2024-07-20,Call
7425,1171,10,2024-08-20,Email
7426,1171,10,2024-07-14,Call
7427,1171,10,2024-07-29,Call
7428,1171,10,2024-07-23,Call
7429,1171,10,2024-07-24,Email
7430,1171,10,2024-07-25,Call
7431,1171,10,2024-08-17,Demo
7432,1171,10,2024-07-17,Email
7433,1172,1,2024-12-15,Call
7434,1172,1,2024-10-22,Call
7435,1172,1,2024-10-09,Call
7436,1172,1,2024-09-30,Call
7437,1172,1,2024-10-02,Call
7438,1173,4,2026-07-08,Meeting
7439,1173,4,2026-09-16,Email
7440,1173,4,2026-08-04,Email
7441,1173,4,2026-06-29,Call
7442,1173,4,2026-08-26,Demo
7443,1173,4,2026-09-27,Meeting
7444,1173,4,2026-08-02,Email
7445,1173,4,2026-09-01,Meeting
7446,1173,4,2026-07-16,Meeting
7447,1173,4,2026-07-13,Email
7448,1173,4,2026-09-20,Meeting
7449,1173,4,2026-09-26,Demo
7450,1173,4,2026-08-13,Email
7451,1173,4,2026-08-22,Call
7452,1174,5,2026-06-15,Meeting
7453,1174,5,2026-05-18,Call
7454,1174,5,2026-04-25,Demo
7455,1174,5,2026-06-12,Email
7456,1174,5,2026-05-27,Call
7457,1175,9,2024-04-11,Call
7458,1175,9,2024-04-08,Email
7459,1175,9,2024-04-05,Call
7460,1175,9,2024-03-27,Email
7461,1176,12,2026-02-07,Email
7462,1176,12,2026-02-16,Call
7463,1176,12,2026-02-08,Email
7464,1176,12,2026-02-15,Email
7465,1176,12,2026-02-22,Call
7466,1176,12,2026-02-10,Demo
7467,1176,12,2026-02-07,Call
7468,1176,12,2026-02-09,Call
7469,1176,12,2026-02-14,Email
7470,1176,12,2026-02-09,Email
7471,1176,12,2026-02-06,Call
7472,1176,12,2026-02-19,Email
7473,1177,1,2025-06-06,Call
7474,1177,1,2025-04-05,Call
7475,1177,1,2025-05-11,Call
7476,1177,1,2025-07-18,Meeting
7477,1177,1,2025-07-24,Call
7478,1177,1,2025-03-22,Meeting
7479,1177,1,2025-05-07,Demo
7480,1177,1,2025-08-26,Call
7481,1178,10,2025-07-29,Email
7482,1178,10,2025-07-30,Demo
7483,1178,10,2025-08-15,Email
7484,1178,10,2025-07-25,Email
7485,1179,5,2026-09-27,Meeting
7486,1179,5,2026-09-23,Email
7487,1179,5,2026-09-26,Call
7488,1180,13,2024-06-14,Meeting
7489,1180,13,2024-06-10,Call
7490,1180,13,2024-06-15,Email
7491,1180,13,2024-06-08,Email
7492,1180,13,2024-06-24,Email
7493,1180,13,2024-06-08,Call
7494,1180,13,2024-06-09,Email
7495,1180,13,2024-06-30,Email
7496,1180,13,2024-06-16,Email
7497,1180,13,2024-06-12,Email
7498,1180,13,2024-06-14,Email
7499,1180,13,2024-06-07,Meeting
7500,1180,13,2024-07-03,Meeting
7501,1180,13,2024-06-09,Email
7502,1181,5,2025-07-14,Meeting
7503,1181,5,2025-07-02,Call
7504,1181,5,2025-07-09,Call
7505,1181,5,2025-06-10,Email
7506,1181,5,2025-06-07,Email
7507,1181,5,2025-05-12,Call
7508,1182,11,2025-01-19,Meeting
7509,1182,11,2025-01-19,Call
7510,1182,11,2025-01-26,Call
7511,1183,4,2026-09-27,Call
7512,1183,4,2026-09-29,Demo
7513,1184,9,2025-10-01,Email
7514,1184,9,2025-09-26,Email
7515,1184,9,2025-10-12,Email
7516,1184,9,2025-08-12,Email
7517,1184,9,2025-10-06,Demo
7518,1185,7,2025-01-14,Email
7519,1185,7,2025-03-27,Call
7520,1186,13,2025-11-01,Call
7521,1186,13,2025-11-16,Call
7522,1186,13,2025-10-22,Email
7523,1186,13,2025-11-15,Meeting
7524,1186,13,2025-10-28,Call
7525,1186,13,2025-11-02,Email
7526,1186,13,2025-11-22,Meeting
7527,1186,13,2025-11-28,Call
7528,1186,13,2025-11-28,Meeting
7529,1186,13,2025-11-28,Demo
7530,1186,13,2025-10-24,Email
7531,1186,13,2025-10-22,Call
7532,1186,13,2025-11-18,Email
7533,1187,7,2026-09-17,Call
7534,1187,7,2026-09-19,Call
7535,1187,7,2026-09-28,Email
7536,1187,7,2026-09-22,Call
7537,1188,9,2025-11-04,Email
7538,1188,9,2025-10-18,Email
7539,1188,9,2025-10-02,Email
7540,1188,9,2025-10-24,Email
7541,1188,9,2025-09-20,Meeting
7542,1188,9,2025-10-25,Call
7543,1188,9,2025-10-29,Email
7544,1188,9,2025-10-15,Call
7545,1189,14,2026-01-30,Call
7546,1189,14,2026-01-26,Call
7547,1189,14,2026-01-29,Email
7548,1189,14,2026-01-27,Email
7549,1189,14,2026-01-30,Email
7550,1189,14,2026-02-02,Email
7551,1190,11,2026-01-31,Call
7552,1191,13,2025-08-30,Call
7553,1191,13,2025-09-27,Call
7554,1191,13,2025-09-05,Call
7555,1191,13,2025-09-11,Demo
7556,1191,13,2025-09-16,Call
7557,1191,13,2025-09-30,Call
7558,1191,13,2025-09-14,Call
7559,1191,13,2025-10-01,Call
7560,1191,13,2025-08-30,Demo
7561,1192,12,2026-06-12,Call
7562,1192,12,2026-05-27,Email
7563,1193,13,2026-08-04,Call
7564,1193,13,2026-08-18,Email
7565,1193,13,2026-07-31,Meeting
7566,1194,12,2026-01-05,Call
7567,1194,12,2025-12-31,Demo
7568,1194,12,2025-12-20,Call
7569,1194,12,2025-12-26,Meeting
7570,1194,12,2026-01-07,Meeting
7571,1194,12,2025-12-31,Meeting
7572,1194,12,2025-12-24,Email
7573,1194,12,2026-01-04,Demo
7574,1195,14,2026-04-01,Email
7575,1195,14,2026-03-31,Meeting
7576,1195,14,2026-03-26,Call
7577,1195,14,2026-03-16,Email
7578,1196,2,2026-01-18,Demo
7579,1196,2,2026-01-11,Email
7580,1196,2,2026-01-11,Call
7581,1196,2,2025-12-03,Email
7582,1196,2,2026-01-08,Call
7583,1196,2,2025-12-30,Email
7584,1197,3,2026-05-16,Meeting
7585,1197,3,2026-05-26,Call
7586,1197,3,2026-04-17,Call
7587,1197,3,2026-04-07,Email
7588,1197,3,2026-04-15,Demo
7589,1197,3,2026-05-05,Meeting
7590,1198,14,2026-04-12,Email
7591,1198,14,2026-03-30,Email
7592,1198,14,2026-04-26,Email
7593,1198,14,2026-03-17,Email
7594,1198,14,2026-03-23,Call
7595,1198,14,2026-03-15,Demo
7596,1198,14,2026-03-26,Call
7597,1198,14,2026-04-20,Email
7598,1198,14,2026-04-16,Meeting
7599,1198,14,2026-04-08,Demo
7600,1199,1,2026-02-18,Demo
7601,1199,1,2026-01-30,Call
7602,1199,1,2026-04-02,Email
7603,1199,1,2026-02-19,Demo
7604,1199,1,2026-02-09,Call
7605,1199,1,2026-04-15,Call
7606,1199,1,2026-02-24,Call
7607,1199,1,2026-03-03,Call
7608,1199,1,2026-02-05,Email
7609,1199,1,2026-03-09,Email
7610,1199,1,2026-03-22,Call
7611,1199,1,2026-02-12,Meeting
7612,1200,7,2024-06-29,Call
7613,1200,7,2024-06-13,Email
7614,1200,7,2024-07-25,Email
7615,1200,7,2024-08-17,Email
7616,1200,7,2024-06-19,Email
7617,1200,7,2024-07-27,Email
7618,1200,7,2024-07-26,Email
7619,1200,7,2024-07-21,Email
7620,1200,7,2024-07-28,Meeting
7621,1200,7,2024-07-31,Email
7622,1200,7,2024-06-21,Email
7623,1200,7,2024-06-29,Email
7624,1201,11,2025-12-17,Call
7625,1201,11,2026-01-03,Call
7626,1201,11,2025-12-29,Email
7627,1201,11,2025-12-25,Email
7628,1201,11,2025-12-28,Demo
7629,1202,11,2026-04-20,Email
7630,1202,11,2026-04-15,Meeting
7631,1202,11,2026-04-13,Email
7632,1202,11,2026-04-14,Email
7633,1202,11,2026-04-15,Call
7634,1202,11,2026-04-15,Call
7635,1202,11,2026-04-15,Email
7636,1202,11,2026-04-22,Call
7637,1202,11,2026-04-19,Email
7638,1202,11,2026-04-12,Email
7639,1202,11,2026-04-13,Call
7640,1202,11,2026-04-16,Meeting
7641,1203,10,2025-10-20,Email
7642,1203,10,2025-09-17,Email
7643,1203,10,2025-09-30,Call
7644,1203,10,2025-09-19,Demo
7645,1204,8,2026-06-01,Call
7646,1204,8,2026-05-11,Call
7647,1204,8,2026-06-25,Email
7648,1204,8,2026-06-13,Demo
7649,1204,8,2026-05-17,Email
7650,1204,8,2026-05-05,Demo
7651,1205,14,2025-11-24,Call
7652,1205,14,2025-11-15,Call
7653,1205,14,2025-11-17,Call
7654,1205,14,2025-11-23,Call
7655,1205,14,2025-11-07,Email
7656,1205,14,2025-11-25,Call
7657,1206,1,2024-11-22,Call
7658,1206,1,2024-11-05,Email
7659,1206,1,2024-12-22,Call
7660,1207,10,2025-06-06,Demo
7661,1207,10,2025-06-12,Email
7662,1207,10,2025-06-12,Meeting
7663,1208,9,2026-09-04,Email
7664,1208,9,2026-09-27,Meeting
7665,1208,9,2026-09-27,Call
7666,1208,9,2026-09-28,Email
7667,1208,9,2026-09-08,Call
7668,1208,9,2026-09-15,Demo
7669,1208,9,2026-09-06,Call
7670,1208,9,2026-09-26,Call
7671,1209,11,2025-12-28,Email
7672,1209,11,2025-12-19,Email
7673,1210,13,2026-07-18,Demo
7674,1210,13,2026-07-29,Email
7675,1210,13,2026-07-22,Email
7676,1210,13,2026-08-03,Call
7677,1210,13,2026-07-25,Demo
7678,1210,13,2026-07-22,Email
7679,1210,13,2026-07-29,Email
7680,1210,13,2026-08-04,Email
7681,1210,13,2026-07-31,Meeting
7682,1211,7,2025-12-14,Meeting
7683,1211,7,2025-12-12,Email
7684,1211,7,2025-12-16,Email
7685,1211,7,2025-12-11,Email
7686,1211,7,2026-01-25,Call
7687,1211,7,2025-12-14,Call
7688,1212,9,2025-04-21,Demo
7689,1212,9,2025-04-26,Email
7690,1212,9,2025-04-22,Call
7691,1212,9,2025-04-29,Meeting
7692,1212,9,2025-04-03,Meeting
7693,1212,9,2025-04-30,Call
7694,1212,9,2025-04-22,Call
7695,1212,9,2025-04-03,Email
7696,1213,14,2024-11-22,Demo
7697,1213,14,2024-11-22,Email
7698,1213,14,2024-11-13,Demo
7699,1213,14,2024-11-20,Email
7700,1213,14,2024-11-28,Email
7701,1213,14,2024-11-20,Call
7702,1213,14,2024-11-09,Call
7703,1213,14,2024-11-14,Meeting
7704,1213,14,2024-11-06,Email
7705,1213,14,2024-11-10,Call
7706,1213,14,2024-11-20,Call
7707,1214,10,2025-07-17,Meeting
7708,1214,10,2025-07-26,Email
7709,1214,10,2025-08-01,Meeting
7710,1214,10,2025-08-03,Email
7711,1214,10,2025-07-24,Call
7712,1214,10,2025-07-09,Email
7713,1214,10,2025-07-16,Meeting
7714,1215,7,2025-06-01,Demo
7715,1215,7,2025-05-03,Call
7716,1215,7,2025-05-11,Email
7717,1215,7,2025-05-23,Call
7718,1215,7,2025-06-03,Email
7719,1215,7,2025-05-02,Demo
7720,1215,7,2025-04-29,Email
7721,1215,7,2025-04-30,Demo
7722,1216,5,2026-03-20,Call
7723,1216,5,2026-03-10,Call
7724,1216,5,2026-04-15,Call
7725,1216,5,2026-03-11,Email
7726,1216,5,2026-03-11,Demo
7727,1216,5,2026-04-26,Email
7728,1217,10,2025-05-25,Call
7729,1217,10,2025-05-29,Email
7730,1217,10,2025-06-04,Call
7731,1217,10,2025-06-01,Email
7732,1218,2,2026-09-15,Call
7733,1218,2,2026-07-02,Email
7734,1219,3,2025-06-07,Meeting
7735,1219,3,2025-06-28,Email
7736,1219,3,2025-07-12,Email
7737,1220,12,2026-03-29,Call
7738,1220,12,2026-03-28,Call
7739,1220,12,2026-04-05,Call
7740,1220,12,2026-03-25,Call
7741,1220,12,2026-04-06,Call
7742,1220,12,2026-04-04,Call
7743,1220,12,2026-03-30,Email
7744,1220,12,2026-03-25,Email
7745,1220,12,2026-04-09,Meeting
7746,1221,8,2025-06-29,Call
7747,1221,8,2025-07-04,Meeting
7748,1221,8,2025-06-20,Demo
7749,1221,8,2025-07-11,Demo
7750,1221,8,2025-07-05,Email
7751,1221,8,2025-07-10,Call
7752,1221,8,2025-06-29,Call
7753,1221,8,2025-06-22,Email
7754,1221,8,2025-06-21,Email
7755,1221,8,2025-07-08,Email
7756,1221,8,2025-06-24,Demo
7757,1221,8,2025-06-16,Call
7758,1221,8,2025-06-24,Call
7759,1221,8,2025-06-18,Email
7760,1221,8,2025-07-11,Email
7761,1221,8,2025-06-30,Call
7762,1221,8,2025-07-11,Call
7763,1222,12,2025-06-19,Email
7764,1222,12,2025-05-15,Email
7765,1222,12,2025-06-20,Email
7766,1222,12,2025-06-08,Demo
7767,1224,7,2026-01-25,Email
7768,1224,7,2026-01-14,Call
7769,1224,7,2026-01-28,Call
7770,1224,7,2026-02-23,Email
7771,1224,7,2026-01-19,Email
7772,1225,5,2026-08-13,Meeting
7773,1225,5,2026-06-30,Call
7774,1225,5,2026-06-22,Meeting
7775,1225,5,2026-07-26,Call
7776,1225,5,2026-06-04,Meeting
7777,1225,5,2026-08-12,Email
7778,1225,5,2026-08-31,Email
7779,1225,5,2026-06-19,Meeting
7780,1226,4,2026-08-18,Email
7781,1226,4,2026-05-06,Email
7782,1226,4,2026-06-01,Call
7783,1226,4,2026-06-25,Email
7784,1226,4,2026-06-04,Call
7785,1226,4,2026-05-02,Email
7786,1226,4,2026-06-20,Meeting
7787,1226,4,2026-06-14,Email
7788,1226,4,2026-05-09,Call
7789,1226,4,2026-08-15,Email
7790,1226,4,2026-08-15,Email
7791,1226,4,2026-05-20,Call
7792,1226,4,2026-06-16,Email
7793,1226,4,2026-07-31,Call
7794,1226,4,2026-07-27,Email
7795,1226,4,2026-05-12,Email
7796,1227,5,2024-10-12,Call
7797,1227,5,2024-11-17,Email
7798,1227,5,2024-11-27,Demo
7799,1227,5,2024-11-25,Meeting
7800,1227,5,2024-11-29,Demo
7801,1228,5,2026-03-21,Call
7802,1228,5,2026-02-27,Email
7803,1228,5,2026-01-23,Email
7804,1228,5,2026-03-23,Email
7805,1229,2,2024-06-28,Call
7806,1229,2,2024-08-13,Call
7807,1229,2,2024-06-20,Email
7808,1229,2,2024-05-31,Email
7809,1229,2,2024-05-23,Call
7810,1229,2,2024-07-01,Call
7811,1229,2,2024-08-03,Email
7812,1230,13,2024-05-25,Call
7813,1230,13,2024-05-28,Email
7814,1230,13,2024-06-07,Meeting
7815,1230,13,2024-06-10,Call
7816,1230,13,2024-05-15,Meeting
7817,1230,13,2024-06-07,Meeting
7818,1231,11,2026-04-09,Call
7819,1232,11,2024-12-16,Meeting
7820,1232,11,2024-12-31,Email
7821,1232,11,2024-12-25,Call
7822,1232,11,2024-12-25,Call
7823,1232,11,2025-01-06,Call
7824,1232,11,2024-12-08,Meeting
7825,1232,11,2024-12-17,Email
7826,1232,11,2024-12-17,Call
7827,1233,10,2025-06-10,Demo
7828,1233,10,2025-06-17,Email
7829,1233,10,2025-06-07,Meeting
7830,1233,10,2025-06-15,Email
7831,1233,10,2025-06-04,Email
7832,1233,10,2025-06-06,Meeting
7833,1234,12,2024-04-03,Email
7834,1234,12,2024-04-20,Email
7835,1234,12,2024-04-12,Call
7836,1234,12,2024-04-06,Call
7837,1234,12,2024-04-12,Email
7838,1235,5,2025-07-30,Email
7839,1235,5,2025-07-24,Email
7840,1235,5,2025-06-30,Email
7841,1235,5,2025-07-18,Email
7842,1236,8,2026-09-22,Email
7843,1236,8,2026-08-31,Email
7844,1236,8,2026-08-27,Meeting
7845,1236,8,2026-09-26,Email
7846,1237,13,2025-12-14,Call
7847,1237,13,2025-12-28,Email
7848,1237,13,2025-12-15,Call
7849,1237,13,2025-12-29,Email
7850,1237,13,2025-12-11,Email
7851,1237,13,2026-01-03,Email
7852,1237,13,2025-12-12,Call
7853,1237,13,2025-12-26,Call
7854,1237,13,2025-12-16,Call
7855,1237,13,2026-01-02,Call
7856,1237,13,2025-12-31,Email
7857,1237,13,2025-12-09,Call
7858,1237,13,2025-12-11,Email
7859,1237,13,2025-12-18,Email
7860,1238,5,2025-09-23,Meeting
7861,1238,5,2025-09-21,Email
7862,1238,5,2025-09-12,Email
7863,1238,5,2025-09-26,Email
7864,1238,5,2025-09-23,Call
7865,1239,13,2026-09-16,Email
7866,1239,13,2026-09-07,Call
7867,1239,13,2026-08-27,Meeting
7868,1239,13,2026-08-30,Meeting
7869,1239,13,2026-09-03,Meeting
7870,1240,5,2026-03-23,Email
7871,1240,5,2026-04-08,Call
7872,1240,5,2026-02-18,Meeting
7873,1240,5,2026-02-28,Call
7874,1241,13,2025-03-30,Email
7875,1241,13,2025-04-29,Call
7876,1241,13,2025-05-10,Call
7877,1241,13,2025-04-04,Email
7878,1241,13,2025-04-20,Meeting
7879,1241,13,2025-04-15,Meeting
7880,1241,13,2025-05-04,Email
7881,1242,10,2026-03-25,Call
7882,1242,10,2026-04-02,Call
7883,1242,10,2026-03-21,Email
7884,1242,10,2026-03-28,Meeting
7885,1242,10,2026-03-28,Call
7886,1242,10,2026-03-23,Demo
7887,1242,10,2026-03-15,Call
7888,1243,5,2026-08-05,Email
7889,1243,5,2026-09-07,Email
7890,1243,5,2026-07-20,Meeting
7891,1244,7,2026-05-19,Email
7892,1244,7,2026-05-14,Meeting
7893,1244,7,2026-04-15,Call
7894,1244,7,2026-05-19,Demo
7895,1244,7,2026-04-09,Email
7896,1244,7,2026-04-30,Email
7897,1244,7,2026-04-09,Call
7898,1244,7,2026-04-27,Email
7899,1245,11,2026-01-05,Call
7900,1245,11,2026-01-08,Email
7901,1245,11,2026-01-05,Email
7902,1245,11,2026-01-08,Call
7903,1245,11,2026-01-12,Email
7904,1246,5,2026-05-11,Meeting
7905,1246,5,2026-05-09,Email
7906,1246,5,2026-03-31,Demo
7907,1246,5,2026-04-30,Call
7908,1246,5,2026-04-20,Email
7909,1246,5,2026-05-16,Demo
7910,1246,5,2026-04-10,Email
7911,1246,5,2026-05-01,Meeting
7912,1246,5,2026-04-07,Call
7913,1246,5,2026-05-09,Call
7914,1246,5,2026-04-19,Call
7915,1246,5,2026-03-20,Call
7916,1246,5,2026-05-10,Email
7917,1246,5,2026-04-04,Email
7918,1246,5,2026-03-30,Meeting
7919,1246,5,2026-03-24,Email
7920,1246,5,2026-04-26,Meeting
7921,1247,9,2025-07-30,Meeting
7922,1247,9,2025-09-11,Email
7923,1247,9,2025-08-17,Email
7924,1247,9,2025-08-25,Call
7925,1247,9,2025-08-10,Meeting
7926,1247,9,2025-08-17,Email
7927,1247,9,2025-08-31,Call
7928,1248,6,2026-06-26,Meeting
7929,1248,6,2026-06-03,Email
7930,1248,6,2026-06-16,Meeting
7931,1248,6,2026-06-10,Call
7932,1248,6,2026-05-24,Call
7933,1248,6,2026-05-22,Demo
7934,1248,6,2026-07-21,Demo
7935,1248,6,2026-06-09,Email
7936,1248,6,2026-06-18,Email
7937,1249,6,2025-06-19,Demo
7938,1249,6,2025-07-17,Email
7939,1249,6,2025-07-23,Meeting
7940,1249,6,2025-07-20,Call
7941,1249,6,2025-06-17,Email
7942,1249,6,2025-07-18,Meeting
7943,1249,6,2025-07-05,Meeting
7944,1249,6,2025-07-23,Call
7945,1249,6,2025-08-02,Call
7946,1249,6,2025-07-21,Email
7947,1249,6,2025-07-17,Email
7948,1249,6,2025-06-23,Email
7949,1250,11,2025-09-21,Email
7950,1250,11,2025-09-17,Demo
7951,1251,13,2024-12-25,Call
7952,1251,13,2024-12-18,Meeting
7953,1251,13,2024-12-20,Email
7954,1251,13,2024-12-21,Call
7955,1251,13,2024-12-24,Call
7956,1251,13,2024-12-31,Call
7957,1252,6,2026-05-04,Meeting
7958,1252,6,2026-05-02,Email
7959,1252,6,2026-05-19,Call
7960,1252,6,2026-04-29,Demo
7961,1252,6,2026-04-25,Email
7962,1253,3,2026-09-29,Call
7963,1253,3,2026-09-20,Email
7964,1253,3,2026-09-29,Email
7965,1253,3,2026-09-28,Email
7966,1254,4,2026-03-02,Email
7967,1254,4,2026-03-25,Demo
7968,1254,4,2026-04-05,Meeting
7969,1254,4,2026-03-10,Email
7970,1254,4,2026-03-11,Call
7971,1254,4,2026-03-28,Meeting
7972,1254,4,2026-03-29,Email
7973,1255,6,2025-02-16,Email
7974,1255,6,2025-03-10,Meeting
7975,1255,6,2025-02-15,Call
7976,1255,6,2025-02-15,Meeting
7977,1255,6,2025-02-13,Call
7978,1255,6,2025-02-26,Email
7979,1255,6,2025-02-20,Meeting
7980,1255,6,2025-02-20,Call
7981,1255,6,2025-03-12,Call
7982,1255,6,2025-03-01,Email
7983,1256,11,2026-05-31,Call
7984,1256,11,2026-05-27,Email
7985,1256,11,2026-05-29,Call
7986,1256,11,2026-05-28,Call
7987,1256,11,2026-06-10,Meeting
7988,1256,11,2026-06-03,Email
7989,1257,6,2026-04-04,Email
7990,1257,6,2026-03-17,Demo
7991,1257,6,2026-03-22,Email
7992,1257,6,2026-02-17,Email
7993,1257,6,2026-02-22,Email
7994,1258,8,2026-09-23,Call
7995,1258,8,2026-09-23,Email
7996,1258,8,2026-09-27,Email
7997,1258,8,2026-09-26,Email
7998,1258,8,2026-09-22,Email
7999,1258,8,2026-09-22,Call
8000,1259,7,2026-06-21,Email
8001,1259,7,2026-07-04,Call
8002,1259,7,2026-06-12,Email
8003,1259,7,2026-06-19,Call
8004,1259,7,2026-06-13,Email
8005,1259,7,2026-06-13,Call
8006,1260,13,2024-06-17,Meeting
8007,1260,13,2024-06-13,Meeting
8008,1260,13,2024-07-03,Meeting
8009,1260,13,2024-06-15,Email
8010,1261,12,2025-07-04,Call
8011,1261,12,2025-06-28,Email
8012,1261,12,2025-07-07,Email
8013,1261,12,2025-07-07,Call
8014,1261,12,2025-07-02,Email
8015,1261,12,2025-07-09,Call
8016,1261,12,2025-06-26,Demo
8017,1261,12,2025-07-11,Demo
8018,1261,12,2025-07-07,Call
8019,1262,7,2026-05-22,Call
8020,1262,7,2026-05-08,Call
8021,1262,7,2026-06-21,Call
8022,1262,7,2026-06-21,Meeting
8023,1262,7,2026-06-11,Call
8024,1262,7,2026-05-26,Demo
8025,1263,9,2024-09-18,Email
8026,1263,9,2024-09-03,Call
8027,1263,9,2024-09-17,Call
8028,1263,9,2024-09-15,Demo
8029,1263,9,2024-09-20,Meeting
8030,1263,9,2024-09-04,Demo
8031,1263,9,2024-09-21,Meeting
8032,1263,9,2024-09-18,Demo
8033,1263,9,2024-09-08,Call
8034,1264,7,2025-11-27,Email
8035,1264,7,2025-10-23,Call
8036,1264,7,2025-11-03,Email
8037,1264,7,2025-10-25,Call
8038,1264,7,2025-11-04,Email
8039,1264,7,2025-11-23,Call
8040,1264,7,2025-10-29,Email
8041,1264,7,2025-11-06,Meeting
8042,1264,7,2025-11-11,Email
8043,1264,7,2025-11-29,Email
8044,1264,7,2025-11-05,Call
8045,1264,7,2025-11-08,Meeting
8046,1264,7,2025-11-08,Email
8047,1265,8,2024-03-27,Email
8048,1265,8,2024-04-16,Call
8049,1265,8,2024-03-19,Email
8050,1265,8,2024-03-22,Email
8051,1265,8,2024-05-03,Meeting
8052,1265,8,2024-04-05,Call
8053,1266,13,2025-06-25,Call
8054,1266,13,2025-06-15,Meeting
8055,1266,13,2025-06-28,Email
8056,1266,13,2025-06-18,Call
8057,1266,13,2025-06-20,Email
8058,1266,13,2025-06-28,Email
8059,1266,13,2025-06-25,Call
8060,1266,13,2025-06-20,Call
8061,1266,13,2025-06-28,Demo
8062,1267,11,2024-06-23,Demo
8063,1267,11,2024-06-25,Meeting
8064,1267,11,2024-06-25,Email
8065,1267,11,2024-06-19,Call
8066,1267,11,2024-06-25,Call
8067,1268,14,2025-11-07,Call
8068,1268,14,2025-10-24,Call
8069,1268,14,2025-10-15,Email
8070,1268,14,2025-10-25,Email
8071,1269,11,2024-10-05,Email
8072,1269,11,2024-09-17,Call
8073,1269,11,2024-09-22,Email
8074,1269,11,2024-09-19,Email
8075,1270,13,2026-09-28,Call
8076,1270,13,2026-09-27,Meeting
8077,1270,13,2026-09-11,Email
8078,1270,13,2026-09-16,Demo
8079,1271,11,2025-08-01,Meeting
8080,1271,11,2025-07-13,Call
8081,1271,11,2025-08-01,Email
8082,1271,11,2025-07-21,Email
8083,1271,11,2025-07-28,Email
8084,1271,11,2025-07-19,Demo
8085,1271,11,2025-07-15,Email
8086,1271,11,2025-08-02,Call
8087,1271,11,2025-07-23,Email
8088,1272,12,2024-08-01,Call
8089,1272,12,2024-08-05,Demo
8090,1272,12,2024-08-09,Call
8091,1272,12,2024-09-01,Meeting
8092,1272,12,2024-08-11,Email
8093,1273,13,2026-04-02,Email
8094,1274,7,2026-08-16,Email
8095,1274,7,2026-09-06,Call
8096,1274,7,2026-08-31,Call
8097,1274,7,2026-06-20,Call
8098,1274,7,2026-08-03,Meeting
8099,1274,7,2026-08-26,Email
8100,1274,7,2026-07-09,Email
8101,1274,7,2026-07-05,Demo
8102,1274,7,2026-07-08,Demo
8103,1274,7,2026-07-07,Meeting
8104,1274,7,2026-06-14,Email
8105,1274,7,2026-08-14,Demo
8106,1274,7,2026-09-02,Email
8107,1274,7,2026-08-07,Call
8108,1274,7,2026-07-27,Email
8109,1274,7,2026-07-29,Call
8110,1275,13,2025-11-09,Email
8111,1275,13,2025-11-05,Meeting
8112,1275,13,2025-11-17,Meeting
8113,1275,13,2025-10-30,Call
8114,1275,13,2025-11-19,Meeting
8115,1275,13,2025-10-15,Call
8116,1275,13,2025-11-09,Email
8117,1275,13,2025-11-12,Email
8118,1275,13,2025-11-02,Meeting
8119,1275,13,2025-11-07,Meeting
8120,1275,13,2025-10-26,Call
8121,1276,8,2024-09-05,Call
8122,1276,8,2024-09-20,Email
8123,1276,8,2024-10-06,Email
8124,1276,8,2024-10-04,Call
8125,1276,8,2024-09-18,Email
8126,1276,8,2024-09-23,Email
8127,1276,8,2024-09-14,Meeting
8128,1276,8,2024-08-27,Call
8129,1276,8,2024-09-03,Call
8130,1276,8,2024-09-14,Email
8131,1276,8,2024-09-25,Email
8132,1277,13,2026-01-19,Call
8133,1277,13,2026-02-09,Call
8134,1277,13,2026-01-14,Email
8135,1277,13,2026-01-31,Demo
8136,1278,13,2025-05-28,Call
8137,1278,13,2025-06-30,Email
8138,1278,13,2025-05-15,Email
8139,1278,13,2025-05-26,Email
8140,1278,13,2025-06-09,Meeting
8141,1278,13,2025-06-15,Meeting
8142,1278,13,2025-06-05,Demo
8143,1278,13,2025-06-04,Call
8144,1278,13,2025-05-17,Email
8145,1278,13,2025-06-29,Meeting
8146,1279,12,2026-03-29,Meeting
8147,1279,12,2026-04-01,Email
8148,1279,12,2026-03-30,Email
8149,1280,13,2024-10-02,Email
8150,1280,13,2024-09-25,Call
8151,1280,13,2024-09-19,Meeting
8152,1280,13,2024-10-05,Call
8153,1280,13,2024-10-05,Demo
8154,1281,4,2026-02-03,Meeting
8155,1281,4,2025-11-22,Call
8156,1281,4,2025-12-01,Email
8157,1281,4,2025-11-24,Call
8158,1282,7,2025-05-17,Call
8159,1282,7,2025-05-04,Email
8160,1282,7,2025-04-29,Meeting
8161,1282,7,2025-04-22,Email
8162,1282,7,2025-04-26,Email
8163,1282,7,2025-04-17,Meeting
8164,1282,7,2025-04-29,Call
8165,1282,7,2025-04-16,Call
8166,1282,7,2025-05-20,Email
8167,1282,7,2025-05-09,Email
8168,1283,11,2025-12-19,Meeting
8169,1283,11,2025-12-04,Meeting
8170,1283,11,2025-12-12,Email
8171,1283,11,2025-12-17,Email
8172,1283,11,2025-12-10,Demo
8173,1283,11,2025-12-23,Email
8174,1283,11,2025-12-06,Call
8175,1283,11,2025-12-19,Email
8176,1283,11,2025-12-13,Meeting
8177,1283,11,2025-12-15,Call
8178,1283,11,2025-12-19,Email
8179,1283,11,2025-12-19,Call
8180,1283,11,2025-12-12,Meeting
8181,1283,11,2025-12-11,Call
8182,1284,4,2024-12-12,Call
8183,1284,4,2024-12-19,Call
8184,1284,4,2025-02-17,Email
8185,1284,4,2025-03-21,Demo
8186,1284,4,2024-11-04,Email
8187,1284,4,2025-03-16,Demo
8188,1284,4,2024-12-03,Demo
8189,1284,4,2025-01-15,Email
8190,1284,4,2025-03-03,Email
8191,1285,12,2026-05-01,Email
8192,1285,12,2026-05-03,Call
8193,1286,10,2025-12-06,Demo
8194,1286,10,2025-12-12,Call
8195,1286,10,2025-12-09,Email
8196,1286,10,2025-12-23,Meeting
8197,1286,10,2025-12-21,Call
8198,1286,10,2025-12-22,Call
8199,1286,10,2025-12-10,Call
8200,1286,10,2025-11-18,Meeting
8201,1286,10,2025-12-28,Email
8202,1287,4,2024-04-30,Email
8203,1287,4,2024-07-28,Call
8204,1287,4,2024-06-30,Call
8205,1287,4,2024-06-09,Email
8206,1287,4,2024-06-06,Demo
8207,1287,4,2024-06-23,Meeting
8208,1287,4,2024-06-15,Call
8209,1287,4,2024-08-03,Meeting
8210,1288,8,2026-06-25,Meeting
8211,1288,8,2026-07-05,Email
8212,1288,8,2026-07-05,Email
8213,1289,10,2024-08-26,Demo
8214,1289,10,2024-09-04,Email
8215,1289,10,2024-08-20,Call
8216,1289,10,2024-08-13,Email
8217,1289,10,2024-08-20,Demo
8218,1290,6,2025-12-27,Call
8219,1290,6,2026-01-06,Call
8220,1290,6,2025-12-28,Email
8221,1290,6,2026-01-16,Email
8222,1290,6,2025-12-22,Call
8223,1290,6,2026-02-04,Email
8224,1290,6,2026-01-06,Email
8225,1290,6,2026-02-13,Email
8226,1290,6,2026-02-03,Email
8227,1291,6,2024-06-02,Email
8228,1291,6,2024-06-08,Email
8229,1291,6,2024-06-04,Call
8230,1291,6,2024-06-17,Call
8231,1291,6,2024-06-01,Email
8232,1291,6,2024-05-18,Demo
8233,1291,6,2024-04-30,Meeting
8234,1291,6,2024-06-23,Email
8235,1292,8,2024-10-04,Email
8236,1292,8,2024-08-27,Call
8237,1292,8,2024-08-01,Call
8238,1292,8,2024-09-07,Meeting
8239,1292,8,2024-07-17,Call
8240,1292,8,2024-10-13,Email
8241,1292,8,2024-08-07,Email
8242,1292,8,2024-07-18,Email
8243,1292,8,2024-10-17,Email
8244,1292,8,2024-10-20,Email
8245,1292,8,2024-09-02,Meeting
8246,1292,8,2024-08-15,Call
8247,1292,8,2024-07-19,Email
8248,1293,5,2026-09-05,Email
8249,1293,5,2026-09-01,Demo
8250,1293,5,2026-09-13,Call
8251,1293,5,2026-09-02,Email
8252,1294,13,2026-09-03,Email
8253,1294,13,2026-09-20,Demo
8254,1294,13,2026-09-09,Email
8255,1294,13,2026-09-17,Email
8256,1294,13,2026-09-04,Call
8257,1295,10,2024-10-04,Demo
8258,1295,10,2024-10-15,Email
8259,1295,10,2024-10-09,Call
8260,1296,11,2026-09-20,Call
8261,1296,11,2026-09-27,Meeting
8262,1297,3,2026-02-07,Meeting
8263,1297,3,2026-05-09,Demo
8264,1297,3,2026-04-28,Meeting
8265,1297,3,2026-03-04,Email
8266,1297,3,2026-05-01,Email
8267,1297,3,2026-04-02,Call
8268,1297,3,2026-02-04,Email
8269,1298,14,2024-12-17,Email
8270,1298,14,2024-12-21,Call
8271,1298,14,2024-12-27,Call
8272,1298,14,2024-12-27,Call
8273,1298,14,2024-12-20,Email
8274,1298,14,2024-12-18,Email
8275,1299,12,2024-06-23,Call
8276,1299,12,2024-06-19,Email
8277,1299,12,2024-06-20,Meeting
8278,1299,12,2024-06-13,Call
8279,1299,12,2024-06-21,Meeting
8280,1299,12,2024-06-07,Meeting
8281,1299,12,2024-06-10,Call
8282,1299,12,2024-06-08,Email
8283,1299,12,2024-06-17,Demo
8284,1299,12,2024-07-14,Call
8285,1300,8,2025-09-03,Email
8286,1301,9,2026-03-09,Call
8287,1301,9,2026-04-21,Email
8288,1301,9,2026-02-14,Call
8289,1301,9,2026-03-10,Email
8290,1301,9,2026-04-13,Demo
8291,1302,11,2025-09-27,Email
8292,1302,11,2025-10-06,Demo
8293,1302,11,2025-10-01,Call
8294,1302,11,2025-09-19,Call
8295,1302,11,2025-09-25,Email
8296,1302,11,2025-10-08,Call
8297,1302,11,2025-09-30,Call
8298,1303,12,2026-02-09,Call
8299,1303,12,2026-02-02,Meeting
8300,1303,12,2026-02-09,Meeting
8301,1303,12,2026-02-08,Email
8302,1303,12,2026-02-08,Call
8303,1303,12,2026-01-27,Call
8304,1304,13,2025-07-31,Call
8305,1304,13,2025-07-17,Meeting
8306,1304,13,2025-07-09,Email
8307,1304,13,2025-07-23,Email
8308,1304,13,2025-07-10,Email
8309,1304,13,2025-07-29,Email
8310,1304,13,2025-07-31,Call
8311,1304,13,2025-07-06,Email
8312,1305,6,2025-01-27,Meeting
8313,1305,6,2025-03-27,Email
8314,1305,6,2025-03-16,Email
8315,1305,6,2025-02-07,Call
8316,1305,6,2025-03-14,Call
8317,1305,6,2025-03-16,Meeting
8318,1305,6,2025-02-25,Email
8319,1305,6,2025-02-14,Email
8320,1306,10,2025-05-07,Email
8321,1306,10,2025-05-02,Call
8322,1306,10,2025-05-08,Meeting
8323,1307,7,2024-06-22,Meeting
8324,1307,7,2024-08-12,Call
8325,1307,7,2024-06-16,Email
8326,1308,8,2026-07-02,Call
8327,1308,8,2026-07-26,Email
8328,1308,8,2026-08-08,Email
8329,1308,8,2026-08-16,Call
8330,1308,8,2026-07-14,Email
8331,1308,8,2026-07-10,Meeting
8332,1308,8,2026-08-10,Call
8333,1309,2,2025-09-29,Email
8334,1309,2,2025-11-19,Call
8335,1309,2,2025-10-14,Email
8336,1309,2,2025-10-06,Demo
8337,1309,2,2025-11-27,Email
8338,1309,2,2025-11-02,Email
8339,1309,2,2025-11-18,Call
8340,1310,14,2026-08-15,Email
8341,1310,14,2026-08-19,Call
8342,1310,14,2026-08-04,Email
8343,1310,14,2026-08-16,Email
8344,1310,14,2026-08-19,Demo
8345,1310,14,2026-08-06,Call
8346,1310,14,2026-08-19,Email
8347,1310,14,2026-08-11,Call
8348,1310,14,2026-08-14,Meeting
8349,1310,14,2026-08-16,Call
8350,1311,11,2024-03-29,Email
8351,1311,11,2024-03-20,Email
8352,1311,11,2024-03-30,Call
8353,1311,11,2024-03-22,Email
8354,1312,5,2025-05-06,Meeting
8355,1312,5,2025-05-17,Call
8356,1312,5,2025-05-27,Call
8357,1312,5,2025-05-05,Email
8358,1312,5,2025-05-31,Email
8359,1313,14,2025-07-25,Email
8360,1313,14,2025-07-08,Email
8361,1313,14,2025-07-12,Email
8362,1313,14,2025-07-26,Call
8363,1313,14,2025-08-05,Call
8364,1313,14,2025-08-08,Demo
8365,1313,14,2025-07-10,Email
8366,1313,14,2025-07-22,Email
8367,1313,14,2025-08-09,Email
8368,1313,14,2025-08-09,Call
8369,1313,14,2025-07-08,Call
8370,1313,14,2025-07-18,Meeting
8371,1314,13,2025-10-29,Call
8372,1314,13,2025-10-24,Email
8373,1314,13,2025-11-04,Demo
8374,1314,13,2025-10-25,Email
8375,1314,13,2025-10-03,Call
8376,1314,13,2025-10-27,Email
8377,1315,14,2026-02-20,Email
8378,1315,14,2026-03-15,Meeting
8379,1315,14,2026-03-30,Email
8380,1315,14,2026-03-19,Meeting
8381,1316,4,2025-05-29,Call
8382,1316,4,2025-05-17,Email
8383,1317,3,2025-02-22,Call
8384,1317,3,2024-12-29,Email
8385,1317,3,2025-01-01,Email
8386,1317,3,2025-02-12,Call
8387,1317,3,2025-03-17,Call
8388,1317,3,2025-02-06,Call
8389,1317,3,2025-01-29,Email
8390,1318,11,2026-08-02,Call
8391,1318,11,2026-08-20,Call
8392,1318,11,2026-07-31,Call
8393,1319,7,2025-03-13,Email
8394,1319,7,2025-02-23,Email
8395,1319,7,2025-02-07,Call
8396,1319,7,2025-01-29,Email
8397,1320,4,2025-11-05,Email
8398,1320,4,2025-09-29,Meeting
8399,1320,4,2025-10-15,Call
8400,1320,4,2025-07-22,Call
8401,1320,4,2025-07-21,Email
8402,1320,4,2025-07-25,Email
8403,1321,13,2026-03-01,Meeting
8404,1321,13,2026-03-01,Call
8405,1321,13,2026-02-19,Demo
8406,1322,12,2025-10-12,Call
8407,1322,12,2025-10-03,Meeting
8408,1322,12,2025-10-20,Call
8409,1322,12,2025-09-26,Call
8410,1322,12,2025-10-07,Call
8411,1322,12,2025-10-09,Call
8412,1322,12,2025-09-29,Demo
8413,1323,14,2026-08-28,Email
8414,1323,14,2026-08-19,Email
8415,1323,14,2026-09-02,Call
8416,1323,14,2026-09-03,Email
8417,1323,14,2026-08-15,Demo
8418,1323,14,2026-08-28,Email
8419,1323,14,2026-08-24,Meeting
8420,1323,14,2026-08-13,Email
8421,1324,7,2024-07-06,Call
8422,1324,7,2024-08-03,Call
8423,1324,7,2024-08-13,Email
8424,1324,7,2024-07-26,Call
8425,1324,7,2024-08-04,Email
8426,1324,7,2024-07-10,Email
8427,1324,7,2024-07-08,Email
8428,1324,7,2024-08-02,Call
8429,1324,7,2024-07-12,Call
8430,1324,7,2024-08-04,Call
8431,1324,7,2024-07-11,Email
8432,1324,7,2024-07-23,Meeting
8433,1324,7,2024-08-04,Meeting
8434,1324,7,2024-07-06,Call
8435,1324,7,2024-07-08,Call
8436,1324,7,2024-07-12,Call
8437,1324,7,2024-07-17,Meeting
8438,1325,3,2025-10-21,Email
8439,1325,3,2025-10-18,Demo
8440,1325,3,2025-11-17,Call
8441,1325,3,2025-10-15,Email
8442,1325,3,2026-01-10,Demo
8443,1325,3,2025-12-08,Meeting
8444,1325,3,2025-11-08,Meeting
8445,1325,3,2025-11-11,Demo
8446,1325,3,2025-12-20,Call
8447,1326,11,2025-01-16,Call
8448,1326,11,2025-01-13,Meeting
8449,1326,11,2025-01-15,Email
8450,1327,9,2026-09-22,Email
8451,1327,9,2026-08-27,Call
8452,1327,9,2026-09-06,Email
8453,1327,9,2026-09-08,Meeting
8454,1328,8,2024-09-11,Meeting
8455,1328,8,2024-09-24,Call
8456,1328,8,2024-08-02,Email
8457,1328,8,2024-09-15,Call
8458,1328,8,2024-09-14,Call
8459,1329,1,2026-07-22,Call
8460,1329,1,2026-07-09,Demo
8461,1329,1,2026-08-18,Demo
8462,1329,1,2026-08-23,Email
8463,1329,1,2026-08-01,Meeting
8464,1329,1,2026-08-23,Demo
8465,1329,1,2026-08-07,Call
8466,1329,1,2026-07-10,Call
8467,1329,1,2026-08-05,Call
8468,1330,11,2025-02-21,Email
8469,1330,11,2025-03-06,Email
8470,1330,11,2025-03-02,Call
8471,1330,11,2025-02-12,Call
8472,1330,11,2025-02-15,Meeting
8473,1330,11,2025-02-22,Meeting
8474,1330,11,2025-02-13,Call
8475,1330,11,2025-02-17,Call
8476,1330,11,2025-03-07,Meeting
8477,1331,10,2026-09-14,Email
8478,1331,10,2026-09-23,Call
8479,1331,10,2026-09-26,Call
8480,1331,10,2026-09-25,Email
8481,1331,10,2026-09-29,Email
8482,1332,11,2026-06-29,Call
8483,1332,11,2026-06-16,Call
8484,1332,11,2026-07-11,Call
8485,1332,11,2026-07-07,Call
8486,1332,11,2026-07-03,Meeting
8487,1332,11,2026-06-26,Email
8488,1332,11,2026-07-05,Email
8489,1332,11,2026-07-03,Email
8490,1332,11,2026-06-20,Demo
8491,1333,11,2025-03-18,Email
8492,1333,11,2025-03-19,Meeting
8493,1333,11,2025-04-05,Meeting
8494,1334,4,2024-08-02,Email
8495,1334,4,2024-10-19,Call
8496,1334,4,2024-11-28,Meeting
8497,1334,4,2024-10-15,Email
8498,1335,7,2025-02-27,Call
8499,1335,7,2025-02-05,Call
8500,1335,7,2025-02-27,Email
8501,1335,7,2025-02-23,Email
8502,1335,7,2025-02-24,Meeting
8503,1335,7,2025-02-11,Call
8504,1336,13,2025-08-22,Call
8505,1336,13,2025-09-02,Email
8506,1336,13,2025-08-15,Meeting
8507,1336,13,2025-09-06,Call
8508,1337,9,2026-09-10,Email
8509,1337,9,2026-09-10,Call
8510,1337,9,2026-08-17,Call
8511,1337,9,2026-09-07,Email
8512,1337,9,2026-08-16,Demo
8513,1337,9,2026-08-31,Demo
8514,1337,9,2026-09-23,Email
8515,1337,9,2026-07-06,Demo
8516,1337,9,2026-09-24,Email
8517,1338,1,2026-08-22,Meeting
8518,1338,1,2026-07-01,Call
8519,1338,1,2026-07-12,Call
8520,1338,1,2026-08-03,Email
8521,1339,11,2024-12-07,Meeting
8522,1340,11,2024-04-06,Meeting
8523,1340,11,2024-03-29,Call
8524,1340,11,2024-03-27,Email
8525,1341,4,2026-02-09,Meeting
8526,1341,4,2026-02-22,Email
8527,1341,4,2025-12-30,Demo
8528,1341,4,2025-12-16,Demo
8529,1341,4,2026-01-12,Call
8530,1341,4,2026-01-08,Meeting
8531,1341,4,2026-01-27,Email
8532,1341,4,2025-12-31,Call
8533,1342,8,2026-07-27,Email
8534,1342,8,2026-08-01,Call
8535,1342,8,2026-08-13,Meeting
8536,1342,8,2026-07-21,Call
8537,1342,8,2026-08-27,Meeting
8538,1342,8,2026-08-14,Call
8539,1342,8,2026-08-15,Email
8540,1343,12,2026-08-27,Email
8541,1343,12,2026-08-18,Call
8542,1343,12,2026-08-26,Email
8543,1343,12,2026-09-05,Email
8544,1343,12,2026-08-31,Call
8545,1344,5,2024-11-05,Email
8546,1344,5,2024-10-17,Call
8547,1344,5,2024-11-05,Meeting
8548,1344,5,2024-10-25,Demo
8549,1344,5,2024-10-09,Meeting
8550,1344,5,2024-11-01,Email
8551,1344,5,2024-10-23,Meeting
8552,1344,5,2024-10-26,Email
8553,1344,5,2024-10-23,Demo
8554,1345,11,2024-10-09,Meeting
8555,1345,11,2024-10-03,Meeting
8556,1345,11,2024-10-10,Email
8557,1345,11,2024-10-03,Call
8558,1345,11,2024-09-27,Email
8559,1345,11,2024-09-27,Email
8560,1345,11,2024-10-03,Email
8561,1345,11,2024-10-12,Email
8562,1346,12,2025-02-04,Call
8563,1346,12,2025-01-23,Call
8564,1347,5,2026-09-23,Email
8565,1347,5,2026-08-02,Demo
8566,1347,5,2026-09-19,Email
8567,1347,5,2026-09-02,Email
8568,1348,9,2026-09-15,Call
8569,1348,9,2026-09-02,Email
8570,1348,9,2026-09-14,Call
8571,1349,11,2025-01-01,Email
8572,1349,11,2025-01-01,Email
8573,1349,11,2025-01-04,Call
8574,1350,14,2024-05-03,Call
8575,1350,14,2024-05-23,Email
8576,1350,14,2024-05-09,Call
8577,1351,11,2024-08-11,Email
8578,1351,11,2024-07-29,Call
8579,1351,11,2024-08-02,Demo
8580,1351,11,2024-08-04,Email
8581,1352,9,2026-01-14,Email
8582,1352,9,2026-01-20,Email
8583,1352,9,2025-12-24,Meeting
8584,1353,11,2026-03-07,Email
8585,1353,11,2026-02-27,Email
8586,1353,11,2026-02-26,Call
8587,1353,11,2026-02-16,Call
8588,1354,1,2024-06-08,Demo
8589,1354,1,2024-06-22,Email
8590,1354,1,2024-06-11,Call
8591,1354,1,2024-06-26,Call
8592,1354,1,2024-05-06,Meeting
8593,1354,1,2024-07-26,Call
8594,1354,1,2024-07-02,Demo
8595,1354,1,2024-07-11,Email
8596,1354,1,2024-06-12,Call
8597,1354,1,2024-07-10,Meeting
8598,1354,1,2024-05-18,Call
8599,1354,1,2024-07-13,Email
8600,1355,10,2025-11-05,Call
8601,1355,10,2025-11-11,Call
8602,1355,10,2025-11-12,Call
8603,1355,10,2025-11-22,Meeting
8604,1356,1,2025-07-11,Call
8605,1356,1,2025-06-27,Call
8606,1356,1,2025-04-17,Meeting
8607,1356,1,2025-06-09,Call
8608,1357,10,2024-12-30,Call
8609,1357,10,2025-01-05,Email
8610,1357,10,2024-12-28,Call
8611,1357,10,2024-12-29,Meeting
8612,1357,10,2025-01-01,Email
8613,1357,10,2025-01-02,Call
8614,1358,14,2024-11-06,Call
8615,1358,14,2024-11-02,Demo
8616,1358,14,2024-10-29,Call
8617,1358,14,2024-11-09,Email
8618,1358,14,2024-11-03,Email
8619,1358,14,2024-11-15,Call
8620,1359,11,2024-07-26,Email
8621,1359,11,2024-07-26,Email
8622,1359,11,2024-07-21,Call
8623,1360,9,2024-10-28,Call
8624,1360,9,2024-11-24,Email
8625,1360,9,2024-10-25,Call
8626,1361,12,2026-09-10,Email
8627,1361,12,2026-09-10,Meeting
8628,1361,12,2026-09-12,Email
8629,1362,10,2024-10-29,Email
8630,1362,10,2024-11-11,Call
8631,1362,10,2024-11-20,Email
8632,1362,10,2024-10-29,Call
8633,1362,10,2024-11-21,Call
8634,1362,10,2024-11-22,Call
8635,1363,5,2025-12-01,Email
8636,1363,5,2025-11-02,Email
8637,1363,5,2026-01-07,Call
8638,1363,5,2026-01-09,Call
8639,1364,10,2025-05-14,Email
8640,1364,10,2025-05-03,Call
8641,1364,10,2025-06-01,Email
8642,1364,10,2025-05-04,Meeting
8643,1364,10,2025-05-31,Demo
8644,1365,9,2026-04-27,Call
8645,1365,9,2026-04-08,Call
8646,1365,9,2026-03-31,Call
8647,1365,9,2026-04-05,Call
8648,1365,9,2026-04-17,Meeting
8649,1365,9,2026-04-21,Demo
8650,1365,9,2026-03-30,Demo
8651,1365,9,2026-03-26,Email
8652,1365,9,2026-04-21,Demo
8653,1365,9,2026-03-21,Demo
8654,1365,9,2026-03-18,Demo
8655,1365,9,2026-04-21,Call
8656,1366,10,2026-01-11,Email
8657,1366,10,2026-01-07,Call
8658,1366,10,2026-01-07,Call
8659,1366,10,2026-01-06,Call
8660,1367,10,2026-03-24,Email
8661,1367,10,2026-04-02,Call
8662,1367,10,2026-03-30,Call
8663,1367,10,2026-04-05,Call
8664,1367,10,2026-03-28,Email
8665,1368,13,2025-04-27,Call
8666,1368,13,2025-04-17,Email
8667,1368,13,2025-04-18,Meeting
8668,1368,13,2025-04-29,Call
8669,1368,13,2025-04-24,Demo
8670,1368,13,2025-04-28,Email
8671,1368,13,2025-04-26,Email
8672,1368,13,2025-05-02,Meeting
8673,1368,13,2025-04-19,Call
8674,1368,13,2025-04-27,Call
8675,1368,13,2025-04-30,Email
8676,1368,13,2025-04-22,Email
8677,1368,13,2025-05-02,Email
8678,1369,2,2026-04-29,Email
8679,1369,2,2026-03-09,Email
8680,1369,2,2026-05-22,Email
8681,1369,2,2026-02-17,Call
8682,1369,2,2026-03-10,Email
8683,1369,2,2026-06-16,Call
8684,1369,2,2026-02-13,Meeting
8685,1369,2,2026-09-18,Call
8686,1370,13,2026-09-08,Call
8687,1370,13,2026-08-31,Email
8688,1370,13,2026-08-20,Email
8689,1370,13,2026-09-05,Demo
8690,1370,13,2026-09-08,Meeting
8691,1370,13,2026-08-24,Email
8692,1370,13,2026-09-11,Meeting
8693,1370,13,2026-08-19,Email
8694,1371,8,2026-05-29,Call
8695,1371,8,2026-06-20,Email
8696,1371,8,2026-06-18,Call
8697,1371,8,2026-05-22,Email
8698,1371,8,2026-06-16,Email
8699,1371,8,2026-06-08,Call
8700,1371,8,2026-05-10,Email
8701,1372,10,2026-06-24,Demo
8702,1372,10,2026-05-26,Call
8703,1372,10,2026-06-01,Call
8704,1372,10,2026-06-10,Email
8705,1372,10,2026-05-25,Email
8706,1372,10,2026-06-17,Meeting
8707,1372,10,2026-06-20,Call
8708,1373,14,2026-09-22,Call
8709,1374,2,2026-03-14,Email
8710,1374,2,2026-02-17,Email
8711,1374,2,2026-02-26,Email
8712,1374,2,2026-03-14,Meeting
8713,1374,2,2026-03-25,Call
8714,1374,2,2026-03-24,Email
8715,1374,2,2026-03-06,Call
8716,1374,2,2026-03-20,Email
8717,1374,2,2026-03-12,Meeting
8718,1374,2,2026-03-27,Call
8719,1374,2,2026-03-13,Call
8720,1374,2,2026-01-19,Email
8721,1374,2,2026-03-18,Call
8722,1375,10,2025-02-18,Call
8723,1375,10,2025-02-05,Meeting
8724,1375,10,2025-01-20,Meeting
8725,1375,10,2025-01-20,Meeting
8726,1376,2,2024-11-06,Email
8727,1376,2,2024-09-08,Call
8728,1376,2,2024-10-10,Email
8729,1376,2,2024-10-29,Meeting
8730,1376,2,2024-09-26,Email
8731,1376,2,2024-12-03,Email
8732,1377,6,2025-05-20,Demo
8733,1377,6,2025-05-22,Call
8734,1377,6,2025-05-31,Meeting
8735,1377,6,2025-04-25,Email
8736,1377,6,2025-05-25,Email
8737,1377,6,2025-05-11,Email
8738,1377,6,2025-05-14,Meeting
8739,1378,4,2025-09-15,Email
8740,1378,4,2025-10-20,Meeting
8741,1378,4,2025-11-02,Meeting
8742,1378,4,2025-10-26,Email
8743,1379,11,2026-02-21,Call
8744,1379,11,2026-02-12,Email
8745,1379,11,2026-03-02,Email
8746,1379,11,2026-02-24,Email
8747,1379,11,2026-02-15,Call
8748,1380,1,2026-03-18,Email
8749,1380,1,2026-03-25,Call
8750,1380,1,2026-03-15,Meeting
8751,1380,1,2026-04-06,Meeting
8752,1380,1,2026-04-02,Email
8753,1380,1,2026-04-04,Demo
8754,1381,13,2026-04-23,Meeting
8755,1381,13,2026-04-22,Call
8756,1382,14,2025-05-16,Meeting
8757,1382,14,2025-05-29,Email
8758,1382,14,2025-05-10,Meeting
8759,1382,14,2025-05-14,Email
8760,1382,14,2025-05-15,Email
8761,1382,14,2025-05-08,Meeting
8762,1382,14,2025-05-04,Meeting
8763,1382,14,2025-05-28,Call
8764,1382,14,2025-05-16,Demo
8765,1382,14,2025-05-18,Call
8766,1382,14,2025-05-30,Demo
8767,1383,10,2024-03-04,Email
8768,1383,10,2024-03-15,Meeting
8769,1383,10,2024-03-03,Call
8770,1383,10,2024-03-11,Demo
8771,1383,10,2024-03-03,Call
8772,1383,10,2024-03-07,Email
8773,1384,14,2025-04-11,Call
8774,1384,14,2025-04-28,Email
8775,1384,14,2025-05-12,Call
8776,1385,1,2024-09-21,Email
8777,1385,1,2024-09-29,Demo
8778,1385,1,2024-08-05,Call
8779,1385,1,2024-07-26,Email
8780,1385,1,2024-07-28,Meeting
8781,1385,1,2024-09-02,Meeting
8782,1386,4,2026-08-01,Call
8783,1386,4,2026-08-28,Demo
8784,1386,4,2026-09-07,Email
8785,1386,4,2026-08-11,Call
8786,1386,4,2026-08-04,Email
8787,1386,4,2026-08-23,Call
8788,1386,4,2026-08-03,Call
8789,1386,4,2026-09-14,Call
8790,1386,4,2026-07-07,Demo
8791,1386,4,2026-09-10,Meeting
8792,1386,4,2026-07-19,Meeting
8793,1386,4,2026-07-16,Meeting
8794,1386,4,2026-08-27,Call
8795,1386,4,2026-09-05,Call
8796,1387,14,2025-10-05,Email
8797,1387,14,2025-09-19,Email
8798,1387,14,2025-10-01,Call
8799,1387,14,2025-10-03,Call
8800,1387,14,2025-10-03,Email
8801,1387,14,2025-10-01,Call
8802,1387,14,2025-09-20,Meeting
8803,1387,14,2025-09-24,Call
8804,1388,11,2024-04-20,Call
8805,1388,11,2024-04-16,Meeting
8806,1388,11,2024-04-23,Meeting
8807,1388,11,2024-04-28,Meeting
8808,1388,11,2024-05-03,Meeting
8809,1388,11,2024-05-03,Meeting
8810,1388,11,2024-04-20,Meeting
8811,1388,11,2024-04-16,Email
8812,1389,10,2026-08-02,Call
8813,1389,10,2026-07-16,Call
8814,1389,10,2026-06-30,Email
8815,1389,10,2026-06-30,Call
8816,1390,10,2026-09-14,Email
8817,1390,10,2026-09-04,Email
8818,1390,10,2026-09-03,Meeting
8819,1390,10,2026-09-08,Email
8820,1390,10,2026-09-27,Email
8821,1390,10,2026-09-29,Email
8822,1390,10,2026-09-13,Call
8823,1391,3,2025-06-11,Meeting
8824,1391,3,2025-01-26,Meeting
8825,1391,3,2025-06-07,Email
8826,1391,3,2025-06-07,Demo
8827,1391,3,2025-05-23,Email
8828,1391,3,2025-05-04,Email
8829,1391,3,2025-06-01,Call
8830,1391,3,2025-03-09,Call
8831,1391,3,2025-04-30,Call
8832,1391,3,2025-04-02,Email
8833,1391,3,2025-03-06,Email
8834,1391,3,2025-04-13,Email
8835,1391,3,2025-03-10,Call
8836,1391,3,2025-04-10,Demo
8837,1391,3,2025-04-06,Call
8838,1391,3,2025-03-18,Call
8839,1391,3,2025-01-29,Email
8840,1391,3,2025-02-07,Call
8841,1392,12,2025-12-01,Call
8842,1392,12,2025-12-03,Demo
8843,1392,12,2025-12-03,Meeting
8844,1392,12,2025-12-04,Meeting
8845,1392,12,2025-12-13,Call
8846,1393,10,2026-04-02,Email
8847,1393,10,2026-04-02,Email
8848,1393,10,2026-04-06,Call
8849,1393,10,2026-04-06,Email
8850,1393,10,2026-04-03,Meeting
8851,1393,10,2026-04-07,Email
8852,1393,10,2026-03-25,Email
8853,1393,10,2026-03-25,Meeting
8854,1393,10,2026-03-25,Demo
8855,1394,5,2024-12-07,Call
8856,1394,5,2024-12-30,Email
8857,1394,5,2024-11-12,Meeting
8858,1394,5,2024-12-09,Email
8859,1394,5,2024-11-23,Email
8860,1394,5,2024-12-29,Email
8861,1395,8,2026-09-27,Email
8862,1395,8,2026-09-25,Call
8863,1395,8,2026-09-27,Email
8864,1396,12,2024-07-22,Meeting
8865,1396,12,2024-08-05,Email
8866,1396,12,2024-07-23,Demo
8867,1396,12,2024-08-03,Call
8868,1396,12,2024-08-06,Call
8869,1396,12,2024-07-19,Call
8870,1397,11,2026-09-25,Email
8871,1397,11,2026-09-10,Meeting
8872,1397,11,2026-09-13,Email
8873,1397,11,2026-09-06,Meeting
8874,1398,9,2026-05-05,Email
8875,1398,9,2026-05-11,Email
8876,1398,9,2026-05-02,Demo
8877,1398,9,2026-05-16,Email
8878,1398,9,2026-04-15,Email
8879,1398,9,2026-05-03,Call
8880,1398,9,2026-05-12,Call
8881,1398,9,2026-05-13,Call
8882,1399,12,2026-07-09,Call
8883,1399,12,2026-07-06,Email
8884,1399,12,2026-07-15,Call
8885,1399,12,2026-07-12,Call
8886,1400,14,2026-04-02,Call
8887,1400,14,2026-03-21,Meeting
8888,1400,14,2026-03-13,Call
8889,1401,10,2024-11-30,Email
8890,1401,10,2024-11-23,Meeting
8891,1401,10,2024-11-26,Email
8892,1401,10,2024-12-02,Email
8893,1402,2,2026-03-24,Meeting
8894,1402,2,2026-04-22,Meeting
8895,1402,2,2026-02-15,Call
8896,1402,2,2026-03-05,Call
8897,1403,8,2024-08-14,Call
8898,1403,8,2024-06-15,Call
8899,1403,8,2024-06-27,Demo
8900,1403,8,2024-07-12,Demo
8901,1404,11,2025-06-14,Email
8902,1404,11,2025-05-29,Email
8903,1404,11,2025-06-10,Meeting
8904,1404,11,2025-06-19,Email
8905,1404,11,2025-06-24,Demo
8906,1404,11,2025-06-12,Call
8907,1405,13,2025-04-16,Call
8908,1405,13,2025-04-15,Email
8909,1405,13,2025-04-24,Email
8910,1405,13,2025-04-08,Call
8911,1406,4,2025-07-04,Meeting
8912,1406,4,2025-08-13,Email
8913,1406,4,2025-09-26,Email
8914,1407,4,2025-04-22,Call
8915,1407,4,2025-03-20,Call
8916,1407,4,2025-04-02,Email
8917,1407,4,2025-04-21,Meeting
8918,1407,4,2025-03-25,Email
8919,1407,4,2025-04-03,Call
8920,1407,4,2025-04-08,Call
8921,1407,4,2025-04-13,Call
8922,1407,4,2025-03-25,Call
8923,1407,4,2025-04-11,Call
8924,1407,4,2025-04-15,Demo
8925,1408,8,2026-08-17,Demo
8926,1408,8,2026-08-14,Call
8927,1408,8,2026-08-14,Email
8928,1409,6,2026-02-25,Meeting
8929,1409,6,2026-01-26,Meeting
8930,1409,6,2026-02-01,Call
8931,1409,6,2026-01-17,Email
8932,1409,6,2026-02-08,Meeting
8933,1409,6,2026-02-01,Call
8934,1409,6,2026-01-12,Email
8935,1410,6,2025-04-15,Email
8936,1410,6,2025-03-29,Meeting
8937,1410,6,2025-03-03,Meeting
8938,1410,6,2025-04-08,Email
8939,1410,6,2025-03-16,Call
8940,1410,6,2025-04-12,Email
8941,1410,6,2025-03-18,Call
8942,1410,6,2025-04-05,Call
8943,1411,13,2025-02-02,Call
8944,1411,13,2025-01-21,Email
8945,1411,13,2025-01-28,Call
8946,1411,13,2025-01-19,Demo
8947,1412,13,2026-04-26,Call
8948,1412,13,2026-04-28,Email
8949,1412,13,2026-05-17,Demo
8950,1413,5,2026-01-21,Email
8951,1413,5,2026-02-25,Meeting
8952,1414,13,2026-08-21,Call
8953,1414,13,2026-08-03,Email
8954,1414,13,2026-08-02,Call
8955,1414,13,2026-08-05,Call
8956,1414,13,2026-08-22,Demo
8957,1414,13,2026-08-01,Call
8958,1415,14,2026-04-08,Meeting
8959,1415,14,2026-03-10,Email
8960,1415,14,2026-03-31,Email
8961,1415,14,2026-03-16,Call
8962,1415,14,2026-04-06,Call
8963,1416,12,2026-04-16,Email
8964,1416,12,2026-04-16,Email
8965,1416,12,2026-04-24,Email
8966,1416,12,2026-04-30,Call
8967,1416,12,2026-04-14,Meeting
8968,1416,12,2026-04-22,Call
8969,1416,12,2026-04-20,Call
8970,1416,12,2026-04-24,Meeting
8971,1417,7,2026-06-12,Call
8972,1417,7,2026-05-24,Call
8973,1417,7,2026-05-31,Email
8974,1417,7,2026-05-13,Meeting
8975,1417,7,2026-05-16,Email
8976,1417,7,2026-05-15,Email
8977,1417,7,2026-05-19,Call
8978,1418,10,2024-09-22,Meeting
8979,1418,10,2024-09-10,Email
8980,1418,10,2024-09-19,Call
8981,1418,10,2024-08-19,Call
8982,1418,10,2024-09-15,Call
8983,1419,7,2026-04-09,Email
8984,1419,7,2026-04-23,Meeting
8985,1419,7,2026-03-29,Meeting
8986,1419,7,2026-03-25,Call
8987,1419,7,2026-03-22,Email
8988,1419,7,2026-03-30,Email
8989,1419,7,2026-03-13,Call
8990,1419,7,2026-04-23,Meeting
8991,1419,7,2026-04-23,Call
8992,1419,7,2026-04-09,Call
8993,1419,7,2026-03-27,Email
8994,1419,7,2026-04-02,Call
8995,1420,3,2026-07-23,Call
8996,1420,3,2026-06-11,Email
8997,1420,3,2026-05-16,Email
8998,1421,11,2024-10-20,Demo
8999,1421,11,2024-10-02,Email
9000,1421,11,2024-10-16,Email
9001,1421,11,2024-09-28,Email
9002,1421,11,2024-10-16,Meeting
9003,1421,11,2024-10-02,Demo
9004,1422,14,2024-12-09,Email
9005,1422,14,2024-12-13,Meeting
9006,1422,14,2024-12-10,Call
9007,1422,14,2024-12-12,Call
9008,1423,13,2025-12-07,Email
9009,1423,13,2025-12-25,Demo
9010,1423,13,2025-12-30,Call
9011,1423,13,2025-12-30,Email
9012,1423,13,2025-12-19,Email
9013,1423,13,2026-01-22,Call
9014,1424,5,2024-02-07,Meeting
9015,1424,5,2024-01-24,Meeting
9016,1424,5,2024-02-20,Email
9017,1424,5,2024-01-22,Meeting
9018,1424,5,2024-02-10,Email
9019,1424,5,2024-02-09,Call
9020,1425,10,2026-07-11,Call
9021,1425,10,2026-07-21,Call
9022,1425,10,2026-07-13,Meeting
9023,1426,14,2024-05-30,Email
9024,1426,14,2024-05-28,Call
9025,1426,14,2024-05-28,Call
9026,1426,14,2024-06-03,Email
9027,1426,14,2024-06-06,Call
9028,1426,14,2024-06-06,Email
9029,1427,6,2026-02-09,Meeting
9030,1427,6,2026-02-15,Meeting
9031,1427,6,2026-03-27,Meeting
9032,1427,6,2026-03-17,Email
9033,1427,6,2026-02-14,Call
9034,1427,6,2026-03-08,Meeting
9035,1427,6,2026-03-14,Email
9036,1427,6,2026-02-23,Call
9037,1427,6,2026-02-12,Call
9038,1428,6,2026-09-25,Call
9039,1428,6,2026-09-04,Email
9040,1429,11,2025-04-14,Email
9041,1429,11,2025-04-24,Meeting
9042,1429,11,2025-04-28,Call
9043,1429,11,2025-04-30,Call
9044,1429,11,2025-04-19,Call
9045,1429,11,2025-04-26,Email
9046,1429,11,2025-04-24,Email
9047,1429,11,2025-04-21,Email
9048,1429,11,2025-04-25,Email
9049,1429,11,2025-04-23,Call
9050,1429,11,2025-04-17,Call
9051,1429,11,2025-04-21,Meeting
9052,1429,11,2025-04-15,Meeting
9053,1430,5,2026-04-23,Call
9054,1430,5,2026-05-08,Email
9055,1430,5,2026-04-29,Call
9056,1430,5,2026-06-02,Demo
9057,1431,7,2025-02-06,Meeting
9058,1431,7,2025-02-19,Email
9059,1431,7,2025-01-04,Meeting
9060,1432,6,2025-09-11,Call
9061,1432,6,2025-10-07,Demo
9062,1432,6,2025-10-26,Call
9063,1432,6,2025-10-03,Call
9064,1432,6,2025-10-03,Email
9065,1433,12,2024-08-27,Call
9066,1434,5,2026-09-02,Email
9067,1434,5,2026-08-21,Call
9068,1434,5,2026-09-02,Call
9069,1434,5,2026-09-24,Email
9070,1434,5,2026-08-08,Email
9071,1434,5,2026-09-04,Meeting
9072,1435,14,2025-02-21,Email
9073,1435,14,2025-02-19,Call
9074,1435,14,2025-02-18,Email
9075,1435,14,2025-02-18,Email
9076,1435,14,2025-02-13,Call
9077,1435,14,2025-02-23,Email
9078,1435,14,2025-02-14,Meeting
9079,1435,14,2025-02-18,Email
9080,1435,14,2025-02-21,Call
9081,1436,13,2026-08-09,Call
9082,1437,8,2026-09-07,Email
9083,1437,8,2026-09-07,Meeting
9084,1437,8,2026-09-02,Call
9085,1437,8,2026-09-29,Email
9086,1437,8,2026-08-26,Email
9087,1437,8,2026-09-13,Email
9088,1437,8,2026-09-19,Call
9089,1438,9,2026-07-16,Call
9090,1438,9,2026-08-24,Meeting
9091,1438,9,2026-08-09,Meeting
9092,1438,9,2026-08-14,Meeting
9093,1438,9,2026-07-18,Email
9094,1439,13,2025-05-13,Call
9095,1439,13,2025-05-08,Call
9096,1439,13,2025-05-11,Meeting
9097,1439,13,2025-04-30,Email
9098,1439,13,2025-04-26,Call
9099,1439,13,2025-04-29,Call
9100,1439,13,2025-05-05,Call
9101,1439,13,2025-05-04,Call
9102,1439,13,2025-05-11,Meeting
9103,1440,11,2026-08-22,Meeting
9104,1440,11,2026-08-18,Call
9105,1440,11,2026-08-16,Meeting
9106,1440,11,2026-09-03,Call
9107,1441,5,2025-10-15,Email
9108,1441,5,2025-09-27,Email
9109,1441,5,2025-09-20,Email
9110,1441,5,2025-10-03,Call
9111,1442,10,2026-09-26,Email
9112,1442,10,2026-09-18,Meeting
9113,1442,10,2026-09-17,Email
9114,1443,6,2026-03-26,Email
9115,1443,6,2026-03-05,Demo
9116,1443,6,2026-03-12,Call
9117,1443,6,2026-03-22,Call
9118,1443,6,2026-03-05,Call
9119,1443,6,2026-03-27,Demo
9120,1443,6,2026-03-03,Email
9121,1444,13,2025-09-04,Email
9122,1444,13,2025-08-28,Email
9123,1444,13,2025-08-26,Meeting
9124,1444,13,2025-08-31,Email
9125,1445,13,2024-05-06,Demo
9126,1445,13,2024-05-19,Meeting
9127,1445,13,2024-05-11,Email
9128,1446,14,2025-04-07,Email
9129,1446,14,2025-03-27,Email
9130,1446,14,2025-03-29,Email
9131,1446,14,2025-04-03,Email
9132,1446,14,2025-04-07,Meeting
9133,1446,14,2025-04-03,Email
9134,1446,14,2025-03-27,Email
9135,1446,14,2025-04-02,Email
9136,1446,14,2025-04-05,Call
9137,1447,13,2025-01-14,Meeting
9138,1447,13,2025-01-05,Email
9139,1447,13,2025-02-01,Meeting
9140,1447,13,2025-01-01,Demo
9141,1447,13,2025-01-26,Email
9142,1447,13,2025-01-05,Email
9143,1448,13,2024-05-27,Call
9144,1448,13,2024-05-18,Demo
9145,1448,13,2024-05-07,Email
9146,1448,13,2024-05-07,Email
9147,1449,3,2025-05-27,Call
9148,1449,3,2025-06-11,Meeting
9149,1449,3,2025-05-13,Demo
9150,1449,3,2025-04-09,Call
9151,1449,3,2025-06-17,Email
9152,1449,3,2025-05-15,Call
9153,1450,12,2025-09-22,Email
9154,1450,12,2025-09-15,Meeting
9155,1450,12,2025-09-05,Email
9156,1450,12,2025-08-29,Email
9157,1450,12,2025-09-17,Email
9158,1450,12,2025-09-11,Call
9159,1450,12,2025-08-31,Call
9160,1450,12,2025-09-04,Email
9161,1451,4,2025-11-01,Email
9162,1451,4,2025-09-26,Meeting
9163,1451,4,2025-10-10,Email
9164,1451,4,2025-10-15,Meeting
9165,1451,4,2025-10-22,Call
9166,1451,4,2025-10-19,Call
9167,1452,8,2025-04-24,Meeting
9168,1452,8,2025-04-23,Email
9169,1452,8,2025-04-18,Email
9170,1452,8,2025-04-18,Meeting
9171,1452,8,2025-05-05,Call
9172,1452,8,2025-05-07,Demo
9173,1452,8,2025-04-24,Email
9174,1452,8,2025-05-02,Email
9175,1453,10,2025-01-01,Call
9176,1453,10,2025-01-03,Email
9177,1453,10,2024-12-17,Call
9178,1453,10,2025-01-05,Call
9179,1453,10,2024-12-14,Email
9180,1453,10,2025-01-09,Email
9181,1453,10,2024-12-14,Demo
9182,1454,9,2025-01-30,Call
9183,1454,9,2025-03-05,Meeting
9184,1454,9,2025-03-06,Email
9185,1455,7,2026-07-30,Call
9186,1456,10,2025-03-03,Email
9187,1456,10,2025-02-25,Email
9188,1456,10,2025-02-14,Call
9189,1456,10,2025-02-28,Email
9190,1456,10,2025-03-06,Email
9191,1456,10,2025-03-05,Meeting
9192,1457,7,2026-05-05,Call
9193,1457,7,2026-05-06,Meeting
9194,1457,7,2026-04-30,Demo
9195,1457,7,2026-06-01,Call
9196,1458,12,2025-08-02,Email
9197,1458,12,2025-08-05,Email
9198,1458,12,2025-08-01,Email
9199,1458,12,2025-07-30,Call
9200,1458,12,2025-08-01,Email
9201,1458,12,2025-07-30,Call
9202,1458,12,2025-08-03,Meeting
9203,1459,6,2025-06-22,Call
9204,1459,6,2025-05-24,Call
9205,1459,6,2025-05-23,Call
9206,1459,6,2025-06-21,Email
9207,1459,6,2025-06-28,Meeting
9208,1459,6,2025-06-15,Call
9209,1460,6,2024-06-11,Call
9210,1460,6,2024-08-06,Email
9211,1460,6,2024-07-30,Email
9212,1460,6,2024-07-23,Demo
9213,1460,6,2024-06-22,Email
9214,1461,10,2024-07-14,Email
9215,1461,10,2024-07-13,Email
9216,1462,6,2024-10-26,Meeting
9217,1462,6,2024-11-24,Email
9218,1462,6,2024-11-06,Email
9219,1462,6,2024-10-29,Call
9220,1462,6,2024-10-25,Email
9221,1463,8,2026-06-01,Meeting
9222,1463,8,2026-05-10,Email
9223,1463,8,2026-06-03,Email
9224,1463,8,2026-06-05,Email
9225,1463,8,2026-07-02,Call
9226,1463,8,2026-06-25,Call
9227,1464,9,2026-02-14,Call
9228,1465,6,2026-01-12,Meeting
9229,1465,6,2026-02-15,Meeting
9230,1465,6,2026-02-10,Call
9231,1465,6,2026-03-05,Email
9232,1465,6,2026-02-04,Email
9233,1465,6,2026-01-26,Call
9234,1465,6,2026-03-17,Meeting
9235,1465,6,2026-02-23,Meeting
9236,1465,6,2026-02-12,Meeting
9237,1465,6,2026-03-20,Email
9238,1465,6,2026-03-07,Meeting
9239,1465,6,2026-02-28,Meeting
9240,1465,6,2026-03-14,Demo
9241,1465,6,2026-01-11,Email
9242,1465,6,2026-03-09,Call
9243,1465,6,2026-03-14,Demo
9244,1465,6,2026-02-17,Email
9245,1465,6,2026-01-09,Call
9246,1466,11,2024-04-26,Email
9247,1466,11,2024-04-13,Demo
9248,1466,11,2024-04-12,Email
9249,1467,7,2025-08-05,Email
9250,1467,7,2025-07-21,Call
9251,1467,7,2025-07-31,Call
9252,1467,7,2025-07-24,Call
9253,1467,7,2025-08-30,Demo
9254,1467,7,2025-08-08,Call
9255,1467,7,2025-08-08,Call
9256,1467,7,2025-07-31,Email
9257,1468,7,2025-10-09,Demo
9258,1468,7,2025-09-15,Email
9259,1468,7,2025-10-16,Call
9260,1468,7,2025-09-25,Email
9261,1468,7,2025-09-07,Email
9262,1468,7,2025-09-05,Email
9263,1468,7,2025-10-12,Email
9264,1468,7,2025-08-26,Call
9265,1468,7,2025-09-30,Meeting
9266,1468,7,2025-09-18,Call
9267,1468,7,2025-10-07,Email
9268,1468,7,2025-10-17,Email
9269,1468,7,2025-08-31,Email
9270,1468,7,2025-10-13,Email
9271,1469,11,2026-01-26,Email
9272,1469,11,2026-01-12,Call
9273,1469,11,2026-01-06,Email
9274,1469,11,2026-01-05,Call
9275,1469,11,2026-01-22,Call
9276,1470,6,2026-04-10,Call
9277,1470,6,2026-06-05,Email
9278,1470,6,2026-05-10,Meeting
9279,1471,3,2026-02-24,Call
9280,1472,7,2024-05-09,Email
9281,1472,7,2024-04-07,Email
9282,1472,7,2024-04-22,Meeting
9283,1473,7,2025-05-08,Call
9284,1473,7,2025-05-06,Email
9285,1473,7,2025-04-22,Email
9286,1473,7,2025-04-21,Call
9287,1473,7,2025-04-25,Demo
9288,1473,7,2025-04-29,Call
9289,1473,7,2025-04-27,Call
9290,1473,7,2025-04-14,Call
9291,1473,7,2025-05-05,Meeting
9292,1474,5,2025-04-23,Email
9293,1474,5,2025-04-27,Call
9294,1474,5,2025-03-18,Meeting
9295,1474,5,2025-05-06,Call
9296,1474,5,2025-04-19,Call
9297,1474,5,2025-03-26,Email
9298,1475,2,2026-07-08,Email
9299,1475,2,2026-09-13,Demo
9300,1475,2,2026-06-12,Meeting
9301,1476,10,2025-10-16,Call
9302,1476,10,2025-10-06,Call
9303,1476,10,2025-10-07,Call
9304,1476,10,2025-10-22,Demo
9305,1476,10,2025-10-30,Demo
9306,1476,10,2025-10-08,Meeting
9307,1476,10,2025-10-23,Demo
9308,1476,10,2025-10-20,Email
9309,1476,10,2025-10-23,Meeting
9310,1476,10,2025-10-30,Email
9311,1476,10,2025-10-23,Call
9312,1476,10,2025-10-24,Meeting
9313,1476,10,2025-10-28,Meeting
9314,1476,10,2025-10-22,Demo
9315,1476,10,2025-10-22,Demo
9316,1476,10,2025-10-06,Email
9317,1477,3,2025-10-05,Call
9318,1477,3,2025-09-11,Meeting
9319,1477,3,2025-08-23,Call
9320,1477,3,2025-09-29,Call
9321,1477,3,2025-10-09,Call
9322,1478,10,2025-01-15,Call
9323,1478,10,2025-02-01,Email
9324,1478,10,2025-01-30,Email
9325,1478,10,2025-01-28,Email
9326,1478,10,2025-01-23,Meeting
9327,1478,10,2025-01-14,Meeting
9328,1478,10,2025-02-02,Call
9329,1478,10,2025-01-24,Meeting
9330,1478,10,2025-01-24,Demo
9331,1478,10,2025-02-01,Call
9332,1478,10,2025-01-27,Email
9333,1478,10,2025-01-31,Call
9334,1479,8,2026-02-01,Email
9335,1479,8,2026-03-24,Demo
9336,1479,8,2026-03-28,Email
9337,1479,8,2026-03-20,Meeting
9338,1479,8,2026-03-27,Call
9339,1479,8,2026-03-20,Email
9340,1480,12,2025-10-20,Email
9341,1480,12,2025-11-02,Email
9342,1480,12,2025-10-29,Email
9343,1480,12,2025-10-27,Call
9344,1480,12,2025-10-31,Call
9345,1480,12,2025-10-17,Demo
9346,1480,12,2025-10-26,Email
9347,1480,12,2025-11-05,Call
9348,1480,12,2025-11-06,Call
9349,1480,12,2025-10-22,Email
9350,1480,12,2025-11-05,Email
9351,1480,12,2025-10-25,Meeting
9352,1480,12,2025-11-01,Email
9353,1480,12,2025-11-05,Call
9354,1480,12,2025-10-30,Call
9355,1480,12,2025-10-20,Meeting
9356,1480,12,2025-10-21,Call
9357,1481,6,2025-01-27,Call
9358,1481,6,2025-01-31,Email
9359,1481,6,2025-03-31,Email
9360,1481,6,2025-03-27,Call
9361,1481,6,2025-02-02,Email
9362,1481,6,2025-02-18,Meeting
9363,1481,6,2025-02-12,Email
9364,1482,10,2025-10-07,Email
9365,1482,10,2025-10-20,Call
9366,1482,10,2025-10-23,Email
9367,1482,10,2025-10-15,Email
9368,1482,10,2025-10-07,Email
9369,1483,3,2026-08-22,Email
9370,1483,3,2026-08-28,Demo
9371,1483,3,2026-09-12,Meeting
9372,1483,3,2026-09-27,Call
9373,1483,3,2026-09-03,Call
9374,1483,3,2026-08-24,Call
9375,1484,11,2025-06-02,Demo
9376,1484,11,2025-06-03,Call
9377,1484,11,2025-05-21,Call
9378,1484,11,2025-06-08,Email
9379,1484,11,2025-05-15,Call
9380,1485,14,2025-08-07,Call
9381,1485,14,2025-08-13,Email
9382,1485,14,2025-08-04,Meeting
9383,1485,14,2025-07-31,Email
9384,1486,11,2024-12-07,Call
9385,1486,11,2024-12-05,Call
9386,1486,11,2024-12-14,Meeting
9387,1486,11,2024-12-13,Meeting
9388,1486,11,2024-12-16,Email
9389,1486,11,2024-12-07,Meeting
9390,1486,11,2024-12-04,Demo
9391,1486,11,2024-12-18,Email
9392,1486,11,2024-12-04,Demo
9393,1486,11,2024-12-09,Call
9394,1486,11,2024-12-11,Email
9395,1486,11,2024-12-12,Demo
9396,1486,11,2024-12-03,Call
9397,1486,11,2024-12-03,Email
9398,1487,12,2024-10-26,Email
9399,1487,12,2024-11-09,Meeting
9400,1487,12,2024-10-17,Call
9401,1487,12,2024-10-20,Email
9402,1487,12,2024-10-17,Demo
9403,1487,12,2024-10-18,Email
9404,1487,12,2024-11-05,Call
9405,1488,10,2026-09-14,Email
9406,1488,10,2026-09-26,Call
9407,1489,1,2025-01-03,Call
9408,1489,1,2024-12-18,Email
9409,1489,1,2025-01-23,Demo
9410,1489,1,2024-11-19,Call
9411,1489,1,2025-01-30,Call
9412,1490,11,2024-09-17,Demo
9413,1490,11,2024-08-26,Meeting
9414,1490,11,2024-09-04,Email
9415,1490,11,2024-08-04,Meeting
9416,1491,6,2026-08-14,Email
9417,1491,6,2026-08-04,Call
9418,1491,6,2026-08-01,Email
9419,1491,6,2026-08-29,Call
9420,1491,6,2026-08-12,Call
9421,1491,6,2026-09-02,Demo
9422,1491,6,2026-08-06,Email
9423,1491,6,2026-09-04,Email
9424,1491,6,2026-08-22,Demo
9425,1491,6,2026-08-28,Call
9426,1492,10,2024-07-18,Email
9427,1492,10,2024-07-22,Email
9428,1492,10,2024-07-28,Email
9429,1492,10,2024-07-16,Email
9430,1492,10,2024-07-20,Call
9431,1492,10,2024-07-24,Email
9432,1492,10,2024-07-30,Email
9433,1493,14,2026-07-11,Email
9434,1493,14,2026-07-12,Call
9435,1494,8,2024-09-05,Meeting
9436,1494,8,2024-10-01,Email
9437,1494,8,2024-09-16,Email
9438,1494,8,2024-09-13,Meeting
9439,1494,8,2024-09-09,Call
9440,1494,8,2024-08-19,Meeting
9441,1495,13,2026-06-17,Email
9442,1495,13,2026-06-13,Meeting
9443,1495,13,2026-06-12,Email
9444,1496,13,2024-03-11,Call
9445,1496,13,2024-02-27,Call
9446,1496,13,2024-02-24,Email
9447,1496,13,2024-02-24,Email
9448,1496,13,2024-02-29,Call
9449,1496,13,2024-02-22,Email
9450,1496,13,2024-02-27,Call
9451,1496,13,2024-02-25,Email
9452,1496,13,2024-02-27,Email
9453,1496,13,2024-02-28,Email
9454,1497,1,2025-08-16,Email
9455,1497,1,2025-08-15,Demo
9456,1497,1,2025-08-19,Meeting
9457,1497,1,2025-08-07,Call
9458,1497,1,2025-09-06,Call
9459,1498,4,2024-10-19,Call
9460,1498,4,2024-10-20,Meeting
9461,1498,4,2024-10-03,Meeting
9462,1498,4,2024-10-18,Call
9463,1498,4,2024-10-08,Call
9464,1499,14,2025-04-23,Email
9465,1499,14,2025-04-18,Demo
9466,1499,14,2025-04-14,Call
9467,1499,14,2025-04-09,Demo
9468,1500,2,2026-03-25,Email
9469,1500,2,2026-08-03,Email
9470,1500,2,2026-04-22,Call
9471,1500,2,2026-05-07,Email
9472,1500,2,2026-05-19,Demo
9473,1500,2,2026-05-04,Call
9474,1500,2,2026-05-14,Call
9475,1500,2,2026-04-05,Call
9476,1500,2,2026-04-29,Meeting
9477,1500,2,2026-04-19,Email
9478,1500,2,2026-04-23,Call
9479,1500,2,2026-07-29,Email
9480,1500,2,2026-07-16,Call
9481,1500,2,2026-04-29,Email
9482,1501,3,2025-12-28,Email
9483,1501,3,2025-12-25,Meeting
9484,1501,3,2025-12-06,Meeting
9485,1502,11,2024-12-29,Email
9486,1502,11,2024-12-29,Call
9487,1502,11,2024-12-13,Call
9488,1502,11,2024-12-21,Meeting
9489,1502,11,2024-12-17,Call
9490,1502,11,2024-12-17,Meeting
9491,1502,11,2024-12-30,Email
9492,1503,11,2025-01-05,Email
9493,1503,11,2025-01-16,Email
9494,1503,11,2025-01-12,Email
9495,1503,11,2025-01-07,Email
9496,1504,3,2024-08-31,Email
9497,1504,3,2024-10-15,Meeting
9498,1504,3,2024-08-28,Email
9499,1504,3,2024-11-12,Email
9500,1504,3,2024-11-23,Call
9501,1505,13,2026-07-07,Call
9502,1505,13,2026-06-26,Demo
9503,1505,13,2026-06-23,Email
9504,1505,13,2026-07-12,Call
9505,1505,13,2026-07-10,Meeting
9506,1505,13,2026-06-15,Call
9507,1505,13,2026-07-02,Demo
9508,1505,13,2026-07-13,Call
9509,1506,3,2026-08-12,Email
9510,1506,3,2026-09-22,Email
9511,1506,3,2026-09-07,Meeting
9512,1506,3,2026-09-28,Email
9513,1506,3,2026-08-04,Meeting
9514,1507,9,2024-10-30,Email
9515,1507,9,2024-11-17,Demo
9516,1507,9,2024-11-28,Email
9517,1507,9,2024-10-09,Call
9518,1507,9,2024-10-29,Email
9519,1507,9,2024-10-18,Call
9520,1507,9,2024-10-10,Email
9521,1507,9,2024-11-21,Meeting
9522,1507,9,2024-10-04,Email
9523,1507,9,2024-11-15,Call
9524,1508,6,2024-09-01,Email
9525,1508,6,2024-08-18,Call
9526,1508,6,2024-08-19,Call
9527,1508,6,2024-08-30,Call
9528,1508,6,2024-08-30,Email
9529,1508,6,2024-09-03,Meeting
9530,1508,6,2024-09-07,Call
9531,1508,6,2024-09-01,Call
9532,1508,6,2024-08-30,Call
9533,1509,12,2025-11-09,Email
9534,1509,12,2025-11-16,Email
9535,1509,12,2025-11-12,Email
9536,1509,12,2025-11-11,Email
9537,1509,12,2025-11-14,Call
9538,1509,12,2025-11-14,Call
9539,1509,12,2025-11-15,Meeting
9540,1510,8,2026-09-21,Meeting
9541,1510,8,2026-09-26,Call
9542,1510,8,2026-09-18,Email
9543,1510,8,2026-09-23,Meeting
9544,1511,7,2024-07-25,Email
9545,1511,7,2024-08-18,Call
9546,1512,12,2024-12-21,Call
9547,1512,12,2024-12-26,Call
9548,1512,12,2024-12-15,Call
9549,1512,12,2024-12-25,Meeting
9550,1512,12,2024-12-06,Email
9551,1512,12,2024-12-05,Meeting
9552,1512,12,2024-12-20,Call
9553,1512,12,2024-12-13,Call
9554,1512,12,2024-12-28,Call
9555,1512,12,2024-12-27,Email
9556,1512,12,2024-12-25,Email
9557,1513,3,2026-05-18,Email
9558,1513,3,2026-05-30,Call
9559,1514,6,2026-04-11,Call
9560,1514,6,2026-05-12,Demo
9561,1514,6,2026-04-22,Email
9562,1514,6,2026-05-10,Email
9563,1514,6,2026-04-15,Call
9564,1514,6,2026-04-22,Meeting
9565,1515,12,2024-08-28,Email
9566,1515,12,2024-09-21,Email
9567,1515,12,2024-08-29,Meeting
9568,1516,13,2026-04-13,Call
9569,1516,13,2026-04-17,Email
9570,1516,13,2026-03-08,Meeting
9571,1516,13,2026-04-18,Meeting
9572,1516,13,2026-03-29,Demo
9573,1516,13,2026-04-12,Email
9574,1517,4,2026-04-23,Email
9575,1517,4,2026-06-01,Demo
9576,1517,4,2026-04-24,Call
9577,1517,4,2026-06-02,Email
9578,1517,4,2026-04-23,Email
9579,1517,4,2026-05-31,Email
9580,1517,4,2026-04-28,Email
9581,1517,4,2026-05-27,Email
9582,1517,4,2026-05-08,Email
9583,1517,4,2026-05-28,Email
9584,1517,4,2026-05-25,Meeting
9585,1518,14,2025-10-16,Email
9586,1518,14,2025-10-06,Email
9587,1518,14,2025-09-27,Call
9588,1518,14,2025-10-06,Email
9589,1518,14,2025-10-10,Call
9590,1518,14,2025-10-06,Email
9591,1518,14,2025-10-08,Email
9592,1519,14,2024-06-12,Call
9593,1519,14,2024-06-21,Call
9594,1519,14,2024-06-29,Call
9595,1519,14,2024-06-16,Call
9596,1519,14,2024-06-20,Meeting
9597,1519,14,2024-06-13,Email
9598,1519,14,2024-06-21,Call
9599,1519,14,2024-06-20,Call
9600,1519,14,2024-06-25,Email
9601,1519,14,2024-06-25,Email
9602,1520,6,2024-05-28,Email
9603,1520,6,2024-06-02,Call
9604,1520,6,2024-06-08,Call
9605,1520,6,2024-06-10,Call
9606,1520,6,2024-06-03,Email
9607,1520,6,2024-05-29,Call
9608,1521,9,2024-10-29,Call
9609,1521,9,2024-10-09,Email
9610,1521,9,2024-10-21,Email
9611,1521,9,2024-11-29,Email
9612,1521,9,2024-10-09,Call
9613,1521,9,2024-11-29,Call
9614,1521,9,2024-10-09,Email
9615,1521,9,2024-10-10,Email
9616,1521,9,2024-10-18,Call
9617,1521,9,2024-11-07,Email
9618,1521,9,2024-11-19,Call
9619,1521,9,2024-10-16,Call
9620,1521,9,2024-10-15,Email
9621,1521,9,2024-10-18,Meeting
9622,1521,9,2024-10-30,Call
9623,1521,9,2024-10-30,Demo
9624,1522,13,2025-10-13,Call
9625,1522,13,2025-10-21,Meeting
9626,1522,13,2025-10-23,Call
9627,1522,13,2025-10-21,Call
9628,1522,13,2025-10-19,Meeting
9629,1523,12,2026-08-05,Demo
9630,1523,12,2026-08-16,Meeting
9631,1523,12,2026-08-19,Call
9632,1523,12,2026-08-14,Email
9633,1524,8,2026-03-23,Email
9634,1524,8,2026-04-03,Call
9635,1524,8,2026-04-04,Meeting
9636,1524,8,2026-03-27,Email
9637,1524,8,2026-04-06,Email
9638,1524,8,2026-04-17,Call
9639,1524,8,2026-04-21,Email
9640,1524,8,2026-04-09,Call
9641,1524,8,2026-03-29,Demo
9642,1524,8,2026-03-24,Call
9643,1524,8,2026-04-25,Email
9644,1525,3,2026-07-29,Email
9645,1525,3,2026-06-29,Email
9646,1525,3,2026-07-19,Email
9647,1525,3,2026-06-09,Call
9648,1525,3,2026-08-15,Email
9649,1525,3,2026-08-14,Email
9650,1525,3,2026-07-26,Call
9651,1526,11,2024-02-26,Demo
9652,1526,11,2024-03-21,Demo
9653,1526,11,2024-03-20,Email
9654,1526,11,2024-02-29,Call
9655,1526,11,2024-03-10,Call
9656,1528,5,2025-08-04,Email
9657,1528,5,2025-07-28,Email
9658,1528,5,2025-08-27,Meeting
9659,1528,5,2025-08-31,Call
9660,1529,13,2025-05-15,Email
9661,1529,13,2025-05-13,Call
9662,1529,13,2025-05-12,Call
9663,1529,13,2025-05-21,Email
9664,1529,13,2025-05-02,Email
9665,1529,13,2025-05-02,Call
9666,1530,13,2025-09-03,Call
9667,1530,13,2025-09-18,Call
9668,1531,7,2025-01-21,Call
9669,1531,7,2025-01-26,Demo
9670,1531,7,2025-02-04,Email
9671,1532,3,2026-07-15,Call
9672,1532,3,2026-04-26,Email
9673,1532,3,2026-07-19,Call
9674,1532,3,2026-06-28,Email
9675,1533,1,2026-01-06,Demo
9676,1533,1,2026-02-04,Call
9677,1533,1,2026-02-11,Meeting
9678,1533,1,2026-02-18,Demo
9679,1533,1,2026-01-21,Email
9680,1533,1,2026-02-25,Meeting
9681,1533,1,2026-02-08,Email
9682,1533,1,2026-02-11,Meeting
9683,1533,1,2026-03-08,Email
9684,1533,1,2026-01-02,Email
9685,1533,1,2026-01-05,Call
9686,1533,1,2026-01-04,Demo
9687,1533,1,2026-02-27,Email
9688,1533,1,2026-01-24,Email
9689,1533,1,2026-03-04,Call
9690,1533,1,2026-01-26,Email
9691,1534,13,2024-09-29,Meeting
9692,1534,13,2024-09-21,Call
9693,1534,13,2024-09-19,Email
9694,1534,13,2024-09-19,Email
9695,1535,10,2026-09-12,Email
9696,1535,10,2026-09-18,Email
9697,1536,14,2025-09-04,Call
9698,1536,14,2025-09-15,Demo
9699,1536,14,2025-09-10,Call
9700,1536,14,2025-09-10,Call
9701,1536,14,2025-09-03,Email
9702,1536,14,2025-09-05,Demo
9703,1536,14,2025-08-27,Email
9704,1536,14,2025-09-15,Email
9705,1536,14,2025-09-12,Email
9706,1536,14,2025-09-03,Call
9707,1537,7,2025-10-08,Call
9708,1537,7,2025-10-19,Meeting
9709,1537,7,2025-12-02,Call
9710,1538,2,2026-08-31,Meeting
9711,1538,2,2026-08-22,Meeting
9712,1538,2,2026-08-17,Email
9713,1538,2,2026-09-02,Email
9714,1538,2,2026-09-23,Email
9715,1538,2,2026-08-15,Call
9716,1538,2,2026-08-03,Email
9717,1538,2,2026-08-04,Call
9718,1538,2,2026-08-24,Email
9719,1539,7,2025-08-06,Call
9720,1539,7,2025-07-06,Email
9721,1539,7,2025-08-22,Call
9722,1539,7,2025-08-28,Call
9723,1539,7,2025-08-08,Meeting
9724,1539,7,2025-08-30,Email
9725,1539,7,2025-08-26,Email
9726,1539,7,2025-08-05,Meeting
9727,1539,7,2025-08-07,Call
9728,1540,11,2026-02-22,Meeting
9729,1540,11,2026-02-09,Email
9730,1540,11,2026-02-15,Email
9731,1541,10,2025-06-20,Call
9732,1541,10,2025-06-01,Meeting
9733,1541,10,2025-06-06,Call
9734,1542,10,2025-03-27,Meeting
9735,1542,10,2025-03-18,Call
9736,1542,10,2025-04-07,Call
9737,1543,13,2025-06-27,Meeting
9738,1543,13,2025-07-04,Call
9739,1543,13,2025-07-03,Email
9740,1543,13,2025-07-02,Email
9741,1544,8,2026-07-10,Email
9742,1544,8,2026-06-09,Email
9743,1545,2,2025-04-05,Call
9744,1545,2,2025-05-11,Meeting
9745,1545,2,2025-05-21,Meeting
9746,1545,2,2025-05-07,Call
9747,1545,2,2025-04-30,Call
9748,1545,2,2025-03-25,Email
9749,1545,2,2025-04-01,Email
9750,1545,2,2025-05-31,Demo
9751,1545,2,2025-04-28,Call
9752,1545,2,2025-05-26,Email
9753,1546,13,2025-02-06,Email
9754,1546,13,2025-03-05,Meeting
9755,1546,13,2025-02-14,Call
9756,1546,13,2025-02-21,Email
9757,1546,13,2025-03-01,Email
9758,1546,13,2025-02-28,Call
9759,1546,13,2025-02-19,Email
9760,1546,13,2025-02-09,Email
9761,1546,13,2025-02-26,Email
9762,1547,11,2026-03-21,Call
9763,1547,11,2026-03-04,Meeting
9764,1547,11,2026-03-14,Email
9765,1547,11,2026-03-21,Call
9766,1547,11,2026-03-19,Demo
9767,1548,6,2024-10-29,Email
9768,1548,6,2024-10-18,Email
9769,1548,6,2024-11-09,Email
9770,1548,6,2024-10-29,Meeting
9771,1548,6,2024-10-05,Meeting
9772,1548,6,2024-11-08,Call
9773,1548,6,2024-10-17,Email
9774,1548,6,2024-11-02,Call
9775,1549,9,2025-03-14,Meeting
9776,1549,9,2025-03-27,Email
9777,1549,9,2025-02-17,Email
9778,1549,9,2025-04-07,Call
9779,1550,3,2026-03-28,Email
9780,1550,3,2026-05-01,Email
9781,1550,3,2026-04-05,Email
9782,1550,3,2026-03-17,Call
9783,1550,3,2026-06-27,Call
9784,1550,3,2026-04-10,Email
9785,1551,3,2024-05-15,Call
9786,1551,3,2024-06-03,Meeting
9787,1552,7,2025-11-15,Demo
9788,1552,7,2025-12-22,Email
9789,1552,7,2025-12-13,Call
9790,1552,7,2025-11-26,Demo
9791,1552,7,2025-12-24,Email
9792,1552,7,2025-12-01,Email
9793,1552,7,2025-12-11,Meeting
9794,1552,7,2025-12-17,Email
9795,1552,7,2025-12-30,Call
9796,1552,7,2025-11-10,Call
9797,1552,7,2025-11-10,Call
9798,1552,7,2025-12-21,Meeting
9799,1552,7,2025-12-28,Meeting
9800,1552,7,2025-12-26,Email
9801,1553,3,2025-05-11,Email
9802,1553,3,2025-07-14,Email
9803,1553,3,2025-07-15,Email
9804,1553,3,2025-06-07,Email
9805,1554,10,2026-01-06,Email
9806,1554,10,2026-01-12,Meeting
9807,1554,10,2026-01-16,Email
9808,1554,10,2026-01-20,Email
9809,1554,10,2026-01-13,Email
9810,1554,10,2026-01-06,Email
9811,1554,10,2026-01-14,Email
9812,1554,10,2026-01-21,Email
9813,1555,14,2025-10-17,Email
9814,1555,14,2025-10-20,Demo
9815,1555,14,2025-10-12,Call
9816,1556,4,2026-06-22,Call
9817,1556,4,2026-05-19,Call
9818,1556,4,2026-05-17,Email
9819,1556,4,2026-07-30,Call
9820,1556,4,2026-09-18,Call
9821,1557,14,2026-04-22,Call
9822,1557,14,2026-04-20,Call
9823,1557,14,2026-04-11,Call
9824,1557,14,2026-04-12,Call
9825,1558,7,2026-09-01,Meeting
9826,1558,7,2026-08-02,Email
9827,1558,7,2026-08-28,Email
9828,1558,7,2026-08-25,Call
9829,1559,7,2024-11-04,Email
9830,1559,7,2024-11-13,Meeting
9831,1559,7,2024-11-07,Email
9832,1559,7,2024-10-06,Email
9833,1560,14,2024-07-21,Email
9834,1560,14,2024-07-16,Call
9835,1560,14,2024-07-26,Email
9836,1560,14,2024-07-27,Demo
9837,1561,9,2024-04-30,Email
9838,1561,9,2024-04-16,Meeting
9839,1561,9,2024-04-01,Call
9840,1561,9,2024-04-29,Meeting
9841,1561,9,2024-05-02,Meeting
9842,1561,9,2024-04-06,Call
9843,1562,12,2025-06-10,Demo
9844,1562,12,2025-06-18,Email
9845,1562,12,2025-06-12,Meeting
9846,1562,12,2025-06-22,Meeting
9847,1562,12,2025-06-23,Email
9848,1562,12,2025-06-15,Meeting
9849,1562,12,2025-06-21,Email
9850,1563,13,2026-03-18,Email
9851,1563,13,2026-02-05,Meeting
9852,1564,14,2024-05-22,Email
9853,1564,14,2024-05-22,Email
9854,1564,14,2024-05-28,Email
9855,1564,14,2024-06-06,Email
9856,1565,1,2026-01-01,Meeting
9857,1565,1,2025-12-28,Email
9858,1565,1,2025-12-10,Email
9859,1565,1,2025-11-06,Meeting
9860,1565,1,2025-09-14,Email
9861,1565,1,2025-09-26,Email
9862,1565,1,2025-12-31,Call
9863,1565,1,2025-09-15,Meeting
9864,1565,1,2025-10-27,Call
9865,1565,1,2025-10-09,Email
9866,1565,1,2025-09-16,Email
9867,1565,1,2025-09-07,Call
9868,1565,1,2025-09-21,Email
9869,1565,1,2025-11-17,Meeting
9870,1566,11,2024-07-29,Email
9871,1566,11,2024-07-04,Meeting
9872,1566,11,2024-06-30,Email
9873,1566,11,2024-07-31,Meeting
9874,1567,2,2025-09-23,Email
9875,1567,2,2025-09-28,Meeting
9876,1567,2,2025-10-18,Email
9877,1567,2,2025-10-01,Email
9878,1567,2,2025-09-08,Call
9879,1567,2,2025-09-28,Email
9880,1567,2,2025-09-23,Email
9881,1568,14,2024-12-31,Meeting
9882,1568,14,2025-01-01,Call
9883,1568,14,2024-12-28,Email
9884,1568,14,2024-12-26,Meeting
9885,1568,14,2025-01-02,Call
9886,1568,14,2024-12-22,Call
9887,1568,14,2024-12-25,Email
9888,1568,14,2024-12-26,Meeting
9889,1568,14,2025-01-01,Call
9890,1568,14,2025-01-01,Call
9891,1568,14,2024-12-17,Call
9892,1569,11,2025-07-25,Call
9893,1569,11,2025-07-13,Call
9894,1569,11,2025-06-28,Meeting
9895,1569,11,2025-06-30,Call
9896,1570,4,2026-09-26,Email
9897,1570,4,2026-09-24,Call
9898,1570,4,2026-09-28,Call
9899,1570,4,2026-09-22,Email
9900,1570,4,2026-09-25,Meeting
9901,1571,11,2024-05-04,Email
9902,1571,11,2024-04-11,Email
9903,1571,11,2024-04-26,Meeting
9904,1572,8,2025-04-13,Call
9905,1572,8,2025-04-06,Email
9906,1572,8,2025-05-16,Email
9907,1572,8,2025-05-30,Email
9908,1572,8,2025-03-29,Call
9909,1572,8,2025-04-01,Call
9910,1572,8,2025-05-31,Email
9911,1572,8,2025-05-12,Call
9912,1573,7,2024-06-16,Email
9913,1573,7,2024-05-24,Call
9914,1574,11,2025-08-30,Email
9915,1574,11,2025-09-06,Email
9916,1574,11,2025-09-12,Email
9917,1574,11,2025-09-18,Email
9918,1574,11,2025-09-07,Meeting
9919,1575,10,2025-03-10,Email
9920,1575,10,2025-03-09,Demo
9921,1576,4,2026-06-23,Call
9922,1576,4,2026-07-24,Email
9923,1576,4,2026-06-16,Call
9924,1576,4,2026-07-02,Meeting
9925,1576,4,2026-07-26,Call
9926,1576,4,2026-06-19,Call
9927,1576,4,2026-06-24,Call
9928,1577,13,2024-08-31,Email
9929,1577,13,2024-09-16,Email
9930,1577,13,2024-08-17,Meeting
9931,1577,13,2024-08-13,Email
9932,1577,13,2024-09-08,Email
9933,1577,13,2024-08-15,Call
9934,1577,13,2024-08-29,Call
9935,1577,13,2024-08-31,Email
9936,1577,13,2024-08-27,Call
9937,1577,13,2024-09-06,Call
9938,1577,13,2024-09-02,Meeting
9939,1577,13,2024-09-12,Email
9940,1577,13,2024-09-09,Call
9941,1577,13,2024-08-27,Call
9942,1577,13,2024-08-12,Email
9943,1578,14,2024-11-22,Email
9944,1578,14,2024-11-20,Call
9945,1579,14,2024-02-23,Meeting
9946,1579,14,2024-04-14,Meeting
9947,1580,13,2024-08-04,Email
9948,1580,13,2024-08-01,Call
9949,1580,13,2024-08-16,Call
9950,1580,13,2024-08-12,Email
9951,1581,5,2025-12-14,Call
9952,1581,5,2026-01-09,Call
9953,1581,5,2026-01-05,Call
9954,1581,5,2025-11-10,Call
9955,1581,5,2025-12-02,Demo
9956,1581,5,2025-12-05,Meeting
9957,1581,5,2025-12-07,Call
9958,1581,5,2026-01-02,Call
9959,1581,5,2025-12-18,Email
9960,1582,12,2026-05-24,Call
9961,1582,12,2026-05-25,Email
9962,1583,5,2025-07-13,Call
9963,1583,5,2025-06-22,Meeting
9964,1583,5,2025-06-22,Call
9965,1583,5,2025-07-07,Email
9966,1584,12,2025-04-09,Meeting
9967,1584,12,2025-04-21,Call
9968,1584,12,2025-04-07,Call
9969,1584,12,2025-04-01,Meeting
9970,1584,12,2025-04-17,Demo
9971,1584,12,2025-04-13,Email
9972,1584,12,2025-04-03,Call
9973,1585,7,2026-09-26,Meeting
9974,1585,7,2026-09-27,Call
9975,1585,7,2026-09-23,Call
9976,1585,7,2026-09-22,Call
9977,1585,7,2026-09-24,Email
9978,1585,7,2026-09-24,Call
9979,1585,7,2026-09-25,Meeting
9980,1585,7,2026-09-22,Email
9981,1585,7,2026-09-28,Demo
9982,1586,3,2025-01-21,Demo
9983,1586,3,2025-02-11,Email
9984,1586,3,2025-02-06,Call
9985,1586,3,2025-01-25,Call
9986,1586,3,2025-01-24,Call
9987,1586,3,2025-01-28,Email
9988,1586,3,2025-01-21,Demo
9989,1586,3,2025-02-21,Demo
9990,1586,3,2025-02-17,Email
9991,1586,3,2025-02-22,Email
9992,1586,3,2025-02-22,Meeting
9993,1587,14,2024-11-17,Email
9994,1587,14,2024-11-20,Email
9995,1587,14,2024-11-27,Email
9996,1587,14,2024-11-16,Call
9997,1588,12,2025-01-18,Demo
9998,1588,12,2025-01-18,Email
9999,1588,12,2025-01-22,Email
10000,1588,12,2025-01-16,Meeting
10001,1588,12,2025-01-20,Email
10002,1588,12,2025-01-19,Meeting
10003,1588,12,2025-01-16,Call
10004,1588,12,2025-01-20,Call
10005,1588,12,2025-01-27,Demo
10006,1588,12,2025-01-25,Email
10007,1588,12,2025-01-24,Call
10008,1588,12,2025-01-19,Meeting
10009,1588,12,2025-01-18,Email
10010,1588,12,2025-01-28,Demo
10011,1588,12,2025-01-22,Email
10012,1588,12,2025-01-28,Email
10013,1589,11,2025-11-18,Call
10014,1589,11,2025-11-14,Call
10015,1589,11,2025-11-02,Demo
10016,1590,7,2025-02-08,Meeting
10017,1590,7,2025-02-03,Meeting
10018,1590,7,2025-02-12,Meeting
10019,1590,7,2025-02-23,Call
10020,1590,7,2025-03-16,Demo
10021,1590,7,2025-02-10,Call
10022,1590,7,2025-03-16,Email
10023,1590,7,2025-03-03,Call
10024,1590,7,2025-02-18,Call
10025,1590,7,2025-02-10,Email
10026,1590,7,2025-01-25,Meeting
10027,1591,4,2026-09-25,Email
10028,1591,4,2026-09-17,Email
10029,1591,4,2026-09-17,Call
10030,1591,4,2026-09-28,Call
10031,1591,4,2026-09-10,Call
10032,1592,3,2025-11-30,Call
10033,1592,3,2026-02-07,Email
10034,1592,3,2026-01-21,Meeting
10035,1592,3,2026-01-01,Call
10036,1592,3,2025-12-08,Call
10037,1592,3,2025-11-29,Email
10038,1592,3,2025-12-30,Email
10039,1593,6,2025-02-11,Email
10040,1593,6,2025-02-15,Meeting
10041,1593,6,2025-03-10,Email
10042,1593,6,2025-02-24,Email
10043,1593,6,2025-03-08,Meeting
10044,1593,6,2025-03-03,Email
10045,1593,6,2025-02-15,Call
10046,1594,7,2025-05-11,Email
10047,1594,7,2025-06-01,Demo
10048,1594,7,2025-06-08,Email
10049,1595,10,2026-03-16,Call
10050,1595,10,2026-03-30,Call
10051,1595,10,2026-03-29,Email
10052,1595,10,2026-03-28,Email
10053,1595,10,2026-03-24,Email
10054,1595,10,2026-03-17,Call
10055,1595,10,2026-03-20,Email
10056,1595,10,2026-03-21,Call
10057,1596,14,2026-08-20,Meeting
10058,1596,14,2026-08-20,Email
10059,1597,3,2025-12-18,Email
10060,1597,3,2025-12-27,Email
10061,1597,3,2025-10-24,Call
10062,1597,3,2025-11-11,Call
10063,1597,3,2025-12-22,Meeting
10064,1597,3,2025-11-06,Meeting
10065,1597,3,2025-11-23,Email
10066,1597,3,2025-12-28,Email
10067,1597,3,2025-12-27,Demo
10068,1598,12,2025-06-05,Meeting
10069,1598,12,2025-05-26,Call
10070,1598,12,2025-06-15,Meeting
10071,1598,12,2025-06-19,Email
10072,1598,12,2025-06-07,Call
10073,1599,7,2024-12-19,Call
10074,1600,6,2026-05-10,Call
10075,1600,6,2026-04-27,Call
10076,1600,6,2026-05-08,Meeting
10077,1600,6,2026-04-15,Meeting
10078,1600,6,2026-04-15,Meeting
10079,1601,3,2025-09-10,Call
10080,1601,3,2025-09-20,Call
10081,1601,3,2025-09-02,Email
10082,1601,3,2025-08-31,Email
10083,1601,3,2025-08-29,Email
10084,1601,3,2025-09-19,Demo
10085,1601,3,2025-10-10,Meeting
10086,1601,3,2025-09-21,Meeting
10087,1601,3,2025-09-19,Email
10088,1601,3,2025-09-15,Call
10089,1601,3,2025-08-25,Meeting
10090,1601,3,2025-09-10,Call
10091,1602,7,2026-09-29,Email
10092,1602,7,2026-09-28,Call
10093,1602,7,2026-09-27,Call
10094,1602,7,2026-09-26,Call
10095,1602,7,2026-09-25,Email
10096,1602,7,2026-09-24,Email
10097,1602,7,2026-09-29,Call
10098,1602,7,2026-09-25,Email
10099,1602,7,2026-09-28,Call
10100,1603,10,2026-03-01,Call
10101,1603,10,2026-02-27,Demo
10102,1603,10,2026-03-02,Call
10103,1603,10,2026-02-28,Call
10104,1604,13,2025-12-17,Email
10105,1604,13,2025-12-26,Call
10106,1604,13,2025-12-25,Call
10107,1604,13,2025-12-13,Email
10108,1604,13,2025-12-09,Call
10109,1604,13,2025-12-31,Email
10110,1604,13,2025-12-12,Email
10111,1604,13,2025-12-08,Email
10112,1604,13,2025-12-11,Meeting
10113,1604,13,2025-12-29,Call
10114,1604,13,2025-12-29,Call
10115,1604,13,2025-12-15,Call
10116,1605,9,2025-07-01,Email
10117,1605,9,2025-07-04,Call
10118,1605,9,2025-07-07,Meeting
10119,1605,9,2025-06-30,Email
10120,1605,9,2025-06-27,Email
10121,1605,9,2025-06-22,Email
10122,1605,9,2025-06-27,Demo
10123,1605,9,2025-06-25,Call
10124,1606,1,2025-08-08,Email
10125,1606,1,2025-10-10,Email
10126,1606,1,2025-08-03,Email
10127,1606,1,2025-10-13,Email
10128,1607,14,2026-05-30,Email
10129,1607,14,2026-05-18,Meeting
10130,1607,14,2026-05-19,Email
10131,1607,14,2026-05-22,Email
10132,1607,14,2026-05-28,Email
10133,1607,14,2026-05-18,Email
10134,1607,14,2026-05-29,Call
10135,1607,14,2026-05-22,Meeting
10136,1607,14,2026-05-24,Email
10137,1607,14,2026-05-25,Call
10138,1607,14,2026-05-23,Call
10139,1607,14,2026-05-22,Call
10140,1608,5,2025-03-22,Email
10141,1608,5,2025-02-13,Call
10142,1608,5,2025-02-06,Call
10143,1608,5,2025-02-25,Email
10144,1608,5,2025-03-25,Demo
10145,1608,5,2025-03-21,Email
10146,1608,5,2025-02-12,Email
10147,1608,5,2025-02-07,Meeting
10148,1608,5,2025-02-12,Call
10149,1608,5,2025-02-16,Call
10150,1608,5,2025-03-22,Call
10151,1608,5,2025-02-13,Call
10152,1609,10,2025-07-22,Meeting
10153,1609,10,2025-07-23,Call
10154,1609,10,2025-06-30,Email
10155,1609,10,2025-07-29,Email
10156,1609,10,2025-07-01,Email
10157,1609,10,2025-07-26,Email
10158,1609,10,2025-06-27,Email
10159,1609,10,2025-07-23,Email
10160,1609,10,2025-07-05,Call
10161,1610,13,2024-11-08,Email
10162,1610,13,2024-12-04,Email
10163,1610,13,2024-12-04,Demo
10164,1610,13,2024-11-23,Meeting
10165,1610,13,2024-11-06,Meeting
10166,1610,13,2024-11-21,Meeting
10167,1610,13,2024-11-09,Email
10168,1610,13,2024-11-05,Email
10169,1611,6,2025-09-05,Demo
10170,1611,6,2025-08-26,Call
10171,1611,6,2025-09-10,Email
10172,1612,13,2025-01-06,Call
10173,1612,13,2024-12-28,Call
10174,1612,13,2024-12-28,Email
10175,1612,13,2025-01-05,Email
10176,1613,7,2025-10-30,Email
10177,1613,7,2025-10-04,Meeting
10178,1613,7,2025-09-09,Call
10179,1613,7,2025-09-01,Demo
10180,1613,7,2025-09-02,Call
10181,1613,7,2025-08-24,Call
10182,1613,7,2025-09-28,Demo
10183,1613,7,2025-09-30,Call
10184,1613,7,2025-10-13,Email
10185,1613,7,2025-08-19,Email
10186,1613,7,2025-08-23,Call
10187,1614,12,2025-11-07,Demo
10188,1614,12,2025-11-02,Call
10189,1614,12,2025-11-06,Call
10190,1614,12,2025-11-01,Call
10191,1614,12,2025-11-03,Call
10192,1614,12,2025-11-07,Call
10193,1614,12,2025-11-12,Call
10194,1614,12,2025-11-08,Email
10195,1614,12,2025-11-18,Email
10196,1614,12,2025-11-10,Email
10197,1614,12,2025-11-18,Call
10198,1614,12,2025-11-18,Demo
10199,1614,12,2025-11-06,Demo
10200,1614,12,2025-11-16,Call
10201,1614,12,2025-11-13,Meeting
10202,1615,5,2025-08-05,Call
10203,1615,5,2025-08-04,Email
10204,1615,5,2025-08-03,Email
10205,1615,5,2025-08-02,Call
10206,1615,5,2025-07-18,Call
10207,1616,12,2024-12-19,Call
10208,1616,12,2024-11-29,Call
10209,1616,12,2024-12-06,Meeting
10210,1616,12,2024-12-11,Email
10211,1616,12,2024-12-20,Call
10212,1616,12,2024-11-22,Call
10213,1617,14,2024-07-25,Email
10214,1617,14,2024-07-24,Email
10215,1617,14,2024-06-16,Email
10216,1617,14,2024-08-02,Email
10217,1617,14,2024-07-02,Email
10218,1618,7,2024-09-18,Call
10219,1618,7,2024-10-12,Email
10220,1618,7,2024-09-30,Call
10221,1618,7,2024-10-08,Email
10222,1618,7,2024-09-11,Meeting
10223,1618,7,2024-10-03,Call
10224,1618,7,2024-10-10,Meeting
10225,1618,7,2024-10-16,Email
10226,1618,7,2024-09-30,Email
10227,1618,7,2024-10-04,Meeting
10228,1618,7,2024-10-05,Meeting
10229,1618,7,2024-09-12,Call
10230,1619,2,2025-05-30,Email
10231,1619,2,2025-05-29,Demo
10232,1619,2,2025-10-02,Email
10233,1619,2,2025-10-03,Call
10234,1619,2,2025-06-06,Demo
10235,1620,10,2026-06-21,Meeting
10236,1620,10,2026-06-29,Call
10237,1620,10,2026-06-21,Email
10238,1620,10,2026-06-21,Email
10239,1620,10,2026-06-30,Email
10240,1620,10,2026-06-29,Call
10241,1620,10,2026-07-02,Call
10242,1621,7,2026-07-29,Email
10243,1621,7,2026-09-03,Call
10244,1621,7,2026-09-17,Demo
10245,1621,7,2026-08-07,Email
10246,1622,11,2026-05-01,Email
10247,1622,11,2026-05-07,Email
10248,1622,11,2026-04-30,Call
10249,1622,11,2026-05-15,Email
10250,1622,11,2026-05-01,Call
10251,1622,11,2026-05-04,Email
10252,1622,11,2026-04-28,Email
10253,1622,11,2026-05-15,Call
10254,1622,11,2026-05-02,Call
10255,1622,11,2026-05-18,Email
10256,1623,10,2025-08-07,Demo
10257,1623,10,2025-07-26,Email
10258,1623,10,2025-08-08,Email
10259,1623,10,2025-07-31,Meeting
10260,1624,12,2025-01-09,Meeting
10261,1624,12,2025-02-02,Email
10262,1624,12,2025-01-31,Email
10263,1624,12,2025-01-18,Call
10264,1625,14,2025-06-29,Email
10265,1625,14,2025-07-08,Demo
10266,1625,14,2025-07-05,Call
10267,1625,14,2025-07-12,Email
10268,1625,14,2025-07-07,Email
10269,1625,14,2025-07-08,Email
10270,1625,14,2025-07-12,Email
10271,1626,14,2026-09-07,Email
10272,1626,14,2026-09-11,Meeting
10273,1626,14,2026-09-23,Email
10274,1626,14,2026-09-03,Email
10275,1626,14,2026-08-27,Email
10276,1626,14,2026-09-15,Call
10277,1627,11,2026-09-27,Meeting
10278,1627,11,2026-09-25,Email
10279,1627,11,2026-09-24,Call
10280,1628,8,2025-11-09,Call
10281,1628,8,2025-12-18,Meeting
10282,1629,5,2024-12-14,Call
10283,1629,5,2025-01-09,Demo
10284,1629,5,2024-12-10,Call
10285,1629,5,2025-01-06,Call
10286,1629,5,2025-01-06,Call
10287,1629,5,2025-01-14,Call
10288,1629,5,2024-11-27,Call
10289,1629,5,2025-01-27,Call
10290,1629,5,2024-12-04,Meeting
10291,1629,5,2024-12-09,Call
10292,1629,5,2024-11-25,Call
10293,1629,5,2025-01-01,Meeting
10294,1629,5,2025-01-24,Call
10295,1629,5,2024-12-24,Email
10296,1630,12,2024-05-14,Meeting
10297,1630,12,2024-05-14,Email
10298,1630,12,2024-05-03,Call
10299,1631,11,2025-06-21,Call
10300,1631,11,2025-06-12,Demo
10301,1631,11,2025-06-07,Email
10302,1631,11,2025-06-21,Meeting
10303,1631,11,2025-06-17,Demo
10304,1632,3,2026-04-21,Email
10305,1632,3,2026-05-15,Call
10306,1632,3,2026-05-08,Email
10307,1632,3,2026-04-07,Email
10308,1632,3,2026-04-16,Meeting
10309,1632,3,2026-04-12,Call
10310,1633,1,2024-07-09,Call
10311,1633,1,2024-04-30,Call
10312,1633,1,2024-07-22,Call
10313,1633,1,2024-06-15,Email
10314,1633,1,2024-04-16,Email
10315,1633,1,2024-05-24,Call
10316,1633,1,2024-07-12,Call
10317,1633,1,2024-06-02,Call
10318,1633,1,2024-04-26,Email
10319,1634,5,2026-07-19,Email
10320,1634,5,2026-07-18,Meeting
10321,1634,5,2026-07-27,Call
10322,1634,5,2026-07-11,Email
10323,1635,9,2026-03-08,Email
10324,1635,9,2026-03-18,Demo
10325,1636,12,2026-06-08,Meeting
10326,1636,12,2026-06-26,Meeting
10327,1636,12,2026-06-19,Call
10328,1636,12,2026-06-21,Meeting
10329,1636,12,2026-06-05,Meeting
10330,1636,12,2026-06-07,Meeting
10331,1637,11,2025-10-11,Call
10332,1637,11,2025-10-25,Meeting
10333,1637,11,2025-11-02,Call
10334,1638,12,2024-10-22,Call
10335,1638,12,2024-10-19,Email
10336,1638,12,2024-11-01,Email
10337,1638,12,2024-10-10,Email
10338,1638,12,2024-11-03,Email
10339,1638,12,2024-10-25,Email
10340,1639,12,2025-07-08,Call
10341,1640,14,2026-09-25,Meeting
10342,1640,14,2026-09-17,Email
10343,1640,14,2026-09-23,Demo
10344,1641,4,2025-03-11,Meeting
10345,1641,4,2025-02-20,Email
10346,1641,4,2025-03-21,Email
10347,1641,4,2025-03-13,Call
10348,1641,4,2025-02-26,Call
10349,1641,4,2025-04-01,Email
10350,1642,7,2024-09-28,Call
10351,1642,7,2024-09-19,Email
10352,1642,7,2024-10-15,Email
10353,1642,7,2024-09-13,Call
10354,1642,7,2024-09-28,Email
10355,1642,7,2024-10-18,Meeting
10356,1642,7,2024-10-18,Email
10357,1642,7,2024-09-10,Meeting
10358,1642,7,2024-09-14,Email
10359,1642,7,2024-09-12,Call
10360,1642,7,2024-09-30,Call
10361,1642,7,2024-09-27,Email
10362,1642,7,2024-10-22,Meeting
10363,1642,7,2024-09-15,Email
10364,1642,7,2024-09-11,Email
10365,1642,7,2024-10-16,Email
10366,1642,7,2024-10-21,Call
10367,1643,5,2026-09-14,Email
10368,1643,5,2026-09-27,Call
10369,1643,5,2026-09-28,Email
10370,1643,5,2026-09-16,Meeting
10371,1643,5,2026-09-14,Email
10372,1644,9,2024-12-22,Email
10373,1644,9,2025-02-22,Email
10374,1644,9,2025-03-08,Call
10375,1644,9,2025-03-12,Meeting
10376,1644,9,2025-01-28,Call
10377,1644,9,2025-03-09,Email
10378,1644,9,2025-02-26,Call
10379,1644,9,2025-03-12,Call
10380,1644,9,2024-12-27,Email
10381,1644,9,2025-01-09,Call
10382,1644,9,2025-01-30,Call
10383,1644,9,2025-01-28,Email
10384,1646,10,2026-08-18,Meeting
10385,1646,10,2026-08-11,Call
10386,1647,14,2026-04-11,Demo
10387,1647,14,2026-03-28,Meeting
10388,1647,14,2026-04-25,Email
10389,1647,14,2026-04-01,Call
10390,1647,14,2026-03-22,Call
10391,1647,14,2026-03-18,Email
10392,1647,14,2026-04-09,Demo
10393,1647,14,2026-03-31,Email
10394,1647,14,2026-04-13,Email
10395,1647,14,2026-03-22,Email
10396,1647,14,2026-04-22,Meeting
10397,1648,3,2026-09-28,Call
10398,1648,3,2026-09-24,Call
10399,1648,3,2026-09-18,Meeting
10400,1648,3,2026-09-15,Email
10401,1648,3,2026-09-22,Email
10402,1648,3,2026-09-16,Email
10403,1648,3,2026-09-26,Meeting
10404,1648,3,2026-09-29,Email
10405,1650,6,2024-08-04,Email
10406,1650,6,2024-09-21,Email
10407,1650,6,2024-08-04,Email
10408,1650,6,2024-07-25,Call
10409,1650,6,2024-09-10,Call
10410,1650,6,2024-08-01,Meeting
10411,1650,6,2024-07-28,Email
10412,1650,6,2024-08-23,Email
10413,1650,6,2024-08-22,Meeting
10414,1650,6,2024-09-19,Email
10415,1650,6,2024-08-01,Email
10416,1650,6,2024-09-20,Meeting
10417,1650,6,2024-09-21,Call
10418,1650,6,2024-09-20,Email
10419,1650,6,2024-08-28,Call
10420,1651,13,2024-05-07,Email
10421,1651,13,2024-05-02,Email
10422,1651,13,2024-05-05,Email
10423,1651,13,2024-04-21,Meeting
10424,1651,13,2024-05-07,Meeting
10425,1651,13,2024-05-08,Email
10426,1651,13,2024-04-22,Call
10427,1651,13,2024-05-07,Meeting
10428,1652,7,2026-04-03,Call
10429,1652,7,2026-04-01,Call
10430,1652,7,2026-05-01,Meeting
10431,1652,7,2026-04-01,Demo
10432,1652,7,2026-04-05,Call
10433,1653,14,2026-08-28,Call
10434,1654,12,2026-07-29,Email
10435,1655,11,2026-02-20,Email
10436,1655,11,2026-02-10,Email
10437,1655,11,2026-01-31,Meeting
10438,1655,11,2026-02-10,Meeting
10439,1656,9,2026-03-13,Email
10440,1656,9,2026-02-17,Email
10441,1656,9,2026-02-17,Meeting
10442,1656,9,2026-03-01,Meeting
10443,1656,9,2026-03-17,Email
10444,1656,9,2026-03-11,Call
10445,1656,9,2026-02-15,Meeting
10446,1656,9,2026-02-25,Call
10447,1656,9,2026-02-17,Email
10448,1656,9,2026-03-18,Email
10449,1656,9,2026-02-15,Meeting
10450,1656,9,2026-03-05,Call
10451,1656,9,2026-03-03,Email
10452,1656,9,2026-03-18,Meeting
10453,1657,10,2026-05-29,Call
10454,1657,10,2026-06-24,Email
10455,1657,10,2026-06-23,Meeting
10456,1658,10,2025-09-08,Email
10457,1658,10,2025-09-28,Email
10458,1658,10,2025-10-11,Email
10459,1660,8,2026-01-09,Email
10460,1660,8,2026-01-15,Meeting
10461,1660,8,2026-02-08,Meeting
10462,1661,5,2025-07-21,Call
10463,1661,5,2025-07-11,Call
10464,1661,5,2025-07-16,Email
10465,1661,5,2025-07-03,Demo
10466,1661,5,2025-07-07,Email
10467,1661,5,2025-07-24,Call
10468,1661,5,2025-07-03,Meeting
10469,1662,1,2024-07-26,Demo
10470,1662,1,2024-06-17,Call
10471,1662,1,2024-07-01,Meeting
10472,1662,1,2024-06-21,Call
10473,1662,1,2024-06-27,Meeting
10474,1662,1,2024-07-25,Call
10475,1662,1,2024-06-25,Call
10476,1662,1,2024-07-13,Email
10477,1662,1,2024-06-07,Call
10478,1662,1,2024-06-25,Meeting
10479,1662,1,2024-07-23,Email
10480,1662,1,2024-07-19,Email
10481,1662,1,2024-07-28,Email
10482,1662,1,2024-07-17,Call
10483,1662,1,2024-07-30,Demo
10484,1662,1,2024-06-25,Call
10485,1663,6,2025-08-22,Call
10486,1663,6,2025-08-12,Call
10487,1663,6,2025-07-30,Demo
10488,1663,6,2025-08-09,Meeting
10489,1663,6,2025-08-24,Meeting
10490,1663,6,2025-07-29,Email
10491,1663,6,2025-08-03,Call
10492,1663,6,2025-07-25,Email
10493,1663,6,2025-07-26,Email
10494,1664,10,2024-12-07,Call
10495,1664,10,2024-12-08,Call
10496,1664,10,2024-11-28,Call
10497,1664,10,2024-12-07,Call
10498,1664,10,2024-12-08,Email
10499,1665,9,2025-05-08,Email
10500,1665,9,2025-05-06,Call
10501,1665,9,2025-04-19,Call
10502,1665,9,2025-04-18,Email
10503,1665,9,2025-05-05,Email
10504,1665,9,2025-05-19,Call
10505,1665,9,2025-05-25,Call
10506,1666,2,2026-02-21,Call
10507,1666,2,2026-01-31,Call
10508,1666,2,2026-02-09,Email
10509,1666,2,2026-02-11,Email
10510,1666,2,2026-02-09,Call
10511,1666,2,2026-02-26,Meeting
10512,1666,2,2026-02-19,Meeting
10513,1667,8,2024-09-08,Demo
10514,1667,8,2024-10-27,Call
10515,1667,8,2024-09-21,Call
10516,1667,8,2024-10-12,Email
10517,1667,8,2024-11-03,Email
10518,1667,8,2024-08-28,Call
10519,1667,8,2024-10-18,Call
10520,1667,8,2024-10-07,Demo
10521,1667,8,2024-09-04,Call
10522,1668,10,2024-08-23,Email
10523,1668,10,2024-09-13,Meeting
10524,1668,10,2024-09-09,Email
10525,1668,10,2024-09-20,Call
10526,1668,10,2024-09-03,Meeting
10527,1668,10,2024-09-05,Call
10528,1668,10,2024-09-03,Email
10529,1668,10,2024-09-15,Meeting
10530,1668,10,2024-09-16,Call
10531,1669,10,2025-03-17,Demo
10532,1669,10,2025-03-17,Call
10533,1670,13,2024-09-29,Email
10534,1670,13,2024-09-28,Email
10535,1670,13,2024-10-23,Email
10536,1670,13,2024-10-06,Email
10537,1670,13,2024-10-14,Call
10538,1670,13,2024-10-21,Meeting
10539,1670,13,2024-10-06,Email
10540,1670,13,2024-10-08,Call
10541,1670,13,2024-10-10,Email
10542,1670,13,2024-09-28,Email
10543,1670,13,2024-10-07,Call
10544,1670,13,2024-10-02,Call
10545,1671,6,2026-08-09,Email
10546,1671,6,2026-06-24,Call
10547,1671,6,2026-08-10,Call
10548,1671,6,2026-07-01,Email
10549,1671,6,2026-07-05,Call
10550,1671,6,2026-08-13,Call
10551,1671,6,2026-08-08,Call
10552,1671,6,2026-07-13,Meeting
10553,1671,6,2026-06-26,Email
10554,1671,6,2026-07-13,Demo
10555,1671,6,2026-06-15,Call
10556,1672,8,2025-10-27,Call
10557,1672,8,2025-10-26,Email
10558,1672,8,2025-11-01,Call
10559,1672,8,2025-11-16,Demo
10560,1672,8,2025-10-19,Email
10561,1672,8,2025-10-10,Call
10562,1672,8,2025-11-19,Call
10563,1672,8,2025-11-15,Meeting
10564,1672,8,2025-10-12,Call
10565,1673,11,2026-09-19,Meeting
10566,1673,11,2026-09-24,Meeting
10567,1673,11,2026-09-22,Meeting
10568,1673,11,2026-09-16,Email
10569,1673,11,2026-09-25,Demo
10570,1674,11,2026-02-09,Email
10571,1674,11,2026-02-21,Call
10572,1674,11,2026-02-23,Email
10573,1675,4,2025-11-16,Demo
10574,1675,4,2026-02-18,Email
10575,1675,4,2025-12-15,Call
10576,1675,4,2026-01-03,Call
10577,1675,4,2025-12-21,Call
10578,1675,4,2025-12-31,Meeting
10579,1675,4,2025-12-27,Email
10580,1676,12,2026-02-05,Meeting
10581,1676,12,2026-02-04,Email
10582,1676,12,2026-02-07,Email
10583,1676,12,2026-02-04,Call
10584,1677,9,2025-12-24,Demo
10585,1677,9,2025-11-08,Demo
10586,1677,9,2025-11-10,Meeting
10587,1677,9,2025-12-12,Call
10588,1677,9,2025-12-15,Call
10589,1677,9,2025-11-01,Demo
10590,1677,9,2025-11-11,Meeting
10591,1678,8,2025-08-19,Email
10592,1678,8,2025-07-14,Email
10593,1679,6,2026-09-02,Meeting
10594,1679,6,2026-09-17,Meeting
10595,1679,6,2026-08-28,Email
10596,1679,6,2026-09-11,Email
10597,1679,6,2026-08-25,Email
10598,1679,6,2026-08-24,Email
10599,1679,6,2026-09-07,Email
10600,1680,8,2025-12-23,Meeting
10601,1680,8,2026-01-01,Demo
10602,1680,8,2026-01-27,Call
10603,1681,9,2026-06-18,Email
10604,1681,9,2026-05-31,Call
10605,1681,9,2026-05-26,Call
10606,1681,9,2026-06-02,Demo
10607,1681,9,2026-06-09,Email
10608,1681,9,2026-06-07,Call
10609,1682,9,2025-10-09,Meeting
10610,1682,9,2025-09-13,Email
10611,1682,9,2025-11-14,Email
10612,1682,9,2025-10-16,Email
10613,1682,9,2025-08-15,Meeting
10614,1682,9,2025-11-14,Demo
10615,1682,9,2025-09-01,Demo
10616,1683,14,2026-02-03,Call
10617,1683,14,2026-02-10,Call
10618,1683,14,2026-02-13,Call
10619,1683,14,2026-02-11,Email
10620,1684,1,2025-05-16,Email
10621,1684,1,2025-06-30,Call
10622,1684,1,2025-04-20,Call
10623,1684,1,2025-06-04,Email
10624,1684,1,2025-06-20,Call
10625,1684,1,2025-05-14,Email
10626,1684,1,2025-07-02,Call
10627,1684,1,2025-06-24,Call
10628,1685,5,2026-03-07,Call
10629,1686,8,2025-08-08,Call
10630,1686,8,2025-08-01,Call
10631,1686,8,2025-09-15,Email
10632,1686,8,2025-08-04,Meeting
10633,1686,8,2025-07-26,Email
10634,1686,8,2025-07-25,Email
10635,1686,8,2025-09-29,Meeting
10636,1686,8,2025-09-12,Email
10637,1686,8,2025-09-05,Email
10638,1686,8,2025-09-07,Meeting
10639,1686,8,2025-09-20,Email
10640,1686,8,2025-08-08,Email
10641,1686,8,2025-07-23,Email
10642,1687,2,2026-09-26,Call
10643,1687,2,2026-09-27,Call
10644,1687,2,2026-09-27,Email
10645,1687,2,2026-09-27,Email
10646,1687,2,2026-09-28,Call
10647,1687,2,2026-09-26,Call
10648,1687,2,2026-09-29,Email
10649,1688,11,2026-05-13,Call
10650,1688,11,2026-05-08,Email
10651,1688,11,2026-05-20,Email
10652,1688,11,2026-05-24,Call
10653,1688,11,2026-05-12,Email
10654,1688,11,2026-05-08,Meeting
10655,1688,11,2026-05-08,Call
10656,1688,11,2026-05-09,Email
10657,1688,11,2026-05-22,Call
10658,1689,4,2024-03-16,Meeting
10659,1689,4,2024-03-11,Meeting
10660,1689,4,2024-04-19,Call
10661,1690,7,2026-04-22,Meeting
10662,1690,7,2026-03-20,Email
10663,1690,7,2026-03-30,Email
10664,1690,7,2026-04-23,Email
10665,1690,7,2026-04-22,Call
10666,1690,7,2026-04-13,Email
10667,1690,7,2026-04-18,Meeting
10668,1690,7,2026-03-25,Email
10669,1690,7,2026-04-15,Demo
10670,1691,12,2026-04-24,Call
10671,1691,12,2026-04-26,Meeting
10672,1691,12,2026-04-26,Call
10673,1692,13,2025-12-21,Call
10674,1692,13,2025-12-24,Email
10675,1692,13,2026-01-22,Meeting
10676,1693,12,2025-09-30,Call
10677,1693,12,2025-10-05,Call
10678,1693,12,2025-10-24,Email
10679,1693,12,2025-10-22,Email
10680,1693,12,2025-09-18,Email
10681,1694,7,2024-12-21,Email
10682,1694,7,2024-11-22,Meeting
10683,1694,7,2024-11-18,Meeting
10684,1694,7,2024-12-04,Call
10685,1694,7,2024-12-22,Email
10686,1694,7,2024-11-27,Meeting
10687,1695,13,2025-04-15,Call
10688,1695,13,2025-04-11,Email
10689,1695,13,2025-04-09,Email
10690,1695,13,2025-03-19,Meeting
10691,1695,13,2025-03-22,Call
10692,1695,13,2025-03-25,Call
10693,1695,13,2025-03-29,Email
10694,1695,13,2025-04-02,Email
10695,1695,13,2025-03-22,Call
10696,1695,13,2025-04-11,Meeting
10697,1695,13,2025-04-14,Email
10698,1695,13,2025-04-14,Meeting
10699,1695,13,2025-04-12,Call
10700,1696,10,2025-07-05,Demo
10701,1696,10,2025-07-01,Meeting
10702,1697,11,2026-03-24,Call
10703,1697,11,2026-04-05,Call
10704,1697,11,2026-04-03,Email
10705,1697,11,2026-04-01,Email
10706,1697,11,2026-03-29,Email
10707,1698,11,2024-10-05,Call
10708,1698,11,2024-10-15,Email
10709,1698,11,2024-09-27,Email
10710,1698,11,2024-10-06,Email
10711,1699,12,2024-08-07,Meeting
10712,1699,12,2024-08-02,Email
10713,1699,12,2024-07-26,Call
10714,1700,14,2025-01-18,Email
10715,1700,14,2024-12-27,Call
10716,1700,14,2025-01-11,Email
10717,1700,14,2025-01-04,Email
10718,1700,14,2025-01-13,Meeting
10719,1701,5,2025-08-14,Meeting
10720,1701,5,2025-07-25,Email
10721,1701,5,2025-08-24,Email
10722,1701,5,2025-08-03,Email
10723,1701,5,2025-08-22,Demo
10724,1701,5,2025-08-05,Call
10725,1701,5,2025-08-09,Email
10726,1701,5,2025-08-17,Call
10727,1701,5,2025-08-26,Meeting
10728,1702,11,2024-11-27,Email
10729,1702,11,2024-11-20,Email
10730,1702,11,2024-11-16,Email
10731,1702,11,2024-11-21,Email
10732,1703,3,2025-06-15,Meeting
10733,1703,3,2025-05-28,Meeting
10734,1703,3,2025-05-11,Meeting
10735,1703,3,2025-05-22,Demo
10736,1703,3,2025-06-07,Meeting
10737,1704,8,2026-01-25,Call
10738,1704,8,2026-01-01,Email
10739,1704,8,2026-01-28,Email
10740,1704,8,2025-12-29,Call
10741,1704,8,2026-01-02,Email
10742,1704,8,2026-01-17,Demo
10743,1704,8,2026-01-09,Email
10744,1704,8,2026-01-24,Call
10745,1704,8,2026-01-01,Demo
10746,1704,8,2026-01-14,Email
10747,1704,8,2026-01-02,Meeting
10748,1704,8,2026-01-01,Email
10749,1704,8,2025-12-25,Meeting
10750,1705,13,2024-12-11,Email
10751,1705,13,2024-12-30,Demo
10752,1705,13,2024-12-11,Email
10753,1705,13,2024-12-04,Meeting
10754,1705,13,2024-12-29,Email
10755,1706,4,2026-02-27,Meeting
10756,1706,4,2026-05-12,Call
10757,1706,4,2026-02-08,Demo
10758,1706,4,2026-03-03,Email
10759,1706,4,2026-04-29,Meeting
10760,1707,13,2024-06-26,Email
10761,1707,13,2024-06-23,Demo
10762,1707,13,2024-06-20,Email
10763,1707,13,2024-06-19,Meeting
10764,1708,7,2026-09-23,Call
10765,1708,7,2026-08-28,Call
10766,1708,7,2026-08-29,Email
10767,1709,10,2024-09-27,Call
10768,1709,10,2024-09-30,Email
10769,1709,10,2024-10-12,Email
10770,1709,10,2024-10-11,Meeting
10771,1709,10,2024-10-04,Call
10772,1709,10,2024-09-30,Call
10773,1709,10,2024-10-02,Call
10774,1709,10,2024-10-13,Email
10775,1709,10,2024-09-27,Meeting
10776,1710,11,2026-06-17,Email
10777,1710,11,2026-07-05,Call
10778,1711,1,2024-10-22,Call
10779,1711,1,2024-10-23,Meeting
10780,1711,1,2024-11-13,Call
10781,1711,1,2024-10-28,Email
10782,1711,1,2024-11-04,Meeting
10783,1711,1,2024-10-31,Email
10784,1711,1,2024-11-27,Email
10785,1711,1,2024-11-01,Email
10786,1711,1,2024-11-27,Call
10787,1711,1,2024-10-13,Email
10788,1711,1,2024-11-03,Email
10789,1711,1,2024-10-04,Call
10790,1711,1,2024-12-03,Call
10791,1712,3,2026-04-16,Email
10792,1712,3,2026-06-02,Call
10793,1712,3,2026-05-03,Meeting
10794,1712,3,2026-05-19,Call
10795,1712,3,2026-05-12,Meeting
10796,1712,3,2026-04-19,Call
10797,1712,3,2026-05-19,Call
10798,1712,3,2026-04-01,Email
10799,1712,3,2026-05-25,Email
10800,1712,3,2026-06-03,Meeting
10801,1712,3,2026-06-24,Email
10802,1712,3,2026-05-30,Email
10803,1712,3,2026-03-19,Meeting
10804,1713,13,2024-08-03,Email
10805,1713,13,2024-08-17,Email
10806,1713,13,2024-07-27,Demo
10807,1713,13,2024-07-23,Email
10808,1713,13,2024-07-31,Demo
10809,1713,13,2024-08-08,Call
10810,1713,13,2024-08-06,Demo
10811,1713,13,2024-07-23,Call
10812,1713,13,2024-08-07,Meeting
10813,1713,13,2024-08-17,Call
10814,1713,13,2024-08-10,Email
10815,1713,13,2024-07-22,Meeting
10816,1714,2,2026-09-29,Call
10817,1714,2,2026-09-27,Email
10818,1714,2,2026-09-27,Email
10819,1715,2,2025-11-09,Call
10820,1715,2,2026-02-12,Call
10821,1715,2,2026-02-03,Meeting
10822,1715,2,2025-12-04,Call
10823,1715,2,2025-12-08,Call
10824,1715,2,2025-11-28,Call
10825,1715,2,2025-12-26,Email
10826,1715,2,2026-01-09,Meeting
10827,1715,2,2026-01-19,Call
10828,1715,2,2026-02-03,Email
10829,1715,2,2026-01-01,Call
10830,1715,2,2025-12-28,Email
10831,1715,2,2026-01-20,Meeting
10832,1716,12,2026-09-24,Meeting
10833,1716,12,2026-09-29,Email
10834,1716,12,2026-09-24,Email
10835,1716,12,2026-09-24,Call
10836,1716,12,2026-09-24,Email
10837,1717,5,2024-08-06,Call
10838,1717,5,2024-06-02,Demo
10839,1718,3,2026-08-03,Meeting
10840,1718,3,2026-06-24,Call
10841,1718,3,2026-05-16,Demo
10842,1718,3,2026-05-16,Meeting
10843,1718,3,2026-05-15,Call
10844,1718,3,2026-07-05,Demo
10845,1718,3,2026-06-10,Meeting
10846,1719,3,2026-07-01,Meeting
10847,1719,3,2026-09-15,Email
10848,1719,3,2026-05-31,Email
10849,1719,3,2026-06-29,Email
10850,1720,8,2025-05-10,Email
10851,1720,8,2025-05-31,Email
10852,1720,8,2025-04-12,Email
10853,1720,8,2025-04-02,Email
10854,1720,8,2025-05-24,Call
10855,1720,8,2025-04-26,Email
10856,1720,8,2025-04-03,Email
10857,1720,8,2025-05-02,Meeting
10858,1720,8,2025-05-17,Call
10859,1720,8,2025-05-23,Call
10860,1721,10,2024-09-18,Call
10861,1721,10,2024-09-01,Email
10862,1721,10,2024-09-18,Email
10863,1721,10,2024-08-26,Email
10864,1721,10,2024-09-09,Call
10865,1721,10,2024-09-23,Email
10866,1722,13,2025-06-10,Call
10867,1722,13,2025-06-13,Meeting
10868,1722,13,2025-06-10,Email
10869,1722,13,2025-06-13,Email
10870,1722,13,2025-06-15,Email
10871,1722,13,2025-06-06,Email
10872,1722,13,2025-06-18,Call
10873,1722,13,2025-06-16,Email
10874,1722,13,2025-06-05,Call
10875,1722,13,2025-06-14,Email
10876,1722,13,2025-06-08,Demo
10877,1723,7,2024-10-26,Call
10878,1723,7,2024-08-19,Email
10879,1723,7,2024-09-28,Email
10880,1723,7,2024-08-21,Call
10881,1723,7,2024-09-29,Meeting
10882,1723,7,2024-09-09,Email
10883,1723,7,2024-11-04,Demo
10884,1724,9,2026-04-17,Email
10885,1724,9,2026-05-27,Demo
10886,1724,9,2026-05-19,Meeting
10887,1724,9,2026-05-22,Call
10888,1724,9,2026-05-08,Demo
10889,1725,14,2025-10-16,Meeting
10890,1725,14,2025-09-18,Email
10891,1725,14,2025-09-06,Email
10892,1725,14,2025-10-04,Call
10893,1726,10,2024-09-24,Email
10894,1726,10,2024-10-05,Email
10895,1726,10,2024-10-09,Call
10896,1726,10,2024-10-10,Call
10897,1726,10,2024-09-15,Meeting
10898,1727,11,2026-05-29,Call
10899,1727,11,2026-05-20,Email
10900,1727,11,2026-06-10,Meeting
10901,1727,11,2026-06-05,Email
10902,1727,11,2026-06-11,Call
10903,1727,11,2026-05-24,Call
10904,1727,11,2026-06-06,Email
10905,1728,8,2024-04-01,Meeting
10906,1728,8,2024-03-27,Call
10907,1728,8,2024-04-18,Email
10908,1728,8,2024-04-12,Email
10909,1728,8,2024-04-29,Meeting
10910,1728,8,2024-04-09,Email
10911,1729,12,2024-10-17,Meeting
10912,1729,12,2024-10-18,Email
10913,1729,12,2024-10-02,Call
10914,1729,12,2024-10-14,Email
10915,1729,12,2024-10-06,Call
10916,1729,12,2024-10-13,Call
10917,1729,12,2024-10-16,Meeting
10918,1729,12,2024-10-14,Call
10919,1730,11,2025-03-11,Email
10920,1730,11,2025-03-10,Call
10921,1730,11,2025-03-10,Call
10922,1730,11,2025-03-17,Call
10923,1730,11,2025-02-22,Meeting
10924,1730,11,2025-02-22,Demo
10925,1730,11,2025-02-22,Meeting
10926,1730,11,2025-03-04,Demo
10927,1730,11,2025-03-05,Meeting
10928,1731,14,2024-10-29,Demo
10929,1731,14,2024-10-18,Email
10930,1731,14,2024-10-15,Email
10931,1731,14,2024-10-03,Call
10932,1731,14,2024-10-10,Email
10933,1732,7,2026-08-18,Call
10934,1732,7,2026-08-15,Call
10935,1732,7,2026-06-25,Call
10936,1732,7,2026-06-19,Email
10937,1732,7,2026-06-17,Call
10938,1733,9,2024-03-24,Call
10939,1733,9,2024-04-01,Meeting
10940,1733,9,2024-03-23,Meeting
10941,1733,9,2024-04-20,Email
10942,1733,9,2024-04-27,Call
10943,1733,9,2024-04-14,Call
10944,1733,9,2024-04-19,Demo
10945,1733,9,2024-04-28,Call
10946,1734,7,2024-06-13,Email
10947,1734,7,2024-05-30,Email
10948,1734,7,2024-05-06,Email
10949,1734,7,2024-07-17,Call
10950,1734,7,2024-05-28,Call
10951,1734,7,2024-05-25,Email
10952,1734,7,2024-07-09,Email
10953,1735,10,2025-02-01,Call
10954,1735,10,2025-02-11,Meeting
10955,1735,10,2025-02-13,Call
10956,1735,10,2025-01-28,Meeting
10957,1735,10,2025-02-16,Email
10958,1735,10,2025-02-13,Call
10959,1735,10,2025-02-11,Email
10960,1735,10,2025-02-03,Call
10961,1736,10,2026-01-14,Call
10962,1736,10,2026-01-19,Demo
10963,1736,10,2026-01-22,Call
10964,1736,10,2026-01-15,Email
10965,1736,10,2026-01-11,Email
10966,1736,10,2026-01-14,Email
10967,1737,8,2025-06-22,Email
10968,1737,8,2025-06-10,Meeting
10969,1737,8,2025-06-22,Meeting
10970,1737,8,2025-05-17,Demo
10971,1737,8,2025-06-27,Call
10972,1737,8,2025-06-04,Email
10973,1737,8,2025-05-12,Call
10974,1737,8,2025-05-29,Email
10975,1737,8,2025-05-17,Email
10976,1737,8,2025-06-02,Call
10977,1737,8,2025-06-10,Call
10978,1737,8,2025-06-27,Call
10979,1737,8,2025-05-07,Email
10980,1737,8,2025-05-27,Meeting
10981,1737,8,2025-05-30,Email
10982,1738,3,2025-06-23,Email
10983,1738,3,2025-05-19,Email
10984,1738,3,2025-06-18,Demo
10985,1738,3,2025-06-17,Email
10986,1738,3,2025-06-05,Email
10987,1738,3,2025-05-25,Call
10988,1738,3,2025-05-30,Call
10989,1738,3,2025-05-15,Call
10990,1738,3,2025-06-13,Call
10991,1738,3,2025-04-26,Demo
10992,1738,3,2025-06-15,Email
10993,1738,3,2025-05-08,Email
10994,1739,9,2026-09-20,Call
10995,1739,9,2026-08-23,Email
10996,1739,9,2026-08-30,Email
10997,1739,9,2026-09-09,Call
10998,1740,14,2024-07-22,Meeting
10999,1740,14,2024-07-24,Demo
11000,1740,14,2024-08-03,Call
11001,1740,14,2024-07-28,Email
11002,1740,14,2024-08-04,Email
11003,1740,14,2024-07-20,Email
11004,1740,14,2024-07-25,Email
11005,1741,13,2024-06-20,Meeting
11006,1742,12,2025-11-07,Call
11007,1742,12,2025-10-29,Demo
11008,1742,12,2025-10-19,Meeting
11009,1742,12,2025-10-25,Meeting
11010,1742,12,2025-10-30,Meeting
11011,1742,12,2025-11-04,Demo
11012,1742,12,2025-10-29,Email
11013,1743,5,2025-09-27,Email
11014,1743,5,2025-09-24,Demo
11015,1743,5,2025-09-21,Email
11016,1743,5,2025-10-03,Email
11017,1743,5,2025-09-27,Email
11018,1743,5,2025-09-20,Email
11019,1744,12,2025-03-11,Call
11020,1744,12,2025-04-22,Email
11021,1744,12,2025-02-22,Email
11022,1744,12,2025-03-31,Meeting
11023,1744,12,2025-04-04,Meeting
11024,1744,12,2025-03-18,Email
11025,1744,12,2025-03-03,Call
11026,1744,12,2025-03-01,Call
11027,1744,12,2025-04-25,Meeting
11028,1744,12,2025-04-29,Email
11029,1745,12,2025-11-11,Call
11030,1745,12,2025-11-17,Call
11031,1745,12,2025-11-06,Call
11032,1746,9,2025-02-05,Email
11033,1746,9,2025-03-12,Email
11034,1746,9,2025-02-11,Email
11035,1746,9,2025-03-17,Email
11036,1746,9,2025-02-09,Call
11037,1746,9,2025-02-01,Email
11038,1746,9,2025-02-17,Call
11039,1746,9,2025-03-20,Demo
11040,1746,9,2025-03-11,Call
11041,1746,9,2025-02-26,Email
11042,1746,9,2025-03-21,Meeting
11043,1746,9,2025-02-05,Call
11044,1746,9,2025-02-26,Call
11045,1746,9,2025-03-07,Email
11046,1746,9,2025-04-01,Call
11047,1746,9,2025-03-10,Email
11048,1746,9,2025-03-31,Email
11049,1746,9,2025-02-23,Email
11050,1746,9,2025-02-26,Meeting
11051,1747,5,2024-11-17,Call
11052,1747,5,2024-10-03,Demo
11053,1747,5,2024-11-14,Call
11054,1747,5,2024-10-15,Email
11055,1748,10,2024-06-18,Email
11056,1748,10,2024-06-18,Demo
11057,1748,10,2024-06-04,Demo
11058,1749,7,2024-06-27,Call
11059,1749,7,2024-07-03,Email
11060,1749,7,2024-06-25,Call
11061,1749,7,2024-06-19,Meeting
11062,1750,7,2025-09-25,Demo
11063,1750,7,2025-08-12,Email
11064,1750,7,2025-08-11,Call
11065,1750,7,2025-09-14,Email
11066,1750,7,2025-08-23,Call
11067,1750,7,2025-09-23,Email
11068,1750,7,2025-10-14,Email
11069,1750,7,2025-08-15,Email
11070,1750,7,2025-08-09,Call
11071,1750,7,2025-08-15,Call
11072,1750,7,2025-08-17,Call
11073,1750,7,2025-10-12,Call
11074,1750,7,2025-08-06,Email
11075,1750,7,2025-09-09,Email
11076,1750,7,2025-10-30,Email
11077,1751,13,2025-02-24,Call
11078,1751,13,2025-03-06,Call
11079,1751,13,2025-03-12,Meeting
11080,1751,13,2025-02-24,Email
11081,1751,13,2025-02-17,Meeting
11082,1751,13,2025-03-12,Email
11083,1751,13,2025-02-27,Email
11084,1751,13,2025-02-19,Call
11085,1751,13,2025-02-19,Call
11086,1751,13,2025-02-24,Demo
11087,1751,13,2025-02-21,Email
11088,1752,8,2025-01-13,Call
11089,1752,8,2025-01-08,Email
11090,1752,8,2025-02-04,Call
11091,1752,8,2025-01-26,Call
11092,1754,3,2026-07-16,Meeting
11093,1754,3,2026-06-27,Meeting
11094,1754,3,2026-06-28,Call
11095,1754,3,2026-09-16,Call
11096,1754,3,2026-07-14,Call
11097,1755,12,2024-12-21,Call
11098,1755,12,2024-12-15,Email
11099,1755,12,2024-12-28,Email
11100,1755,12,2024-12-28,Email
11101,1756,5,2024-07-21,Demo
11102,1756,5,2024-08-15,Meeting
11103,1757,13,2026-05-15,Email
11104,1757,13,2026-05-21,Call
11105,1757,13,2026-05-14,Email
11106,1758,14,2026-06-23,Email
11107,1758,14,2026-07-05,Call
11108,1758,14,2026-06-20,Email
11109,1758,14,2026-06-22,Email
11110,1759,10,2025-02-09,Call
11111,1759,10,2025-02-01,Meeting
11112,1759,10,2025-02-01,Meeting
11113,1759,10,2025-02-01,Meeting
11114,1760,5,2025-12-23,Email
11115,1761,6,2026-08-17,Demo
11116,1761,6,2026-08-11,Call
11117,1761,6,2026-09-10,Meeting
11118,1762,8,2025-07-24,Call
11119,1762,8,2025-09-13,Meeting
11120,1762,8,2025-08-14,Call
11121,1762,8,2025-08-07,Call
11122,1762,8,2025-07-29,Call
11123,1762,8,2025-08-28,Email
11124,1762,8,2025-07-22,Email
11125,1762,8,2025-08-19,Meeting
11126,1763,11,2024-03-14,Email
11127,1763,11,2024-04-05,Meeting
11128,1763,11,2024-03-07,Call
11129,1763,11,2024-03-11,Email
11130,1763,11,2024-03-21,Email
11131,1764,2,2026-03-06,Demo
11132,1764,2,2026-02-23,Email
11133,1764,2,2026-05-18,Meeting
11134,1764,2,2026-03-09,Email
11135,1764,2,2026-05-18,Call
11136,1764,2,2026-03-21,Meeting
11137,1764,2,2026-03-24,Email
11138,1764,2,2026-04-04,Call
11139,1764,2,2026-03-31,Meeting
11140,1764,2,2026-04-22,Call
11141,1764,2,2026-03-08,Email
11142,1764,2,2026-05-25,Email
11143,1764,2,2026-05-22,Email
11144,1764,2,2026-02-22,Call
11145,1764,2,2026-05-15,Email
11146,1764,2,2026-04-11,Meeting
11147,1764,2,2026-03-09,Meeting
11148,1764,2,2026-03-24,Meeting
11149,1764,2,2026-04-19,Meeting
11150,1764,2,2026-05-13,Call
11151,1765,13,2025-03-05,Call
11152,1765,13,2025-01-30,Email
11153,1765,13,2025-02-01,Call
11154,1765,13,2025-03-09,Call
11155,1765,13,2025-02-02,Demo
11156,1766,8,2026-07-01,Demo
11157,1766,8,2026-06-13,Meeting
11158,1766,8,2026-06-13,Meeting
11159,1767,3,2025-05-26,Demo
11160,1767,3,2025-06-09,Email
11161,1767,3,2025-07-08,Email
11162,1768,12,2026-08-25,Call
11163,1768,12,2026-08-27,Email
11164,1768,12,2026-08-22,Meeting
11165,1768,12,2026-08-29,Email
11166,1768,12,2026-08-13,Call
11167,1768,12,2026-08-20,Meeting
11168,1768,12,2026-08-17,Email
11169,1769,7,2025-12-13,Meeting
11170,1769,7,2026-01-04,Email
11171,1769,7,2025-12-07,Meeting
11172,1769,7,2025-12-30,Email
11173,1769,7,2025-12-26,Demo
11174,1769,7,2025-12-21,Call
11175,1769,7,2025-12-04,Call
11176,1769,7,2025-12-23,Email
11177,1769,7,2025-12-11,Call
11178,1770,12,2026-09-23,Call
11179,1771,14,2026-08-13,Email
11180,1771,14,2026-08-10,Email
11181,1771,14,2026-08-20,Demo
11182,1771,14,2026-08-13,Meeting
11183,1771,14,2026-08-26,Demo
11184,1771,14,2026-08-17,Meeting
11185,1771,14,2026-08-21,Meeting
11186,1771,14,2026-08-29,Call
11187,1772,12,2024-09-12,Email
11188,1772,12,2024-09-12,Call
11189,1772,12,2024-09-13,Email
11190,1773,5,2025-07-26,Email
11191,1773,5,2025-08-26,Meeting
11192,1773,5,2025-07-24,Email
11193,1773,5,2025-08-01,Call
11194,1773,5,2025-07-26,Meeting
11195,1773,5,2025-09-01,Demo
11196,1774,12,2024-11-13,Email
11197,1774,12,2024-11-18,Call
11198,1774,12,2024-11-16,Call
11199,1774,12,2024-11-08,Call
11200,1774,12,2024-10-31,Call
11201,1774,12,2024-11-22,Call
11202,1774,12,2024-11-16,Demo
11203,1774,12,2024-11-07,Meeting
11204,1775,12,2025-07-10,Call
11205,1775,12,2025-07-02,Email
11206,1775,12,2025-07-15,Demo
11207,1775,12,2025-07-04,Call
11208,1776,13,2025-02-12,Meeting
11209,1776,13,2025-02-09,Meeting
11210,1776,13,2025-02-01,Email
11211,1777,3,2024-09-07,Call
11212,1777,3,2024-09-20,Call
11213,1777,3,2024-11-03,Meeting
11214,1777,3,2024-10-31,Call
11215,1777,3,2024-09-15,Demo
11216,1777,3,2024-09-26,Call
11217,1777,3,2024-10-22,Call
11218,1777,3,2024-10-07,Call
11219,1777,3,2024-09-30,Email
11220,1778,9,2026-06-23,Call
11221,1778,9,2026-07-30,Email
11222,1779,9,2025-03-13,Meeting
11223,1779,9,2025-03-26,Call
11224,1779,9,2025-04-05,Email
11225,1779,9,2025-03-24,Email
11226,1780,11,2026-02-15,Call
11227,1780,11,2026-02-22,Call
11228,1780,11,2026-02-14,Email
11229,1780,11,2026-02-22,Email
11230,1781,6,2026-08-27,Email
11231,1781,6,2026-09-09,Email
11232,1781,6,2026-08-07,Call
11233,1781,6,2026-09-02,Call
11234,1781,6,2026-08-27,Call
11235,1781,6,2026-09-04,Call
11236,1781,6,2026-08-23,Call
11237,1781,6,2026-09-08,Email
11238,1781,6,2026-08-05,Email
11239,1782,11,2026-01-24,Meeting
11240,1782,11,2026-02-07,Email
11241,1782,11,2026-01-25,Call
11242,1782,11,2026-01-22,Email
11243,1783,6,2025-04-08,Demo
11244,1783,6,2025-03-19,Call
11245,1783,6,2025-03-29,Email
11246,1783,6,2025-04-20,Call
11247,1783,6,2025-05-05,Email
11248,1783,6,2025-04-24,Call
11249,1783,6,2025-02-23,Call
11250,1783,6,2025-04-20,Call
11251,1783,6,2025-04-14,Meeting
11252,1784,14,2025-05-15,Call
11253,1784,14,2025-05-06,Meeting
11254,1784,14,2025-05-07,Email
11255,1784,14,2025-05-01,Email
11256,1785,11,2025-09-13,Meeting
11257,1786,10,2025-02-19,Email
11258,1786,10,2025-02-03,Call
11259,1786,10,2025-02-24,Email
11260,1786,10,2025-01-29,Call
11261,1786,10,2025-02-07,Meeting
11262,1787,8,2026-08-18,Email
11263,1787,8,2026-08-28,Call
11264,1787,8,2026-08-16,Email
11265,1787,8,2026-09-01,Email
11266,1787,8,2026-08-04,Meeting
11267,1787,8,2026-06-05,Call
11268,1787,8,2026-06-20,Call
11269,1788,14,2024-03-15,Email
11270,1788,14,2024-03-22,Email
11271,1788,14,2024-03-17,Email
11272,1788,14,2024-03-14,Meeting
11273,1788,14,2024-03-10,Call
11274,1788,14,2024-03-24,Call
11275,1788,14,2024-03-25,Email
11276,1788,14,2024-03-08,Email
11277,1788,14,2024-03-11,Email
11278,1789,12,2024-11-06,Email
11279,1789,12,2024-11-04,Call
11280,1789,12,2024-11-11,Call
11281,1789,12,2024-10-27,Meeting
11282,1790,14,2025-05-18,Call
11283,1791,8,2026-08-21,Meeting
11284,1791,8,2026-07-08,Call
11285,1791,8,2026-08-22,Email
11286,1791,8,2026-08-01,Meeting
11287,1791,8,2026-08-18,Email
11288,1791,8,2026-08-04,Call
11289,1791,8,2026-07-16,Meeting
11290,1791,8,2026-07-28,Call
11291,1792,12,2024-05-27,Call
11292,1792,12,2024-05-15,Email
11293,1792,12,2024-05-28,Email
11294,1792,12,2024-05-10,Meeting
11295,1792,12,2024-05-30,Call
11296,1792,12,2024-05-27,Email
11297,1792,12,2024-05-21,Meeting
11298,1792,12,2024-05-11,Email
11299,1792,12,2024-05-27,Demo
11300,1792,12,2024-05-28,Meeting
11301,1792,12,2024-05-25,Demo
11302,1793,1,2026-03-11,Email
11303,1793,1,2026-02-27,Meeting
11304,1793,1,2026-01-21,Demo
11305,1793,1,2026-03-04,Meeting
11306,1793,1,2026-02-04,Email
11307,1793,1,2026-02-21,Meeting
11308,1793,1,2026-03-02,Email
11309,1793,1,2026-02-06,Call
11310,1793,1,2026-03-03,Call
11311,1793,1,2026-03-17,Email
11312,1793,1,2026-03-01,Email
11313,1793,1,2026-03-20,Call
11314,1793,1,2026-01-24,Demo
11315,1793,1,2026-03-05,Call
11316,1793,1,2026-03-05,Email
11317,1794,5,2025-03-19,Email
11318,1794,5,2025-05-07,Meeting
11319,1794,5,2025-05-05,Email
11320,1794,5,2025-04-14,Meeting
11321,1794,5,2025-05-04,Call
11322,1794,5,2025-05-05,Call
11323,1794,5,2025-05-15,Email
11324,1794,5,2025-05-04,Meeting
11325,1794,5,2025-05-04,Call
11326,1795,11,2026-01-13,Call
11327,1795,11,2025-12-22,Meeting
11328,1795,11,2025-12-24,Meeting
11329,1796,7,2026-02-19,Call
11330,1796,7,2026-03-04,Demo
11331,1796,7,2026-02-22,Email
11332,1796,7,2026-03-14,Meeting
11333,1796,7,2026-03-12,Meeting
11334,1796,7,2026-03-04,Email
11335,1796,7,2026-02-21,Email
11336,1796,7,2026-02-27,Email
11337,1797,14,2024-05-24,Call
11338,1797,14,2024-05-08,Email
11339,1797,14,2024-05-14,Meeting
11340,1797,14,2024-04-24,Email
11341,1797,14,2024-05-11,Meeting
11342,1797,14,2024-05-06,Email
11343,1797,14,2024-05-06,Meeting
11344,1797,14,2024-05-25,Email
11345,1797,14,2024-05-24,Email
11346,1797,14,2024-05-12,Meeting
11347,1797,14,2024-05-09,Email
11348,1797,14,2024-05-05,Call
11349,1797,14,2024-05-07,Meeting
11350,1797,14,2024-05-25,Meeting
11351,1797,14,2024-05-10,Call
11352,1798,6,2026-08-12,Meeting
11353,1798,6,2026-07-22,Call
11354,1798,6,2026-08-11,Call
11355,1798,6,2026-08-07,Call
11356,1798,6,2026-07-19,Call
11357,1799,3,2026-03-17,Email
11358,1799,3,2026-06-05,Email
11359,1800,13,2025-11-09,Email
11360,1800,13,2025-11-19,Call
11361,1800,13,2025-11-11,Call
11362,1801,4,2025-10-06,Email
11363,1801,4,2025-09-17,Call
11364,1801,4,2025-09-25,Meeting
11365,1801,4,2025-09-30,Email
11366,1801,4,2025-09-07,Demo
11367,1802,12,2025-01-23,Email
11368,1802,12,2025-01-28,Demo
11369,1802,12,2025-01-29,Demo
11370,1802,12,2025-02-01,Meeting
11371,1802,12,2025-01-20,Email
11372,1802,12,2025-02-03,Demo
11373,1803,3,2025-07-16,Email
11374,1803,3,2025-08-01,Email
11375,1803,3,2025-09-16,Demo
11376,1804,8,2025-01-01,Demo
11377,1804,8,2025-01-09,Call
11378,1804,8,2024-12-30,Call
11379,1805,5,2026-02-05,Call
11380,1805,5,2026-02-18,Email
11381,1805,5,2026-02-20,Email
11382,1806,8,2026-05-30,Email
11383,1807,4,2024-10-10,Email
11384,1807,4,2024-08-28,Email
11385,1807,4,2024-10-28,Meeting
11386,1807,4,2024-11-09,Email
11387,1807,4,2024-10-11,Email
11388,1807,4,2024-11-06,Call
11389,1807,4,2024-09-16,Call
11390,1808,8,2026-09-23,Call
11391,1808,8,2026-09-27,Call
11392,1808,8,2026-09-23,Email
11393,1808,8,2026-09-20,Demo
11394,1808,8,2026-09-24,Email
11395,1808,8,2026-09-23,Call
11396,1809,8,2025-02-13,Demo
11397,1809,8,2025-02-18,Call
11398,1809,8,2025-04-05,Call
11399,1809,8,2025-03-15,Email
11400,1809,8,2025-03-20,Email
11401,1809,8,2025-03-22,Demo
11402,1810,6,2026-07-25,Email
11403,1810,6,2026-07-22,Email
11404,1810,6,2026-07-27,Meeting
11405,1810,6,2026-08-13,Meeting
11406,1810,6,2026-08-05,Meeting
11407,1810,6,2026-07-21,Email
11408,1811,6,2026-09-23,Email
11409,1811,6,2026-09-28,Email
11410,1811,6,2026-09-23,Call
11411,1811,6,2026-09-24,Call
11412,1811,6,2026-09-26,Meeting
11413,1812,1,2026-05-07,Email
11414,1812,1,2026-06-11,Email
11415,1812,1,2026-06-21,Email
11416,1812,1,2026-05-21,Email
11417,1813,8,2025-11-23,Call
11418,1813,8,2025-12-09,Meeting
11419,1813,8,2025-11-21,Meeting
11420,1813,8,2025-11-30,Call
11421,1813,8,2025-11-18,Meeting
11422,1813,8,2025-11-24,Demo
11423,1814,7,2025-08-15,Call
11424,1814,7,2025-10-15,Demo
11425,1814,7,2025-10-13,Call
11426,1814,7,2025-08-10,Call
11427,1815,8,2024-08-18,Call
11428,1815,8,2024-09-13,Email
11429,1815,8,2024-08-26,Meeting
11430,1815,8,2024-09-04,Email
11431,1815,8,2024-08-06,Call
11432,1815,8,2024-09-03,Email
11433,1816,1,2025-10-06,Meeting
11434,1816,1,2025-08-08,Email
11435,1816,1,2025-08-01,Call
11436,1816,1,2025-08-09,Meeting
11437,1816,1,2025-07-31,Meeting
11438,1816,1,2025-08-21,Meeting
11439,1816,1,2025-10-02,Call
11440,1816,1,2025-08-04,Email
11441,1816,1,2025-08-31,Call
11442,1816,1,2025-08-31,Call
11443,1816,1,2025-09-07,Demo
11444,1816,1,2025-08-22,Call
11445,1816,1,2025-08-30,Call
11446,1816,1,2025-09-02,Email
11447,1817,7,2026-02-15,Call
11448,1817,7,2026-03-18,Email
11449,1818,12,2025-06-08,Meeting
11450,1818,12,2025-05-31,Call
11451,1818,12,2025-05-18,Call
11452,1818,12,2025-06-05,Email
11453,1818,12,2025-06-01,Meeting
11454,1818,12,2025-06-02,Call
11455,1818,12,2025-05-24,Call
11456,1818,12,2025-06-14,Meeting
11457,1818,12,2025-05-28,Email
11458,1818,12,2025-06-05,Call
11459,1818,12,2025-05-28,Email
11460,1818,12,2025-05-22,Call
11461,1819,12,2026-05-24,Call
11462,1819,12,2026-05-24,Call
11463,1819,12,2026-05-25,Demo
11464,1819,12,2026-05-22,Call
11465,1819,12,2026-05-26,Email
11466,1819,12,2026-05-26,Email
11467,1820,2,2026-02-05,Email
11468,1820,2,2026-03-18,Call
11469,1820,2,2026-02-14,Email
11470,1820,2,2026-01-24,Email
11471,1821,9,2025-01-29,Meeting
11472,1821,9,2024-12-06,Call
11473,1821,9,2025-01-15,Meeting
11474,1821,9,2025-01-26,Meeting
11475,1822,5,2024-06-19,Call
11476,1822,5,2024-06-20,Call
11477,1822,5,2024-05-31,Call
11478,1822,5,2024-05-04,Call
11479,1822,5,2024-04-27,Call
11480,1822,5,2024-07-02,Call
11481,1822,5,2024-04-30,Email
11482,1822,5,2024-07-14,Call
11483,1822,5,2024-05-08,Email
11484,1822,5,2024-07-09,Meeting
11485,1822,5,2024-07-10,Meeting
11486,1823,7,2026-09-15,Call
11487,1823,7,2026-09-22,Call
11488,1823,7,2026-09-13,Call
11489,1823,7,2026-09-12,Call
11490,1823,7,2026-09-27,Email
11491,1824,13,2024-12-29,Call
11492,1824,13,2024-12-09,Email
11493,1825,8,2026-08-05,Call
11494,1825,8,2026-07-29,Meeting
11495,1825,8,2026-08-02,Email
11496,1825,8,2026-08-23,Call
11497,1825,8,2026-07-16,Meeting
11498,1825,8,2026-08-20,Call
11499,1826,11,2025-11-14,Email
11500,1826,11,2025-12-02,Meeting
11501,1826,11,2025-11-12,Email
11502,1826,11,2025-11-22,Meeting
11503,1826,11,2025-12-03,Meeting
11504,1826,11,2025-11-28,Email
11505,1827,8,2025-12-16,Email
11506,1827,8,2025-09-12,Email
11507,1827,8,2025-09-12,Email
11508,1828,2,2024-07-18,Call
11509,1828,2,2024-07-11,Call
11510,1828,2,2024-08-18,Call
11511,1828,2,2024-07-24,Call
11512,1828,2,2024-07-26,Meeting
11513,1828,2,2024-09-02,Call
11514,1828,2,2024-08-02,Email
11515,1829,8,2026-09-04,Call
11516,1829,8,2026-08-26,Call
11517,1829,8,2026-08-10,Call
11518,1829,8,2026-08-23,Call
11519,1829,8,2026-08-18,Call
11520,1829,8,2026-08-08,Email
11521,1829,8,2026-08-17,Email
11522,1829,8,2026-08-17,Email
11523,1829,8,2026-08-17,Call
11524,1830,10,2025-06-02,Email
11525,1830,10,2025-05-28,Call
11526,1830,10,2025-06-04,Email
11527,1830,10,2025-06-12,Call
11528,1830,10,2025-06-10,Call
11529,1831,6,2025-06-30,Meeting
11530,1831,6,2025-06-27,Call
11531,1831,6,2025-06-20,Email
11532,1831,6,2025-08-18,Email
11533,1831,6,2025-07-08,Email
11534,1831,6,2025-06-27,Email
11535,1831,6,2025-07-26,Call
11536,1831,6,2025-07-01,Email
11537,1831,6,2025-08-10,Call
11538,1831,6,2025-06-27,Demo
11539,1831,6,2025-07-19,Call
11540,1831,6,2025-07-06,Email
11541,1831,6,2025-07-20,Demo
11542,1831,6,2025-08-14,Call
11543,1832,12,2024-07-23,Call
11544,1832,12,2024-07-11,Meeting
11545,1832,12,2024-07-29,Email
11546,1832,12,2024-07-25,Call
11547,1832,12,2024-07-22,Call
11548,1833,5,2024-04-11,Email
11549,1833,5,2024-04-18,Call
11550,1833,5,2024-05-15,Email
11551,1833,5,2024-04-27,Call
11552,1833,5,2024-04-04,Call
11553,1833,5,2024-04-17,Call
11554,1834,11,2025-12-09,Email
11555,1834,11,2025-12-15,Demo
11556,1834,11,2025-12-16,Email
11557,1834,11,2025-12-01,Call
11558,1834,11,2025-12-27,Email
11559,1834,11,2025-12-27,Email
11560,1834,11,2025-12-18,Email
11561,1834,11,2025-12-15,Call
11562,1834,11,2025-12-26,Meeting
11563,1834,11,2025-12-24,Email
11564,1835,9,2024-11-21,Call
11565,1835,9,2024-11-25,Meeting
11566,1835,9,2024-12-09,Email
11567,1835,9,2024-12-09,Meeting
11568,1835,9,2024-11-22,Email
11569,1835,9,2024-12-11,Email
11570,1835,9,2024-12-11,Call
11571,1835,9,2024-11-05,Call
11572,1835,9,2024-10-29,Email
11573,1835,9,2024-11-17,Email
11574,1835,9,2024-10-26,Call
11575,1836,1,2026-01-14,Demo
11576,1836,1,2026-02-02,Meeting
11577,1836,1,2026-02-06,Email
11578,1836,1,2026-01-08,Call
11579,1836,1,2025-12-22,Call
11580,1836,1,2026-01-05,Meeting
11581,1836,1,2026-02-05,Email
11582,1836,1,2025-12-20,Email
11583,1836,1,2025-12-27,Call
11584,1836,1,2026-02-05,Email
11585,1837,10,2024-06-02,Call
11586,1837,10,2024-06-12,Call
11587,1837,10,2024-06-04,Meeting
11588,1837,10,2024-06-05,Email
11589,1837,10,2024-06-07,Email
11590,1838,14,2024-09-03,Call
11591,1838,14,2024-09-12,Call
11592,1839,13,2026-04-23,Email
11593,1839,13,2026-04-08,Call
11594,1839,13,2026-04-11,Email
11595,1839,13,2026-05-01,Email
11596,1839,13,2026-04-24,Email
11597,1839,13,2026-04-23,Demo
11598,1839,13,2026-04-17,Email
11599,1839,13,2026-04-18,Call
11600,1840,8,2024-12-10,Email
11601,1840,8,2024-12-01,Email
11602,1840,8,2024-12-22,Email
11603,1840,8,2024-12-24,Call
11604,1840,8,2024-12-16,Email
11605,1840,8,2024-12-12,Call
11606,1840,8,2024-12-06,Email
11607,1840,8,2024-11-30,Call
11608,1840,8,2024-12-19,Email
11609,1840,8,2024-12-15,Meeting
11610,1840,8,2024-12-02,Email
11611,1841,10,2025-08-15,Call
11612,1841,10,2025-08-19,Call
11613,1841,10,2025-08-21,Email
11614,1842,4,2024-03-16,Meeting
11615,1842,4,2024-02-02,Demo
11616,1842,4,2024-04-11,Meeting
11617,1842,4,2024-04-02,Call
11618,1843,10,2026-01-20,Meeting
11619,1843,10,2025-12-25,Call
11620,1843,10,2025-12-31,Email
11621,1843,10,2026-01-11,Email
11622,1843,10,2025-12-27,Call
11623,1843,10,2026-01-27,Email
11624,1843,10,2026-01-24,Demo
11625,1844,9,2025-07-23,Email
11626,1844,9,2025-07-12,Call
11627,1844,9,2025-06-30,Meeting
11628,1844,9,2025-07-09,Meeting
11629,1844,9,2025-07-29,Call
11630,1844,9,2025-08-12,Email
11631,1845,13,2025-04-17,Email
11632,1845,13,2025-04-09,Email
11633,1845,13,2025-04-06,Email
11634,1845,13,2025-04-07,Email
11635,1845,13,2025-04-04,Call
11636,1845,13,2025-04-02,Call
11637,1845,13,2025-04-06,Email
11638,1845,13,2025-04-13,Call
11639,1845,13,2025-04-09,Meeting
11640,1845,13,2025-04-04,Email
11641,1845,13,2025-04-02,Meeting
11642,1845,13,2025-04-03,Call
11643,1845,13,2025-04-05,Call
11644,1845,13,2025-04-16,Email
11645,1845,13,2025-04-17,Call
11646,1846,1,2026-08-02,Call
11647,1846,1,2026-07-11,Call
11648,1846,1,2026-07-07,Email
11649,1846,1,2026-08-21,Email
11650,1846,1,2026-08-17,Email
11651,1846,1,2026-08-13,Demo
11652,1846,1,2026-09-01,Demo
11653,1846,1,2026-09-11,Call
11654,1846,1,2026-09-23,Email
11655,1847,13,2026-09-06,Call
11656,1847,13,2026-09-07,Email
11657,1847,13,2026-09-09,Meeting
11658,1847,13,2026-09-10,Call
11659,1847,13,2026-09-04,Call
11660,1847,13,2026-09-03,Meeting
11661,1847,13,2026-09-06,Meeting
11662,1847,13,2026-09-07,Call
11663,1847,13,2026-09-12,Email
11664,1847,13,2026-09-10,Email
11665,1847,13,2026-09-06,Meeting
11666,1848,14,2024-04-21,Call
11667,1848,14,2024-04-26,Email
11668,1848,14,2024-04-26,Call
11669,1848,14,2024-04-24,Email
11670,1848,14,2024-03-27,Email
11671,1848,14,2024-04-10,Email
11672,1848,14,2024-04-12,Email
11673,1848,14,2024-04-18,Demo
11674,1848,14,2024-04-26,Call
11675,1849,10,2025-09-18,Meeting
11676,1849,10,2025-09-17,Email
11677,1849,10,2025-10-21,Email
11678,1849,10,2025-09-24,Meeting
11679,1849,10,2025-09-29,Email
11680,1849,10,2025-09-17,Call
11681,1851,13,2026-03-24,Call
11682,1851,13,2026-03-23,Call
11683,1851,13,2026-03-31,Call
11684,1852,10,2024-08-31,Call
11685,1852,10,2024-09-08,Email
11686,1852,10,2024-09-09,Meeting
11687,1852,10,2024-09-15,Email
11688,1852,10,2024-09-12,Email
11689,1852,10,2024-09-11,Call
11690,1852,10,2024-09-06,Call
11691,1852,10,2024-09-07,Call
11692,1853,6,2025-04-17,Email
11693,1853,6,2025-03-01,Email
11694,1853,6,2025-04-13,Call
11695,1853,6,2025-04-12,Email
11696,1853,6,2025-03-10,Meeting
11697,1853,6,2025-03-24,Email
11698,1853,6,2025-03-09,Email
11699,1853,6,2025-03-25,Call
11700,1853,6,2025-04-10,Email
11701,1853,6,2025-05-04,Meeting
11702,1853,6,2025-03-25,Call
11703,1853,6,2025-03-04,Email
11704,1853,6,2025-03-17,Email
11705,1854,6,2024-11-20,Email
11706,1854,6,2024-10-27,Meeting
11707,1855,1,2025-08-05,Meeting
11708,1855,1,2025-08-18,Email
11709,1855,1,2025-08-17,Call
11710,1855,1,2025-07-28,Call
11711,1855,1,2025-09-22,Call
11712,1855,1,2025-09-03,Call
11713,1856,7,2025-08-31,Email
11714,1856,7,2025-08-29,Call
11715,1856,7,2025-08-03,Call
11716,1857,1,2025-09-19,Demo
11717,1857,1,2025-08-19,Email
11718,1857,1,2025-07-20,Email
11719,1857,1,2025-07-20,Call
11720,1857,1,2025-09-28,Call
11721,1857,1,2025-08-08,Call
11722,1857,1,2025-09-20,Demo
11723,1857,1,2025-07-11,Demo
11724,1857,1,2025-08-10,Meeting
11725,1857,1,2025-09-12,Call
11726,1857,1,2025-08-21,Meeting
11727,1857,1,2025-07-31,Email
11728,1857,1,2025-07-13,Email
11729,1857,1,2025-09-14,Meeting
11730,1857,1,2025-09-21,Email
11731,1857,1,2025-08-05,Email
11732,1857,1,2025-08-03,Email
11733,1857,1,2025-09-15,Meeting
11734,1858,14,2025-06-23,Call
11735,1858,14,2025-06-26,Call
11736,1858,14,2025-06-23,Call
11737,1858,14,2025-06-26,Call
11738,1859,13,2024-08-13,Email
11739,1859,13,2024-08-17,Meeting
11740,1859,13,2024-08-03,Email
11741,1859,13,2024-07-27,Meeting
11742,1859,13,2024-08-22,Call
11743,1859,13,2024-07-30,Email
11744,1859,13,2024-07-15,Meeting
11745,1859,13,2024-07-04,Call
11746,1859,13,2024-07-05,Email
11747,1860,10,2024-04-07,Call
11748,1860,10,2024-03-28,Email
11749,1860,10,2024-03-04,Call
11750,1860,10,2024-04-07,Call
11751,1860,10,2024-04-07,Call
11752,1860,10,2024-02-26,Email
11753,1860,10,2024-03-31,Email
11754,1860,10,2024-02-29,Meeting
11755,1860,10,2024-03-04,Meeting
11756,1860,10,2024-03-10,Call
11757,1861,13,2025-05-28,Call
11758,1861,13,2025-05-31,Email
11759,1861,13,2025-06-03,Call
11760,1861,13,2025-06-10,Call
11761,1861,13,2025-07-04,Call
11762,1861,13,2025-07-08,Email
11763,1861,13,2025-06-14,Email
11764,1861,13,2025-06-05,Email
11765,1861,13,2025-06-04,Meeting
11766,1861,13,2025-06-28,Call
11767,1861,13,2025-06-29,Email
11768,1861,13,2025-06-08,Meeting
11769,1861,13,2025-06-06,Call
11770,1861,13,2025-06-27,Call
11771,1862,6,2026-07-20,Email
11772,1862,6,2026-08-01,Email
11773,1862,6,2026-08-08,Demo
11774,1862,6,2026-07-19,Email
11775,1862,6,2026-07-21,Meeting
11776,1862,6,2026-08-03,Call
11777,1863,8,2026-07-15,Call
11778,1863,8,2026-06-26,Email
11779,1863,8,2026-07-09,Call
11780,1863,8,2026-07-06,Demo
11781,1863,8,2026-07-12,Meeting
11782,1863,8,2026-07-07,Email
11783,1863,8,2026-06-24,Meeting
11784,1863,8,2026-06-15,Call
11785,1863,8,2026-07-19,Email
11786,1863,8,2026-06-08,Call
11787,1863,8,2026-06-29,Email
11788,1864,10,2025-10-15,Email
11789,1864,10,2025-11-02,Email
11790,1864,10,2025-10-23,Demo
11791,1865,1,2025-11-01,Meeting
11792,1865,1,2025-11-20,Email
11793,1865,1,2025-12-05,Call
11794,1865,1,2025-12-12,Call
11795,1865,1,2025-11-12,Email
11796,1865,1,2025-09-27,Call
11797,1865,1,2025-11-21,Meeting
11798,1865,1,2025-11-27,Email
11799,1865,1,2025-10-13,Call
11800,1865,1,2025-10-21,Email
11801,1865,1,2025-10-28,Meeting
11802,1865,1,2025-10-13,Email
11803,1865,1,2025-10-05,Email
11804,1865,1,2025-09-14,Meeting
11805,1866,5,2024-03-06,Meeting
11806,1866,5,2024-01-20,Email
11807,1867,5,2026-09-24,Demo
11808,1867,5,2026-09-19,Email
11809,1867,5,2026-09-27,Call
11810,1867,5,2026-09-23,Email
11811,1868,12,2025-08-30,Email
11812,1868,12,2025-08-29,Email
11813,1868,12,2025-09-11,Email
11814,1868,12,2025-09-28,Call
11815,1868,12,2025-09-11,Call
11816,1869,12,2026-07-31,Call
11817,1869,12,2026-07-29,Call
11818,1869,12,2026-07-28,Meeting
11819,1869,12,2026-08-08,Email
11820,1869,12,2026-08-11,Call
11821,1870,4,2026-05-24,Call
11822,1870,4,2026-05-16,Meeting
11823,1870,4,2026-04-12,Meeting
11824,1870,4,2026-06-06,Email
11825,1870,4,2026-05-30,Email
11826,1870,4,2026-05-09,Email
11827,1870,4,2026-04-11,Email
11828,1871,11,2025-09-27,Email
11829,1871,11,2025-10-31,Meeting
11830,1871,11,2025-10-16,Email
11831,1872,7,2026-09-11,Call
11832,1872,7,2026-09-03,Call
11833,1872,7,2026-08-25,Email
11834,1872,7,2026-08-21,Email
11835,1873,10,2026-06-21,Call
11836,1873,10,2026-07-11,Call
11837,1873,10,2026-06-25,Call
11838,1873,10,2026-06-17,Call
11839,1873,10,2026-06-17,Email
11840,1873,10,2026-07-01,Call
11841,1873,10,2026-06-22,Call
11842,1873,10,2026-07-07,Call
11843,1873,10,2026-06-18,Meeting
11844,1873,10,2026-06-24,Email
11845,1873,10,2026-06-21,Email
11846,1874,2,2025-03-03,Meeting
11847,1874,2,2025-03-26,Call
11848,1874,2,2025-02-18,Call
11849,1874,2,2025-03-20,Email
11850,1874,2,2025-02-26,Email
11851,1874,2,2025-02-28,Call
11852,1874,2,2025-03-17,Email
11853,1874,2,2025-04-11,Call
11854,1875,8,2026-07-31,Call
11855,1875,8,2026-08-14,Email
11856,1875,8,2026-08-03,Meeting
11857,1875,8,2026-08-12,Email
11858,1876,5,2026-07-05,Email
11859,1876,5,2026-06-12,Email
11860,1876,5,2026-04-19,Call
11861,1876,5,2026-06-08,Call
11862,1876,5,2026-06-17,Call
11863,1877,13,2024-03-10,Meeting
11864,1877,13,2024-02-23,Email
11865,1877,13,2024-02-15,Call
11866,1877,13,2024-02-19,Meeting
11867,1877,13,2024-02-20,Email
11868,1877,13,2024-03-05,Meeting
11869,1877,13,2024-02-15,Call
11870,1877,13,2024-02-07,Meeting
11871,1878,4,2026-01-06,Call
11872,1878,4,2026-01-11,Email
11873,1879,13,2025-07-31,Call
11874,1879,13,2025-07-28,Email
11875,1879,13,2025-07-25,Call
11876,1879,13,2025-08-13,Email
11877,1879,13,2025-07-23,Email
11878,1879,13,2025-07-09,Call
11879,1879,13,2025-08-10,Call
11880,1879,13,2025-08-01,Email
11881,1879,13,2025-07-10,Email
11882,1879,13,2025-07-11,Call
11883,1879,13,2025-08-07,Email
11884,1879,13,2025-07-17,Email
11885,1879,13,2025-07-10,Call
11886,1879,13,2025-08-13,Meeting
11887,1879,13,2025-07-11,Email
11888,1879,13,2025-08-02,Meeting
11889,1880,8,2024-09-27,Email
11890,1880,8,2024-09-24,Call
11891,1880,8,2024-08-10,Call
11892,1880,8,2024-08-07,Call
11893,1880,8,2024-08-25,Email
11894,1880,8,2024-08-24,Demo
11895,1880,8,2024-08-21,Call
11896,1881,9,2024-09-07,Call
11897,1881,9,2024-09-02,Call
11898,1881,9,2024-09-07,Email
11899,1881,9,2024-09-01,Meeting
11900,1881,9,2024-09-13,Meeting
11901,1881,9,2024-09-11,Email
11902,1881,9,2024-09-14,Email
11903,1881,9,2024-09-08,Meeting
11904,1881,9,2024-09-05,Call
11905,1881,9,2024-08-24,Email
11906,1881,9,2024-08-24,Email
11907,1881,9,2024-08-20,Email
11908,1882,12,2025-07-24,Email
11909,1882,12,2025-07-09,Call
11910,1882,12,2025-07-28,Call
11911,1883,6,2024-06-07,Meeting
11912,1883,6,2024-05-07,Call
11913,1883,6,2024-05-11,Meeting
11914,1883,6,2024-05-26,Meeting
11915,1883,6,2024-04-28,Call
11916,1883,6,2024-05-27,Email
11917,1883,6,2024-05-09,Email
11918,1883,6,2024-05-10,Call
11919,1883,6,2024-05-12,Email
11920,1883,6,2024-04-24,Meeting
11921,1883,6,2024-04-21,Email
11922,1884,6,2025-10-22,Demo
11923,1884,6,2025-10-26,Call
11924,1885,7,2025-08-09,Call
11925,1885,7,2025-08-16,Meeting
11926,1885,7,2025-08-03,Email
11927,1885,7,2025-08-01,Meeting
11928,1885,7,2025-08-01,Email
11929,1885,7,2025-08-18,Email
11930,1885,7,2025-09-03,Call
11931,1885,7,2025-07-31,Call
11932,1885,7,2025-08-06,Call
11933,1886,4,2026-09-29,Email
11934,1886,4,2026-09-28,Email
11935,1886,4,2026-09-27,Call
11936,1886,4,2026-09-26,Meeting
11937,1886,4,2026-09-26,Demo
11938,1887,6,2026-07-07,Email
11939,1887,6,2026-08-01,Call
11940,1887,6,2026-06-20,Meeting
11941,1887,6,2026-07-31,Call
11942,1887,6,2026-07-10,Email
11943,1887,6,2026-07-28,Email
11944,1887,6,2026-06-25,Call
11945,1887,6,2026-07-27,Email
11946,1888,12,2024-07-24,Call
11947,1888,12,2024-08-30,Demo
11948,1888,12,2024-07-22,Email
11949,1888,12,2024-07-31,Call
11950,1888,12,2024-07-19,Meeting
11951,1888,12,2024-08-28,Call
11952,1888,12,2024-08-29,Demo
11953,1888,12,2024-07-24,Meeting
11954,1888,12,2024-08-21,Email
11955,1888,12,2024-08-11,Meeting
11956,1889,4,2026-09-20,Meeting
11957,1889,4,2026-09-28,Call
11958,1889,4,2026-09-25,Call
11959,1889,4,2026-09-27,Call
11960,1889,4,2026-09-23,Call
11961,1889,4,2026-09-20,Call
11962,1889,4,2026-09-22,Meeting
11963,1889,4,2026-09-21,Meeting
11964,1889,4,2026-09-25,Call
11965,1889,4,2026-09-26,Meeting
11966,1889,4,2026-09-26,Email
11967,1891,3,2025-03-05,Call
11968,1891,3,2025-03-09,Demo
11969,1891,3,2025-04-20,Call
11970,1891,3,2025-04-26,Email
11971,1892,12,2025-09-10,Call
11972,1892,12,2025-09-11,Call
11973,1892,12,2025-09-06,Meeting
11974,1892,12,2025-09-11,Email
11975,1892,12,2025-09-12,Email
11976,1892,12,2025-09-06,Email
11977,1893,6,2025-08-25,Email
11978,1893,6,2025-10-16,Email
11979,1893,6,2025-09-19,Call
11980,1893,6,2025-09-01,Email
11981,1893,6,2025-10-18,Meeting
11982,1893,6,2025-09-28,Call
11983,1893,6,2025-10-15,Call
11984,1893,6,2025-10-20,Call
11985,1893,6,2025-08-26,Meeting
11986,1894,14,2025-09-15,Email
11987,1894,14,2025-09-08,Call
11988,1894,14,2025-09-10,Email
11989,1894,14,2025-09-08,Email
11990,1894,14,2025-09-10,Call
11991,1895,12,2026-04-11,Email
11992,1895,12,2026-04-23,Call
11993,1895,12,2026-05-11,Call
11994,1895,12,2026-04-08,Call
11995,1896,14,2026-04-27,Email
11996,1896,14,2026-05-17,Email
11997,1896,14,2026-05-09,Meeting
11998,1896,14,2026-04-29,Call
11999,1896,14,2026-04-25,Email
12000,1896,14,2026-05-14,Meeting
12001,1896,14,2026-04-26,Email
12002,1896,14,2026-05-07,Call
12003,1896,14,2026-04-23,Demo
12004,1897,13,2025-04-23,Meeting
12005,1897,13,2025-05-11,Email
12006,1897,13,2025-04-29,Meeting
12007,1897,13,2025-04-22,Meeting
12008,1897,13,2025-04-22,Email
12009,1897,13,2025-04-25,Call
12010,1897,13,2025-05-16,Email
12011,1897,13,2025-04-26,Email
12012,1897,13,2025-05-13,Demo
12013,1897,13,2025-04-21,Email
12014,1897,13,2025-04-22,Email
12015,1897,13,2025-05-07,Email
12016,1897,13,2025-04-30,Call
12017,1897,13,2025-04-18,Demo
12018,1898,9,2026-08-03,Email
12019,1898,9,2026-07-26,Email
12020,1898,9,2026-08-25,Call
12021,1898,9,2026-08-02,Meeting
12022,1898,9,2026-08-20,Call
12023,1899,10,2024-04-15,Demo
12024,1899,10,2024-04-13,Email
12025,1899,10,2024-05-06,Demo
12026,1899,10,2024-04-29,Call
12027,1900,13,2025-10-21,Meeting
12028,1900,13,2025-10-25,Meeting
12029,1900,13,2025-10-04,Meeting
12030,1900,13,2025-09-23,Email
12031,1901,14,2024-09-24,Call
12032,1901,14,2024-10-03,Meeting
12033,1901,14,2024-09-27,Email
12034,1901,14,2024-10-01,Call
12035,1901,14,2024-09-30,Email
12036,1901,14,2024-09-27,Demo
12037,1902,5,2026-01-06,Email
12038,1902,5,2026-01-20,Meeting
12039,1902,5,2026-01-02,Email
12040,1902,5,2025-12-25,Call
12041,1902,5,2026-01-01,Email
12042,1902,5,2026-01-07,Email
12043,1902,5,2025-12-26,Demo
12044,1903,9,2026-06-03,Email
12045,1903,9,2026-06-14,Email
12046,1903,9,2026-06-03,Call
12047,1903,9,2026-07-10,Email
12048,1903,9,2026-06-19,Call
12049,1903,9,2026-06-07,Email
12050,1904,11,2024-10-18,Call
12051,1904,11,2024-10-09,Email
12052,1904,11,2024-10-10,Call
12053,1904,11,2024-10-11,Email
12054,1905,11,2025-12-06,Call
12055,1905,11,2025-11-10,Meeting
12056,1905,11,2025-11-22,Email
12057,1905,11,2025-11-25,Call
12058,1905,11,2025-12-04,Demo
12059,1905,11,2025-11-05,Call
12060,1905,11,2025-11-06,Email
12061,1905,11,2025-11-16,Email
12062,1905,11,2025-11-03,Call
12063,1905,11,2025-11-20,Email
12064,1905,11,2025-11-17,Email
12065,1906,10,2024-12-14,Email
12066,1906,10,2024-12-19,Call
12067,1906,10,2024-12-15,Call
12068,1906,10,2024-12-07,Email
12069,1907,9,2026-04-15,Demo
12070,1907,9,2026-03-22,Email
12071,1907,9,2026-04-20,Call
12072,1908,7,2026-09-07,Meeting
12073,1908,7,2026-09-17,Call
12074,1908,7,2026-09-13,Call
12075,1908,7,2026-09-16,Meeting
12076,1908,7,2026-09-14,Call
12077,1908,7,2026-09-15,Email
12078,1908,7,2026-09-21,Meeting
12079,1908,7,2026-09-13,Email
12080,1908,7,2026-09-02,Call
12081,1908,7,2026-09-06,Meeting
12082,1908,7,2026-09-06,Meeting
12083,1909,14,2025-12-12,Meeting
12084,1909,14,2025-12-25,Email
12085,1909,14,2025-12-26,Meeting
12086,1909,14,2025-12-13,Meeting
12087,1909,14,2025-12-24,Email
12088,1909,14,2025-12-18,Call
12089,1909,14,2025-12-25,Meeting
12090,1909,14,2025-12-20,Demo
12091,1909,14,2025-12-12,Meeting
12092,1909,14,2025-12-17,Email
12093,1909,14,2025-12-23,Email
12094,1910,13,2026-07-30,Email
12095,1910,13,2026-07-30,Email
12096,1910,13,2026-08-12,Email
12097,1910,13,2026-08-25,Meeting
12098,1910,13,2026-08-23,Call
12099,1910,13,2026-07-27,Call
12100,1910,13,2026-08-03,Email
12101,1910,13,2026-08-19,Demo
12102,1911,13,2026-09-06,Email
12103,1911,13,2026-08-06,Call
12104,1911,13,2026-09-21,Email
12105,1911,13,2026-09-09,Call
12106,1911,13,2026-09-10,Meeting
12107,1911,13,2026-07-23,Call
12108,1911,13,2026-09-16,Email
12109,1911,13,2026-08-03,Email
12110,1911,13,2026-09-22,Demo
12111,1911,13,2026-09-08,Meeting
12112,1912,8,2026-01-08,Email
12113,1912,8,2026-01-05,Email
12114,1912,8,2025-12-05,Email
12115,1912,8,2026-01-22,Demo
12116,1912,8,2026-01-21,Call
12117,1913,11,2026-05-01,Call
12118,1913,11,2026-04-17,Call
12119,1913,11,2026-05-07,Email
12120,1914,13,2025-12-16,Meeting
12121,1914,13,2026-01-04,Email
12122,1914,13,2026-01-11,Email
12123,1914,13,2025-12-26,Call
12124,1915,13,2025-09-09,Call
12125,1915,13,2025-08-29,Demo
12126,1916,5,2026-03-13,Email
12127,1916,5,2026-04-10,Call
12128,1916,5,2026-03-18,Email
12129,1916,5,2026-03-12,Demo
12130,1916,5,2026-03-29,Call
12131,1916,5,2026-04-02,Meeting
12132,1916,5,2026-04-07,Call
12133,1916,5,2026-03-27,Demo
12134,1916,5,2026-03-30,Demo
12135,1916,5,2026-03-05,Email
12136,1916,5,2026-03-25,Demo
12137,1917,13,2025-09-15,Meeting
12138,1917,13,2025-09-03,Call
12139,1917,13,2025-09-22,Meeting
12140,1917,13,2025-09-27,Email
12141,1918,14,2025-08-21,Email
12142,1918,14,2025-08-09,Email
12143,1919,11,2024-07-01,Email
12144,1919,11,2024-06-19,Email
12145,1919,11,2024-06-25,Call
12146,1919,11,2024-07-04,Email
12147,1919,11,2024-07-07,Email
12148,1919,11,2024-07-03,Demo
12149,1919,11,2024-07-02,Email
12150,1920,13,2026-03-12,Call
12151,1920,13,2026-03-03,Meeting
12152,1920,13,2026-02-19,Call
12153,1920,13,2026-02-24,Demo
12154,1920,13,2026-02-17,Call
12155,1921,14,2024-03-25,Email
12156,1921,14,2024-04-02,Email
12157,1921,14,2024-03-29,Meeting
12158,1921,14,2024-04-04,Email
12159,1921,14,2024-03-26,Email
12160,1921,14,2024-03-29,Demo
12161,1921,14,2024-04-15,Call
12162,1922,4,2025-04-11,Meeting
12163,1922,4,2025-02-14,Email
12164,1922,4,2025-05-15,Call
12165,1922,4,2025-05-05,Call
12166,1922,4,2025-01-10,Email
12167,1922,4,2025-05-08,Email
12168,1922,4,2025-04-02,Meeting
12169,1922,4,2025-05-27,Call
12170,1922,4,2025-01-04,Call
12171,1923,12,2025-04-22,Email
12172,1923,12,2025-04-28,Meeting
12173,1923,12,2025-04-22,Email
12174,1923,12,2025-04-16,Email
12175,1923,12,2025-04-27,Email
12176,1923,12,2025-04-09,Email
12177,1923,12,2025-04-26,Email
12178,1923,12,2025-04-18,Call
12179,1923,12,2025-04-07,Call
12180,1923,12,2025-04-28,Email
12181,1923,12,2025-04-17,Call
12182,1923,12,2025-04-23,Email
12183,1924,7,2025-02-20,Call
12184,1924,7,2025-02-11,Call
12185,1924,7,2025-02-17,Email
12186,1924,7,2025-02-12,Call
12187,1924,7,2025-02-07,Email
12188,1924,7,2025-02-11,Call
12189,1924,7,2025-03-05,Call
12190,1924,7,2025-02-09,Email
12191,1925,5,2025-07-12,Email
12192,1925,5,2025-06-16,Email
12193,1925,5,2025-06-26,Call
12194,1925,5,2025-07-04,Email
12195,1925,5,2025-06-24,Meeting
12196,1925,5,2025-06-30,Call
12197,1925,5,2025-06-20,Call
12198,1925,5,2025-06-18,Email
12199,1925,5,2025-06-27,Call
12200,1925,5,2025-07-07,Email
12201,1925,5,2025-06-27,Email
12202,1925,5,2025-06-20,Email
12203,1925,5,2025-06-27,Call
12204,1926,12,2025-12-04,Email
12205,1926,12,2025-12-07,Email
12206,1927,12,2026-05-01,Meeting
12207,1927,12,2026-05-01,Meeting
12208,1927,12,2026-05-10,Email
12209,1927,12,2026-05-09,Call
12210,1928,11,2026-08-15,Meeting
12211,1928,11,2026-08-21,Call
12212,1928,11,2026-08-11,Demo
12213,1928,11,2026-07-28,Demo
12214,1928,11,2026-08-18,Call
12215,1928,11,2026-08-10,Email
12216,1929,9,2025-08-07,Email
12217,1929,9,2025-09-09,Demo
12218,1929,9,2025-09-12,Demo
12219,1929,9,2025-08-20,Meeting
12220,1929,9,2025-08-22,Meeting
12221,1929,9,2025-08-21,Email
12222,1930,12,2026-02-08,Email
12223,1930,12,2026-02-04,Email
12224,1930,12,2026-02-02,Call
12225,1931,2,2025-07-27,Demo
12226,1931,2,2025-08-01,Call
12227,1931,2,2025-08-12,Email
12228,1931,2,2025-09-17,Email
12229,1931,2,2025-08-08,Call
12230,1931,2,2025-08-30,Email
12231,1931,2,2025-07-30,Call
12232,1931,2,2025-07-28,Call
12233,1931,2,2025-08-10,Email
12234,1932,14,2026-08-05,Call
12235,1932,14,2026-08-05,Meeting
12236,1932,14,2026-08-04,Email
12237,1932,14,2026-08-13,Email
12238,1932,14,2026-07-24,Call
12239,1933,13,2024-12-25,Meeting
12240,1933,13,2024-12-30,Call
12241,1933,13,2024-12-27,Demo
12242,1933,13,2025-01-06,Call
12243,1933,13,2024-12-19,Call
12244,1933,13,2024-12-24,Call
12245,1933,13,2024-12-15,Call
12246,1933,13,2024-12-17,Email
12247,1933,13,2025-01-03,Email
12248,1934,12,2026-02-02,Email
12249,1934,12,2026-01-18,Email
12250,1934,12,2026-01-15,Email
12251,1934,12,2026-01-21,Email
12252,1935,12,2026-06-27,Email
12253,1935,12,2026-06-23,Call
12254,1936,5,2026-06-13,Call
12255,1936,5,2026-05-30,Meeting
12256,1936,5,2026-05-28,Call
12257,1936,5,2026-06-19,Call
12258,1937,10,2025-08-08,Email
12259,1937,10,2025-08-16,Meeting
12260,1937,10,2025-09-03,Call
12261,1937,10,2025-08-09,Email
12262,1937,10,2025-09-03,Meeting
12263,1937,10,2025-08-06,Call
12264,1937,10,2025-08-22,Email
12265,1937,10,2025-08-15,Email
12266,1937,10,2025-08-05,Meeting
12267,1938,5,2024-07-19,Email
12268,1938,5,2024-07-16,Email
12269,1938,5,2024-07-28,Call
12270,1938,5,2024-08-10,Call
12271,1938,5,2024-07-28,Call
12272,1938,5,2024-09-02,Email
12273,1939,13,2024-05-23,Email
12274,1940,4,2024-10-12,Call
12275,1940,4,2024-11-05,Email
12276,1940,4,2024-11-20,Call
12277,1940,4,2024-10-23,Email
12278,1940,4,2024-10-26,Call
12279,1940,4,2024-11-11,Call
12280,1940,4,2024-11-18,Email
12281,1941,2,2024-07-28,Call
12282,1941,2,2024-09-21,Email
12283,1941,2,2024-09-10,Call
12284,1941,2,2024-08-10,Call
12285,1942,8,2024-03-26,Email
12286,1942,8,2024-04-29,Email
12287,1942,8,2024-04-23,Email
12288,1942,8,2024-05-01,Call
12289,1943,11,2025-04-28,Call
12290,1943,11,2025-04-10,Email
12291,1943,11,2025-05-06,Call
12292,1943,11,2025-04-27,Meeting
12293,1943,11,2025-04-07,Email
12294,1943,11,2025-04-20,Email
12295,1944,12,2024-03-04,Meeting
12296,1944,12,2024-02-13,Email
12297,1944,12,2024-02-07,Meeting
12298,1944,12,2024-02-06,Demo
12299,1944,12,2024-01-28,Email
12300,1944,12,2024-03-04,Call
12301,1944,12,2024-02-02,Call
12302,1944,12,2024-03-04,Email
12303,1945,12,2026-07-10,Call
12304,1945,12,2026-07-07,Demo
12305,1945,12,2026-07-29,Meeting
12306,1945,12,2026-07-19,Email
12307,1946,14,2025-08-16,Demo
12308,1946,14,2025-08-11,Email
12309,1946,14,2025-08-05,Meeting
12310,1946,14,2025-08-22,Call
12311,1946,14,2025-08-28,Email
12312,1947,10,2025-05-09,Email
12313,1947,10,2025-04-28,Call
12314,1947,10,2025-05-02,Email
12315,1947,10,2025-05-09,Email
12316,1947,10,2025-05-04,Email
12317,1947,10,2025-05-05,Call
12318,1947,10,2025-04-28,Call
12319,1947,10,2025-05-02,Email
12320,1947,10,2025-05-08,Call
12321,1947,10,2025-04-28,Call
12322,1948,11,2026-04-30,Meeting
12323,1948,11,2026-05-01,Meeting
12324,1948,11,2026-05-03,Email
12325,1948,11,2026-05-05,Email
12326,1948,11,2026-05-07,Call
12327,1948,11,2026-05-10,Meeting
12328,1948,11,2026-05-12,Email
12329,1948,11,2026-04-30,Email
