LeadKey,CreatedDate,LeadSource,AccountKey,FirstResponseHours,Status
1,2025-01-27,Outbound,464,,Disqualified
2,2025-11-24,Social,51,11.3,Nurturing
3,2026-01-22,Outbound,576,,Disqualified
4,2026-01-15,Organic Search,561,8.3,Qualified
5,2026-06-26,Outbound,226,,Disqualified
6,2025-07-25,Organic Search,345,5.7,Nurturing
7,2025-10-25,Organic Search,324,1.0,Nurturing
8,2026-09-13,Partner,302,4.5,Nurturing
9,2025-08-25,Outbound,154,,Disqualified
10,2026-08-30,Outbound,526,,Nurturing
11,2025-07-15,Paid Search,422,3.8,Qualified
12,2025-01-12,Organic Search,514,44.2,Disqualified
13,2025-10-08,Organic Search,445,2.0,Disqualified
14,2025-09-04,Referral,470,4.0,Nurturing
15,2024-11-05,Referral,449,0.6,Qualified
16,2026-03-14,Organic Search,491,0.9,Disqualified
17,2024-12-04,Organic Search,457,1.9,Qualified
18,2026-06-18,Paid Search,590,5.9,Nurturing
19,2025-03-19,Events,86,4.5,Disqualified
20,2025-11-06,Paid Search,163,3.7,Disqualified
21,2024-10-27,Outbound,78,,Disqualified
22,2025-07-07,Outbound,482,,Disqualified
23,2026-04-04,Events,130,13.9,Disqualified
24,2026-03-28,Outbound,286,,Disqualified
25,2024-03-04,Organic Search,452,10.2,Disqualified
26,2025-02-08,Events,462,2.4,Nurturing
27,2024-09-06,Outbound,75,,Nurturing
28,2025-01-23,Organic Search,579,1.3,Qualified
29,2024-10-06,Referral,90,1.2,Disqualified
30,2026-02-14,Social,327,17.9,Disqualified
31,2026-03-04,Paid Search,418,2.6,Disqualified
32,2025-06-20,Paid Search,573,3.7,Nurturing
33,2024-08-28,Referral,390,10.0,Qualified
34,2024-07-09,Partner,318,5.7,Disqualified
35,2026-09-11,Organic Search,348,2.4,Nurturing
36,2025-12-08,Referral,425,2.7,Disqualified
37,2024-04-02,Organic Search,86,5.7,Nurturing
38,2024-10-27,Outbound,100,,Qualified
39,2025-08-03,Social,320,11.6,Nurturing
40,2026-02-23,Partner,8,2.3,Qualified
41,2024-09-21,Organic Search,26,5.9,Disqualified
42,2026-08-26,Organic Search,358,6.7,Qualified
43,2026-08-11,Organic Search,82,9.0,Disqualified
44,2026-06-17,Organic Search,9,0.9,Disqualified
45,2024-05-15,Referral,438,1.6,Nurturing
46,2026-04-25,Paid Search,42,6.6,Disqualified
47,2024-06-05,Outbound,460,,Nurturing
48,2025-02-15,Organic Search,175,5.5,Disqualified
49,2026-08-24,Outbound,473,,Disqualified
50,2026-09-23,Outbound,217,,New
51,2025-01-29,Organic Search,194,10.1,Qualified
52,2024-11-13,Social,502,4.8,Nurturing
53,2026-05-30,Partner,545,8.9,Disqualified
54,2024-03-22,Referral,154,2.6,Qualified
55,2026-01-19,Paid Search,441,1.4,Disqualified
56,2024-05-05,Paid Search,497,8.2,Disqualified
57,2025-06-02,Organic Search,230,2.0,Disqualified
58,2025-12-13,Paid Search,566,10.8,Qualified
59,2025-08-30,Partner,73,2.5,Disqualified
60,2025-01-17,Outbound,11,,Disqualified
61,2026-06-27,Organic Search,5,0.4,Nurturing
62,2026-06-04,Organic Search,99,2.4,Qualified
63,2025-04-17,Events,217,2.5,Disqualified
64,2026-01-15,Outbound,320,,Nurturing
65,2025-11-12,Outbound,429,,Nurturing
66,2025-07-03,Organic Search,391,2.0,Disqualified
67,2026-01-24,Social,545,3.3,Nurturing
68,2024-06-22,Social,141,3.6,Nurturing
69,2026-07-28,Partner,123,6.4,Disqualified
70,2026-08-23,Partner,44,3.9,Disqualified
71,2026-03-23,Organic Search,567,43.6,Disqualified
72,2026-03-09,Events,532,1.7,Disqualified
73,2026-01-04,Outbound,198,,Disqualified
74,2024-08-07,Outbound,329,,Disqualified
75,2024-03-06,Paid Search,144,0.5,Disqualified
76,2024-06-05,Events,14,2.3,Disqualified
77,2024-04-15,Paid Search,598,8.8,Nurturing
78,2025-04-07,Organic Search,232,2.6,Disqualified
79,2024-12-27,Paid Search,177,1.3,Disqualified
80,2024-07-01,Paid Search,507,7.5,Nurturing
81,2025-08-04,Organic Search,78,12.1,Qualified
82,2025-06-10,Events,19,4.4,Disqualified
83,2026-01-06,Paid Search,570,4.9,Disqualified
84,2026-06-04,Outbound,355,,Nurturing
85,2026-07-08,Paid Search,499,30.9,Qualified
86,2026-04-21,Organic Search,549,4.5,Disqualified
87,2024-07-14,Social,549,1.3,Nurturing
88,2024-06-02,Outbound,450,,Disqualified
89,2026-01-23,Outbound,253,,Disqualified
90,2024-09-24,Paid Search,127,22.6,Qualified
91,2024-08-05,Organic Search,250,5.5,Nurturing
92,2024-10-26,Events,162,0.4,Disqualified
93,2026-06-18,Organic Search,85,1.3,Disqualified
94,2025-05-19,Paid Search,143,2.7,Disqualified
95,2025-09-19,Events,576,6.3,Nurturing
96,2026-03-09,Paid Search,456,4.0,Disqualified
97,2026-08-25,Paid Search,538,3.5,Qualified
98,2026-01-10,Outbound,54,,Nurturing
99,2024-12-22,Paid Search,165,6.6,Qualified
100,2026-08-16,Social,111,7.3,Nurturing
101,2026-07-17,Events,94,3.8,Disqualified
102,2026-08-02,Organic Search,274,5.7,Disqualified
103,2024-09-23,Organic Search,188,9.3,Qualified
104,2026-08-12,Paid Search,316,2.3,Disqualified
105,2026-05-04,Events,123,3.6,Nurturing
106,2026-04-01,Partner,90,7.9,Qualified
107,2024-06-12,Outbound,92,,Disqualified
108,2024-02-21,Outbound,566,,Qualified
109,2024-07-03,Organic Search,398,2.4,Nurturing
110,2025-06-08,Outbound,25,,Qualified
111,2025-05-05,Outbound,363,,Nurturing
112,2026-01-24,Outbound,259,,Disqualified
113,2024-10-15,Paid Search,408,0.6,Disqualified
114,2024-09-30,Partner,141,4.3,Qualified
115,2024-12-22,Referral,260,3.7,Disqualified
116,2025-11-05,Organic Search,244,8.0,Disqualified
117,2025-01-11,Paid Search,508,4.8,Disqualified
118,2025-11-09,Organic Search,401,6.0,Disqualified
119,2026-04-23,Events,166,20.5,Nurturing
120,2024-06-13,Partner,467,11.7,Nurturing
121,2026-08-04,Events,54,3.1,Disqualified
122,2024-05-25,Outbound,342,,Disqualified
123,2024-10-06,Outbound,52,,Nurturing
124,2026-05-17,Outbound,105,,Nurturing
125,2026-05-07,Organic Search,316,8.0,Nurturing
126,2025-06-09,Paid Search,64,2.0,Disqualified
127,2024-11-26,Outbound,417,,Disqualified
128,2025-01-09,Referral,191,6.3,Nurturing
129,2026-08-30,Outbound,61,,Nurturing
130,2025-02-02,Organic Search,129,4.1,Disqualified
131,2024-02-02,Paid Search,76,1.7,Qualified
132,2026-05-20,Paid Search,230,12.0,Disqualified
133,2026-08-28,Outbound,91,,Disqualified
134,2024-11-15,Events,416,1.2,Nurturing
135,2025-01-01,Outbound,424,,Nurturing
136,2025-11-15,Partner,345,2.2,Qualified
137,2026-04-04,Events,443,4.4,Qualified
138,2024-10-17,Paid Search,186,0.5,Qualified
139,2025-05-05,Partner,55,4.8,Qualified
140,2026-05-29,Paid Search,553,4.0,Nurturing
141,2025-02-12,Referral,166,1.2,Nurturing
142,2026-05-17,Partner,124,0.8,Nurturing
143,2025-04-21,Organic Search,96,123.8,Nurturing
144,2025-09-16,Partner,342,74.4,Nurturing
145,2026-03-28,Outbound,568,,Disqualified
146,2024-08-23,Referral,378,3.4,Disqualified
147,2025-02-11,Events,184,1.3,Disqualified
148,2026-06-29,Organic Search,311,1.0,Qualified
149,2026-01-09,Paid Search,168,3.2,Disqualified
150,2025-06-12,Organic Search,110,25.9,Disqualified
151,2024-11-16,Referral,274,5.8,Nurturing
152,2024-04-08,Organic Search,5,0.6,Qualified
153,2025-01-05,Outbound,374,,Qualified
154,2024-11-23,Organic Search,59,5.7,Qualified
155,2024-08-14,Partner,380,15.3,Nurturing
156,2025-10-11,Referral,135,1.9,Disqualified
157,2024-05-19,Partner,592,1.6,Disqualified
158,2026-08-05,Referral,465,2.3,Qualified
159,2024-11-11,Referral,351,9.5,Disqualified
160,2025-07-06,Organic Search,508,1.7,Disqualified
161,2024-07-16,Referral,4,16.6,Nurturing
162,2024-02-26,Organic Search,324,9.2,Disqualified
163,2024-06-04,Organic Search,152,3.3,Disqualified
164,2025-04-24,Outbound,453,,Disqualified
165,2025-02-20,Outbound,69,,Disqualified
166,2025-09-27,Social,532,1.1,Qualified
167,2025-09-17,Outbound,421,,Disqualified
168,2026-01-29,Paid Search,289,7.8,Disqualified
169,2025-11-07,Outbound,589,,Nurturing
170,2026-08-07,Paid Search,344,22.2,Nurturing
171,2025-05-05,Paid Search,25,5.1,Disqualified
172,2025-05-08,Outbound,325,,Nurturing
173,2026-07-13,Organic Search,14,0.7,Disqualified
174,2025-10-25,Organic Search,390,1.6,Disqualified
175,2024-11-12,Organic Search,281,2.0,Nurturing
176,2026-01-29,Outbound,561,,Nurturing
177,2026-05-10,Partner,25,2.7,Qualified
178,2024-06-05,Referral,92,4.3,Disqualified
179,2024-09-14,Paid Search,380,1.3,Nurturing
180,2026-07-07,Referral,37,4.9,Disqualified
181,2025-08-28,Events,474,15.2,Disqualified
182,2026-08-03,Referral,309,0.7,Disqualified
183,2026-08-14,Organic Search,30,15.6,Qualified
184,2024-12-24,Referral,481,9.0,Disqualified
185,2025-07-26,Paid Search,371,1.0,Qualified
186,2026-04-06,Paid Search,50,1.0,Nurturing
187,2026-06-23,Outbound,338,,Nurturing
188,2025-07-04,Outbound,57,,Nurturing
189,2024-11-14,Events,594,2.0,Disqualified
190,2025-10-14,Referral,55,2.6,Qualified
191,2025-01-11,Paid Search,489,4.1,Disqualified
192,2026-06-17,Events,300,2.0,Disqualified
193,2026-08-07,Outbound,479,,Nurturing
194,2024-07-01,Paid Search,327,1.5,Disqualified
195,2025-07-03,Outbound,535,,Disqualified
196,2025-04-21,Organic Search,156,2.2,Qualified
197,2024-10-11,Outbound,180,,Nurturing
198,2025-01-09,Outbound,293,,Disqualified
199,2026-09-04,Partner,476,1.0,Nurturing
200,2024-10-29,Partner,422,0.6,Disqualified
201,2025-11-17,Paid Search,121,1.8,Disqualified
202,2026-06-10,Paid Search,305,7.0,Nurturing
203,2024-11-12,Organic Search,304,3.3,Qualified
204,2025-10-06,Paid Search,473,3.8,Disqualified
205,2025-11-15,Organic Search,271,3.7,Disqualified
206,2025-04-05,Referral,213,1.0,Nurturing
207,2026-02-22,Outbound,434,,Disqualified
208,2024-06-10,Partner,447,13.5,Qualified
209,2026-03-16,Paid Search,152,1.0,Nurturing
210,2024-04-26,Outbound,507,,Nurturing
211,2024-09-04,Outbound,152,,Disqualified
212,2026-03-14,Paid Search,518,5.7,Disqualified
213,2024-06-16,Paid Search,115,1.7,Disqualified
214,2025-08-20,Referral,390,3.0,Disqualified
215,2025-10-02,Events,146,0.8,Disqualified
216,2025-10-16,Events,155,3.5,Disqualified
217,2024-05-22,Partner,328,5.0,Qualified
218,2025-03-07,Paid Search,536,6.9,Nurturing
219,2024-02-01,Outbound,492,,Nurturing
220,2024-10-26,Paid Search,74,2.1,Disqualified
221,2026-02-18,Referral,352,3.1,Qualified
222,2024-05-23,Outbound,599,,Disqualified
223,2026-01-30,Paid Search,519,6.2,Disqualified
224,2026-01-05,Referral,409,1.4,Qualified
225,2025-11-08,Organic Search,435,12.8,Disqualified
226,2026-04-28,Events,404,2.9,Nurturing
227,2026-05-11,Outbound,263,,Qualified
228,2024-07-10,Organic Search,333,2.3,Disqualified
229,2026-01-24,Paid Search,389,4.1,Qualified
230,2025-12-29,Events,572,1.5,Nurturing
231,2025-02-26,Outbound,238,,Nurturing
232,2025-02-23,Paid Search,488,4.2,Disqualified
233,2025-11-16,Partner,8,0.8,Disqualified
234,2024-09-18,Social,89,5.3,Nurturing
235,2026-09-26,Paid Search,397,3.4,New
236,2024-06-15,Outbound,71,,Disqualified
237,2026-09-11,Referral,106,1.4,Nurturing
238,2026-05-13,Organic Search,570,2.4,Qualified
239,2025-07-04,Referral,68,1.9,Qualified
240,2025-07-02,Outbound,476,,Nurturing
241,2026-02-11,Partner,160,4.1,Qualified
242,2024-06-19,Outbound,547,,Disqualified
243,2026-06-21,Paid Search,457,22.7,Disqualified
244,2025-11-27,Paid Search,507,1.0,Nurturing
245,2025-05-23,Referral,404,6.8,Qualified
246,2026-03-18,Partner,525,2.3,Qualified
247,2024-07-16,Organic Search,165,23.8,Disqualified
248,2026-07-22,Organic Search,217,4.2,Qualified
249,2026-04-03,Outbound,76,,Disqualified
250,2026-07-06,Outbound,344,,Disqualified
251,2024-01-30,Events,546,3.3,Nurturing
252,2025-02-10,Paid Search,329,1.3,Nurturing
253,2026-08-08,Social,9,5.5,Nurturing
254,2024-06-23,Organic Search,165,1.4,Qualified
255,2026-04-27,Referral,590,9.0,Disqualified
256,2025-03-28,Partner,546,5.5,Disqualified
257,2025-11-03,Referral,107,5.6,Qualified
258,2025-04-05,Referral,553,3.7,Qualified
259,2025-12-24,Events,322,1.2,Disqualified
260,2024-06-12,Organic Search,49,4.8,Nurturing
261,2024-04-28,Paid Search,524,1.0,Nurturing
262,2024-08-10,Events,403,1.9,Disqualified
263,2024-04-25,Referral,61,1.4,Qualified
264,2026-05-31,Partner,24,6.0,Disqualified
265,2025-09-22,Paid Search,143,1.4,Disqualified
266,2025-10-02,Organic Search,124,4.0,Disqualified
267,2025-08-19,Organic Search,3,1.8,Qualified
268,2025-02-17,Paid Search,480,3.7,Nurturing
269,2026-05-30,Outbound,540,,Nurturing
270,2025-10-03,Paid Search,75,7.1,Disqualified
271,2026-06-04,Paid Search,550,4.6,Disqualified
272,2026-08-25,Outbound,417,,Nurturing
273,2024-12-14,Paid Search,402,2.5,Disqualified
274,2025-03-02,Referral,122,47.6,Disqualified
275,2026-05-05,Organic Search,31,14.6,Disqualified
276,2024-05-06,Organic Search,321,12.0,Qualified
277,2026-07-07,Outbound,270,,Disqualified
278,2024-09-07,Organic Search,530,1.1,Qualified
279,2025-07-28,Referral,245,8.1,Nurturing
280,2026-04-04,Organic Search,347,2.5,Disqualified
281,2025-03-26,Organic Search,585,1.2,Nurturing
282,2025-08-08,Outbound,184,,Disqualified
283,2026-06-20,Events,348,1.4,Nurturing
284,2025-10-04,Outbound,403,,Qualified
285,2026-03-03,Paid Search,420,10.2,Disqualified
286,2024-06-23,Partner,396,0.7,Qualified
287,2025-12-27,Outbound,119,,Nurturing
288,2025-01-21,Referral,99,6.9,Nurturing
289,2025-12-03,Outbound,253,,Nurturing
290,2026-06-15,Events,257,4.8,Qualified
291,2025-10-26,Organic Search,427,6.2,Disqualified
292,2024-03-17,Organic Search,263,2.4,Qualified
293,2024-07-10,Referral,301,8.0,Nurturing
294,2026-07-07,Organic Search,74,5.5,Qualified
295,2024-05-13,Social,211,5.9,Disqualified
296,2024-03-20,Organic Search,448,6.0,Disqualified
297,2025-02-12,Referral,575,7.0,Nurturing
298,2025-07-03,Paid Search,44,13.0,Nurturing
299,2026-02-17,Organic Search,5,1.5,Qualified
300,2026-04-11,Organic Search,360,1.0,Disqualified
301,2026-03-06,Organic Search,452,7.7,Disqualified
302,2026-04-17,Paid Search,381,1.7,Qualified
303,2024-12-24,Referral,101,2.9,Disqualified
304,2024-04-02,Outbound,470,,Qualified
305,2025-03-15,Organic Search,427,2.3,Qualified
306,2024-05-04,Paid Search,507,2.0,Nurturing
307,2026-05-06,Partner,584,2.2,Disqualified
308,2024-06-26,Organic Search,321,3.1,Disqualified
309,2025-03-29,Organic Search,89,4.6,Qualified
310,2024-07-08,Events,555,0.7,Disqualified
311,2026-02-05,Referral,47,5.2,Disqualified
312,2025-05-07,Outbound,540,,Disqualified
313,2025-12-26,Social,418,15.3,Disqualified
314,2025-09-03,Events,399,11.9,Nurturing
315,2024-09-21,Partner,131,5.4,Nurturing
316,2026-07-17,Outbound,486,,Disqualified
317,2024-10-17,Paid Search,178,10.0,Disqualified
318,2026-05-14,Social,391,6.0,Nurturing
319,2026-08-24,Events,12,2.3,Qualified
320,2026-01-23,Organic Search,453,1.2,Nurturing
321,2025-11-04,Referral,245,13.0,Qualified
322,2025-09-22,Paid Search,147,2.5,Qualified
323,2024-03-21,Referral,4,0.6,Disqualified
324,2025-11-16,Organic Search,354,3.6,Disqualified
325,2025-10-17,Paid Search,568,0.8,Disqualified
326,2025-08-26,Referral,109,4.0,Nurturing
327,2026-03-18,Organic Search,352,2.6,Nurturing
328,2024-04-22,Organic Search,62,3.5,Nurturing
329,2025-11-28,Referral,134,4.8,Nurturing
330,2026-02-02,Organic Search,1,1.5,Qualified
331,2024-05-23,Paid Search,196,4.9,Disqualified
332,2025-12-21,Social,383,5.9,Disqualified
333,2026-05-20,Outbound,5,,Disqualified
334,2025-11-19,Outbound,53,,Disqualified
335,2025-06-19,Organic Search,365,3.8,Disqualified
336,2024-02-18,Events,261,0.8,Qualified
337,2025-05-24,Outbound,155,,Nurturing
338,2025-09-10,Paid Search,554,18.5,Nurturing
339,2026-07-25,Social,447,3.7,Nurturing
340,2026-03-30,Events,488,0.9,Nurturing
341,2025-09-16,Outbound,337,,Disqualified
342,2024-04-05,Outbound,85,,Qualified
343,2024-11-20,Outbound,350,,Nurturing
344,2026-06-03,Paid Search,339,1.0,Nurturing
345,2024-05-28,Paid Search,296,2.4,Nurturing
346,2025-05-13,Outbound,307,,Nurturing
347,2024-12-14,Organic Search,82,3.7,Disqualified
348,2026-06-01,Outbound,587,,Nurturing
349,2025-06-04,Referral,255,1.4,Disqualified
350,2024-04-17,Organic Search,43,3.0,Disqualified
351,2024-09-14,Events,539,5.5,Nurturing
352,2025-03-11,Paid Search,80,6.6,Disqualified
353,2026-03-14,Organic Search,142,2.0,Disqualified
354,2025-11-28,Paid Search,472,0.8,Disqualified
355,2026-04-08,Events,224,0.5,Nurturing
356,2024-07-03,Organic Search,440,4.0,Nurturing
357,2024-06-11,Referral,571,1.7,Disqualified
358,2025-10-19,Paid Search,398,6.0,Qualified
359,2025-07-17,Outbound,343,,Qualified
360,2025-03-05,Outbound,551,,Nurturing
361,2026-06-04,Outbound,204,,Disqualified
362,2026-01-26,Outbound,363,,Nurturing
363,2025-11-26,Referral,475,5.4,Disqualified
364,2024-04-15,Partner,406,4.1,Disqualified
365,2025-10-07,Organic Search,382,14.5,Disqualified
366,2026-05-07,Partner,331,1.5,Qualified
367,2025-03-15,Referral,573,3.2,Nurturing
368,2025-03-21,Referral,514,0.5,Qualified
369,2024-11-15,Organic Search,583,2.8,Nurturing
370,2025-09-18,Paid Search,343,21.0,Qualified
371,2026-08-25,Partner,137,10.1,Nurturing
372,2026-01-08,Organic Search,194,2.4,Qualified
373,2024-11-09,Referral,133,7.4,Qualified
374,2024-05-01,Events,361,4.8,Nurturing
375,2026-04-09,Partner,523,15.1,Disqualified
376,2025-04-20,Referral,150,3.1,Qualified
377,2026-06-22,Partner,186,4.4,Qualified
378,2024-12-24,Referral,417,6.5,Disqualified
379,2026-04-20,Partner,386,2.4,Nurturing
380,2025-06-30,Outbound,164,,Nurturing
381,2024-07-11,Events,85,8.7,Qualified
382,2024-05-26,Paid Search,64,8.8,Nurturing
383,2026-05-19,Outbound,507,,Disqualified
384,2026-01-24,Outbound,342,,Disqualified
385,2025-06-03,Outbound,490,,Disqualified
386,2026-05-29,Social,319,0.8,Disqualified
387,2024-05-19,Organic Search,424,18.3,Disqualified
388,2026-02-03,Outbound,115,,Disqualified
389,2026-01-19,Outbound,67,,Disqualified
390,2024-10-12,Organic Search,497,1.3,Disqualified
391,2025-10-22,Partner,182,3.5,Disqualified
392,2025-09-27,Outbound,495,,Disqualified
393,2024-11-23,Events,52,3.4,Disqualified
394,2026-07-24,Paid Search,47,0.6,Disqualified
395,2024-08-19,Social,132,16.8,Nurturing
396,2025-05-09,Events,37,3.4,Nurturing
397,2026-08-13,Paid Search,558,112.9,Disqualified
398,2026-02-17,Referral,233,0.6,Qualified
399,2026-07-15,Referral,105,4.0,Qualified
400,2025-01-11,Outbound,8,,Nurturing
401,2025-03-21,Partner,107,11.6,Qualified
402,2026-05-14,Outbound,110,,Disqualified
403,2026-08-06,Partner,583,31.1,Disqualified
404,2024-10-17,Events,235,6.4,Disqualified
405,2025-12-27,Paid Search,330,1.5,Disqualified
406,2026-09-08,Paid Search,541,8.1,Disqualified
407,2025-01-11,Organic Search,351,0.9,Nurturing
408,2026-04-22,Paid Search,351,11.0,Disqualified
409,2025-07-18,Organic Search,550,1.9,Disqualified
410,2025-08-23,Events,126,2.2,Disqualified
411,2024-08-05,Organic Search,77,10.5,Nurturing
412,2025-01-29,Events,166,2.1,Disqualified
413,2026-03-08,Events,129,1.4,Disqualified
414,2024-07-17,Outbound,498,,Nurturing
415,2026-03-27,Paid Search,510,2.5,Nurturing
416,2025-03-14,Partner,139,7.4,Qualified
417,2025-08-06,Paid Search,235,12.9,Qualified
418,2025-04-21,Paid Search,530,1.3,Nurturing
419,2025-12-20,Paid Search,45,13.8,Disqualified
420,2025-02-28,Social,344,4.1,Disqualified
421,2026-05-14,Outbound,460,,Qualified
422,2026-05-27,Outbound,420,,Qualified
423,2025-10-12,Organic Search,366,2.4,Nurturing
424,2025-03-08,Outbound,403,,Disqualified
425,2025-08-02,Organic Search,243,3.4,Qualified
426,2024-09-16,Organic Search,500,5.9,Qualified
427,2024-02-04,Referral,546,3.7,Qualified
428,2024-05-03,Social,77,2.4,Disqualified
429,2026-03-11,Referral,441,3.1,Nurturing
430,2024-03-02,Referral,420,1.5,Disqualified
431,2024-09-22,Organic Search,64,1.8,Qualified
432,2024-12-08,Paid Search,271,1.4,Nurturing
433,2025-02-12,Social,421,6.2,Disqualified
434,2025-12-28,Referral,500,6.5,Qualified
435,2026-08-30,Referral,95,4.2,Disqualified
436,2025-07-18,Partner,339,7.6,Qualified
437,2026-02-20,Paid Search,453,5.2,Disqualified
438,2025-06-06,Outbound,464,,Disqualified
439,2025-08-20,Referral,235,1.1,Qualified
440,2024-11-18,Paid Search,508,7.7,Nurturing
441,2025-03-08,Outbound,318,,Disqualified
442,2025-11-23,Organic Search,171,1.8,Disqualified
443,2024-06-24,Referral,184,1.2,Nurturing
444,2026-03-18,Outbound,461,,Disqualified
445,2026-05-01,Events,147,4.5,Disqualified
446,2026-02-01,Events,290,2.6,Qualified
447,2025-03-13,Organic Search,426,7.4,Disqualified
448,2025-07-01,Organic Search,384,5.5,Qualified
449,2025-05-12,Paid Search,172,9.4,Disqualified
450,2025-05-17,Referral,275,1.0,Qualified
451,2025-01-28,Outbound,517,,Disqualified
452,2026-05-07,Outbound,371,,Disqualified
453,2024-04-26,Outbound,160,,Nurturing
454,2026-09-26,Organic Search,480,3.4,New
455,2025-12-24,Outbound,407,,Disqualified
456,2025-12-01,Referral,323,11.3,Disqualified
457,2026-04-14,Social,316,7.8,Nurturing
458,2025-11-17,Organic Search,119,4.8,Disqualified
459,2026-07-28,Outbound,340,,Qualified
460,2026-02-27,Referral,584,5.8,Qualified
461,2025-09-25,Organic Search,405,2.5,Disqualified
462,2026-05-15,Paid Search,263,2.7,Nurturing
463,2024-07-26,Outbound,529,,Nurturing
464,2025-09-25,Outbound,323,,Disqualified
465,2024-01-16,Events,154,3.6,Nurturing
466,2025-06-23,Organic Search,355,0.8,Disqualified
467,2025-01-10,Outbound,44,,Qualified
468,2026-01-30,Paid Search,464,2.7,Disqualified
469,2025-07-02,Organic Search,531,3.6,Qualified
470,2025-04-25,Partner,178,11.4,Disqualified
471,2025-01-27,Paid Search,57,2.1,Disqualified
472,2025-08-21,Paid Search,69,2.1,Disqualified
473,2024-08-30,Paid Search,271,0.8,Qualified
474,2025-01-08,Paid Search,349,3.1,Disqualified
475,2025-12-03,Organic Search,326,6.8,Disqualified
476,2025-07-03,Paid Search,424,34.5,Nurturing
477,2026-01-10,Organic Search,251,1.7,Qualified
478,2024-03-19,Paid Search,424,0.6,Qualified
479,2026-06-05,Organic Search,327,4.6,Nurturing
480,2024-05-27,Outbound,216,,Disqualified
481,2026-09-03,Paid Search,258,3.2,Disqualified
482,2025-09-23,Outbound,131,,Qualified
483,2025-10-02,Outbound,271,,Disqualified
484,2026-07-01,Outbound,71,,Nurturing
485,2025-02-07,Paid Search,203,3.5,Qualified
486,2024-07-10,Events,553,6.0,Disqualified
487,2025-12-20,Paid Search,224,38.1,Nurturing
488,2025-01-16,Events,383,1.2,Disqualified
489,2026-06-13,Organic Search,76,8.8,Disqualified
490,2024-10-20,Events,341,3.9,Disqualified
491,2024-02-20,Organic Search,391,2.1,Disqualified
492,2025-09-18,Events,193,11.1,Disqualified
493,2024-06-27,Paid Search,538,3.1,Nurturing
494,2024-05-21,Outbound,412,,Nurturing
495,2026-03-25,Outbound,345,,Nurturing
496,2026-05-13,Paid Search,165,0.7,Nurturing
497,2026-02-05,Referral,349,2.5,Disqualified
498,2024-07-16,Events,287,6.3,Qualified
499,2025-10-18,Organic Search,41,1.9,Disqualified
500,2025-03-20,Events,507,3.6,Qualified
501,2025-12-28,Paid Search,118,6.4,Disqualified
502,2025-11-05,Events,329,3.9,Nurturing
503,2025-04-05,Social,318,0.5,Nurturing
504,2025-10-20,Organic Search,112,3.3,Nurturing
505,2026-03-07,Organic Search,194,6.0,Disqualified
506,2026-03-19,Social,344,3.5,Nurturing
507,2025-01-11,Referral,525,5.6,Nurturing
508,2026-03-07,Organic Search,222,0.5,Nurturing
509,2025-11-10,Outbound,512,,Disqualified
510,2025-06-02,Organic Search,520,6.4,Nurturing
511,2025-05-25,Referral,533,7.2,Disqualified
512,2026-08-01,Events,399,0.8,Nurturing
513,2026-05-25,Paid Search,49,20.5,Nurturing
514,2026-07-24,Paid Search,437,3.2,Nurturing
515,2025-12-22,Partner,285,4.9,Qualified
516,2024-06-23,Outbound,69,,Nurturing
517,2024-04-08,Organic Search,301,1.2,Nurturing
518,2026-08-31,Organic Search,593,0.8,Nurturing
519,2026-06-24,Paid Search,423,8.1,Disqualified
520,2025-05-27,Partner,514,3.3,Nurturing
521,2025-05-28,Partner,5,1.4,Disqualified
522,2025-05-26,Partner,438,8.4,Disqualified
523,2026-07-02,Paid Search,125,4.9,Disqualified
524,2024-02-11,Paid Search,227,0.5,Qualified
525,2024-01-20,Paid Search,164,0.7,Nurturing
526,2026-08-27,Outbound,195,,Nurturing
527,2025-09-19,Organic Search,284,8.7,Qualified
528,2025-02-15,Organic Search,48,1.4,Disqualified
529,2024-08-08,Organic Search,395,1.4,Qualified
530,2024-07-19,Organic Search,529,0.3,Qualified
531,2025-11-06,Organic Search,414,3.1,Nurturing
532,2026-06-13,Organic Search,297,8.3,Nurturing
533,2026-02-09,Outbound,181,,Disqualified
534,2024-05-01,Events,580,2.0,Disqualified
535,2025-11-28,Partner,407,1.2,Qualified
536,2026-06-28,Organic Search,86,3.3,Qualified
537,2025-10-12,Paid Search,252,2.0,Qualified
538,2026-09-10,Partner,392,10.3,Disqualified
539,2024-12-16,Referral,271,17.5,Qualified
540,2025-03-05,Social,439,4.9,Disqualified
541,2025-06-04,Organic Search,549,6.5,Disqualified
542,2024-05-08,Outbound,577,,Disqualified
543,2024-06-29,Paid Search,52,4.8,Nurturing
544,2024-11-08,Outbound,221,,Nurturing
545,2024-11-09,Organic Search,320,8.6,Qualified
546,2026-09-19,Paid Search,356,2.3,New
547,2026-07-17,Partner,4,1.9,Qualified
548,2026-01-30,Outbound,545,,Nurturing
549,2025-07-04,Paid Search,45,3.5,Disqualified
550,2026-06-10,Paid Search,154,5.0,Disqualified
551,2026-02-28,Social,264,4.9,Disqualified
552,2025-12-22,Organic Search,168,3.0,Qualified
553,2026-04-17,Events,399,0.5,Qualified
554,2024-06-26,Events,364,3.3,Qualified
555,2024-07-15,Paid Search,278,15.5,Disqualified
556,2024-06-10,Outbound,91,,Disqualified
557,2025-10-18,Outbound,593,,Nurturing
558,2026-09-18,Partner,124,2.1,New
559,2024-07-14,Outbound,344,,Disqualified
560,2026-02-18,Referral,569,0.7,Disqualified
561,2026-09-23,Outbound,15,,New
562,2025-12-28,Events,390,6.8,Disqualified
563,2025-12-20,Organic Search,521,4.8,Qualified
564,2025-05-15,Partner,328,5.1,Disqualified
565,2026-02-27,Paid Search,372,1.6,Nurturing
566,2026-05-19,Outbound,363,,Disqualified
567,2024-02-19,Referral,105,1.9,Disqualified
568,2026-08-03,Outbound,596,,Disqualified
569,2026-05-21,Events,341,5.7,Nurturing
570,2024-04-02,Events,182,2.6,Disqualified
571,2026-06-14,Organic Search,557,4.3,Nurturing
572,2024-07-13,Organic Search,101,0.8,Qualified
573,2024-01-05,Referral,344,5.8,Nurturing
574,2026-07-07,Paid Search,137,4.0,Disqualified
575,2024-09-28,Paid Search,315,0.9,Nurturing
576,2025-10-30,Outbound,62,,Disqualified
577,2026-08-28,Referral,431,1.1,Qualified
578,2024-08-18,Paid Search,45,2.9,Nurturing
579,2026-05-08,Paid Search,523,2.9,Qualified
580,2024-04-04,Organic Search,304,1.8,Qualified
581,2024-04-29,Outbound,210,,Nurturing
582,2025-04-02,Social,435,6.0,Nurturing
583,2026-03-17,Partner,591,14.7,Qualified
584,2025-04-06,Paid Search,115,4.8,Qualified
585,2024-03-03,Organic Search,388,9.8,Qualified
586,2026-08-12,Organic Search,77,1.3,Nurturing
587,2024-07-18,Paid Search,77,4.4,Disqualified
588,2025-04-29,Referral,422,1.2,Nurturing
589,2025-03-18,Paid Search,483,9.3,Disqualified
590,2026-06-09,Referral,594,1.6,Nurturing
591,2024-02-10,Outbound,551,,Disqualified
592,2025-06-30,Organic Search,344,7.2,Disqualified
593,2026-05-25,Partner,491,2.9,Nurturing
594,2025-01-29,Partner,145,1.6,Nurturing
595,2026-05-22,Partner,421,7.1,Disqualified
596,2026-04-27,Paid Search,303,3.5,Nurturing
597,2025-02-20,Outbound,559,,Disqualified
598,2026-03-30,Paid Search,419,7.7,Nurturing
599,2024-04-12,Outbound,128,,Disqualified
600,2026-02-09,Social,133,5.0,Disqualified
601,2026-09-02,Paid Search,343,2.0,Disqualified
602,2024-10-01,Paid Search,155,6.5,Disqualified
603,2026-04-21,Events,238,12.7,Qualified
604,2025-01-22,Organic Search,447,0.7,Disqualified
605,2026-08-28,Organic Search,590,2.2,Qualified
606,2025-09-10,Partner,260,0.5,Qualified
607,2025-12-01,Partner,503,0.4,Disqualified
608,2025-05-14,Outbound,598,,Nurturing
609,2025-03-28,Organic Search,190,2.3,Qualified
610,2025-08-03,Events,522,1.8,Disqualified
611,2026-09-21,Events,81,2.9,New
612,2024-10-08,Paid Search,208,4.6,Nurturing
613,2024-03-13,Outbound,24,,Disqualified
614,2025-09-12,Outbound,364,,Disqualified
615,2026-09-14,Referral,84,4.3,Qualified
616,2026-04-24,Partner,437,5.6,Nurturing
617,2026-09-09,Referral,555,2.9,Disqualified
618,2024-07-13,Paid Search,79,3.4,Nurturing
619,2026-04-22,Partner,216,3.0,Nurturing
620,2025-11-19,Outbound,563,,Nurturing
621,2026-01-24,Outbound,537,,Nurturing
622,2025-07-19,Outbound,302,,Disqualified
623,2026-02-13,Paid Search,172,2.6,Nurturing
624,2025-07-11,Events,277,0.2,Disqualified
625,2025-04-30,Outbound,67,,Disqualified
626,2024-04-25,Organic Search,392,1.6,Qualified
627,2024-08-02,Paid Search,45,3.8,Disqualified
628,2026-08-05,Referral,398,1.1,Disqualified
629,2026-04-04,Events,126,0.9,Nurturing
630,2025-06-28,Organic Search,481,2.8,Disqualified
631,2024-08-09,Partner,368,5.8,Qualified
632,2025-01-17,Partner,584,2.7,Nurturing
633,2024-04-14,Organic Search,163,5.6,Disqualified
634,2025-01-24,Organic Search,554,0.8,Qualified
635,2026-01-12,Outbound,369,,Nurturing
636,2025-02-17,Organic Search,420,4.3,Qualified
637,2025-06-07,Outbound,564,,Disqualified
638,2026-01-04,Organic Search,535,3.3,Nurturing
639,2024-03-18,Referral,368,1.0,Disqualified
640,2026-06-04,Events,78,0.8,Disqualified
641,2025-10-15,Events,488,1.7,Nurturing
642,2026-01-26,Outbound,327,,Disqualified
643,2025-08-08,Social,446,5.9,Disqualified
644,2025-12-12,Referral,502,6.0,Qualified
645,2026-09-06,Social,294,17.6,Disqualified
646,2024-08-02,Organic Search,217,1.9,Disqualified
647,2024-09-27,Referral,284,1.3,Qualified
648,2024-12-29,Outbound,582,,Qualified
649,2025-09-30,Organic Search,473,0.7,Disqualified
650,2025-05-29,Partner,5,0.5,Qualified
651,2025-11-24,Outbound,499,,Qualified
652,2024-06-03,Paid Search,468,2.3,Disqualified
653,2025-04-11,Referral,569,4.2,Nurturing
654,2026-06-14,Outbound,171,,Disqualified
655,2025-12-01,Referral,439,8.2,Qualified
656,2026-04-21,Outbound,204,,Nurturing
657,2024-03-10,Paid Search,360,54.6,Qualified
658,2025-01-25,Events,356,4.2,Disqualified
659,2026-07-26,Referral,186,3.5,Disqualified
660,2025-04-12,Organic Search,281,2.7,Disqualified
661,2026-03-14,Organic Search,48,4.6,Nurturing
662,2024-04-13,Outbound,399,,Disqualified
663,2026-09-20,Partner,502,2.5,New
664,2026-02-14,Organic Search,139,0.5,Nurturing
665,2025-09-07,Outbound,311,,Nurturing
666,2026-02-12,Organic Search,139,8.5,Nurturing
667,2024-04-02,Organic Search,162,4.7,Qualified
668,2024-07-04,Partner,114,2.4,Nurturing
669,2024-07-27,Referral,552,7.1,Qualified
670,2024-07-19,Paid Search,139,3.5,Nurturing
671,2025-02-08,Paid Search,340,1.3,Nurturing
672,2026-04-26,Outbound,262,,Disqualified
673,2025-07-10,Paid Search,25,6.1,Disqualified
674,2026-06-30,Social,392,7.0,Qualified
675,2026-09-07,Organic Search,494,8.5,Qualified
676,2024-07-19,Organic Search,484,2.1,Qualified
677,2025-01-27,Outbound,426,,Disqualified
678,2026-09-17,Paid Search,251,7.3,New
679,2025-12-23,Events,440,6.5,Qualified
680,2025-06-18,Partner,46,2.3,Disqualified
681,2025-08-14,Partner,43,2.5,Disqualified
682,2025-08-14,Paid Search,87,2.6,Nurturing
683,2026-01-23,Paid Search,432,0.5,Nurturing
684,2026-04-03,Social,142,4.8,Disqualified
685,2025-12-04,Outbound,516,,Disqualified
686,2025-06-29,Paid Search,364,1.3,Nurturing
687,2025-04-19,Organic Search,80,2.8,Disqualified
688,2025-03-20,Organic Search,110,5.8,Nurturing
689,2025-02-28,Organic Search,20,2.8,Disqualified
690,2026-03-04,Organic Search,369,3.2,Qualified
691,2025-06-09,Paid Search,505,4.4,Nurturing
692,2025-01-02,Events,516,3.9,Qualified
693,2024-11-07,Outbound,157,,Nurturing
694,2026-09-13,Organic Search,30,1.3,Qualified
695,2026-01-06,Outbound,594,,Nurturing
696,2025-12-04,Outbound,522,,Disqualified
697,2026-07-03,Outbound,509,,Disqualified
698,2025-12-18,Outbound,413,,Disqualified
699,2025-04-23,Outbound,129,,Qualified
700,2025-08-29,Referral,224,8.0,Qualified
701,2026-09-14,Paid Search,397,6.8,Disqualified
702,2024-05-02,Organic Search,323,4.8,Nurturing
703,2025-06-10,Events,37,3.9,Nurturing
704,2025-09-01,Organic Search,261,0.6,Nurturing
705,2025-12-23,Organic Search,156,9.4,Qualified
706,2025-09-24,Organic Search,276,6.0,Nurturing
707,2025-07-22,Outbound,279,,Nurturing
708,2024-09-05,Outbound,397,,Qualified
709,2025-06-13,Outbound,196,,Disqualified
710,2026-08-10,Events,598,1.1,Disqualified
711,2026-01-12,Organic Search,355,5.9,Qualified
712,2026-08-26,Organic Search,543,11.5,Disqualified
713,2025-08-26,Paid Search,465,10.0,Nurturing
714,2024-05-31,Paid Search,425,3.1,Nurturing
715,2024-01-05,Partner,215,4.0,Disqualified
716,2025-09-23,Paid Search,378,5.0,Disqualified
717,2026-04-24,Organic Search,559,3.0,Nurturing
718,2025-08-05,Organic Search,541,31.4,Disqualified
719,2026-09-11,Paid Search,522,1.1,Qualified
720,2026-09-05,Partner,11,2.3,Qualified
721,2024-12-19,Paid Search,20,5.4,Disqualified
722,2025-01-27,Paid Search,29,4.0,Disqualified
723,2024-05-27,Referral,185,4.2,Nurturing
724,2024-12-10,Organic Search,380,1.5,Nurturing
725,2025-02-22,Paid Search,447,21.1,Qualified
726,2025-07-02,Paid Search,225,2.0,Qualified
727,2026-03-25,Outbound,553,,Disqualified
728,2024-12-26,Referral,254,3.9,Nurturing
729,2026-09-28,Outbound,368,,New
730,2025-09-15,Partner,93,4.0,Disqualified
731,2024-05-23,Organic Search,558,23.1,Disqualified
732,2024-01-02,Paid Search,368,3.3,Disqualified
733,2024-04-13,Paid Search,348,0.4,Disqualified
734,2024-07-01,Organic Search,368,2.4,Disqualified
735,2026-09-10,Paid Search,92,9.8,Disqualified
736,2025-02-20,Organic Search,561,3.1,Nurturing
737,2026-09-13,Paid Search,234,4.4,Disqualified
738,2025-12-19,Social,403,1.4,Nurturing
739,2025-04-02,Outbound,595,,Disqualified
740,2026-08-21,Paid Search,60,4.2,Nurturing
741,2025-10-14,Events,408,4.0,Nurturing
742,2025-06-20,Paid Search,180,18.6,Disqualified
743,2025-06-29,Partner,94,2.7,Disqualified
744,2026-06-25,Organic Search,204,1.1,Nurturing
745,2025-08-03,Social,113,15.0,Nurturing
746,2026-07-29,Social,539,13.1,Nurturing
747,2026-06-11,Paid Search,335,0.7,Disqualified
748,2025-03-05,Organic Search,364,0.6,Disqualified
749,2024-10-20,Events,436,2.0,Nurturing
750,2025-09-06,Paid Search,597,2.6,Nurturing
751,2025-02-16,Partner,76,1.9,Nurturing
752,2026-02-20,Organic Search,254,12.8,Nurturing
753,2025-11-06,Events,468,2.7,Qualified
754,2024-06-11,Social,55,1.0,Disqualified
755,2025-09-17,Organic Search,51,5.7,Nurturing
756,2025-07-20,Paid Search,414,1.8,Nurturing
757,2024-11-12,Events,413,6.1,Nurturing
758,2026-05-17,Organic Search,253,2.9,Qualified
759,2024-10-31,Social,423,1.3,Nurturing
760,2026-08-09,Organic Search,435,3.0,Disqualified
761,2024-08-18,Paid Search,400,3.5,Disqualified
762,2024-07-17,Referral,293,3.7,Qualified
763,2024-05-02,Paid Search,284,0.9,Disqualified
764,2026-01-16,Outbound,406,,Qualified
765,2025-02-11,Paid Search,102,14.2,Qualified
766,2024-08-22,Events,32,1.6,Disqualified
767,2026-03-29,Events,466,17.3,Nurturing
768,2024-10-20,Paid Search,40,4.4,Disqualified
769,2025-06-22,Organic Search,310,1.2,Nurturing
770,2025-11-01,Social,318,18.5,Qualified
771,2025-10-04,Organic Search,471,7.1,Nurturing
772,2025-11-06,Paid Search,106,3.1,Nurturing
773,2026-02-27,Organic Search,191,4.4,Disqualified
774,2026-09-24,Outbound,438,,New
775,2026-07-24,Organic Search,139,6.4,Disqualified
776,2026-05-25,Referral,26,6.8,Nurturing
777,2026-06-11,Events,317,1.3,Nurturing
778,2024-09-22,Social,472,6.8,Disqualified
779,2026-02-20,Organic Search,194,0.5,Disqualified
780,2026-06-07,Paid Search,119,3.4,Disqualified
781,2024-07-30,Organic Search,475,1.7,Disqualified
782,2024-01-17,Paid Search,103,7.1,Qualified
783,2025-12-06,Referral,392,6.2,Qualified
784,2025-08-02,Organic Search,99,2.3,Qualified
785,2024-02-05,Organic Search,40,1.5,Nurturing
786,2025-05-26,Referral,401,3.3,Nurturing
787,2024-08-16,Paid Search,401,1.4,Disqualified
788,2025-10-08,Outbound,263,,Disqualified
789,2025-05-05,Organic Search,395,3.4,Qualified
790,2026-07-26,Organic Search,428,13.2,Disqualified
791,2024-07-29,Organic Search,467,3.5,Disqualified
792,2025-11-29,Organic Search,508,5.7,Nurturing
793,2026-07-15,Referral,470,0.6,Qualified
794,2024-06-03,Social,449,1.1,Disqualified
795,2026-08-14,Outbound,344,,Qualified
796,2024-11-30,Outbound,399,,Disqualified
797,2024-06-07,Outbound,488,,Nurturing
798,2025-12-15,Outbound,575,,Nurturing
799,2025-05-06,Organic Search,362,2.9,Disqualified
800,2025-05-19,Outbound,467,,Disqualified
801,2024-11-11,Partner,280,35.4,Nurturing
802,2024-03-21,Organic Search,327,2.5,Qualified
803,2026-01-20,Paid Search,461,10.9,Nurturing
804,2025-03-20,Referral,89,0.8,Nurturing
805,2026-08-26,Events,421,3.5,Nurturing
806,2025-02-09,Outbound,559,,Disqualified
807,2025-07-12,Outbound,168,,Disqualified
808,2026-01-02,Organic Search,198,1.1,Nurturing
809,2026-07-17,Events,39,1.3,Disqualified
810,2025-04-04,Outbound,39,,Disqualified
811,2024-03-03,Events,278,4.3,Disqualified
812,2026-07-04,Paid Search,561,20.4,Disqualified
813,2025-04-17,Organic Search,143,72.7,Qualified
814,2026-01-08,Referral,18,0.6,Qualified
815,2026-06-26,Organic Search,29,0.4,Qualified
816,2025-12-11,Organic Search,410,0.7,Nurturing
817,2026-07-31,Social,379,42.7,Qualified
818,2024-04-07,Referral,579,2.6,Nurturing
819,2024-08-21,Organic Search,540,2.1,Disqualified
820,2025-05-06,Events,291,2.3,Disqualified
821,2026-08-08,Paid Search,4,6.2,Disqualified
822,2024-09-26,Paid Search,362,1.7,Disqualified
823,2026-08-16,Paid Search,23,3.0,Disqualified
824,2024-07-11,Referral,420,3.7,Disqualified
825,2026-04-26,Referral,512,1.5,Qualified
826,2025-08-06,Events,95,8.8,Nurturing
827,2025-01-16,Partner,263,3.2,Nurturing
828,2026-03-17,Paid Search,50,1.0,Disqualified
829,2025-10-13,Paid Search,568,2.6,Nurturing
830,2026-07-01,Paid Search,113,1.4,Disqualified
831,2026-09-02,Paid Search,89,1.3,Disqualified
832,2025-09-09,Paid Search,68,1.0,Nurturing
833,2025-04-05,Outbound,144,,Nurturing
834,2024-04-06,Organic Search,492,9.8,Qualified
835,2026-01-26,Organic Search,312,9.9,Qualified
836,2024-06-12,Events,521,1.3,Disqualified
837,2026-05-17,Organic Search,191,1.4,Disqualified
838,2024-05-20,Outbound,295,,Disqualified
839,2024-08-24,Referral,471,1.0,Qualified
840,2026-02-19,Events,275,0.8,Qualified
841,2026-02-16,Events,54,14.9,Nurturing
842,2024-08-14,Paid Search,21,1.3,Qualified
843,2026-08-28,Social,395,5.4,Qualified
844,2025-05-04,Organic Search,532,1.8,Disqualified
845,2024-08-11,Social,66,2.2,Nurturing
846,2025-12-04,Paid Search,111,1.0,Qualified
847,2025-05-27,Paid Search,298,3.3,Disqualified
848,2026-05-01,Paid Search,503,3.4,Disqualified
849,2024-08-18,Outbound,43,,Disqualified
850,2026-01-24,Organic Search,204,7.7,Qualified
851,2026-07-29,Paid Search,331,4.7,Nurturing
852,2025-08-07,Organic Search,400,1.9,Qualified
853,2026-07-25,Organic Search,442,1.4,Nurturing
854,2025-02-28,Organic Search,309,2.2,Qualified
855,2026-07-02,Organic Search,348,12.1,Qualified
856,2025-07-31,Events,433,7.3,Nurturing
857,2025-06-09,Referral,513,0.6,Qualified
858,2026-06-06,Outbound,293,,Disqualified
859,2024-12-27,Referral,216,4.8,Disqualified
860,2025-01-24,Organic Search,589,6.1,Disqualified
861,2025-08-21,Organic Search,168,5.0,Disqualified
862,2025-05-29,Events,51,4.9,Disqualified
863,2025-10-07,Paid Search,226,8.8,Qualified
864,2024-03-11,Social,278,3.5,Nurturing
865,2026-05-18,Organic Search,270,17.8,Qualified
866,2026-04-26,Organic Search,510,3.8,Nurturing
867,2026-06-28,Paid Search,590,2.8,Disqualified
868,2025-11-01,Outbound,149,,Nurturing
869,2026-05-10,Referral,418,12.2,Qualified
870,2025-05-10,Partner,54,2.4,Qualified
871,2024-08-03,Outbound,512,,Disqualified
872,2024-02-06,Outbound,151,,Disqualified
873,2025-09-15,Paid Search,226,1.7,Nurturing
874,2025-03-30,Organic Search,343,4.1,Disqualified
875,2025-09-26,Social,484,2.9,Disqualified
876,2024-03-15,Outbound,567,,Nurturing
877,2025-05-19,Referral,170,0.2,Qualified
878,2026-04-21,Organic Search,40,1.9,Qualified
879,2024-06-11,Social,212,1.5,Disqualified
880,2025-09-12,Partner,390,3.5,Qualified
881,2025-12-20,Organic Search,560,2.4,Disqualified
882,2024-11-18,Organic Search,373,0.6,Qualified
883,2025-05-07,Social,173,29.8,Nurturing
884,2024-02-02,Paid Search,524,2.9,Nurturing
885,2024-08-10,Organic Search,500,4.2,Nurturing
886,2024-04-04,Social,23,5.4,Nurturing
887,2026-02-25,Paid Search,120,1.2,Nurturing
888,2024-07-04,Paid Search,343,77.4,Disqualified
889,2024-12-31,Partner,224,12.2,Nurturing
890,2024-08-05,Outbound,331,,Disqualified
891,2024-05-09,Social,34,15.0,Disqualified
892,2024-08-04,Outbound,521,,Nurturing
893,2026-06-30,Outbound,397,,Disqualified
894,2025-12-23,Outbound,513,,Disqualified
895,2025-03-05,Organic Search,451,6.2,Disqualified
896,2026-03-17,Outbound,581,,Disqualified
897,2024-01-15,Organic Search,244,2.2,Nurturing
898,2026-05-28,Referral,496,11.1,Disqualified
899,2025-06-08,Paid Search,579,4.0,Disqualified
900,2026-07-30,Referral,156,8.7,Qualified
901,2024-12-15,Outbound,280,,Disqualified
902,2025-08-08,Paid Search,290,3.5,Nurturing
903,2026-09-01,Events,396,5.2,Disqualified
904,2026-04-10,Events,360,16.7,Disqualified
905,2024-07-15,Social,477,3.2,Nurturing
906,2024-12-13,Organic Search,51,5.4,Nurturing
907,2026-06-12,Events,25,1.6,Disqualified
908,2025-04-04,Outbound,88,,Disqualified
909,2026-06-14,Paid Search,324,10.5,Disqualified
910,2024-04-14,Referral,353,3.7,Disqualified
911,2026-08-01,Partner,55,6.0,Qualified
912,2026-04-21,Organic Search,205,1.4,Nurturing
913,2025-12-08,Outbound,371,,Qualified
914,2025-12-20,Organic Search,214,1.9,Nurturing
915,2025-02-20,Outbound,389,,Nurturing
916,2025-01-24,Events,191,1.2,Disqualified
917,2026-06-16,Referral,412,1.2,Disqualified
918,2026-05-12,Outbound,109,,Nurturing
919,2026-08-28,Outbound,568,,Disqualified
920,2025-01-11,Paid Search,586,8.6,Nurturing
921,2024-09-27,Referral,598,2.0,Nurturing
922,2026-02-03,Partner,475,2.0,Qualified
923,2025-03-16,Social,569,5.5,Disqualified
924,2026-05-24,Organic Search,61,1.6,Disqualified
925,2024-02-22,Partner,536,25.0,Qualified
926,2024-02-25,Outbound,202,,Qualified
927,2025-05-06,Paid Search,91,0.2,Nurturing
928,2026-08-25,Organic Search,353,3.7,Nurturing
929,2024-06-21,Paid Search,17,1.5,Disqualified
930,2024-06-28,Partner,245,2.8,Qualified
931,2024-04-16,Events,213,14.5,Disqualified
932,2026-08-15,Social,459,8.9,Nurturing
933,2026-08-17,Outbound,531,,Nurturing
934,2025-07-26,Referral,273,2.6,Qualified
935,2024-07-09,Paid Search,436,1.8,Disqualified
936,2025-09-20,Outbound,109,,Disqualified
937,2025-11-14,Referral,336,4.9,Qualified
938,2025-06-19,Referral,381,10.6,Nurturing
939,2026-05-28,Organic Search,330,8.2,Disqualified
940,2026-05-12,Paid Search,53,5.9,Disqualified
941,2025-08-14,Outbound,215,,Nurturing
942,2026-08-11,Partner,429,7.0,Qualified
943,2025-06-24,Outbound,416,,Nurturing
944,2025-09-05,Referral,159,8.6,Nurturing
945,2025-03-31,Paid Search,133,10.6,Disqualified
946,2026-06-01,Paid Search,176,2.4,Qualified
947,2024-09-23,Events,381,2.5,Qualified
948,2024-05-06,Organic Search,541,0.9,Disqualified
949,2026-03-22,Organic Search,556,1.1,Nurturing
950,2025-09-06,Referral,548,2.9,Qualified
951,2025-03-19,Partner,526,2.6,Nurturing
952,2026-01-21,Referral,497,4.7,Disqualified
953,2024-11-14,Events,559,1.4,Nurturing
954,2025-09-05,Social,289,3.5,Qualified
955,2026-03-17,Organic Search,425,4.6,Nurturing
956,2026-07-20,Referral,449,9.7,Nurturing
957,2026-07-02,Organic Search,221,3.4,Qualified
958,2025-07-30,Paid Search,513,7.3,Disqualified
959,2025-07-26,Paid Search,285,4.8,Qualified
960,2026-03-01,Organic Search,243,2.9,Qualified
961,2025-02-09,Paid Search,72,1.3,Qualified
962,2024-03-19,Organic Search,192,0.5,Disqualified
963,2024-12-29,Partner,136,8.2,Qualified
964,2026-01-22,Paid Search,165,1.1,Nurturing
965,2025-05-29,Organic Search,122,4.4,Disqualified
966,2024-01-23,Paid Search,206,3.4,Nurturing
967,2026-01-27,Referral,208,3.1,Qualified
968,2024-08-20,Events,37,3.2,Disqualified
969,2024-06-07,Events,570,1.8,Qualified
970,2025-08-23,Events,171,2.5,Qualified
971,2025-06-29,Outbound,590,,Disqualified
972,2026-08-05,Outbound,263,,Disqualified
973,2026-01-18,Organic Search,445,3.6,Disqualified
974,2025-03-31,Referral,42,4.1,Disqualified
975,2024-06-03,Referral,585,6.6,Disqualified
976,2024-07-11,Events,370,1.2,Disqualified
977,2026-03-19,Referral,175,4.0,Qualified
978,2026-09-21,Paid Search,127,2.1,Qualified
979,2025-06-26,Paid Search,366,3.8,Nurturing
980,2025-02-06,Social,219,3.2,Nurturing
981,2025-08-22,Referral,387,1.4,Qualified
982,2026-02-13,Social,57,0.5,Disqualified
983,2026-04-13,Organic Search,176,9.0,Disqualified
984,2026-04-13,Outbound,26,,Disqualified
985,2026-01-27,Paid Search,398,2.0,Disqualified
986,2026-01-08,Events,205,1.8,Nurturing
987,2026-08-27,Partner,243,19.8,Nurturing
988,2025-01-13,Organic Search,376,13.5,Disqualified
989,2025-01-29,Referral,560,37.6,Nurturing
990,2025-11-01,Outbound,186,,Qualified
991,2025-12-30,Paid Search,5,3.8,Nurturing
992,2025-08-06,Organic Search,534,3.0,Nurturing
993,2024-05-08,Organic Search,11,1.7,Qualified
994,2025-10-10,Outbound,136,,Disqualified
995,2025-08-25,Paid Search,515,1.2,Disqualified
996,2025-12-10,Social,496,2.4,Disqualified
997,2026-06-28,Social,121,6.5,Nurturing
998,2024-06-23,Organic Search,249,0.5,Qualified
999,2024-06-12,Paid Search,421,0.2,Qualified
1000,2024-10-21,Outbound,494,,Nurturing
1001,2024-03-25,Outbound,591,,Nurturing
1002,2024-06-23,Referral,93,4.3,Qualified
1003,2025-05-25,Outbound,558,,Qualified
1004,2026-09-22,Paid Search,125,1.2,New
1005,2024-12-05,Outbound,255,,Nurturing
1006,2024-12-24,Paid Search,236,3.6,Disqualified
1007,2024-04-22,Outbound,210,,Nurturing
1008,2024-09-02,Events,556,4.9,Disqualified
1009,2024-09-10,Social,23,3.5,Nurturing
1010,2025-07-13,Organic Search,189,0.9,Nurturing
1011,2024-10-05,Paid Search,528,1.7,Disqualified
1012,2024-04-15,Paid Search,132,2.2,Disqualified
1013,2024-12-29,Paid Search,63,1.8,Disqualified
1014,2025-12-15,Organic Search,555,1.4,Qualified
1015,2026-01-18,Social,21,2.1,Nurturing
1016,2024-11-26,Paid Search,100,0.9,Disqualified
1017,2025-09-17,Outbound,418,,Disqualified
1018,2026-06-23,Organic Search,357,4.1,Qualified
1019,2026-02-01,Outbound,65,,Qualified
1020,2025-07-10,Referral,119,3.9,Disqualified
1021,2026-06-26,Organic Search,147,3.1,Qualified
1022,2025-09-11,Referral,91,2.4,Disqualified
1023,2026-05-31,Events,48,3.2,Nurturing
1024,2024-06-22,Referral,598,8.0,Disqualified
1025,2026-08-23,Paid Search,76,4.5,Nurturing
1026,2026-01-12,Organic Search,30,6.7,Disqualified
1027,2025-09-26,Paid Search,60,2.0,Disqualified
1028,2026-01-27,Paid Search,163,5.4,Disqualified
1029,2025-08-29,Organic Search,342,20.6,Qualified
1030,2025-11-29,Organic Search,77,7.1,Disqualified
1031,2026-01-25,Paid Search,62,3.5,Qualified
1032,2026-04-12,Organic Search,310,5.9,Nurturing
1033,2025-09-02,Outbound,465,,Nurturing
1034,2026-04-08,Outbound,58,,Disqualified
1035,2024-08-01,Organic Search,441,1.0,Disqualified
1036,2025-09-19,Paid Search,155,8.0,Disqualified
1037,2024-12-22,Referral,135,1.1,Disqualified
1038,2026-09-17,Paid Search,187,3.6,New
1039,2025-06-10,Social,105,3.3,Disqualified
1040,2026-06-19,Outbound,593,,Qualified
1041,2025-03-07,Outbound,210,,Nurturing
1042,2024-06-16,Social,585,0.2,Nurturing
1043,2026-03-26,Outbound,351,,Disqualified
1044,2026-07-20,Organic Search,42,1.1,Disqualified
1045,2025-10-01,Paid Search,91,5.5,Qualified
1046,2025-01-11,Referral,346,17.8,Nurturing
1047,2026-05-22,Paid Search,345,3.9,Nurturing
1048,2026-04-16,Outbound,125,,Nurturing
1049,2026-02-14,Partner,96,127.7,Qualified
1050,2025-12-22,Organic Search,72,2.8,Qualified
1051,2025-03-12,Referral,260,1.0,Qualified
1052,2024-02-14,Organic Search,565,2.6,Nurturing
1053,2025-03-12,Organic Search,562,4.2,Nurturing
1054,2026-06-21,Organic Search,142,6.9,Qualified
1055,2024-06-01,Organic Search,589,3.9,Disqualified
1056,2024-05-20,Paid Search,489,2.4,Disqualified
1057,2025-07-16,Organic Search,586,8.8,Qualified
1058,2026-08-21,Paid Search,338,11.1,Nurturing
1059,2024-08-09,Organic Search,283,1.5,Nurturing
1060,2025-02-08,Referral,248,19.1,Qualified
1061,2026-07-16,Paid Search,99,1.6,Disqualified
1062,2026-08-16,Events,443,2.4,Nurturing
1063,2026-08-09,Organic Search,400,0.9,Qualified
1064,2025-03-09,Paid Search,130,0.4,Nurturing
1065,2025-04-05,Social,292,1.4,Nurturing
1066,2024-09-06,Events,413,1.1,Disqualified
1067,2025-12-12,Events,77,2.2,Nurturing
1068,2024-10-26,Outbound,157,,Nurturing
1069,2025-09-11,Paid Search,172,3.3,Nurturing
1070,2025-03-09,Organic Search,288,2.9,Nurturing
1071,2025-04-02,Paid Search,430,1.7,Nurturing
1072,2026-06-28,Partner,171,1.3,Disqualified
1073,2024-07-10,Partner,410,5.5,Qualified
1074,2025-01-04,Partner,373,6.6,Nurturing
1075,2024-07-04,Paid Search,103,15.0,Nurturing
1076,2024-05-28,Organic Search,525,13.4,Disqualified
1077,2026-06-05,Organic Search,546,2.0,Disqualified
1078,2026-08-02,Referral,283,2.4,Nurturing
1079,2026-03-21,Organic Search,551,0.4,Qualified
1080,2024-06-29,Partner,581,10.5,Disqualified
1081,2025-12-25,Social,318,27.4,Disqualified
1082,2026-03-30,Organic Search,536,0.3,Qualified
1083,2024-12-10,Paid Search,17,14.7,Nurturing
1084,2025-05-26,Organic Search,590,1.7,Disqualified
1085,2026-07-13,Paid Search,168,4.7,Disqualified
1086,2025-03-29,Referral,385,0.6,Disqualified
1087,2026-08-21,Outbound,486,,Disqualified
1088,2025-07-26,Paid Search,173,1.2,Disqualified
1089,2025-09-05,Organic Search,419,2.4,Disqualified
1090,2025-05-30,Paid Search,194,1.0,Disqualified
1091,2026-08-29,Organic Search,585,3.0,Qualified
1092,2025-02-26,Paid Search,17,1.3,Nurturing
1093,2025-01-16,Referral,80,2.4,Qualified
1094,2025-01-18,Paid Search,492,12.6,Disqualified
1095,2025-07-07,Paid Search,166,2.0,Qualified
1096,2025-03-16,Organic Search,262,0.4,Disqualified
1097,2026-08-04,Paid Search,181,4.8,Disqualified
1098,2026-01-19,Partner,284,4.1,Qualified
1099,2026-04-15,Outbound,272,,Disqualified
1100,2025-03-08,Referral,130,16.5,Disqualified
1101,2025-08-22,Partner,384,5.7,Nurturing
1102,2025-04-21,Referral,286,2.0,Nurturing
1103,2024-06-12,Referral,524,3.2,Qualified
1104,2026-04-04,Paid Search,103,3.4,Qualified
1105,2026-05-18,Social,322,1.4,Disqualified
1106,2026-05-04,Outbound,309,,Disqualified
1107,2024-11-22,Partner,552,4.0,Qualified
1108,2024-12-14,Paid Search,78,7.1,Nurturing
1109,2026-08-11,Paid Search,557,2.1,Disqualified
1110,2024-08-12,Paid Search,376,1.4,Nurturing
1111,2025-03-16,Partner,271,1.4,Disqualified
1112,2025-04-10,Referral,393,15.4,Qualified
1113,2024-04-12,Organic Search,43,4.4,Nurturing
1114,2024-10-09,Organic Search,301,2.0,Nurturing
1115,2024-04-21,Referral,34,5.5,Qualified
1116,2024-04-18,Outbound,295,,Qualified
1117,2026-07-21,Paid Search,70,4.3,Qualified
1118,2026-08-16,Paid Search,321,6.6,Disqualified
1119,2025-04-03,Social,214,6.8,Disqualified
1120,2025-03-10,Organic Search,113,0.9,Nurturing
1121,2025-09-24,Outbound,405,,Disqualified
1122,2025-09-08,Referral,566,2.0,Qualified
1123,2026-03-13,Outbound,492,,Disqualified
1124,2026-05-31,Outbound,583,,Disqualified
1125,2025-12-23,Social,362,39.3,Nurturing
1126,2026-06-22,Partner,400,5.0,Disqualified
1127,2026-05-27,Paid Search,218,4.8,Disqualified
1128,2025-01-30,Outbound,464,,Nurturing
1129,2025-10-29,Paid Search,428,4.1,Nurturing
1130,2024-06-09,Partner,67,0.5,Disqualified
1131,2025-02-19,Outbound,210,,Nurturing
1132,2026-09-16,Outbound,83,,Disqualified
1133,2025-06-22,Paid Search,455,1.8,Disqualified
1134,2026-07-15,Social,236,1.8,Qualified
1135,2026-08-20,Partner,31,3.2,Disqualified
1136,2025-12-13,Organic Search,282,0.9,Nurturing
1137,2026-05-27,Organic Search,465,4.2,Disqualified
1138,2026-02-13,Organic Search,78,4.0,Qualified
1139,2025-07-27,Social,567,5.2,Disqualified
1140,2024-09-29,Referral,101,7.0,Disqualified
1141,2025-02-06,Outbound,448,,Qualified
1142,2026-03-07,Referral,115,5.0,Nurturing
1143,2024-09-08,Organic Search,360,5.7,Disqualified
1144,2026-05-08,Events,251,1.2,Disqualified
1145,2026-03-17,Outbound,87,,Nurturing
1146,2026-04-04,Referral,288,5.0,Nurturing
1147,2024-09-12,Paid Search,587,1.6,Qualified
1148,2024-09-06,Organic Search,333,10.7,Nurturing
1149,2026-01-22,Organic Search,138,7.4,Nurturing
1150,2024-09-18,Organic Search,252,1.8,Disqualified
1151,2025-07-29,Paid Search,591,10.8,Nurturing
1152,2026-03-09,Referral,367,9.6,Qualified
1153,2024-05-03,Paid Search,480,10.5,Nurturing
1154,2026-04-27,Outbound,479,,Disqualified
1155,2025-10-12,Events,475,1.9,Nurturing
1156,2026-02-19,Paid Search,411,3.8,Nurturing
1157,2026-04-08,Paid Search,50,5.8,Nurturing
1158,2024-06-10,Partner,150,26.9,Disqualified
1159,2025-08-10,Outbound,285,,Qualified
1160,2024-07-29,Partner,340,1.2,Disqualified
1161,2025-01-16,Organic Search,592,2.8,Qualified
1162,2024-07-07,Paid Search,600,0.6,Qualified
1163,2026-04-11,Organic Search,532,0.1,Disqualified
1164,2025-11-20,Outbound,50,,Nurturing
1165,2026-09-20,Organic Search,358,50.2,New
1166,2025-01-21,Outbound,555,,Disqualified
1167,2025-04-26,Organic Search,49,1.3,Nurturing
1168,2026-02-28,Organic Search,119,2.2,Nurturing
1169,2025-08-30,Referral,374,5.2,Nurturing
1170,2025-12-05,Outbound,9,,Qualified
1171,2025-04-09,Social,260,2.3,Disqualified
1172,2024-10-03,Organic Search,555,3.5,Disqualified
1173,2025-08-21,Referral,111,51.6,Qualified
1174,2025-08-27,Paid Search,570,3.7,Nurturing
1175,2025-04-18,Organic Search,4,1.0,Nurturing
1176,2025-10-25,Organic Search,235,6.9,Nurturing
1177,2026-08-15,Organic Search,502,10.3,Disqualified
1178,2025-08-24,Outbound,577,,Nurturing
1179,2025-05-13,Organic Search,599,2.3,Disqualified
1180,2025-03-11,Paid Search,190,5.1,Disqualified
1181,2024-03-05,Events,441,0.5,Nurturing
1182,2024-12-31,Partner,331,5.1,Disqualified
1183,2024-02-12,Paid Search,182,4.8,Nurturing
1184,2024-05-12,Referral,87,4.3,Qualified
1185,2024-08-10,Referral,15,8.9,Disqualified
1186,2024-04-17,Paid Search,510,6.6,Disqualified
1187,2025-04-20,Outbound,238,,Nurturing
1188,2024-10-27,Organic Search,330,3.9,Qualified
1189,2025-06-16,Outbound,154,,Nurturing
1190,2026-06-28,Outbound,46,,Nurturing
1191,2025-06-30,Outbound,231,,Disqualified
1192,2024-04-18,Paid Search,348,3.1,Nurturing
1193,2025-07-17,Organic Search,411,20.5,Nurturing
1194,2024-08-21,Outbound,141,,Nurturing
1195,2025-11-16,Organic Search,223,21.9,Disqualified
1196,2026-04-25,Organic Search,458,4.2,Disqualified
1197,2025-08-28,Paid Search,567,5.2,Nurturing
1198,2025-08-27,Outbound,11,,Nurturing
1199,2025-01-19,Outbound,527,,Disqualified
1200,2026-04-21,Organic Search,179,1.3,Disqualified
1201,2024-11-01,Referral,457,6.9,Qualified
1202,2026-03-14,Paid Search,378,1.8,Nurturing
1203,2026-01-26,Organic Search,567,1.4,Nurturing
1204,2025-02-05,Outbound,294,,Disqualified
1205,2025-05-16,Paid Search,124,4.6,Disqualified
1206,2026-07-22,Social,578,1.2,Disqualified
1207,2025-01-16,Organic Search,302,2.8,Disqualified
1208,2024-10-21,Partner,552,4.2,Qualified
1209,2024-12-18,Referral,538,3.1,Nurturing
1210,2026-02-22,Organic Search,101,4.8,Qualified
1211,2025-12-15,Paid Search,266,1.5,Nurturing
1212,2026-05-09,Partner,404,4.4,Disqualified
1213,2025-12-18,Organic Search,279,0.3,Qualified
1214,2024-12-31,Partner,139,2.7,Disqualified
1215,2024-04-08,Outbound,302,,Disqualified
1216,2025-09-01,Referral,69,1.8,Qualified
1217,2026-08-25,Paid Search,248,10.6,Qualified
1218,2025-11-29,Events,113,5.4,Disqualified
1219,2025-08-06,Referral,527,2.2,Nurturing
1220,2026-05-13,Outbound,281,,Nurturing
1221,2026-06-21,Events,255,4.7,Disqualified
1222,2026-08-21,Events,569,5.4,Disqualified
1223,2025-01-10,Organic Search,252,5.9,Nurturing
1224,2024-05-15,Organic Search,582,4.2,Nurturing
1225,2026-04-28,Paid Search,520,142.2,Disqualified
1226,2024-07-29,Social,76,6.1,Disqualified
1227,2025-04-03,Paid Search,320,1.3,Disqualified
1228,2026-07-25,Referral,446,3.0,Qualified
1229,2024-03-23,Organic Search,479,17.1,Disqualified
1230,2025-11-14,Partner,172,4.2,Qualified
1231,2025-10-03,Outbound,228,,Disqualified
1232,2026-01-28,Events,511,6.4,Disqualified
1233,2025-10-23,Organic Search,304,1.8,Nurturing
1234,2026-06-04,Outbound,351,,Nurturing
1235,2026-05-26,Events,52,1.7,Disqualified
1236,2026-03-05,Social,149,1.9,Nurturing
1237,2024-10-25,Social,372,0.6,Disqualified
1238,2026-03-20,Partner,140,0.6,Nurturing
1239,2026-06-13,Paid Search,600,7.9,Qualified
1240,2024-04-27,Referral,246,4.5,Qualified
1241,2024-05-08,Organic Search,512,1.7,Qualified
1242,2026-06-12,Events,409,1.0,Qualified
1243,2024-11-28,Paid Search,287,2.8,Nurturing
1244,2026-09-14,Organic Search,337,2.4,Nurturing
1245,2025-06-29,Paid Search,559,47.9,Disqualified
1246,2025-06-19,Paid Search,342,2.1,Nurturing
1247,2024-11-14,Paid Search,589,1.0,Nurturing
1248,2026-04-10,Organic Search,3,11.6,Nurturing
1249,2026-02-16,Organic Search,75,1.0,Disqualified
1250,2026-03-01,Paid Search,494,1.2,Disqualified
1251,2025-03-03,Paid Search,584,19.6,Qualified
1252,2025-04-28,Outbound,412,,Disqualified
1253,2024-02-28,Organic Search,506,0.7,Disqualified
1254,2024-07-19,Organic Search,87,1.1,Disqualified
1255,2026-08-09,Outbound,235,,Nurturing
1256,2024-07-16,Referral,127,3.7,Nurturing
1257,2026-05-09,Outbound,210,,Disqualified
1258,2025-03-25,Referral,334,6.0,Disqualified
1259,2024-05-15,Events,515,1.8,Qualified
1260,2025-07-22,Partner,567,5.3,Qualified
1261,2024-12-06,Outbound,243,,Qualified
1262,2025-11-07,Referral,450,5.8,Nurturing
1263,2025-07-12,Events,592,6.7,Qualified
1264,2025-03-25,Organic Search,19,17.3,Disqualified
1265,2024-12-14,Events,215,1.7,Disqualified
1266,2025-06-22,Outbound,41,,Disqualified
1267,2026-07-08,Outbound,100,,Qualified
1268,2026-08-10,Outbound,287,,Disqualified
1269,2025-07-29,Partner,183,4.0,Disqualified
1270,2026-08-09,Events,382,2.6,Nurturing
1271,2026-03-02,Outbound,64,,Nurturing
1272,2026-08-12,Organic Search,258,2.0,Disqualified
1273,2025-01-13,Outbound,369,,Disqualified
1274,2024-12-18,Partner,492,3.1,Disqualified
1275,2026-02-13,Social,121,3.1,Disqualified
1276,2026-08-17,Events,95,6.3,Disqualified
1277,2026-09-22,Organic Search,212,5.1,New
1278,2025-10-23,Paid Search,325,6.6,Nurturing
1279,2025-07-17,Organic Search,190,19.9,Disqualified
1280,2025-01-20,Paid Search,397,1.7,Nurturing
1281,2026-04-03,Paid Search,347,14.5,Disqualified
1282,2024-09-16,Outbound,48,,Nurturing
1283,2026-03-18,Outbound,482,,Disqualified
1284,2024-01-17,Paid Search,4,6.8,Nurturing
1285,2025-11-29,Referral,88,3.8,Disqualified
1286,2024-04-28,Organic Search,572,3.9,Disqualified
1287,2025-06-15,Social,338,11.9,Qualified
1288,2025-09-28,Outbound,271,,Disqualified
1289,2026-08-21,Organic Search,272,1.1,Qualified
1290,2026-09-28,Paid Search,556,1.4,New
1291,2026-06-19,Social,231,1.5,Nurturing
1292,2024-02-13,Events,210,7.8,Disqualified
1293,2026-05-29,Organic Search,383,3.0,Qualified
1294,2025-04-20,Partner,547,4.6,Qualified
1295,2026-03-08,Referral,499,4.2,Disqualified
1296,2024-09-23,Organic Search,245,6.8,Nurturing
1297,2025-07-03,Outbound,210,,Disqualified
1298,2024-12-19,Paid Search,312,9.4,Qualified
1299,2025-03-16,Partner,273,11.6,Qualified
1300,2024-02-24,Organic Search,346,6.9,Disqualified
1301,2026-05-23,Organic Search,425,19.6,Nurturing
1302,2025-10-14,Outbound,344,,Nurturing
1303,2024-10-11,Outbound,194,,Disqualified
1304,2025-10-17,Paid Search,10,1.9,Disqualified
1305,2026-09-14,Outbound,228,,Nurturing
1306,2024-04-08,Organic Search,337,1.0,Qualified
1307,2025-10-25,Referral,65,3.5,Qualified
1308,2026-04-10,Referral,15,2.8,Disqualified
1309,2024-10-29,Paid Search,15,6.0,Disqualified
1310,2024-07-16,Social,123,4.7,Nurturing
1311,2024-09-05,Paid Search,235,1.2,Nurturing
1312,2026-06-19,Paid Search,346,1.3,Disqualified
1313,2025-11-30,Paid Search,203,0.7,Disqualified
1314,2025-07-09,Referral,177,3.7,Qualified
1315,2025-07-05,Paid Search,123,7.0,Disqualified
1316,2025-02-20,Paid Search,119,1.9,Disqualified
1317,2026-04-25,Organic Search,33,2.0,Disqualified
1318,2024-05-01,Events,541,4.1,Disqualified
1319,2025-10-02,Outbound,553,,Disqualified
1320,2026-06-15,Outbound,289,,Nurturing
1321,2026-04-20,Outbound,15,,Disqualified
1322,2025-05-17,Events,229,2.2,Qualified
1323,2026-02-21,Outbound,526,,Nurturing
1324,2024-09-14,Social,493,2.1,Nurturing
1325,2024-08-27,Paid Search,501,2.5,Disqualified
1326,2026-08-22,Outbound,263,,Disqualified
1327,2025-08-06,Events,217,3.6,Disqualified
1328,2024-01-23,Outbound,304,,Disqualified
1329,2025-10-09,Social,126,0.3,Disqualified
1330,2026-05-05,Referral,41,2.0,Qualified
1331,2025-07-13,Paid Search,221,3.4,Disqualified
1332,2025-09-15,Outbound,240,,Nurturing
1333,2025-07-24,Paid Search,113,2.6,Qualified
1334,2026-04-17,Organic Search,443,7.0,Qualified
1335,2025-11-02,Organic Search,82,0.4,Nurturing
1336,2024-08-12,Organic Search,119,9.3,Qualified
1337,2025-11-18,Organic Search,561,3.3,Qualified
1338,2024-09-20,Outbound,328,,Nurturing
1339,2024-07-11,Organic Search,312,2.6,Nurturing
1340,2026-07-14,Outbound,447,,Disqualified
1341,2024-02-14,Outbound,101,,Disqualified
1342,2025-03-05,Organic Search,275,28.6,Disqualified
1343,2024-12-25,Organic Search,530,4.7,Nurturing
1344,2026-09-03,Organic Search,60,0.6,Qualified
1345,2025-08-27,Paid Search,203,2.4,Nurturing
1346,2026-01-30,Paid Search,103,1.9,Disqualified
1347,2025-05-06,Paid Search,130,2.2,Nurturing
1348,2026-08-31,Events,57,3.2,Qualified
1349,2026-04-25,Organic Search,354,80.7,Nurturing
1350,2024-05-02,Organic Search,524,1.6,Nurturing
1351,2025-03-02,Paid Search,455,1.6,Disqualified
1352,2025-01-30,Referral,458,21.3,Qualified
1353,2026-04-12,Paid Search,193,4.8,Disqualified
1354,2026-02-25,Referral,362,6.8,Nurturing
1355,2026-09-24,Events,10,2.5,Qualified
1356,2024-08-29,Paid Search,80,2.9,Disqualified
1357,2025-01-12,Partner,468,20.3,Qualified
1358,2024-12-30,Organic Search,580,0.7,Nurturing
1359,2024-07-08,Paid Search,581,5.7,Disqualified
1360,2025-08-29,Outbound,320,,Qualified
1361,2024-06-11,Outbound,149,,Disqualified
1362,2024-03-30,Outbound,18,,Disqualified
1363,2024-09-28,Partner,565,19.2,Qualified
1364,2026-09-03,Paid Search,547,10.1,Disqualified
1365,2025-03-01,Outbound,154,,Nurturing
1366,2025-03-22,Organic Search,583,4.4,Nurturing
1367,2024-04-07,Events,570,5.9,Disqualified
1368,2025-09-19,Organic Search,125,3.7,Nurturing
1369,2024-12-23,Referral,323,7.7,Disqualified
1370,2026-04-10,Referral,141,1.7,Qualified
1371,2025-07-13,Events,81,2.9,Disqualified
1372,2026-08-07,Referral,454,6.1,Disqualified
1373,2025-09-13,Events,194,3.1,Nurturing
1374,2026-04-29,Outbound,536,,Nurturing
1375,2025-02-19,Outbound,193,,Qualified
1376,2024-12-18,Outbound,437,,Qualified
1377,2026-07-19,Paid Search,503,15.6,Nurturing
1378,2024-12-13,Events,241,13.1,Disqualified
1379,2026-09-17,Organic Search,444,7.6,Qualified
1380,2024-09-10,Social,183,3.4,Disqualified
1381,2024-11-19,Partner,156,0.5,Qualified
1382,2026-09-08,Paid Search,217,6.0,Disqualified
1383,2025-08-30,Referral,85,1.3,Qualified
1384,2026-08-22,Organic Search,162,1.8,Disqualified
1385,2025-12-05,Outbound,52,,Disqualified
1386,2025-09-18,Partner,598,4.4,Disqualified
1387,2024-02-05,Partner,477,3.3,Disqualified
1388,2024-03-20,Social,98,10.5,Disqualified
1389,2025-09-23,Partner,116,2.5,Qualified
1390,2025-06-01,Paid Search,457,0.9,Disqualified
1391,2026-02-07,Referral,325,11.6,Disqualified
1392,2025-11-01,Outbound,24,,Disqualified
1393,2026-09-12,Organic Search,527,1.9,Nurturing
1394,2025-09-17,Events,454,3.5,Nurturing
1395,2025-03-05,Social,528,48.2,Nurturing
1396,2024-11-15,Outbound,572,,Disqualified
1397,2025-10-19,Events,294,4.3,Disqualified
1398,2025-10-05,Organic Search,229,1.5,Disqualified
1399,2026-05-31,Organic Search,206,2.3,Qualified
1400,2026-07-21,Outbound,590,,Disqualified
1401,2025-07-21,Paid Search,224,44.5,Qualified
1402,2025-12-14,Partner,322,3.3,Disqualified
1403,2026-07-06,Outbound,361,,Disqualified
1404,2026-01-19,Organic Search,153,1.9,Nurturing
1405,2024-12-26,Events,96,5.1,Qualified
1406,2024-12-11,Organic Search,424,1.6,Disqualified
1407,2025-11-01,Paid Search,384,7.7,Nurturing
1408,2024-12-08,Partner,313,0.9,Qualified
1409,2025-05-04,Paid Search,583,9.0,Nurturing
1410,2025-11-20,Social,168,0.5,Disqualified
1411,2025-01-28,Organic Search,328,5.5,Disqualified
1412,2025-06-15,Outbound,160,,Disqualified
1413,2024-02-12,Events,49,4.2,Disqualified
1414,2025-08-21,Outbound,318,,Disqualified
1415,2024-02-04,Outbound,577,,Disqualified
1416,2024-06-28,Organic Search,131,2.1,Disqualified
1417,2025-01-22,Referral,105,7.6,Nurturing
1418,2025-08-05,Referral,295,1.6,Disqualified
1419,2026-07-05,Organic Search,528,3.2,Disqualified
1420,2026-09-25,Referral,91,1.2,New
1421,2026-09-19,Referral,8,3.2,New
1422,2024-02-06,Partner,52,1.6,Qualified
1423,2025-05-26,Events,486,5.7,Nurturing
1424,2024-09-05,Partner,145,4.3,Qualified
1425,2026-02-15,Outbound,449,,Nurturing
1426,2026-09-04,Organic Search,421,3.6,Disqualified
1427,2025-04-23,Outbound,207,,Disqualified
1428,2024-07-15,Referral,480,10.3,Nurturing
1429,2025-02-15,Paid Search,78,8.1,Nurturing
1430,2026-08-09,Partner,137,2.7,Disqualified
1431,2024-12-29,Outbound,303,,Nurturing
1432,2026-03-19,Paid Search,564,3.7,Qualified
1433,2024-11-18,Events,137,0.7,Qualified
1434,2026-05-01,Organic Search,455,2.2,Disqualified
1435,2024-02-06,Referral,123,29.2,Qualified
1436,2026-04-24,Organic Search,339,34.1,Qualified
1437,2024-09-25,Paid Search,31,3.4,Disqualified
1438,2024-02-09,Paid Search,368,3.1,Nurturing
1439,2025-09-24,Organic Search,384,2.8,Disqualified
1440,2024-02-22,Organic Search,276,50.7,Qualified
1441,2026-08-07,Organic Search,127,0.5,Disqualified
1442,2026-03-04,Organic Search,212,2.7,Qualified
1443,2026-03-15,Events,92,2.5,Disqualified
1444,2026-01-30,Organic Search,342,1.3,Disqualified
1445,2025-12-04,Social,150,3.4,Disqualified
1446,2025-05-27,Referral,476,7.5,Qualified
1447,2025-09-01,Organic Search,102,1.1,Nurturing
1448,2025-01-16,Organic Search,358,6.9,Disqualified
1449,2024-04-19,Outbound,307,,Disqualified
1450,2025-08-22,Partner,190,9.7,Disqualified
1451,2025-08-01,Paid Search,182,10.7,Disqualified
1452,2025-06-20,Outbound,185,,Nurturing
1453,2025-08-18,Outbound,402,,Nurturing
1454,2024-07-27,Events,126,1.1,Disqualified
1455,2025-06-14,Organic Search,311,3.3,Nurturing
1456,2026-09-16,Organic Search,480,0.9,Qualified
1457,2025-11-16,Events,512,1.5,Qualified
1458,2025-03-07,Referral,123,3.0,Disqualified
1459,2024-07-28,Partner,390,1.1,Qualified
1460,2025-02-09,Paid Search,20,10.7,Nurturing
1461,2026-03-08,Partner,411,1.1,Nurturing
1462,2026-05-25,Organic Search,397,2.4,Qualified
1463,2025-07-29,Partner,579,1.4,Disqualified
1464,2025-04-07,Partner,487,4.6,Qualified
1465,2024-12-09,Referral,137,6.1,Disqualified
1466,2024-10-13,Referral,518,2.5,Disqualified
1467,2026-09-19,Organic Search,446,7.2,New
1468,2026-07-11,Outbound,332,,Disqualified
1469,2024-10-31,Paid Search,295,2.1,Disqualified
1470,2024-07-14,Organic Search,435,1.3,Disqualified
1471,2026-04-16,Events,17,5.0,Disqualified
1472,2026-02-06,Paid Search,82,5.4,Disqualified
1473,2025-11-28,Organic Search,251,4.9,Disqualified
1474,2025-09-07,Referral,551,9.5,Nurturing
1475,2025-03-09,Social,339,2.9,Nurturing
1476,2026-09-16,Referral,565,2.8,Qualified
1477,2025-09-24,Referral,595,11.2,Qualified
1478,2024-02-06,Organic Search,421,5.2,Disqualified
1479,2024-01-28,Outbound,95,,Disqualified
1480,2024-04-24,Paid Search,19,1.2,Nurturing
1481,2024-12-14,Events,560,20.5,Nurturing
1482,2025-12-03,Outbound,283,,Nurturing
1483,2026-05-02,Organic Search,142,4.3,Qualified
1484,2026-06-29,Partner,119,6.6,Qualified
1485,2025-03-02,Referral,299,3.4,Nurturing
1486,2025-07-13,Events,76,3.3,Disqualified
1487,2026-05-20,Social,193,0.8,Disqualified
1488,2025-10-18,Referral,5,5.8,Disqualified
1489,2025-04-12,Events,379,0.4,Disqualified
1490,2025-08-05,Organic Search,524,0.2,Disqualified
1491,2025-05-08,Referral,287,3.0,Qualified
1492,2026-08-09,Organic Search,211,2.7,Disqualified
1493,2025-03-11,Paid Search,231,0.7,Disqualified
1494,2026-05-05,Organic Search,271,2.6,Nurturing
1495,2026-09-22,Partner,596,4.6,New
1496,2024-05-07,Organic Search,149,1.0,Qualified
1497,2026-08-26,Events,405,3.4,Nurturing
1498,2025-05-20,Outbound,251,,Nurturing
1499,2026-01-29,Referral,116,25.4,Nurturing
1500,2024-05-01,Paid Search,7,6.4,Qualified
1501,2024-09-30,Paid Search,572,0.6,Nurturing
1502,2026-06-30,Outbound,438,,Disqualified
1503,2024-06-29,Paid Search,300,7.4,Qualified
1504,2026-05-04,Paid Search,208,6.5,Disqualified
1505,2026-03-27,Events,202,1.5,Disqualified
1506,2026-07-29,Organic Search,94,5.3,Disqualified
1507,2026-07-06,Organic Search,451,1.7,Disqualified
1508,2026-09-22,Referral,526,13.2,Qualified
1509,2025-03-16,Events,376,5.2,Disqualified
1510,2026-01-22,Outbound,547,,Nurturing
1511,2026-07-28,Organic Search,461,5.2,Disqualified
1512,2024-08-29,Referral,488,10.3,Qualified
1513,2025-09-04,Organic Search,411,5.5,Qualified
1514,2026-02-07,Outbound,178,,Nurturing
1515,2025-06-30,Paid Search,345,36.1,Qualified
1516,2024-11-01,Outbound,233,,Disqualified
1517,2025-05-31,Outbound,338,,Disqualified
1518,2025-01-10,Partner,444,3.2,Qualified
1519,2026-03-19,Outbound,89,,Nurturing
1520,2025-01-18,Paid Search,223,2.3,Nurturing
1521,2024-09-30,Events,354,1.2,Disqualified
1522,2025-02-07,Organic Search,8,3.2,Nurturing
1523,2025-01-06,Events,216,2.4,Disqualified
1524,2024-10-19,Outbound,90,,Disqualified
1525,2024-05-12,Events,533,10.2,Qualified
1526,2025-09-03,Organic Search,582,7.6,Qualified
1527,2025-11-25,Partner,23,6.0,Qualified
1528,2026-06-24,Outbound,436,,Disqualified
1529,2024-02-22,Paid Search,575,3.8,Nurturing
1530,2026-08-19,Partner,9,5.4,Qualified
1531,2026-04-03,Paid Search,65,0.6,Qualified
1532,2025-11-25,Outbound,522,,Qualified
1533,2026-05-04,Outbound,97,,Nurturing
1534,2026-08-08,Social,280,3.0,Nurturing
1535,2024-08-15,Outbound,106,,Disqualified
1536,2026-08-02,Organic Search,115,55.9,Disqualified
1537,2024-08-07,Organic Search,504,7.9,Disqualified
1538,2026-01-06,Organic Search,412,1.6,Disqualified
1539,2024-09-26,Social,305,7.1,Qualified
1540,2024-12-09,Organic Search,171,7.1,Disqualified
1541,2026-05-26,Social,286,4.0,Nurturing
1542,2026-07-02,Referral,322,1.5,Nurturing
1543,2026-07-28,Outbound,327,,Disqualified
1544,2025-06-27,Events,531,3.5,Qualified
1545,2026-02-10,Paid Search,549,5.5,Qualified
1546,2025-07-02,Events,287,8.1,Qualified
1547,2024-05-20,Paid Search,327,4.6,Qualified
1548,2025-03-09,Paid Search,495,16.9,Nurturing
1549,2025-05-16,Organic Search,146,4.4,Nurturing
1550,2025-07-24,Outbound,311,,Nurturing
1551,2025-07-10,Organic Search,574,1.8,Qualified
1552,2025-11-07,Paid Search,287,1.0,Disqualified
1553,2025-06-09,Referral,11,1.1,Qualified
1554,2026-03-10,Organic Search,280,10.3,Nurturing
1555,2024-01-17,Organic Search,361,14.2,Disqualified
1556,2025-11-16,Events,557,3.1,Qualified
1557,2026-07-06,Organic Search,10,4.5,Qualified
1558,2026-09-01,Partner,18,0.8,Disqualified
1559,2026-03-04,Paid Search,8,6.7,Disqualified
1560,2025-04-02,Referral,293,3.7,Qualified
1561,2026-02-22,Paid Search,531,2.1,Nurturing
1562,2026-01-03,Referral,228,2.8,Qualified
1563,2025-02-20,Social,340,2.7,Qualified
1564,2024-08-18,Organic Search,336,2.1,Disqualified
1565,2026-01-17,Organic Search,210,4.2,Disqualified
1566,2024-07-29,Outbound,514,,Nurturing
1567,2026-07-13,Outbound,400,,Nurturing
1568,2024-09-10,Organic Search,202,1.7,Nurturing
1569,2025-05-06,Organic Search,453,0.7,Disqualified
1570,2025-05-19,Outbound,186,,Nurturing
1571,2025-10-13,Paid Search,556,8.0,Disqualified
1572,2024-04-10,Partner,32,28.0,Qualified
1573,2025-12-03,Paid Search,79,2.9,Qualified
1574,2025-12-18,Events,118,5.3,Qualified
1575,2024-11-01,Paid Search,55,20.8,Nurturing
1576,2026-08-06,Referral,6,2.1,Qualified
1577,2026-04-19,Events,40,2.0,Nurturing
1578,2026-06-08,Events,577,3.1,Disqualified
1579,2024-12-23,Partner,534,14.1,Nurturing
1580,2026-04-06,Paid Search,159,11.4,Disqualified
1581,2026-09-29,Organic Search,74,1.3,New
1582,2025-02-13,Events,365,4.1,Disqualified
1583,2024-05-07,Referral,354,1.4,Disqualified
1584,2024-07-26,Paid Search,579,3.0,Disqualified
1585,2026-07-30,Outbound,444,,Disqualified
1586,2025-12-06,Events,219,7.9,Nurturing
1587,2024-06-18,Events,277,1.8,Nurturing
1588,2024-12-16,Partner,521,8.5,Disqualified
1589,2024-06-01,Referral,215,18.2,Qualified
1590,2024-12-25,Paid Search,355,4.5,Qualified
1591,2026-02-24,Organic Search,532,1.8,Qualified
1592,2026-06-30,Referral,287,21.6,Disqualified
1593,2026-02-11,Paid Search,424,9.7,Disqualified
1594,2024-03-10,Social,522,0.8,Disqualified
1595,2024-04-26,Organic Search,111,14.2,Nurturing
1596,2024-07-21,Organic Search,571,2.4,Nurturing
1597,2024-10-19,Organic Search,566,14.9,Nurturing
1598,2026-06-16,Partner,139,1.7,Qualified
1599,2024-06-28,Organic Search,296,2.3,Disqualified
1600,2026-09-17,Partner,444,1.2,Qualified
1601,2025-12-12,Referral,253,49.5,Nurturing
1602,2025-08-31,Outbound,523,,Disqualified
1603,2025-02-19,Organic Search,518,63.2,Qualified
1604,2025-09-08,Referral,136,0.2,Disqualified
1605,2024-07-12,Referral,480,2.0,Disqualified
1606,2025-03-24,Organic Search,521,10.9,Qualified
1607,2026-09-20,Events,426,6.1,Qualified
1608,2026-02-26,Partner,180,0.3,Disqualified
1609,2026-05-18,Paid Search,438,1.9,Qualified
1610,2026-02-14,Organic Search,534,0.4,Nurturing
1611,2026-08-01,Paid Search,517,0.9,Qualified
1612,2026-06-06,Paid Search,518,4.5,Qualified
1613,2024-07-08,Referral,436,1.5,Disqualified
1614,2024-01-31,Outbound,343,,Qualified
1615,2024-08-27,Outbound,523,,Disqualified
1616,2026-07-16,Social,407,3.3,Nurturing
1617,2026-03-30,Referral,593,3.5,Qualified
1618,2024-07-13,Social,201,1.6,Disqualified
1619,2025-07-09,Outbound,442,,Disqualified
1620,2026-06-13,Organic Search,161,0.5,Disqualified
1621,2026-07-29,Paid Search,96,7.2,Disqualified
1622,2026-01-25,Referral,74,3.7,Nurturing
1623,2024-03-29,Paid Search,272,2.5,Disqualified
1624,2024-09-06,Organic Search,185,0.7,Disqualified
1625,2026-06-08,Paid Search,281,2.7,Qualified
1626,2026-07-25,Referral,69,2.4,Qualified
1627,2025-05-02,Referral,593,2.4,Nurturing
1628,2024-04-09,Organic Search,278,2.0,Disqualified
1629,2025-08-31,Paid Search,228,0.3,Nurturing
1630,2025-11-22,Paid Search,193,20.9,Nurturing
1631,2026-01-05,Paid Search,104,1.6,Qualified
1632,2026-08-04,Events,372,1.0,Disqualified
1633,2024-11-01,Paid Search,91,3.3,Disqualified
1634,2026-07-28,Partner,549,0.9,Nurturing
1635,2025-06-27,Outbound,35,,Nurturing
1636,2026-04-27,Referral,16,3.3,Qualified
1637,2024-11-13,Referral,489,2.8,Qualified
1638,2026-06-07,Outbound,85,,Disqualified
1639,2024-10-04,Referral,61,13.4,Nurturing
1640,2025-01-24,Organic Search,148,4.1,Disqualified
1641,2025-04-06,Outbound,79,,Disqualified
1642,2026-03-01,Organic Search,95,1.1,Disqualified
1643,2024-11-26,Organic Search,331,3.2,Nurturing
1644,2026-07-03,Organic Search,419,8.4,Qualified
1645,2026-05-08,Organic Search,15,1.3,Disqualified
1646,2025-05-22,Organic Search,23,4.4,Nurturing
1647,2024-05-05,Referral,408,1.0,Qualified
1648,2025-04-02,Outbound,240,,Disqualified
1649,2026-03-20,Referral,586,0.6,Nurturing
1650,2024-12-01,Referral,137,11.2,Qualified
1651,2024-04-16,Referral,7,0.9,Disqualified
1652,2024-10-11,Referral,115,0.8,Disqualified
1653,2024-11-05,Paid Search,60,5.2,Disqualified
1654,2025-11-18,Referral,436,14.9,Nurturing
1655,2026-01-15,Social,367,11.2,Disqualified
1656,2025-06-05,Events,295,1.6,Disqualified
1657,2025-06-17,Events,430,2.0,Disqualified
1658,2024-03-19,Paid Search,147,3.2,Qualified
1659,2026-06-14,Outbound,234,,Disqualified
1660,2025-10-02,Events,1,4.5,Disqualified
1661,2026-04-16,Outbound,37,,Disqualified
1662,2024-09-03,Organic Search,55,2.5,Disqualified
1663,2026-03-27,Partner,160,4.2,Qualified
1664,2026-07-13,Outbound,306,,Disqualified
1665,2024-06-13,Organic Search,360,0.5,Disqualified
1666,2025-04-16,Referral,405,4.7,Disqualified
1667,2024-11-30,Organic Search,179,5.0,Nurturing
1668,2025-07-18,Paid Search,213,1.5,Qualified
1669,2024-07-07,Organic Search,149,6.9,Disqualified
1670,2026-05-03,Partner,76,12.9,Nurturing
1671,2024-09-25,Events,28,25.3,Disqualified
1672,2024-10-16,Events,430,12.5,Nurturing
1673,2024-05-08,Social,269,10.7,Disqualified
1674,2025-09-17,Events,466,1.8,Qualified
1675,2026-07-06,Organic Search,297,4.8,Nurturing
1676,2026-01-27,Paid Search,265,6.4,Nurturing
1677,2024-08-30,Organic Search,357,4.2,Qualified
1678,2026-09-16,Referral,13,0.8,Nurturing
1679,2025-06-09,Outbound,93,,Disqualified
1680,2025-10-03,Social,550,6.4,Disqualified
1681,2025-04-08,Events,427,1.3,Qualified
1682,2024-07-06,Organic Search,73,2.7,Nurturing
1683,2026-08-23,Referral,486,6.9,Disqualified
1684,2024-09-02,Organic Search,318,24.0,Disqualified
1685,2024-06-22,Referral,287,5.7,Disqualified
1686,2024-11-22,Outbound,202,,Nurturing
1687,2025-09-15,Outbound,142,,Nurturing
1688,2025-03-04,Paid Search,314,15.7,Qualified
1689,2025-03-26,Outbound,546,,Nurturing
1690,2024-08-08,Organic Search,467,5.4,Qualified
1691,2026-08-21,Paid Search,383,1.7,Disqualified
1692,2025-06-09,Organic Search,492,14.6,Nurturing
1693,2024-07-04,Outbound,161,,Disqualified
1694,2024-03-27,Paid Search,85,2.9,Nurturing
1695,2025-11-19,Paid Search,303,1.5,Disqualified
1696,2026-02-10,Social,550,1.9,Nurturing
1697,2024-05-15,Outbound,570,,Disqualified
1698,2024-05-15,Paid Search,484,1.5,Nurturing
1699,2026-03-25,Events,94,13.5,Disqualified
1700,2026-07-17,Paid Search,82,0.1,Nurturing
1701,2024-12-25,Outbound,372,,Disqualified
1702,2024-07-21,Events,164,1.5,Disqualified
1703,2025-07-28,Outbound,455,,Nurturing
1704,2026-05-12,Organic Search,241,7.1,Qualified
1705,2026-05-09,Paid Search,387,3.7,Nurturing
1706,2024-05-07,Outbound,239,,Disqualified
1707,2025-05-04,Social,213,0.9,Disqualified
1708,2025-02-18,Outbound,292,,Nurturing
1709,2024-10-01,Referral,424,1.0,Disqualified
1710,2024-07-16,Paid Search,593,4.4,Disqualified
1711,2024-12-13,Paid Search,252,3.9,Qualified
1712,2026-07-17,Social,28,9.9,Nurturing
1713,2024-09-07,Events,538,6.3,Disqualified
1714,2024-12-07,Organic Search,577,3.5,Disqualified
1715,2024-08-15,Events,493,19.5,Qualified
1716,2026-03-20,Outbound,307,,Disqualified
1717,2025-12-17,Events,550,3.0,Disqualified
1718,2025-06-02,Referral,26,5.1,Qualified
1719,2026-06-06,Organic Search,31,2.2,Nurturing
1720,2026-08-14,Paid Search,263,10.4,Nurturing
1721,2024-06-04,Organic Search,173,35.5,Nurturing
1722,2025-11-13,Referral,491,4.0,Disqualified
1723,2024-08-13,Outbound,388,,Disqualified
1724,2025-07-28,Organic Search,165,3.5,Disqualified
1725,2026-02-24,Events,81,1.4,Disqualified
1726,2024-07-12,Organic Search,2,3.2,Nurturing
1727,2025-11-29,Organic Search,84,2.6,Qualified
1728,2025-10-27,Social,48,3.5,Disqualified
1729,2025-08-09,Outbound,94,,Disqualified
1730,2025-11-07,Social,5,10.0,Disqualified
1731,2025-03-28,Outbound,396,,Disqualified
1732,2025-08-05,Events,474,5.3,Disqualified
1733,2025-05-09,Outbound,320,,Nurturing
1734,2024-11-10,Partner,562,16.8,Disqualified
1735,2025-03-12,Referral,1,2.9,Qualified
1736,2026-07-09,Paid Search,498,27.4,Disqualified
1737,2025-11-10,Referral,579,5.3,Qualified
1738,2025-11-08,Social,534,6.9,Disqualified
1739,2024-03-26,Paid Search,193,0.8,Nurturing
1740,2026-05-13,Paid Search,156,4.4,Disqualified
1741,2026-06-15,Social,53,0.8,Nurturing
1742,2024-12-15,Referral,15,1.6,Disqualified
1743,2024-02-22,Referral,297,1.9,Nurturing
1744,2024-12-19,Partner,447,4.5,Disqualified
1745,2026-05-27,Outbound,354,,Disqualified
1746,2026-02-16,Events,448,1.2,Nurturing
1747,2024-09-22,Outbound,272,,Qualified
1748,2024-09-22,Referral,456,0.6,Disqualified
1749,2024-04-26,Partner,104,7.0,Qualified
1750,2026-06-06,Outbound,491,,Disqualified
1751,2026-07-01,Referral,368,13.4,Disqualified
1752,2024-11-08,Outbound,242,,Qualified
1753,2026-09-04,Organic Search,486,9.1,Qualified
1754,2026-09-20,Organic Search,112,3.3,Qualified
1755,2025-12-28,Paid Search,15,3.7,Disqualified
1756,2025-10-25,Paid Search,61,2.1,Disqualified
1757,2025-07-29,Events,577,2.0,Disqualified
1758,2026-08-13,Paid Search,394,6.1,Nurturing
1759,2026-09-23,Events,449,3.9,New
1760,2025-08-24,Paid Search,125,7.5,Disqualified
1761,2026-06-19,Events,549,4.7,Disqualified
1762,2026-08-18,Partner,196,4.0,Disqualified
1763,2025-05-03,Paid Search,408,3.7,Nurturing
1764,2026-09-25,Organic Search,6,5.4,New
1765,2024-07-05,Outbound,590,,Disqualified
1766,2026-01-28,Outbound,170,,Disqualified
1767,2026-01-14,Organic Search,577,17.5,Nurturing
1768,2025-06-06,Events,246,7.6,Nurturing
1769,2025-06-26,Events,145,1.5,Nurturing
1770,2026-03-03,Events,101,1.8,Nurturing
1771,2026-03-25,Organic Search,553,0.1,Disqualified
1772,2026-09-04,Events,239,3.8,Disqualified
1773,2024-04-22,Organic Search,301,1.6,Qualified
1774,2025-02-22,Outbound,165,,Disqualified
1775,2026-09-16,Social,154,1.6,Disqualified
1776,2026-08-26,Paid Search,83,0.7,Disqualified
1777,2025-06-04,Paid Search,46,3.5,Disqualified
1778,2026-07-29,Referral,523,3.2,Disqualified
1779,2025-12-02,Outbound,423,,Qualified
1780,2025-09-24,Paid Search,156,4.2,Qualified
1781,2026-07-30,Referral,47,1.3,Disqualified
1782,2025-12-24,Partner,489,4.9,Disqualified
1783,2026-08-04,Partner,209,7.8,Disqualified
1784,2026-02-25,Outbound,218,,Nurturing
1785,2026-09-06,Paid Search,246,2.0,Nurturing
1786,2024-08-12,Organic Search,66,5.3,Nurturing
1787,2024-10-21,Referral,58,2.2,Qualified
1788,2025-03-30,Paid Search,570,1.1,Disqualified
1789,2025-08-17,Paid Search,297,0.8,Nurturing
1790,2025-02-03,Referral,150,14.4,Nurturing
1791,2025-04-25,Outbound,217,,Qualified
1792,2026-04-13,Organic Search,40,2.1,Disqualified
1793,2025-01-07,Social,226,2.7,Disqualified
1794,2024-06-26,Referral,409,1.9,Disqualified
1795,2024-12-22,Organic Search,129,5.4,Nurturing
1796,2026-01-10,Paid Search,493,13.5,Disqualified
1797,2025-03-10,Outbound,568,,Nurturing
1798,2024-11-08,Referral,302,18.1,Qualified
1799,2025-12-11,Outbound,42,,Disqualified
1800,2024-10-03,Outbound,476,,Disqualified
1801,2025-09-09,Organic Search,320,3.9,Qualified
1802,2026-05-18,Outbound,530,,Disqualified
1803,2025-10-24,Organic Search,268,15.7,Qualified
1804,2026-03-13,Organic Search,99,0.9,Nurturing
1805,2026-02-23,Events,364,3.7,Disqualified
1806,2025-07-05,Partner,379,3.1,Qualified
1807,2026-02-16,Organic Search,248,5.7,Nurturing
1808,2024-06-09,Paid Search,405,2.2,Nurturing
1809,2024-07-24,Social,235,1.2,Disqualified
1810,2026-07-13,Referral,424,2.6,Qualified
1811,2025-07-11,Outbound,107,,Nurturing
1812,2025-07-21,Organic Search,207,1.3,Qualified
1813,2025-07-24,Outbound,337,,Nurturing
1814,2026-04-20,Referral,276,1.7,Qualified
1815,2024-06-01,Partner,372,8.7,Nurturing
1816,2024-11-18,Organic Search,21,6.2,Nurturing
1817,2025-08-11,Organic Search,208,32.1,Disqualified
1818,2026-06-10,Events,149,0.3,Disqualified
1819,2024-05-17,Events,53,5.1,Disqualified
1820,2024-12-03,Organic Search,71,1.8,Qualified
1821,2025-06-24,Organic Search,532,1.6,Disqualified
1822,2026-05-08,Organic Search,204,2.2,Qualified
1823,2025-02-18,Outbound,114,,Disqualified
1824,2026-07-28,Organic Search,505,2.5,Nurturing
1825,2025-05-11,Outbound,470,,Disqualified
1826,2024-03-05,Referral,469,1.1,Qualified
1827,2025-10-29,Partner,584,1.7,Nurturing
1828,2025-05-22,Paid Search,434,4.2,Disqualified
1829,2024-09-18,Paid Search,411,11.9,Qualified
1830,2024-08-15,Referral,344,5.6,Disqualified
1831,2025-06-21,Referral,97,5.5,Disqualified
1832,2025-07-12,Social,471,9.9,Qualified
1833,2025-05-07,Paid Search,420,6.1,Disqualified
1834,2025-11-17,Events,494,1.9,Nurturing
1835,2026-03-28,Organic Search,80,4.1,Disqualified
1836,2025-07-22,Paid Search,514,0.7,Qualified
1837,2026-07-06,Referral,339,5.0,Disqualified
1838,2025-02-01,Referral,303,7.3,Qualified
1839,2024-06-17,Social,134,0.9,Disqualified
1840,2025-10-29,Outbound,105,,Disqualified
1841,2024-12-30,Paid Search,254,6.8,Nurturing
1842,2025-12-05,Paid Search,111,3.3,Disqualified
1843,2025-04-21,Paid Search,341,1.9,Disqualified
1844,2025-07-14,Events,36,0.6,Qualified
1845,2025-10-22,Outbound,428,,Disqualified
1846,2024-01-28,Organic Search,189,2.5,Qualified
1847,2026-02-20,Outbound,243,,Disqualified
1848,2024-12-09,Referral,141,0.6,Disqualified
1849,2024-04-12,Organic Search,194,15.7,Nurturing
1850,2026-09-18,Organic Search,572,1.1,New
1851,2025-08-25,Organic Search,110,11.8,Qualified
1852,2024-08-20,Outbound,63,,Nurturing
1853,2024-02-26,Organic Search,419,2.0,Qualified
1854,2024-11-21,Paid Search,5,6.0,Disqualified
1855,2025-07-24,Organic Search,140,1.7,Disqualified
1856,2026-02-17,Paid Search,185,1.4,Qualified
1857,2024-10-22,Partner,289,1.0,Qualified
1858,2024-03-20,Social,356,19.8,Disqualified
1859,2026-06-26,Paid Search,234,2.3,Disqualified
1860,2025-11-29,Organic Search,262,1.6,Qualified
1861,2026-03-21,Events,410,10.7,Nurturing
1862,2025-01-19,Outbound,160,,Disqualified
1863,2024-01-15,Outbound,64,,Nurturing
1864,2026-01-21,Referral,330,5.7,Disqualified
1865,2025-05-08,Outbound,595,,Nurturing
1866,2026-03-04,Outbound,164,,Nurturing
1867,2026-07-31,Referral,507,2.1,Nurturing
1868,2025-03-30,Organic Search,257,2.5,Disqualified
1869,2025-11-10,Outbound,575,,Disqualified
1870,2026-01-14,Events,200,0.8,Disqualified
1871,2026-09-06,Outbound,118,,Disqualified
1872,2024-04-10,Referral,135,2.5,Disqualified
1873,2026-03-02,Referral,552,1.8,Qualified
1874,2025-11-21,Organic Search,353,28.6,Disqualified
1875,2025-11-17,Events,402,4.1,Disqualified
1876,2024-01-19,Organic Search,70,1.0,Nurturing
1877,2025-08-27,Events,451,1.3,Disqualified
1878,2025-01-12,Paid Search,414,4.5,Disqualified
1879,2024-02-27,Paid Search,130,0.9,Qualified
1880,2024-02-09,Outbound,523,,Nurturing
1881,2026-02-09,Paid Search,533,2.2,Qualified
1882,2024-12-05,Events,525,1.3,Nurturing
1883,2024-08-31,Outbound,130,,Disqualified
1884,2026-03-21,Events,192,0.5,Qualified
1885,2024-11-18,Outbound,220,,Nurturing
1886,2026-05-04,Organic Search,127,0.3,Nurturing
1887,2024-05-19,Organic Search,216,0.8,Qualified
1888,2026-08-04,Organic Search,505,2.6,Nurturing
1889,2026-05-16,Organic Search,154,1.3,Disqualified
1890,2026-01-21,Paid Search,333,0.8,Nurturing
1891,2024-11-14,Referral,582,4.9,Qualified
1892,2026-03-15,Events,125,5.9,Disqualified
1893,2026-03-18,Paid Search,167,14.0,Disqualified
1894,2026-08-18,Referral,440,0.7,Qualified
1895,2024-09-16,Outbound,191,,Disqualified
1896,2025-10-29,Outbound,376,,Qualified
1897,2025-04-26,Organic Search,404,0.7,Qualified
1898,2025-04-02,Organic Search,20,3.7,Nurturing
1899,2024-06-13,Paid Search,521,3.0,Disqualified
1900,2025-01-29,Events,249,3.0,Nurturing
1901,2025-03-14,Referral,474,1.5,Nurturing
1902,2025-11-11,Organic Search,531,2.7,Nurturing
1903,2024-10-01,Paid Search,394,4.0,Disqualified
1904,2024-08-24,Organic Search,104,1.9,Disqualified
1905,2026-03-03,Paid Search,576,2.9,Qualified
1906,2025-10-09,Organic Search,572,5.4,Disqualified
1907,2026-09-20,Paid Search,541,3.5,New
1908,2025-05-14,Social,308,2.0,Nurturing
1909,2024-05-07,Referral,353,2.5,Disqualified
1910,2026-01-20,Outbound,348,,Nurturing
1911,2026-03-03,Referral,448,4.2,Qualified
1912,2026-09-26,Organic Search,578,15.5,New
1913,2025-03-27,Outbound,320,,Nurturing
1914,2026-09-09,Organic Search,301,1.7,Disqualified
1915,2025-05-04,Paid Search,507,6.7,Qualified
1916,2025-07-02,Paid Search,225,3.0,Disqualified
1917,2024-07-02,Outbound,548,,Disqualified
1918,2026-01-10,Outbound,508,,Qualified
1919,2024-07-05,Outbound,552,,Disqualified
1920,2024-06-17,Paid Search,452,6.0,Qualified
1921,2025-08-26,Events,565,21.5,Disqualified
1922,2025-12-17,Partner,281,2.3,Nurturing
1923,2025-01-20,Events,574,3.6,Qualified
1924,2024-04-15,Organic Search,87,1.4,Qualified
1925,2024-06-05,Referral,297,5.8,Disqualified
1926,2024-09-17,Events,310,1.4,Disqualified
1927,2026-03-03,Social,567,3.6,Disqualified
1928,2024-09-29,Outbound,314,,Nurturing
1929,2024-04-15,Events,209,11.0,Nurturing
1930,2025-07-01,Organic Search,395,7.8,Disqualified
1931,2025-09-16,Paid Search,335,5.1,Qualified
1932,2025-12-11,Organic Search,9,10.2,Qualified
1933,2025-07-23,Outbound,230,,Nurturing
1934,2025-11-27,Paid Search,336,8.1,Disqualified
1935,2024-03-28,Organic Search,198,5.4,Disqualified
1936,2024-07-05,Partner,74,1.1,Qualified
1937,2026-02-04,Organic Search,483,3.3,Disqualified
1938,2026-08-16,Referral,587,0.9,Nurturing
1939,2025-11-28,Organic Search,378,1.8,Nurturing
1940,2025-07-11,Referral,449,3.7,Nurturing
1941,2025-07-01,Organic Search,569,1.6,Disqualified
1942,2025-12-05,Organic Search,544,4.2,Qualified
1943,2026-09-18,Partner,549,0.8,New
1944,2026-02-28,Paid Search,183,10.4,Nurturing
1945,2026-02-12,Outbound,229,,Nurturing
1946,2026-08-09,Outbound,335,,Disqualified
1947,2024-06-08,Paid Search,184,1.1,Disqualified
1948,2024-05-09,Outbound,320,,Disqualified
1949,2025-10-17,Organic Search,162,3.4,Nurturing
1950,2026-03-13,Organic Search,489,4.9,Disqualified
1951,2025-02-25,Paid Search,427,2.2,Disqualified
1952,2026-08-07,Referral,40,5.6,Qualified
1953,2025-01-08,Referral,46,3.7,Disqualified
1954,2024-06-11,Partner,561,1.4,Disqualified
1955,2025-10-13,Outbound,558,,Nurturing
1956,2026-05-05,Outbound,168,,Disqualified
1957,2026-01-19,Organic Search,62,1.3,Disqualified
1958,2026-07-21,Outbound,589,,Disqualified
1959,2026-03-10,Paid Search,246,3.3,Disqualified
1960,2026-06-16,Organic Search,358,3.0,Qualified
1961,2026-06-17,Referral,554,6.0,Nurturing
1962,2025-12-23,Paid Search,348,5.4,Disqualified
1963,2024-07-25,Organic Search,171,11.5,Disqualified
1964,2025-08-23,Paid Search,421,1.8,Nurturing
1965,2026-05-12,Paid Search,444,2.3,Disqualified
1966,2025-04-27,Organic Search,436,1.6,Disqualified
1967,2025-03-26,Referral,16,1.2,Qualified
1968,2024-11-29,Outbound,440,,Disqualified
1969,2024-01-26,Organic Search,592,4.0,Disqualified
1970,2026-06-25,Outbound,15,,Nurturing
1971,2024-05-03,Paid Search,191,1.2,Qualified
1972,2024-07-01,Outbound,590,,Nurturing
1973,2024-08-27,Outbound,504,,Nurturing
1974,2024-03-06,Partner,20,1.6,Disqualified
1975,2025-10-26,Social,54,5.4,Disqualified
1976,2025-07-27,Organic Search,262,3.7,Disqualified
1977,2026-08-13,Organic Search,60,1.9,Disqualified
1978,2025-04-26,Outbound,593,,Disqualified
1979,2025-01-22,Paid Search,81,1.4,Qualified
1980,2024-06-05,Organic Search,357,3.1,Qualified
1981,2025-08-30,Paid Search,304,1.2,Disqualified
1982,2024-12-08,Outbound,568,,Disqualified
1983,2026-09-02,Paid Search,343,7.8,Nurturing
1984,2025-12-11,Outbound,422,,Nurturing
1985,2026-06-26,Organic Search,524,0.5,Qualified
1986,2025-03-23,Paid Search,169,5.0,Nurturing
1987,2025-06-25,Organic Search,393,1.1,Disqualified
1988,2025-04-19,Referral,27,7.0,Disqualified
1989,2025-07-25,Paid Search,87,3.6,Disqualified
1990,2025-12-03,Organic Search,201,1.6,Nurturing
1991,2025-12-25,Paid Search,26,4.2,Disqualified
1992,2024-08-26,Paid Search,389,1.9,Qualified
1993,2025-07-15,Referral,167,4.9,Qualified
1994,2026-03-24,Organic Search,151,0.9,Qualified
1995,2024-01-05,Social,461,3.8,Disqualified
1996,2025-10-01,Outbound,351,,Disqualified
1997,2024-04-15,Organic Search,590,2.1,Nurturing
1998,2026-05-06,Paid Search,70,1.5,Disqualified
1999,2025-10-25,Organic Search,40,4.7,Disqualified
2000,2025-04-22,Paid Search,593,18.3,Nurturing
2001,2026-07-28,Paid Search,391,13.9,Nurturing
2002,2026-05-03,Outbound,121,,Nurturing
2003,2025-12-17,Paid Search,258,2.8,Qualified
2004,2026-08-06,Referral,13,4.1,Disqualified
2005,2025-12-27,Outbound,118,,Disqualified
2006,2026-05-30,Outbound,272,,Nurturing
2007,2026-09-19,Outbound,146,,New
2008,2026-05-16,Events,376,16.1,Nurturing
2009,2026-05-19,Organic Search,331,1.5,Disqualified
2010,2024-08-19,Outbound,78,,Nurturing
2011,2025-03-11,Referral,107,3.3,Nurturing
2012,2025-03-18,Referral,26,3.4,Qualified
2013,2026-07-22,Partner,168,5.1,Qualified
2014,2026-09-22,Organic Search,230,2.3,New
2015,2025-05-14,Outbound,234,,Disqualified
2016,2026-07-06,Events,312,3.7,Nurturing
2017,2025-09-30,Organic Search,345,0.5,Disqualified
2018,2025-12-18,Organic Search,164,6.3,Disqualified
2019,2024-10-25,Referral,494,1.4,Qualified
2020,2024-10-23,Paid Search,205,3.4,Disqualified
2021,2025-03-26,Organic Search,268,1.9,Qualified
2022,2026-06-09,Referral,354,7.1,Qualified
2023,2026-05-03,Organic Search,558,3.1,Disqualified
2024,2024-02-02,Referral,563,1.8,Nurturing
2025,2026-08-31,Outbound,138,,Disqualified
2026,2026-06-28,Paid Search,442,0.5,Disqualified
2027,2024-12-05,Outbound,86,,Qualified
2028,2026-05-04,Events,386,1.5,Nurturing
2029,2024-03-30,Referral,184,2.0,Disqualified
2030,2025-06-27,Social,469,1.7,Disqualified
2031,2025-09-09,Outbound,446,,Disqualified
2032,2025-09-19,Organic Search,272,2.1,Nurturing
2033,2026-02-25,Outbound,147,,Disqualified
2034,2026-09-21,Organic Search,114,6.3,Qualified
2035,2024-11-16,Referral,128,1.7,Nurturing
2036,2026-06-03,Outbound,533,,Disqualified
2037,2025-05-24,Organic Search,488,0.6,Nurturing
2038,2024-11-04,Events,584,1.2,Nurturing
2039,2025-12-27,Referral,107,1.0,Qualified
2040,2024-04-09,Organic Search,251,5.3,Nurturing
2041,2024-01-07,Referral,123,2.1,Disqualified
2042,2025-02-13,Paid Search,324,2.0,Disqualified
2043,2025-05-11,Outbound,437,,Disqualified
2044,2025-02-18,Organic Search,138,6.4,Disqualified
2045,2025-06-01,Referral,93,6.5,Qualified
2046,2024-05-18,Partner,133,2.3,Nurturing
2047,2026-07-13,Paid Search,333,1.8,Nurturing
2048,2024-03-21,Outbound,577,,Nurturing
2049,2024-10-17,Paid Search,368,4.6,Nurturing
2050,2024-08-08,Events,3,2.2,Nurturing
2051,2026-08-06,Referral,397,6.2,Qualified
2052,2025-08-11,Referral,182,3.9,Qualified
2053,2024-12-16,Organic Search,70,7.5,Disqualified
2054,2025-11-06,Social,29,2.2,Nurturing
2055,2025-02-24,Events,46,1.7,Disqualified
2056,2026-03-18,Outbound,224,,Nurturing
2057,2025-02-21,Organic Search,91,3.8,Disqualified
2058,2026-04-15,Referral,396,2.9,Disqualified
2059,2025-11-19,Outbound,161,,Qualified
2060,2025-01-27,Outbound,50,,Nurturing
2061,2025-05-03,Outbound,416,,Nurturing
2062,2025-02-12,Organic Search,177,1.5,Disqualified
2063,2026-01-29,Organic Search,498,1.4,Nurturing
2064,2025-07-28,Events,41,6.9,Disqualified
2065,2026-01-24,Paid Search,177,3.5,Nurturing
2066,2026-09-03,Events,426,5.0,Disqualified
2067,2025-11-15,Paid Search,312,0.8,Disqualified
2068,2024-07-02,Outbound,335,,Nurturing
2069,2024-04-21,Organic Search,126,4.1,Nurturing
2070,2026-07-27,Organic Search,489,3.0,Nurturing
2071,2026-04-10,Events,535,6.1,Disqualified
2072,2026-08-25,Referral,468,15.8,Qualified
2073,2025-12-20,Referral,524,0.7,Nurturing
2074,2025-03-19,Organic Search,206,4.7,Qualified
2075,2024-07-05,Social,56,0.9,Nurturing
2076,2025-05-30,Organic Search,304,8.4,Disqualified
2077,2026-07-05,Paid Search,339,2.1,Disqualified
2078,2025-01-09,Organic Search,472,9.4,Qualified
2079,2026-08-06,Partner,596,5.5,Disqualified
2080,2025-07-07,Organic Search,433,3.4,Nurturing
2081,2025-09-02,Referral,252,3.3,Disqualified
2082,2025-06-28,Paid Search,196,11.5,Disqualified
2083,2024-07-19,Referral,320,1.1,Qualified
2084,2024-07-15,Paid Search,178,3.9,Nurturing
2085,2024-09-24,Events,92,7.3,Nurturing
2086,2025-08-21,Outbound,397,,Nurturing
2087,2026-05-16,Outbound,109,,Nurturing
2088,2025-01-18,Outbound,111,,Nurturing
2089,2025-07-17,Organic Search,576,4.3,Nurturing
2090,2024-05-08,Paid Search,361,1.6,Nurturing
2091,2026-06-24,Paid Search,129,7.0,Disqualified
2092,2024-04-26,Outbound,585,,Nurturing
2093,2026-05-07,Events,450,3.8,Disqualified
2094,2024-02-09,Partner,470,1.6,Nurturing
2095,2024-03-09,Outbound,271,,Nurturing
2096,2026-01-19,Events,70,3.0,Nurturing
2097,2026-08-16,Paid Search,248,5.6,Nurturing
2098,2026-08-31,Paid Search,175,3.2,Disqualified
2099,2024-05-09,Referral,233,0.9,Nurturing
2100,2026-09-16,Events,549,32.5,Nurturing
2101,2025-09-03,Paid Search,249,17.4,Disqualified
2102,2024-09-06,Referral,584,1.3,Qualified
2103,2025-07-27,Referral,162,5.3,Qualified
2104,2025-01-29,Partner,112,2.8,Disqualified
2105,2025-02-21,Partner,37,5.1,Nurturing
2106,2024-09-11,Organic Search,290,8.2,Nurturing
2107,2026-06-22,Outbound,534,,Nurturing
2108,2025-12-06,Outbound,550,,Disqualified
2109,2025-10-30,Referral,92,1.9,Nurturing
2110,2026-01-06,Paid Search,325,9.8,Nurturing
2111,2026-09-21,Social,447,7.2,New
2112,2026-09-09,Organic Search,308,4.6,Qualified
2113,2024-02-12,Social,45,21.4,Nurturing
2114,2025-11-08,Social,525,15.2,Nurturing
2115,2025-07-26,Referral,380,1.9,Disqualified
2116,2024-07-20,Paid Search,325,11.7,Qualified
2117,2026-09-26,Organic Search,393,0.1,New
2118,2026-06-08,Outbound,118,,Disqualified
2119,2024-12-21,Organic Search,485,2.1,Disqualified
2120,2024-07-25,Organic Search,555,1.6,Disqualified
2121,2026-08-24,Organic Search,521,1.5,Qualified
2122,2026-04-08,Outbound,529,,Disqualified
2123,2025-05-06,Partner,569,1.1,Qualified
2124,2024-12-13,Organic Search,318,2.1,Disqualified
2125,2024-09-25,Outbound,437,,Nurturing
2126,2025-09-19,Organic Search,5,15.4,Qualified
2127,2024-06-11,Events,44,10.0,Qualified
2128,2025-05-09,Paid Search,338,4.0,Nurturing
2129,2025-01-14,Referral,583,6.8,Qualified
2130,2026-07-07,Outbound,382,,Qualified
2131,2025-05-18,Paid Search,300,0.6,Disqualified
2132,2025-02-13,Paid Search,339,1.5,Disqualified
2133,2026-07-26,Events,463,11.7,Qualified
2134,2024-11-21,Organic Search,156,0.8,Qualified
2135,2024-06-27,Referral,149,12.8,Nurturing
2136,2026-03-23,Partner,260,1.1,Disqualified
2137,2025-12-22,Paid Search,503,2.8,Disqualified
2138,2025-09-19,Events,539,15.5,Disqualified
2139,2024-09-14,Organic Search,399,2.4,Disqualified
2140,2024-12-16,Outbound,117,,Disqualified
2141,2024-01-22,Partner,550,5.5,Qualified
2142,2025-05-09,Outbound,211,,Disqualified
2143,2026-06-08,Social,229,2.3,Qualified
2144,2025-01-17,Paid Search,358,8.7,Disqualified
2145,2024-06-28,Events,13,6.4,Qualified
2146,2025-10-01,Outbound,411,,Disqualified
2147,2025-02-08,Referral,551,2.0,Qualified
2148,2026-05-10,Outbound,455,,Disqualified
2149,2024-09-19,Organic Search,161,4.0,Disqualified
2150,2026-08-14,Organic Search,110,1.7,Qualified
2151,2026-04-07,Referral,588,1.0,Qualified
2152,2024-06-22,Paid Search,392,14.0,Nurturing
2153,2024-11-29,Outbound,385,,Disqualified
2154,2025-08-16,Outbound,114,,Disqualified
2155,2024-11-28,Referral,416,1.7,Disqualified
2156,2024-12-05,Organic Search,353,3.4,Qualified
2157,2025-07-10,Events,416,1.4,Nurturing
2158,2024-10-05,Organic Search,432,2.7,Disqualified
2159,2024-03-16,Referral,1,5.6,Disqualified
2160,2024-04-12,Organic Search,403,7.8,Disqualified
2161,2026-07-26,Organic Search,154,17.9,Qualified
2162,2026-02-04,Organic Search,458,6.1,Disqualified
2163,2024-10-25,Paid Search,76,3.3,Qualified
2164,2025-08-28,Organic Search,56,4.8,Nurturing
2165,2026-02-25,Organic Search,457,4.8,Disqualified
2166,2025-10-06,Partner,68,1.3,Disqualified
2167,2024-09-19,Paid Search,212,2.2,Qualified
2168,2026-06-09,Outbound,265,,Disqualified
2169,2026-02-12,Outbound,326,,Disqualified
2170,2025-02-20,Paid Search,53,7.1,Disqualified
2171,2025-07-15,Organic Search,305,6.1,Nurturing
2172,2024-10-18,Outbound,337,,Nurturing
2173,2025-08-26,Events,556,2.2,Qualified
2174,2026-06-04,Events,365,11.6,Disqualified
2175,2024-12-18,Paid Search,412,2.5,Disqualified
2176,2024-02-04,Partner,341,2.8,Qualified
2177,2024-02-10,Organic Search,230,12.1,Qualified
2178,2026-05-17,Organic Search,161,6.8,Disqualified
2179,2026-04-12,Outbound,263,,Disqualified
2180,2025-08-12,Organic Search,214,4.3,Disqualified
2181,2025-07-03,Events,146,3.2,Qualified
2182,2025-02-05,Outbound,181,,Nurturing
2183,2026-06-20,Partner,512,1.8,Nurturing
2184,2024-08-17,Outbound,236,,Qualified
2185,2026-04-06,Paid Search,447,0.8,Disqualified
2186,2025-07-05,Organic Search,418,2.9,Nurturing
2187,2024-12-23,Outbound,305,,Disqualified
2188,2024-12-15,Organic Search,314,2.0,Qualified
2189,2024-06-26,Referral,595,2.5,Qualified
2190,2026-01-15,Events,399,8.6,Nurturing
2191,2024-08-11,Organic Search,88,5.7,Disqualified
2192,2025-11-14,Events,127,16.9,Disqualified
2193,2025-06-30,Organic Search,479,0.9,Nurturing
2194,2025-11-25,Outbound,214,,Qualified
2195,2026-02-14,Paid Search,345,3.0,Nurturing
2196,2025-12-12,Organic Search,494,6.8,Disqualified
2197,2024-02-26,Organic Search,569,16.5,Disqualified
2198,2026-09-04,Referral,63,3.9,Nurturing
2199,2026-02-11,Paid Search,420,1.4,Nurturing
2200,2026-03-09,Events,218,4.5,Nurturing
2201,2025-06-03,Events,575,2.6,Nurturing
2202,2026-06-14,Events,88,1.6,Nurturing
2203,2025-08-10,Outbound,530,,Disqualified
2204,2024-02-05,Referral,375,1.7,Qualified
2205,2026-07-05,Referral,232,4.6,Qualified
2206,2026-01-31,Events,395,14.0,Nurturing
2207,2026-06-30,Events,156,1.4,Nurturing
2208,2026-05-06,Outbound,148,,Nurturing
2209,2026-03-18,Referral,578,2.6,Qualified
2210,2026-05-19,Outbound,230,,Disqualified
2211,2026-05-03,Partner,334,12.1,Qualified
2212,2024-11-19,Outbound,304,,Qualified
2213,2025-07-29,Organic Search,119,20.3,Qualified
2214,2025-08-06,Referral,292,7.5,Qualified
2215,2026-06-19,Outbound,511,,Disqualified
2216,2024-08-27,Paid Search,513,2.6,Disqualified
2217,2026-03-11,Outbound,223,,Nurturing
2218,2024-12-12,Partner,300,6.0,Qualified
2219,2026-05-16,Outbound,19,,Disqualified
2220,2024-08-04,Organic Search,500,1.9,Disqualified
2221,2024-10-08,Paid Search,335,2.3,Qualified
2222,2024-10-30,Paid Search,39,21.3,Disqualified
2223,2025-11-06,Partner,488,0.4,Nurturing
2224,2024-07-11,Paid Search,566,0.9,Disqualified
2225,2026-09-07,Outbound,448,,Nurturing
2226,2025-03-18,Outbound,220,,Disqualified
2227,2025-02-10,Paid Search,474,4.8,Nurturing
2228,2025-05-20,Social,285,7.5,Disqualified
2229,2026-06-19,Outbound,254,,Disqualified
2230,2026-03-16,Outbound,208,,Qualified
2231,2026-02-16,Partner,230,17.3,Disqualified
2232,2025-12-12,Social,15,5.8,Disqualified
2233,2024-10-01,Paid Search,541,5.6,Disqualified
2234,2026-05-27,Paid Search,437,4.7,Nurturing
2235,2026-02-11,Referral,461,6.8,Qualified
2236,2026-01-26,Partner,253,11.3,Nurturing
2237,2025-09-28,Outbound,529,,Disqualified
2238,2024-09-21,Events,486,1.3,Nurturing
2239,2024-10-13,Organic Search,398,17.2,Nurturing
2240,2026-03-01,Paid Search,348,3.4,Disqualified
2241,2024-07-16,Outbound,425,,Nurturing
2242,2026-02-04,Referral,57,2.2,Disqualified
2243,2025-08-31,Organic Search,226,3.1,Nurturing
2244,2026-01-07,Referral,74,11.1,Qualified
2245,2024-02-14,Outbound,205,,Nurturing
2246,2024-03-09,Paid Search,497,13.4,Qualified
2247,2024-06-08,Events,197,0.9,Nurturing
2248,2026-08-18,Organic Search,420,4.4,Disqualified
2249,2026-01-13,Referral,515,1.4,Disqualified
2250,2024-03-25,Organic Search,377,0.7,Qualified
2251,2024-05-29,Partner,466,2.9,Disqualified
2252,2026-04-08,Events,515,9.4,Nurturing
2253,2024-12-11,Paid Search,513,4.7,Disqualified
2254,2026-04-27,Organic Search,7,1.0,Nurturing
2255,2026-04-10,Referral,599,1.7,Disqualified
2256,2024-04-12,Outbound,458,,Nurturing
2257,2026-01-05,Organic Search,27,4.9,Qualified
2258,2026-01-01,Partner,455,0.9,Disqualified
2259,2025-12-09,Paid Search,315,3.0,Disqualified
2260,2026-01-02,Referral,450,5.9,Disqualified
2261,2025-02-15,Organic Search,453,4.7,Disqualified
2262,2026-08-11,Partner,80,2.8,Disqualified
2263,2025-02-01,Referral,281,4.2,Disqualified
2264,2025-06-11,Referral,428,7.1,Qualified
2265,2024-10-21,Organic Search,218,2.4,Nurturing
2266,2024-05-25,Paid Search,57,7.6,Disqualified
2267,2025-06-28,Outbound,29,,Disqualified
2268,2025-11-23,Partner,540,5.8,Nurturing
2269,2025-01-23,Social,466,4.6,Disqualified
2270,2024-11-28,Organic Search,16,8.1,Disqualified
2271,2026-06-11,Organic Search,11,1.2,Qualified
2272,2025-10-27,Referral,395,3.0,Qualified
2273,2026-06-30,Paid Search,217,1.7,Nurturing
2274,2026-09-29,Social,126,2.0,New
2275,2026-08-06,Outbound,429,,Disqualified
2276,2026-02-10,Outbound,355,,Disqualified
2277,2024-03-16,Referral,164,3.3,Qualified
2278,2026-06-19,Social,90,1.8,Disqualified
2279,2025-03-20,Organic Search,555,3.1,Qualified
2280,2025-05-26,Outbound,278,,Disqualified
2281,2025-11-23,Organic Search,32,7.0,Qualified
2282,2025-11-04,Paid Search,318,2.9,Nurturing
2283,2025-12-11,Referral,340,2.0,Qualified
2284,2026-02-12,Outbound,563,,Qualified
2285,2026-03-13,Organic Search,417,1.5,Qualified
2286,2025-06-28,Organic Search,389,2.5,Disqualified
2287,2026-05-22,Paid Search,582,0.4,Disqualified
2288,2025-03-05,Paid Search,5,1.0,Disqualified
2289,2025-10-06,Social,85,8.6,Nurturing
2290,2025-10-18,Paid Search,389,0.4,Disqualified
2291,2026-04-12,Paid Search,40,8.6,Nurturing
2292,2026-07-18,Organic Search,542,12.4,Qualified
2293,2025-11-18,Referral,451,0.8,Qualified
2294,2026-07-12,Social,132,3.2,Nurturing
2295,2025-12-01,Paid Search,220,3.7,Disqualified
2296,2026-04-05,Paid Search,62,0.7,Nurturing
2297,2024-10-29,Outbound,8,,Qualified
2298,2026-09-04,Partner,526,1.1,Disqualified
2299,2025-07-15,Paid Search,25,4.7,Disqualified
2300,2025-10-05,Organic Search,528,1.8,Qualified
2301,2026-07-26,Organic Search,583,1.0,Disqualified
2302,2024-05-14,Social,5,7.3,Disqualified
2303,2026-03-27,Events,366,0.3,Nurturing
2304,2025-06-02,Paid Search,179,3.6,Disqualified
2305,2025-07-06,Organic Search,462,8.0,Qualified
2306,2024-04-12,Organic Search,580,2.2,Disqualified
2307,2025-06-02,Partner,74,13.9,Nurturing
2308,2026-08-12,Organic Search,591,2.1,Disqualified
2309,2024-04-01,Organic Search,491,5.2,Nurturing
2310,2024-09-03,Organic Search,455,0.8,Disqualified
2311,2026-07-04,Paid Search,262,1.4,Disqualified
2312,2024-06-24,Outbound,187,,Nurturing
2313,2026-06-28,Partner,130,3.8,Nurturing
2314,2026-04-16,Outbound,494,,Nurturing
2315,2026-07-09,Events,593,7.7,Qualified
2316,2024-02-24,Referral,353,17.0,Qualified
2317,2026-02-19,Outbound,411,,Disqualified
2318,2024-10-29,Partner,493,8.9,Qualified
2319,2026-05-25,Partner,305,3.2,Qualified
2320,2024-07-01,Events,597,5.3,Disqualified
2321,2024-08-27,Partner,207,10.8,Nurturing
2322,2024-08-26,Events,443,4.7,Nurturing
2323,2024-08-30,Paid Search,342,2.3,Disqualified
2324,2026-03-25,Organic Search,364,4.2,Qualified
2325,2026-03-13,Referral,91,1.2,Disqualified
2326,2024-11-16,Social,171,7.8,Nurturing
2327,2026-04-19,Social,228,5.0,Disqualified
2328,2026-05-26,Outbound,76,,Nurturing
2329,2025-05-05,Organic Search,246,3.0,Nurturing
2330,2025-06-28,Organic Search,182,1.8,Nurturing
2331,2025-11-04,Outbound,209,,Disqualified
2332,2024-04-20,Partner,248,1.6,Disqualified
2333,2026-01-30,Paid Search,165,10.0,Nurturing
2334,2026-06-05,Organic Search,229,2.3,Nurturing
2335,2024-09-15,Referral,542,1.9,Qualified
2336,2025-09-11,Events,40,4.6,Disqualified
2337,2025-11-06,Outbound,415,,Disqualified
2338,2025-01-13,Referral,454,8.8,Disqualified
2339,2026-03-22,Paid Search,544,4.9,Qualified
2340,2025-10-19,Paid Search,169,0.9,Qualified
2341,2024-08-24,Social,2,0.9,Disqualified
2342,2025-10-13,Organic Search,14,1.3,Disqualified
2343,2025-09-28,Outbound,591,,Nurturing
2344,2024-08-30,Organic Search,96,0.8,Qualified
2345,2026-09-20,Organic Search,397,3.9,New
2346,2026-05-03,Organic Search,274,1.4,Nurturing
2347,2026-05-05,Paid Search,341,2.6,Disqualified
2348,2025-11-08,Outbound,292,,Nurturing
2349,2025-02-05,Organic Search,167,6.2,Disqualified
2350,2024-05-09,Paid Search,258,0.9,Disqualified
2351,2024-12-19,Events,53,0.8,Qualified
2352,2026-02-11,Outbound,546,,Disqualified
2353,2026-08-18,Outbound,3,,Disqualified
2354,2024-10-09,Paid Search,566,1.2,Qualified
2355,2025-07-05,Outbound,452,,Disqualified
2356,2025-05-24,Paid Search,290,7.3,Qualified
2357,2025-12-21,Events,547,1.2,Nurturing
2358,2025-07-26,Paid Search,130,2.9,Nurturing
2359,2024-08-26,Outbound,374,,Disqualified
2360,2025-12-11,Outbound,37,,Disqualified
2361,2024-01-05,Referral,508,2.4,Nurturing
2362,2026-09-18,Paid Search,184,29.3,New
2363,2026-04-16,Outbound,334,,Nurturing
2364,2025-07-29,Organic Search,399,2.3,Qualified
2365,2024-12-26,Referral,387,2.7,Qualified
2366,2025-12-11,Partner,441,1.7,Nurturing
2367,2025-09-25,Organic Search,516,2.0,Nurturing
2368,2025-12-07,Outbound,444,,Disqualified
2369,2025-03-12,Outbound,214,,Disqualified
2370,2026-05-25,Organic Search,31,18.9,Disqualified
2371,2025-06-14,Paid Search,441,3.6,Qualified
2372,2026-07-07,Organic Search,277,3.1,Qualified
2373,2025-03-12,Partner,339,0.3,Disqualified
2374,2025-06-02,Partner,327,25.8,Qualified
2375,2025-08-15,Outbound,69,,Disqualified
2376,2024-10-24,Events,496,0.2,Nurturing
2377,2024-01-21,Outbound,254,,Qualified
2378,2026-09-25,Referral,420,5.9,New
2379,2026-08-03,Events,368,140.2,Qualified
2380,2025-10-31,Outbound,139,,Nurturing
2381,2026-09-28,Organic Search,20,0.7,New
2382,2024-04-13,Outbound,55,,Disqualified
2383,2024-06-30,Organic Search,490,1.2,Disqualified
2384,2026-08-07,Paid Search,321,6.1,Nurturing
2385,2024-11-21,Organic Search,22,9.5,Qualified
2386,2026-07-03,Paid Search,316,28.8,Disqualified
2387,2025-03-02,Events,517,3.1,Disqualified
2388,2024-11-30,Paid Search,504,1.1,Nurturing
2389,2026-06-14,Paid Search,587,5.0,Disqualified
2390,2026-09-08,Organic Search,157,3.1,Qualified
2391,2025-07-14,Organic Search,400,1.4,Disqualified
2392,2025-08-09,Paid Search,335,7.8,Qualified
2393,2025-01-03,Outbound,58,,Nurturing
2394,2026-06-03,Organic Search,422,1.1,Nurturing
2395,2025-03-03,Paid Search,34,5.1,Qualified
2396,2025-05-06,Social,267,7.8,Disqualified
2397,2025-09-20,Organic Search,97,6.8,Nurturing
2398,2024-11-13,Partner,120,7.1,Nurturing
2399,2026-06-12,Organic Search,559,6.5,Nurturing
2400,2025-02-21,Paid Search,321,7.0,Disqualified
2401,2024-01-04,Partner,38,1.4,Nurturing
2402,2024-08-22,Organic Search,139,4.8,Disqualified
2403,2026-02-19,Outbound,107,,Disqualified
2404,2024-06-20,Paid Search,536,4.0,Qualified
2405,2024-05-19,Outbound,551,,Disqualified
2406,2024-12-08,Paid Search,299,6.4,Nurturing
2407,2025-12-01,Paid Search,378,18.8,Nurturing
2408,2025-04-26,Referral,210,3.4,Qualified
2409,2026-06-13,Events,73,0.9,Nurturing
2410,2026-07-06,Outbound,75,,Nurturing
2411,2024-03-22,Referral,140,4.8,Disqualified
2412,2025-06-17,Organic Search,231,0.9,Disqualified
2413,2024-02-13,Referral,330,4.2,Disqualified
2414,2024-11-09,Outbound,418,,Disqualified
2415,2026-08-21,Social,445,3.5,Disqualified
2416,2025-03-04,Organic Search,76,6.4,Qualified
2417,2024-08-06,Social,245,1.7,Disqualified
2418,2026-09-24,Paid Search,466,5.6,New
2419,2026-05-13,Referral,371,5.5,Qualified
2420,2026-09-20,Outbound,359,,New
2421,2026-09-28,Outbound,174,,New
2422,2026-06-06,Organic Search,52,1.1,Disqualified
2423,2024-07-12,Social,253,6.3,Disqualified
2424,2026-04-16,Events,154,4.0,Nurturing
2425,2025-01-14,Organic Search,365,1.6,Disqualified
2426,2024-07-27,Events,227,11.0,Disqualified
2427,2026-07-07,Outbound,526,,Disqualified
2428,2025-05-28,Outbound,520,,Disqualified
2429,2025-09-02,Organic Search,146,3.5,Nurturing
2430,2026-08-10,Outbound,29,,Disqualified
2431,2026-06-14,Outbound,584,,Disqualified
2432,2025-12-13,Partner,264,6.7,Disqualified
2433,2025-07-10,Paid Search,371,5.2,Nurturing
2434,2024-04-13,Events,63,1.8,Disqualified
2435,2024-11-22,Referral,480,15.4,Disqualified
2436,2026-09-15,Organic Search,326,23.3,Disqualified
2437,2025-06-04,Referral,80,4.6,Qualified
2438,2024-06-14,Paid Search,384,4.9,Disqualified
2439,2024-06-12,Paid Search,246,2.3,Disqualified
2440,2025-03-26,Organic Search,590,4.4,Qualified
2441,2025-08-19,Paid Search,591,9.0,Qualified
2442,2026-01-04,Referral,20,12.6,Qualified
2443,2026-02-04,Events,193,16.2,Qualified
2444,2025-10-28,Paid Search,152,1.5,Qualified
2445,2025-12-28,Referral,206,3.2,Disqualified
2446,2025-09-25,Outbound,187,,Nurturing
2447,2024-02-24,Referral,254,1.8,Nurturing
2448,2026-04-20,Referral,452,3.3,Disqualified
2449,2025-09-13,Events,382,2.9,Disqualified
2450,2026-02-01,Paid Search,41,1.3,Nurturing
2451,2026-08-19,Outbound,272,,Disqualified
2452,2025-08-15,Events,179,1.8,Disqualified
2453,2026-07-28,Paid Search,17,1.8,Disqualified
2454,2025-04-07,Paid Search,353,4.1,Disqualified
2455,2025-05-04,Partner,151,3.1,Disqualified
2456,2026-01-18,Organic Search,470,1.9,Disqualified
2457,2026-01-17,Outbound,233,,Nurturing
2458,2024-11-04,Social,533,4.7,Nurturing
2459,2026-05-22,Social,43,3.0,Disqualified
2460,2025-05-20,Organic Search,35,0.9,Disqualified
2461,2026-06-28,Referral,566,3.1,Disqualified
2462,2024-02-23,Events,213,1.3,Disqualified
2463,2026-02-27,Organic Search,42,2.0,Qualified
2464,2024-04-21,Outbound,267,,Disqualified
2465,2024-08-20,Organic Search,576,5.5,Nurturing
2466,2025-07-14,Outbound,217,,Disqualified
2467,2026-03-25,Outbound,288,,Disqualified
2468,2025-12-12,Social,269,1.4,Disqualified
2469,2024-05-18,Social,174,8.9,Disqualified
2470,2026-03-06,Partner,464,2.4,Nurturing
2471,2026-03-14,Organic Search,493,7.5,Disqualified
2472,2026-07-28,Paid Search,507,2.8,Disqualified
2473,2025-03-30,Outbound,339,,Nurturing
2474,2025-04-09,Paid Search,323,6.7,Qualified
2475,2024-07-14,Paid Search,362,2.8,Disqualified
2476,2025-04-04,Events,444,1.2,Nurturing
2477,2025-11-10,Paid Search,205,1.5,Disqualified
2478,2026-08-16,Outbound,523,,Nurturing
2479,2025-01-03,Referral,368,1.5,Qualified
2480,2024-06-27,Organic Search,151,1.0,Disqualified
2481,2025-12-13,Organic Search,264,3.6,Disqualified
2482,2024-12-05,Events,569,2.8,Disqualified
2483,2026-08-10,Social,468,0.3,Nurturing
2484,2026-06-04,Social,531,6.0,Nurturing
2485,2024-11-17,Events,179,0.7,Nurturing
2486,2026-06-01,Organic Search,298,1.7,Nurturing
2487,2024-11-10,Paid Search,502,0.9,Nurturing
2488,2025-03-02,Organic Search,405,30.3,Nurturing
2489,2026-03-09,Organic Search,340,5.7,Nurturing
2490,2026-05-24,Paid Search,215,3.6,Disqualified
2491,2024-05-08,Organic Search,382,4.0,Qualified
2492,2026-04-26,Paid Search,580,1.9,Qualified
2493,2026-01-05,Outbound,249,,Disqualified
2494,2026-04-27,Social,435,10.1,Disqualified
2495,2025-06-12,Outbound,18,,Nurturing
2496,2026-08-17,Organic Search,598,2.5,Nurturing
2497,2024-08-22,Social,300,8.0,Disqualified
2498,2024-05-27,Referral,579,2.5,Qualified
2499,2025-05-03,Organic Search,329,2.0,Disqualified
2500,2024-10-07,Outbound,202,,Nurturing
2501,2024-06-24,Organic Search,88,2.2,Qualified
2502,2025-10-01,Organic Search,28,1.7,Nurturing
2503,2024-08-11,Events,453,2.7,Disqualified
2504,2026-09-22,Partner,298,11.3,New
2505,2024-05-15,Referral,558,4.4,Qualified
2506,2026-06-09,Referral,321,0.2,Qualified
2507,2026-02-10,Paid Search,558,3.3,Nurturing
2508,2026-04-27,Events,216,3.1,Qualified
2509,2025-04-13,Referral,43,13.4,Nurturing
2510,2026-02-02,Events,531,4.3,Nurturing
2511,2026-01-28,Organic Search,190,1.9,Disqualified
2512,2026-08-30,Organic Search,6,4.8,Qualified
2513,2025-08-15,Outbound,595,,Nurturing
2514,2026-09-15,Organic Search,193,4.0,Nurturing
2515,2026-09-27,Outbound,64,,New
2516,2025-05-07,Organic Search,319,4.9,Nurturing
2517,2024-07-02,Partner,115,13.5,Qualified
2518,2026-08-02,Referral,585,11.5,Nurturing
2519,2025-03-06,Organic Search,133,3.9,Disqualified
2520,2024-08-17,Social,475,9.3,Disqualified
2521,2024-11-20,Organic Search,154,12.9,Disqualified
2522,2024-12-13,Paid Search,55,3.1,Disqualified
2523,2026-04-05,Paid Search,81,0.7,Nurturing
2524,2024-09-07,Outbound,340,,Nurturing
2525,2025-09-23,Paid Search,213,21.7,Nurturing
2526,2024-01-03,Outbound,195,,Disqualified
2527,2025-05-14,Paid Search,597,1.9,Disqualified
2528,2026-09-16,Events,381,4.8,Qualified
2529,2026-05-01,Partner,559,4.7,Disqualified
2530,2026-06-08,Partner,391,1.5,Nurturing
2531,2026-05-21,Paid Search,492,12.5,Disqualified
2532,2025-09-06,Organic Search,568,9.0,Nurturing
2533,2026-05-15,Outbound,507,,Disqualified
2534,2026-01-11,Partner,566,0.4,Qualified
2535,2026-07-22,Referral,544,11.5,Disqualified
2536,2025-10-25,Referral,542,11.4,Qualified
2537,2025-04-06,Outbound,66,,Disqualified
2538,2026-06-08,Outbound,520,,Nurturing
2539,2024-05-24,Outbound,388,,Qualified
2540,2024-07-25,Organic Search,520,1.8,Disqualified
2541,2025-09-24,Outbound,112,,Disqualified
2542,2026-01-26,Outbound,92,,Nurturing
2543,2025-11-25,Paid Search,410,3.2,Disqualified
2544,2025-07-20,Organic Search,581,3.4,Qualified
2545,2025-01-25,Partner,476,1.6,Qualified
2546,2026-09-23,Partner,134,5.2,Qualified
2547,2025-02-20,Outbound,491,,Qualified
2548,2026-03-04,Organic Search,111,6.6,Qualified
2549,2025-09-20,Events,78,3.5,Qualified
2550,2026-01-08,Social,153,4.6,Nurturing
2551,2026-04-27,Paid Search,88,3.5,Disqualified
2552,2024-10-12,Paid Search,83,2.5,Nurturing
2553,2024-05-27,Organic Search,117,1.4,Nurturing
2554,2024-07-29,Paid Search,212,2.9,Disqualified
2555,2024-12-15,Referral,277,1.2,Nurturing
2556,2026-02-15,Organic Search,149,3.5,Nurturing
2557,2026-03-27,Partner,363,3.4,Disqualified
2558,2024-03-21,Organic Search,153,1.3,Qualified
2559,2025-08-27,Referral,367,6.0,Qualified
2560,2024-01-02,Referral,234,1.1,Disqualified
2561,2025-05-11,Social,355,5.2,Nurturing
2562,2025-03-05,Organic Search,109,5.4,Nurturing
2563,2026-05-02,Paid Search,171,3.2,Disqualified
2564,2026-08-03,Organic Search,504,1.5,Nurturing
2565,2026-08-28,Events,165,1.3,Nurturing
2566,2026-03-22,Outbound,73,,Disqualified
2567,2024-01-20,Outbound,576,,Disqualified
2568,2026-07-06,Outbound,289,,Nurturing
2569,2026-03-16,Paid Search,565,3.7,Disqualified
2570,2025-04-18,Social,588,0.6,Disqualified
2571,2026-07-05,Outbound,229,,Nurturing
2572,2025-02-26,Events,33,0.4,Qualified
2573,2026-07-14,Events,501,0.8,Disqualified
2574,2025-09-23,Referral,119,1.6,Nurturing
2575,2024-08-24,Referral,527,13.6,Disqualified
2576,2025-11-12,Organic Search,232,13.7,Qualified
2577,2026-02-01,Outbound,235,,Disqualified
2578,2025-01-21,Referral,235,9.9,Disqualified
2579,2024-07-09,Organic Search,569,2.7,Disqualified
2580,2025-01-04,Outbound,161,,Disqualified
2581,2024-05-07,Partner,428,2.4,Disqualified
2582,2024-11-11,Organic Search,382,9.0,Qualified
2583,2025-02-09,Referral,435,0.2,Disqualified
2584,2024-07-29,Outbound,237,,Nurturing
2585,2025-12-22,Organic Search,18,0.5,Disqualified
2586,2024-08-09,Organic Search,449,5.0,Nurturing
2587,2025-09-03,Paid Search,411,2.0,Nurturing
2588,2025-11-02,Organic Search,112,3.4,Disqualified
2589,2025-09-26,Events,13,7.8,Qualified
2590,2025-11-28,Outbound,88,,Disqualified
2591,2025-11-13,Referral,159,6.0,Qualified
2592,2026-05-09,Social,427,1.5,Disqualified
2593,2026-03-08,Paid Search,147,1.0,Qualified
2594,2025-06-03,Events,4,2.0,Qualified
2595,2024-10-27,Organic Search,435,4.8,Disqualified
2596,2025-10-08,Paid Search,46,3.0,Qualified
2597,2024-01-28,Paid Search,462,1.9,Qualified
2598,2026-04-02,Referral,565,4.0,Disqualified
2599,2025-08-28,Paid Search,131,0.5,Nurturing
2600,2024-12-27,Events,252,2.5,Nurturing
2601,2024-02-16,Paid Search,233,3.2,Disqualified
2602,2026-03-08,Referral,490,4.7,Qualified
2603,2025-08-10,Events,559,3.4,Qualified
2604,2026-06-27,Paid Search,304,1.7,Disqualified
2605,2026-06-19,Partner,35,20.3,Disqualified
2606,2024-09-06,Paid Search,263,2.6,Nurturing
2607,2024-09-02,Outbound,344,,Nurturing
2608,2026-07-13,Social,505,8.5,Disqualified
2609,2025-02-24,Paid Search,377,5.1,Nurturing
2610,2026-08-13,Events,251,13.5,Disqualified
2611,2025-12-05,Outbound,96,,Disqualified
2612,2024-06-25,Paid Search,340,2.5,Nurturing
2613,2025-01-22,Outbound,174,,Disqualified
2614,2025-02-04,Outbound,456,,Nurturing
2615,2026-04-17,Paid Search,520,2.3,Nurturing
2616,2025-04-16,Organic Search,349,0.5,Nurturing
2617,2024-09-11,Outbound,472,,Disqualified
2618,2024-10-30,Outbound,415,,Disqualified
2619,2025-08-11,Paid Search,62,5.2,Nurturing
2620,2026-08-09,Events,161,17.7,Qualified
2621,2025-06-24,Social,483,7.3,Nurturing
2622,2024-08-12,Outbound,152,,Disqualified
2623,2025-01-22,Organic Search,320,16.1,Disqualified
2624,2026-09-15,Paid Search,427,2.2,Nurturing
2625,2024-09-26,Outbound,136,,Nurturing
2626,2025-04-21,Referral,196,5.7,Qualified
2627,2025-03-11,Paid Search,552,18.8,Disqualified
2628,2024-04-09,Referral,9,1.1,Nurturing
2629,2026-04-27,Outbound,443,,Disqualified
2630,2026-05-01,Paid Search,266,2.5,Nurturing
2631,2024-08-17,Outbound,233,,Nurturing
2632,2025-01-09,Outbound,191,,Disqualified
2633,2025-09-29,Outbound,165,,Disqualified
2634,2026-03-17,Paid Search,171,1.7,Nurturing
2635,2025-12-23,Social,539,0.5,Disqualified
2636,2024-08-11,Organic Search,349,1.1,Qualified
2637,2024-08-19,Paid Search,311,4.7,Nurturing
2638,2026-09-26,Referral,306,3.4,New
2639,2026-07-06,Organic Search,484,3.2,Nurturing
2640,2025-04-12,Outbound,199,,Nurturing
2641,2026-05-30,Organic Search,110,2.4,Qualified
2642,2025-01-19,Events,5,15.1,Disqualified
2643,2026-05-08,Referral,189,16.2,Qualified
2644,2026-05-17,Paid Search,556,1.4,Disqualified
2645,2025-06-14,Paid Search,556,2.3,Qualified
2646,2025-03-02,Paid Search,84,7.0,Disqualified
2647,2025-09-02,Referral,301,3.8,Disqualified
2648,2025-11-18,Referral,233,1.0,Qualified
2649,2025-05-01,Outbound,418,,Qualified
2650,2026-01-01,Partner,566,2.3,Qualified
2651,2026-02-14,Outbound,526,,Nurturing
2652,2026-02-08,Outbound,11,,Disqualified
2653,2024-06-06,Paid Search,480,4.3,Disqualified
2654,2026-05-18,Paid Search,574,0.9,Disqualified
2655,2026-01-15,Organic Search,587,2.4,Nurturing
2656,2025-03-02,Outbound,292,,Nurturing
2657,2026-07-08,Social,221,1.3,Nurturing
2658,2026-02-17,Outbound,225,,Qualified
2659,2024-05-09,Organic Search,486,8.3,Disqualified
2660,2024-12-08,Organic Search,165,2.4,Nurturing
2661,2024-06-23,Social,19,11.3,Disqualified
2662,2024-02-15,Outbound,131,,Disqualified
2663,2025-07-26,Organic Search,334,13.5,Nurturing
2664,2024-10-26,Organic Search,502,7.0,Disqualified
2665,2025-01-17,Events,418,1.1,Disqualified
2666,2024-12-20,Outbound,133,,Disqualified
2667,2026-08-12,Outbound,59,,Nurturing
2668,2026-01-28,Organic Search,491,0.4,Qualified
2669,2025-11-28,Paid Search,290,1.8,Disqualified
2670,2026-01-29,Paid Search,434,1.1,Disqualified
2671,2025-06-17,Outbound,118,,Disqualified
2672,2025-04-15,Social,494,5.7,Qualified
2673,2025-03-12,Social,495,3.3,Nurturing
2674,2024-01-28,Partner,80,7.2,Qualified
2675,2025-01-27,Referral,283,6.0,Qualified
2676,2026-09-26,Paid Search,6,3.9,New
2677,2026-05-05,Paid Search,198,3.8,Nurturing
2678,2026-09-28,Partner,580,1.6,New
2679,2024-05-04,Events,320,7.0,Nurturing
2680,2025-01-13,Paid Search,398,3.6,Qualified
2681,2025-01-02,Paid Search,209,4.2,Disqualified
2682,2025-08-20,Paid Search,331,0.9,Disqualified
2683,2026-02-25,Social,406,7.5,Disqualified
2684,2024-11-13,Organic Search,79,8.5,Nurturing
2685,2024-09-09,Referral,570,2.7,Disqualified
2686,2026-02-13,Referral,258,1.8,Qualified
2687,2025-07-15,Referral,433,1.1,Nurturing
2688,2026-09-22,Events,26,5.3,New
2689,2024-10-11,Outbound,560,,Disqualified
2690,2026-08-25,Outbound,294,,Disqualified
2691,2025-03-11,Social,240,1.4,Disqualified
2692,2025-10-28,Outbound,446,,Nurturing
2693,2025-10-07,Events,16,7.0,Nurturing
2694,2025-12-21,Paid Search,561,0.4,Qualified
2695,2026-06-11,Paid Search,128,2.4,Disqualified
2696,2025-07-28,Organic Search,526,3.4,Disqualified
2697,2025-11-18,Outbound,308,,Disqualified
2698,2025-03-21,Paid Search,571,14.1,Disqualified
2699,2026-06-01,Outbound,285,,Disqualified
2700,2025-10-22,Referral,569,5.2,Disqualified
2701,2025-10-01,Organic Search,468,2.7,Nurturing
2702,2026-07-02,Referral,54,7.7,Qualified
2703,2025-12-16,Paid Search,339,4.1,Disqualified
2704,2025-11-23,Social,377,4.5,Nurturing
2705,2025-02-13,Organic Search,40,1.6,Qualified
2706,2026-05-29,Organic Search,593,1.4,Disqualified
2707,2025-10-07,Organic Search,375,2.8,Qualified
2708,2025-06-15,Partner,575,6.7,Disqualified
2709,2024-08-02,Paid Search,164,2.7,Nurturing
2710,2024-08-19,Events,166,12.3,Qualified
2711,2026-09-29,Outbound,437,,New
2712,2024-05-20,Organic Search,282,7.7,Nurturing
2713,2024-08-18,Organic Search,245,15.0,Disqualified
2714,2024-09-23,Referral,281,4.8,Qualified
2715,2025-10-31,Social,3,2.4,Disqualified
2716,2025-05-21,Organic Search,102,0.9,Qualified
2717,2024-02-21,Outbound,377,,Disqualified
2718,2024-07-11,Paid Search,392,6.5,Nurturing
2719,2025-08-14,Events,398,0.3,Nurturing
2720,2024-10-25,Social,281,14.4,Disqualified
2721,2024-05-19,Referral,2,3.3,Nurturing
2722,2025-01-15,Social,116,9.9,Disqualified
2723,2024-09-26,Events,32,7.2,Qualified
2724,2024-11-04,Partner,508,0.8,Disqualified
2725,2026-09-11,Organic Search,166,3.0,Nurturing
2726,2024-12-10,Events,567,6.5,Disqualified
2727,2026-08-06,Organic Search,270,24.5,Disqualified
2728,2026-09-12,Organic Search,409,1.2,Qualified
2729,2026-09-18,Organic Search,462,1.3,New
2730,2026-04-16,Paid Search,400,0.5,Nurturing
2731,2025-03-21,Organic Search,347,2.7,Disqualified
2732,2026-05-14,Paid Search,178,8.0,Disqualified
2733,2026-06-29,Referral,251,0.6,Disqualified
2734,2026-03-23,Organic Search,475,3.6,Nurturing
2735,2025-11-24,Events,144,3.9,Disqualified
2736,2024-07-14,Organic Search,126,4.1,Disqualified
2737,2026-04-22,Organic Search,317,2.8,Nurturing
2738,2024-06-29,Social,173,2.1,Disqualified
2739,2025-10-21,Paid Search,140,5.6,Nurturing
2740,2026-08-11,Outbound,322,,Disqualified
2741,2025-12-17,Organic Search,252,5.1,Nurturing
2742,2024-04-04,Referral,529,5.9,Qualified
2743,2025-03-31,Paid Search,592,2.9,Nurturing
2744,2026-04-16,Outbound,498,,Disqualified
2745,2024-08-24,Paid Search,426,15.9,Disqualified
2746,2024-05-25,Outbound,254,,Disqualified
2747,2025-01-02,Paid Search,504,1.1,Disqualified
2748,2025-01-28,Organic Search,460,3.3,Nurturing
2749,2026-08-29,Organic Search,415,1.6,Disqualified
2750,2024-02-02,Paid Search,419,2.6,Disqualified
2751,2025-08-21,Outbound,320,,Disqualified
2752,2026-01-03,Outbound,529,,Qualified
2753,2024-12-18,Events,49,1.0,Nurturing
2754,2026-03-24,Paid Search,527,6.3,Nurturing
2755,2024-03-20,Referral,89,2.6,Qualified
2756,2026-05-19,Outbound,376,,Nurturing
2757,2026-06-25,Organic Search,194,2.9,Qualified
2758,2025-07-23,Outbound,338,,Nurturing
2759,2025-05-08,Outbound,431,,Nurturing
2760,2025-01-17,Organic Search,545,7.5,Disqualified
2761,2024-05-08,Outbound,22,,Disqualified
2762,2026-06-25,Paid Search,414,0.7,Disqualified
2763,2025-05-07,Organic Search,451,2.0,Disqualified
2764,2025-02-05,Organic Search,128,4.4,Disqualified
2765,2026-09-23,Social,265,2.1,New
2766,2026-06-11,Partner,266,6.2,Qualified
2767,2026-07-16,Outbound,269,,Nurturing
2768,2024-02-13,Paid Search,215,1.7,Disqualified
2769,2024-06-07,Organic Search,252,0.9,Nurturing
2770,2025-03-17,Partner,463,2.7,Qualified
2771,2025-07-24,Organic Search,139,0.6,Disqualified
2772,2026-07-13,Referral,323,10.2,Nurturing
2773,2025-06-10,Events,447,22.7,Qualified
2774,2026-07-10,Outbound,553,,Disqualified
2775,2026-05-04,Paid Search,3,1.1,Nurturing
2776,2025-08-08,Social,47,1.4,Disqualified
2777,2024-09-17,Events,285,1.3,Qualified
2778,2026-04-23,Events,469,14.1,Disqualified
2779,2026-09-27,Paid Search,534,0.3,New
2780,2024-06-28,Outbound,248,,Disqualified
2781,2024-06-27,Paid Search,341,1.5,Qualified
2782,2026-03-31,Referral,461,5.9,Nurturing
2783,2024-06-22,Paid Search,502,4.3,Disqualified
2784,2024-01-05,Paid Search,567,4.1,Qualified
2785,2024-04-11,Events,108,8.9,Nurturing
2786,2026-08-03,Outbound,403,,Disqualified
2787,2025-01-28,Outbound,273,,Nurturing
2788,2024-08-12,Paid Search,405,4.2,Nurturing
2789,2024-01-03,Social,213,3.3,Disqualified
2790,2025-01-13,Paid Search,54,1.5,Disqualified
2791,2026-05-11,Paid Search,196,6.4,Qualified
2792,2024-10-15,Partner,384,9.7,Disqualified
2793,2026-04-01,Partner,411,3.3,Nurturing
2794,2025-12-09,Referral,469,3.9,Qualified
2795,2025-03-09,Outbound,474,,Disqualified
2796,2026-05-10,Outbound,15,,Disqualified
2797,2025-09-25,Outbound,46,,Qualified
2798,2025-03-06,Paid Search,263,3.0,Disqualified
2799,2025-02-28,Social,165,2.4,Disqualified
2800,2025-12-13,Organic Search,568,12.7,Qualified
2801,2026-01-31,Organic Search,335,1.1,Disqualified
2802,2025-04-10,Organic Search,29,25.1,Disqualified
2803,2025-10-24,Social,471,4.8,Nurturing
2804,2025-08-13,Outbound,113,,Nurturing
2805,2026-08-07,Outbound,136,,Disqualified
2806,2026-02-16,Social,568,5.4,Disqualified
2807,2025-04-08,Outbound,501,,Nurturing
2808,2024-04-10,Paid Search,597,1.1,Disqualified
2809,2024-10-19,Referral,243,3.5,Qualified
2810,2024-03-17,Outbound,580,,Nurturing
2811,2025-02-20,Paid Search,52,4.9,Nurturing
2812,2025-01-10,Paid Search,223,1.1,Disqualified
2813,2025-11-22,Referral,126,0.8,Qualified
2814,2024-08-14,Paid Search,121,4.1,Nurturing
2815,2024-11-28,Outbound,107,,Disqualified
2816,2025-01-01,Organic Search,469,6.7,Qualified
2817,2025-04-01,Partner,269,22.5,Qualified
2818,2025-04-24,Outbound,502,,Disqualified
2819,2026-06-30,Organic Search,537,3.6,Qualified
2820,2024-07-21,Outbound,94,,Disqualified
2821,2025-12-25,Outbound,384,,Disqualified
2822,2024-10-06,Organic Search,334,9.5,Qualified
2823,2024-11-21,Organic Search,33,1.8,Qualified
2824,2025-06-05,Outbound,228,,Nurturing
2825,2024-12-24,Outbound,344,,Disqualified
2826,2026-01-09,Partner,591,12.9,Qualified
2827,2024-03-05,Organic Search,194,2.5,Disqualified
2828,2026-03-11,Outbound,391,,Nurturing
2829,2025-11-16,Paid Search,87,1.9,Disqualified
2830,2025-08-07,Partner,328,4.4,Disqualified
2831,2026-02-06,Paid Search,92,0.4,Nurturing
2832,2024-08-11,Outbound,589,,Disqualified
2833,2025-12-27,Organic Search,121,2.0,Nurturing
2834,2026-03-26,Paid Search,460,2.1,Disqualified
2835,2025-08-25,Referral,5,0.9,Disqualified
2836,2024-06-25,Organic Search,357,1.1,Disqualified
2837,2026-01-29,Partner,286,1.0,Qualified
2838,2024-05-23,Paid Search,354,3.8,Disqualified
2839,2026-02-21,Referral,416,4.6,Nurturing
2840,2024-11-26,Outbound,355,,Qualified
2841,2026-09-28,Events,4,2.8,New
2842,2025-09-09,Outbound,184,,Disqualified
2843,2025-04-22,Referral,355,4.1,Qualified
2844,2024-12-15,Organic Search,501,5.0,Qualified
2845,2025-03-26,Outbound,78,,Disqualified
2846,2026-06-23,Social,545,10.5,Disqualified
2847,2025-09-08,Paid Search,98,3.1,Qualified
2848,2024-12-15,Paid Search,577,14.9,Disqualified
2849,2024-12-04,Referral,182,4.6,Disqualified
2850,2025-08-27,Outbound,175,,Qualified
2851,2025-10-28,Outbound,465,,Nurturing
2852,2026-01-28,Social,279,28.8,Disqualified
2853,2025-06-13,Paid Search,36,3.0,Nurturing
2854,2025-07-13,Social,193,2.5,Qualified
2855,2026-06-11,Outbound,80,,Nurturing
2856,2025-09-10,Referral,553,0.5,Qualified
2857,2024-10-25,Paid Search,437,0.6,Nurturing
2858,2025-04-24,Organic Search,381,1.2,Disqualified
2859,2024-07-15,Paid Search,385,3.6,Nurturing
2860,2024-01-25,Organic Search,493,5.0,Disqualified
2861,2026-07-24,Paid Search,443,7.7,Qualified
2862,2024-12-25,Outbound,193,,Nurturing
2863,2026-04-11,Referral,582,22.6,Qualified
2864,2026-06-16,Outbound,431,,Disqualified
2865,2025-01-01,Outbound,207,,Disqualified
2866,2025-09-22,Outbound,84,,Disqualified
2867,2024-03-23,Partner,51,2.0,Nurturing
2868,2025-09-04,Events,315,0.9,Nurturing
2869,2025-10-01,Organic Search,392,2.2,Nurturing
2870,2025-11-11,Referral,100,2.6,Qualified
2871,2024-12-19,Outbound,93,,Qualified
2872,2024-10-13,Organic Search,93,1.7,Nurturing
2873,2026-07-27,Referral,295,9.3,Qualified
2874,2026-03-18,Paid Search,388,3.6,Nurturing
2875,2025-03-08,Paid Search,154,22.6,Disqualified
2876,2024-10-16,Outbound,2,,Nurturing
2877,2025-04-29,Organic Search,4,14.9,Disqualified
2878,2025-01-05,Social,426,1.4,Disqualified
2879,2026-04-29,Paid Search,463,2.8,Disqualified
2880,2026-01-31,Outbound,60,,Nurturing
2881,2026-09-22,Referral,499,7.1,Qualified
2882,2024-08-24,Outbound,108,,Disqualified
2883,2025-09-01,Events,248,12.8,Disqualified
2884,2026-01-05,Outbound,386,,Disqualified
2885,2025-08-27,Organic Search,252,1.6,Disqualified
2886,2024-12-07,Paid Search,239,5.1,Disqualified
2887,2024-06-14,Events,547,6.8,Qualified
2888,2026-08-01,Referral,262,2.2,Qualified
2889,2025-09-27,Outbound,153,,Nurturing
2890,2025-12-14,Outbound,458,,Nurturing
2891,2025-01-22,Referral,553,2.0,Qualified
2892,2024-06-04,Social,292,1.7,Disqualified
2893,2024-02-28,Partner,212,1.4,Disqualified
2894,2025-03-16,Referral,548,2.9,Qualified
2895,2025-05-20,Organic Search,300,9.7,Disqualified
2896,2026-08-21,Organic Search,158,4.6,Disqualified
2897,2025-10-26,Social,36,4.8,Nurturing
2898,2025-08-21,Partner,126,0.7,Nurturing
2899,2025-06-05,Outbound,295,,Nurturing
2900,2025-12-15,Referral,517,2.2,Nurturing
2901,2024-04-07,Organic Search,283,4.3,Nurturing
2902,2025-01-31,Outbound,156,,Disqualified
2903,2026-03-29,Outbound,252,,Disqualified
2904,2026-01-12,Paid Search,422,7.9,Qualified
2905,2024-10-10,Paid Search,355,0.9,Nurturing
2906,2025-03-10,Outbound,42,,Qualified
2907,2026-04-12,Paid Search,455,1.5,Disqualified
2908,2025-10-07,Outbound,472,,Nurturing
2909,2024-09-02,Outbound,36,,Disqualified
2910,2024-09-23,Outbound,271,,Disqualified
2911,2025-07-05,Organic Search,4,0.9,Nurturing
2912,2024-03-28,Outbound,496,,Disqualified
2913,2026-07-22,Organic Search,4,9.0,Disqualified
2914,2025-11-26,Social,234,2.2,Disqualified
2915,2025-09-11,Events,560,5.0,Qualified
2916,2025-11-11,Organic Search,57,14.8,Qualified
2917,2026-08-27,Outbound,409,,Disqualified
2918,2026-07-07,Outbound,167,,Disqualified
2919,2025-11-20,Partner,486,12.1,Disqualified
2920,2026-09-09,Events,504,6.7,Qualified
2921,2025-03-25,Events,180,2.9,Qualified
2922,2026-01-06,Paid Search,30,9.7,Qualified
2923,2026-08-10,Paid Search,587,2.1,Qualified
2924,2026-08-02,Outbound,452,,Disqualified
2925,2026-09-03,Organic Search,205,3.2,Nurturing
2926,2026-09-13,Organic Search,398,1.5,Disqualified
2927,2025-10-16,Organic Search,427,3.0,Qualified
2928,2025-04-27,Partner,341,7.6,Nurturing
2929,2025-12-12,Organic Search,526,2.6,Disqualified
2930,2026-07-18,Organic Search,68,5.3,Qualified
2931,2025-06-16,Partner,138,5.6,Qualified
2932,2025-06-19,Outbound,255,,Disqualified
2933,2025-04-30,Outbound,173,,Qualified
2934,2025-10-30,Organic Search,416,12.2,Nurturing
2935,2025-04-30,Organic Search,320,1.2,Nurturing
2936,2025-08-29,Outbound,290,,Nurturing
2937,2025-02-24,Outbound,529,,Disqualified
2938,2025-12-08,Paid Search,275,1.3,Disqualified
2939,2026-07-14,Outbound,303,,Disqualified
2940,2026-08-23,Social,208,1.4,Disqualified
2941,2026-09-29,Partner,57,11.6,New
2942,2025-08-29,Paid Search,398,7.1,Nurturing
2943,2025-12-16,Events,382,1.1,Qualified
2944,2025-09-11,Paid Search,46,1.1,Qualified
2945,2024-03-15,Organic Search,240,1.5,Disqualified
2946,2026-07-15,Paid Search,381,20.6,Disqualified
2947,2026-08-16,Organic Search,338,3.7,Nurturing
2948,2024-12-22,Organic Search,281,10.2,Disqualified
2949,2024-11-14,Organic Search,558,6.1,Nurturing
2950,2025-12-13,Outbound,392,,Disqualified
2951,2026-03-27,Events,229,3.7,Qualified
2952,2026-02-21,Paid Search,558,24.8,Disqualified
2953,2026-05-26,Organic Search,487,4.2,Disqualified
2954,2025-10-13,Outbound,320,,Disqualified
2955,2026-08-25,Paid Search,592,1.4,Nurturing
2956,2026-04-04,Paid Search,431,0.6,Qualified
2957,2025-05-06,Outbound,82,,Disqualified
2958,2024-05-23,Referral,11,2.3,Disqualified
2959,2025-08-24,Events,562,21.7,Qualified
2960,2026-06-17,Organic Search,141,3.2,Disqualified
2961,2026-02-17,Outbound,473,,Disqualified
2962,2025-06-16,Social,373,1.2,Disqualified
2963,2025-01-07,Referral,483,17.0,Nurturing
2964,2025-03-15,Paid Search,228,1.0,Disqualified
2965,2025-07-23,Events,149,2.4,Disqualified
2966,2025-04-08,Referral,537,4.3,Qualified
2967,2025-12-29,Organic Search,565,0.7,Disqualified
2968,2024-07-30,Organic Search,580,1.1,Disqualified
2969,2025-11-08,Paid Search,461,4.2,Qualified
2970,2025-10-25,Paid Search,450,12.4,Nurturing
2971,2025-10-04,Outbound,287,,Qualified
2972,2026-02-09,Paid Search,481,1.8,Nurturing
2973,2024-08-26,Social,233,3.9,Disqualified
2974,2025-01-24,Paid Search,215,3.7,Qualified
2975,2025-08-03,Paid Search,67,15.7,Disqualified
2976,2025-08-23,Outbound,586,,Disqualified
2977,2026-05-14,Organic Search,476,1.5,Nurturing
2978,2026-04-13,Organic Search,481,2.9,Nurturing
2979,2026-03-15,Partner,76,0.4,Disqualified
2980,2026-09-01,Organic Search,51,2.2,Disqualified
2981,2026-06-24,Paid Search,187,1.3,Disqualified
2982,2026-08-13,Social,351,11.4,Nurturing
2983,2025-03-14,Events,451,3.6,Qualified
2984,2025-12-11,Partner,41,0.7,Disqualified
2985,2024-09-25,Referral,35,2.9,Disqualified
2986,2024-06-07,Paid Search,85,16.6,Disqualified
2987,2025-12-13,Outbound,470,,Disqualified
2988,2026-04-27,Partner,202,30.9,Disqualified
2989,2024-07-18,Organic Search,254,6.4,Nurturing
2990,2026-06-07,Referral,174,2.3,Disqualified
2991,2025-11-12,Social,567,2.4,Disqualified
2992,2025-05-07,Paid Search,93,2.6,Disqualified
2993,2024-06-24,Outbound,394,,Disqualified
2994,2025-09-01,Social,197,1.0,Disqualified
2995,2025-10-01,Events,289,3.9,Disqualified
2996,2025-10-15,Outbound,148,,Nurturing
2997,2024-06-09,Partner,418,0.6,Nurturing
2998,2025-07-07,Events,191,10.1,Qualified
2999,2025-04-22,Outbound,329,,Disqualified
3000,2026-08-31,Referral,340,0.8,Disqualified
3001,2024-10-19,Partner,80,18.5,Disqualified
3002,2025-11-06,Organic Search,311,8.8,Disqualified
3003,2025-08-01,Referral,432,3.6,Disqualified
3004,2025-08-17,Paid Search,173,4.3,Disqualified
3005,2025-07-15,Organic Search,107,9.3,Qualified
3006,2025-09-05,Outbound,226,,Disqualified
3007,2025-11-07,Organic Search,325,3.7,Nurturing
3008,2025-10-16,Outbound,44,,Nurturing
3009,2026-09-15,Organic Search,563,9.1,Qualified
3010,2026-02-12,Organic Search,208,4.6,Qualified
3011,2024-10-28,Organic Search,562,11.7,Nurturing
3012,2025-05-15,Social,339,5.1,Nurturing
3013,2026-06-18,Organic Search,449,6.8,Qualified
3014,2025-12-05,Organic Search,229,1.6,Disqualified
3015,2024-05-26,Events,233,1.0,Disqualified
3016,2025-04-23,Organic Search,533,12.2,Disqualified
3017,2024-08-06,Paid Search,140,9.1,Nurturing
3018,2025-12-14,Organic Search,222,3.3,Disqualified
3019,2025-05-15,Outbound,48,,Nurturing
3020,2024-02-23,Social,523,3.1,Disqualified
3021,2025-10-30,Events,548,0.4,Disqualified
3022,2026-03-22,Outbound,61,,Disqualified
3023,2024-10-09,Outbound,86,,Disqualified
3024,2024-06-17,Events,570,2.8,Nurturing
3025,2026-03-21,Outbound,459,,Nurturing
3026,2025-11-30,Paid Search,595,4.9,Nurturing
3027,2025-04-11,Organic Search,7,2.6,Qualified
3028,2025-09-22,Paid Search,445,4.3,Nurturing
3029,2025-07-30,Organic Search,540,11.0,Nurturing
3030,2024-03-30,Events,197,2.9,Qualified
3031,2025-05-24,Organic Search,36,1.4,Disqualified
3032,2025-10-21,Organic Search,227,3.2,Nurturing
3033,2025-02-11,Outbound,289,,Disqualified
3034,2025-10-02,Paid Search,134,2.5,Disqualified
3035,2026-07-16,Partner,85,1.7,Qualified
3036,2024-09-04,Paid Search,147,1.2,Disqualified
3037,2024-10-27,Outbound,464,,Disqualified
3038,2024-11-18,Paid Search,201,2.6,Qualified
3039,2026-02-27,Organic Search,186,8.3,Disqualified
3040,2024-04-29,Referral,515,3.2,Nurturing
3041,2026-08-24,Referral,29,2.2,Disqualified
3042,2025-05-20,Organic Search,252,1.4,Nurturing
3043,2025-08-04,Referral,46,4.8,Qualified
3044,2025-10-07,Referral,383,33.2,Qualified
3045,2026-03-02,Organic Search,325,7.2,Nurturing
3046,2026-01-11,Organic Search,406,6.1,Disqualified
3047,2024-09-25,Social,537,6.5,Disqualified
3048,2026-08-23,Events,489,0.4,Qualified
3049,2025-06-21,Events,545,0.5,Disqualified
3050,2025-04-26,Partner,217,1.0,Disqualified
3051,2025-09-21,Organic Search,8,2.9,Qualified
3052,2026-06-13,Paid Search,285,14.2,Qualified
3053,2026-03-27,Paid Search,174,0.8,Disqualified
3054,2025-05-01,Outbound,454,,Nurturing
3055,2025-01-06,Paid Search,309,0.6,Disqualified
3056,2026-04-24,Outbound,273,,Qualified
3057,2024-10-09,Outbound,590,,Nurturing
3058,2025-03-11,Organic Search,549,4.0,Nurturing
3059,2024-09-24,Outbound,569,,Qualified
3060,2025-11-27,Events,79,3.0,Disqualified
3061,2024-08-27,Outbound,454,,Nurturing
3062,2026-02-19,Outbound,250,,Nurturing
3063,2026-02-23,Events,188,3.9,Nurturing
3064,2026-06-21,Referral,67,10.0,Qualified
3065,2025-08-20,Social,61,1.0,Nurturing
3066,2026-03-06,Events,298,4.3,Qualified
3067,2025-10-28,Referral,535,1.8,Qualified
3068,2025-08-10,Referral,399,9.9,Nurturing
3069,2026-07-17,Social,175,1.8,Disqualified
3070,2025-10-31,Referral,155,0.9,Disqualified
3071,2026-02-08,Paid Search,455,27.2,Nurturing
3072,2025-12-04,Paid Search,68,11.1,Nurturing
3073,2025-12-24,Organic Search,472,2.8,Nurturing
3074,2024-09-01,Outbound,280,,Disqualified
3075,2025-05-18,Paid Search,180,0.8,Nurturing
3076,2025-05-07,Organic Search,171,8.0,Disqualified
3077,2025-02-14,Organic Search,248,7.9,Qualified
3078,2025-02-28,Paid Search,42,1.2,Disqualified
3079,2026-06-20,Outbound,526,,Nurturing
3080,2025-01-11,Referral,105,5.5,Disqualified
3081,2026-04-11,Referral,223,5.4,Qualified
3082,2024-06-09,Social,358,2.7,Disqualified
3083,2025-10-13,Organic Search,526,7.2,Qualified
3084,2026-07-04,Outbound,458,,Nurturing
3085,2025-10-24,Events,22,10.1,Disqualified
3086,2026-02-13,Organic Search,141,2.3,Nurturing
3087,2026-05-31,Organic Search,537,1.6,Qualified
3088,2025-01-23,Outbound,271,,Disqualified
3089,2024-10-18,Organic Search,294,8.7,Qualified
3090,2026-06-19,Outbound,138,,Disqualified
3091,2026-02-27,Events,135,8.3,Disqualified
3092,2026-06-12,Paid Search,541,6.0,Qualified
3093,2026-02-24,Outbound,117,,Nurturing
3094,2026-04-13,Referral,402,6.1,Qualified
3095,2026-06-24,Events,28,6.2,Disqualified
3096,2025-11-01,Organic Search,484,5.8,Qualified
3097,2025-04-07,Organic Search,595,2.2,Nurturing
3098,2024-09-26,Social,369,2.2,Disqualified
3099,2025-10-27,Paid Search,120,4.0,Qualified
3100,2026-05-18,Outbound,423,,Nurturing
3101,2025-04-03,Paid Search,375,1.6,Disqualified
3102,2024-10-27,Referral,23,3.4,Disqualified
3103,2025-08-30,Paid Search,584,1.8,Nurturing
3104,2025-04-19,Partner,580,1.1,Nurturing
3105,2025-10-25,Organic Search,62,4.5,Disqualified
3106,2026-08-19,Referral,469,27.3,Nurturing
3107,2025-08-26,Partner,216,10.2,Disqualified
3108,2026-01-09,Outbound,151,,Disqualified
3109,2025-11-10,Events,325,4.2,Qualified
3110,2025-01-01,Organic Search,35,0.4,Nurturing
3111,2026-01-17,Events,463,2.0,Disqualified
3112,2026-07-07,Paid Search,204,2.0,Disqualified
3113,2026-08-16,Organic Search,198,3.2,Nurturing
3114,2025-04-18,Referral,333,6.7,Nurturing
3115,2026-09-24,Events,519,3.7,New
3116,2024-10-16,Outbound,489,,Nurturing
3117,2025-01-09,Organic Search,252,1.3,Disqualified
3118,2024-05-21,Organic Search,187,5.5,Nurturing
3119,2024-11-02,Referral,421,14.4,Qualified
3120,2024-08-17,Outbound,5,,Disqualified
3121,2026-08-30,Events,386,4.1,Qualified
3122,2024-09-20,Outbound,154,,Nurturing
3123,2026-01-16,Partner,114,25.3,Qualified
3124,2026-01-09,Paid Search,249,2.9,Nurturing
3125,2025-09-04,Paid Search,583,3.9,Nurturing
3126,2025-11-16,Social,257,25.5,Disqualified
3127,2024-10-23,Paid Search,83,2.2,Qualified
3128,2025-03-01,Referral,301,3.9,Disqualified
3129,2024-07-28,Social,264,1.8,Disqualified
3130,2025-08-25,Referral,400,2.1,Qualified
3131,2025-04-17,Outbound,487,,Qualified
3132,2026-07-21,Paid Search,324,17.3,Qualified
3133,2026-04-01,Outbound,127,,Disqualified
3134,2024-02-28,Outbound,37,,Disqualified
3135,2026-05-13,Social,299,0.9,Nurturing
3136,2024-08-15,Organic Search,577,2.0,Nurturing
3137,2026-01-02,Organic Search,304,3.8,Disqualified
3138,2026-01-15,Outbound,185,,Disqualified
3139,2025-12-23,Events,333,1.5,Disqualified
3140,2026-09-18,Organic Search,262,5.0,New
3141,2025-12-16,Outbound,403,,Disqualified
3142,2024-12-20,Partner,195,11.1,Nurturing
3143,2026-06-07,Events,496,2.1,Nurturing
3144,2025-10-09,Outbound,482,,Disqualified
3145,2024-10-25,Outbound,417,,Disqualified
3146,2025-03-28,Social,566,2.0,Disqualified
3147,2026-04-21,Referral,117,1.2,Nurturing
3148,2024-04-08,Paid Search,252,1.4,Qualified
3149,2026-07-19,Outbound,280,,Qualified
3150,2025-07-01,Organic Search,5,2.0,Qualified
3151,2024-04-16,Social,373,2.7,Disqualified
3152,2024-12-12,Paid Search,286,4.9,Disqualified
3153,2026-03-08,Outbound,285,,Disqualified
3154,2024-11-04,Outbound,500,,Qualified
3155,2025-03-06,Outbound,333,,Disqualified
3156,2024-02-03,Referral,600,3.5,Qualified
3157,2025-01-07,Referral,443,3.5,Qualified
3158,2025-11-10,Outbound,231,,Nurturing
3159,2024-05-08,Outbound,527,,Disqualified
3160,2026-01-19,Paid Search,348,8.4,Qualified
3161,2025-09-21,Organic Search,168,1.0,Nurturing
3162,2026-06-09,Social,214,27.1,Nurturing
3163,2026-01-01,Organic Search,165,4.7,Disqualified
3164,2024-12-01,Paid Search,572,6.8,Nurturing
3165,2024-07-08,Social,333,11.9,Disqualified
3166,2026-09-02,Outbound,304,,Nurturing
3167,2026-09-20,Events,199,2.9,New
3168,2026-02-01,Social,25,13.5,Qualified
3169,2026-03-13,Events,181,2.0,Disqualified
3170,2024-06-17,Organic Search,355,1.9,Qualified
3171,2024-06-15,Partner,149,9.4,Disqualified
3172,2024-06-23,Paid Search,518,13.6,Disqualified
3173,2025-10-28,Paid Search,207,14.3,Nurturing
3174,2026-04-09,Organic Search,272,2.8,Disqualified
3175,2025-09-27,Organic Search,76,1.3,Nurturing
3176,2026-03-01,Organic Search,470,2.0,Qualified
3177,2025-09-06,Referral,217,2.8,Qualified
3178,2026-08-09,Paid Search,566,2.7,Nurturing
3179,2025-08-18,Paid Search,274,1.6,Qualified
3180,2025-12-31,Outbound,364,,Nurturing
3181,2026-01-07,Paid Search,369,5.7,Disqualified
3182,2025-08-07,Paid Search,235,12.6,Nurturing
3183,2026-05-13,Organic Search,559,5.0,Disqualified
3184,2024-06-26,Paid Search,553,0.8,Qualified
3185,2026-06-08,Organic Search,412,2.6,Nurturing
3186,2026-03-21,Outbound,367,,Nurturing
3187,2026-04-16,Organic Search,48,1.4,Disqualified
3188,2026-02-07,Referral,119,2.4,Qualified
3189,2026-05-27,Referral,250,2.8,Disqualified
3190,2025-11-10,Referral,451,5.7,Disqualified
3191,2026-08-12,Organic Search,326,1.9,Disqualified
3192,2025-09-30,Partner,365,5.5,Nurturing
3193,2025-05-01,Social,328,5.1,Qualified
3194,2026-08-04,Outbound,179,,Disqualified
3195,2026-04-07,Referral,26,5.8,Disqualified
3196,2026-08-17,Events,338,2.6,Disqualified
3197,2025-02-19,Outbound,58,,Disqualified
3198,2024-08-13,Referral,432,2.6,Qualified
3199,2024-12-17,Paid Search,322,1.1,Disqualified
3200,2024-05-30,Referral,262,1.7,Qualified
3201,2024-04-23,Paid Search,4,3.6,Disqualified
3202,2026-03-26,Outbound,548,,Qualified
3203,2025-03-08,Partner,143,5.0,Disqualified
3204,2026-04-07,Social,353,3.4,Nurturing
3205,2025-12-12,Outbound,500,,Disqualified
3206,2026-06-20,Organic Search,485,13.7,Qualified
3207,2026-09-02,Outbound,599,,Nurturing
3208,2024-10-14,Organic Search,550,6.1,Nurturing
3209,2024-04-26,Outbound,271,,Disqualified
3210,2026-09-03,Partner,351,1.9,Disqualified
3211,2024-12-18,Events,386,4.1,Nurturing
3212,2024-03-26,Outbound,318,,Disqualified
3213,2025-04-30,Organic Search,305,4.0,Qualified
3214,2024-02-19,Referral,577,1.2,Nurturing
3215,2025-04-01,Partner,493,2.3,Nurturing
3216,2026-04-04,Organic Search,526,4.9,Disqualified
3217,2025-06-02,Outbound,120,,Disqualified
3218,2026-06-17,Partner,337,5.2,Disqualified
3219,2024-01-09,Partner,96,3.3,Disqualified
3220,2025-01-23,Paid Search,564,9.1,Nurturing
3221,2025-09-14,Organic Search,590,0.9,Disqualified
3222,2024-09-07,Organic Search,461,1.8,Disqualified
3223,2025-09-05,Paid Search,343,14.6,Nurturing
3224,2025-07-25,Referral,333,2.1,Disqualified
3225,2026-03-09,Organic Search,578,1.2,Qualified
3226,2026-05-12,Paid Search,424,5.3,Nurturing
3227,2026-08-20,Paid Search,167,6.8,Disqualified
3228,2024-09-16,Partner,96,2.0,Qualified
3229,2025-11-26,Outbound,532,,Nurturing
3230,2024-10-25,Paid Search,37,4.0,Qualified
3231,2026-07-25,Partner,503,3.8,Qualified
3232,2026-08-23,Outbound,170,,Disqualified
3233,2024-02-01,Events,112,1.4,Disqualified
3234,2024-07-19,Outbound,153,,Disqualified
3235,2026-08-25,Events,299,26.7,Disqualified
3236,2024-12-29,Events,33,7.4,Disqualified
3237,2025-12-16,Social,431,5.6,Disqualified
3238,2026-02-20,Referral,179,6.7,Qualified
3239,2025-05-07,Paid Search,410,1.3,Qualified
3240,2024-02-18,Outbound,302,,Nurturing
3241,2024-06-11,Organic Search,282,0.8,Disqualified
3242,2024-11-01,Organic Search,175,2.2,Disqualified
3243,2025-12-29,Outbound,324,,Nurturing
3244,2025-03-23,Organic Search,321,5.0,Disqualified
3245,2024-09-03,Social,365,15.8,Disqualified
3246,2024-06-12,Referral,229,4.9,Disqualified
3247,2026-09-27,Organic Search,64,15.2,New
3248,2026-05-29,Events,550,7.4,Qualified
3249,2025-06-18,Paid Search,289,1.1,Disqualified
3250,2024-05-25,Organic Search,427,5.9,Disqualified
3251,2025-12-30,Partner,153,2.9,Qualified
3252,2024-04-10,Social,490,0.2,Qualified
3253,2024-10-05,Outbound,93,,Qualified
3254,2024-08-17,Events,84,0.2,Nurturing
3255,2026-01-09,Paid Search,600,7.0,Disqualified
3256,2025-10-17,Events,275,9.0,Disqualified
3257,2025-08-31,Outbound,196,,Disqualified
3258,2024-04-07,Organic Search,237,3.1,Qualified
3259,2026-09-25,Organic Search,120,0.4,New
3260,2024-09-22,Outbound,96,,Nurturing
3261,2025-08-23,Organic Search,53,6.5,Nurturing
3262,2026-01-17,Paid Search,90,3.0,Qualified
3263,2025-03-09,Outbound,76,,Qualified
3264,2025-05-07,Organic Search,194,27.7,Nurturing
3265,2024-01-12,Outbound,41,,Qualified
3266,2026-08-29,Social,472,5.8,Disqualified
3267,2026-05-29,Events,382,1.1,Disqualified
3268,2024-06-20,Outbound,46,,Disqualified
3269,2026-09-10,Outbound,561,,Qualified
3270,2026-09-03,Paid Search,341,5.1,Disqualified
3271,2026-02-06,Organic Search,108,8.0,Disqualified
3272,2025-08-28,Paid Search,292,1.8,Nurturing
3273,2026-03-17,Partner,207,2.3,Nurturing
3274,2026-01-08,Outbound,462,,Disqualified
3275,2024-06-16,Outbound,462,,Disqualified
3276,2024-09-28,Organic Search,59,1.7,Qualified
3277,2026-08-29,Paid Search,464,4.3,Disqualified
3278,2026-05-16,Outbound,318,,Disqualified
3279,2024-11-23,Paid Search,262,0.7,Nurturing
3280,2025-12-31,Paid Search,73,0.6,Disqualified
3281,2026-02-04,Events,89,3.2,Qualified
3282,2024-08-28,Referral,440,0.6,Nurturing
3283,2024-07-06,Organic Search,560,3.7,Nurturing
3284,2026-01-24,Outbound,134,,Disqualified
3285,2024-10-04,Events,534,1.1,Disqualified
3286,2025-08-22,Events,469,0.4,Qualified
3287,2024-12-14,Paid Search,199,15.3,Disqualified
3288,2026-08-06,Events,143,7.9,Disqualified
3289,2026-08-23,Events,75,5.0,Qualified
3290,2025-07-25,Outbound,164,,Disqualified
3291,2025-02-20,Outbound,516,,Disqualified
3292,2025-06-16,Organic Search,30,1.0,Nurturing
3293,2024-07-25,Paid Search,457,2.7,Disqualified
3294,2025-06-16,Organic Search,36,13.4,Disqualified
3295,2024-04-26,Partner,173,7.5,Disqualified
3296,2025-07-30,Outbound,170,,Nurturing
3297,2025-03-31,Organic Search,219,5.2,Nurturing
3298,2026-04-13,Paid Search,275,1.9,Nurturing
3299,2025-10-17,Outbound,323,,Disqualified
3300,2024-09-16,Partner,224,31.8,Qualified
3301,2025-12-07,Events,170,2.0,Disqualified
3302,2026-09-22,Outbound,110,,New
3303,2026-01-16,Organic Search,590,2.7,Qualified
3304,2026-04-14,Organic Search,166,2.2,Nurturing
3305,2026-05-19,Paid Search,244,6.1,Nurturing
3306,2025-01-05,Partner,319,5.3,Qualified
3307,2025-06-17,Organic Search,266,6.0,Nurturing
3308,2025-01-14,Paid Search,514,2.6,Nurturing
3309,2024-01-02,Organic Search,204,7.7,Qualified
3310,2025-02-22,Outbound,195,,Nurturing
3311,2024-12-30,Paid Search,462,5.6,Disqualified
3312,2025-07-04,Events,352,0.3,Disqualified
3313,2024-08-07,Paid Search,497,1.5,Disqualified
3314,2025-06-15,Referral,251,6.2,Nurturing
3315,2026-07-01,Referral,528,8.6,Qualified
3316,2024-04-14,Organic Search,513,0.9,Qualified
3317,2024-02-24,Partner,450,0.5,Disqualified
3318,2025-01-24,Partner,201,4.6,Nurturing
3319,2024-03-03,Organic Search,256,2.0,Nurturing
3320,2024-05-27,Outbound,215,,Disqualified
3321,2026-03-22,Referral,25,5.6,Nurturing
3322,2024-03-27,Events,578,1.9,Disqualified
3323,2026-09-10,Organic Search,364,3.3,Nurturing
3324,2026-04-25,Referral,355,1.5,Nurturing
3325,2024-12-25,Paid Search,264,1.9,Qualified
3326,2024-08-18,Organic Search,462,1.3,Disqualified
3327,2024-08-19,Outbound,297,,Nurturing
3328,2024-08-05,Organic Search,347,2.1,Nurturing
3329,2026-01-12,Events,23,2.3,Disqualified
3330,2026-09-09,Events,132,2.5,Disqualified
3331,2025-02-13,Events,24,6.3,Qualified
3332,2026-04-24,Outbound,484,,Disqualified
3333,2026-03-12,Organic Search,582,11.5,Nurturing
3334,2025-09-10,Partner,374,11.7,Nurturing
3335,2025-05-09,Organic Search,57,4.1,Disqualified
3336,2024-02-04,Organic Search,14,5.4,Disqualified
3337,2025-09-13,Organic Search,171,1.4,Nurturing
3338,2024-12-18,Events,375,3.1,Disqualified
3339,2026-03-22,Paid Search,526,1.2,Disqualified
3340,2025-06-04,Organic Search,7,6.0,Nurturing
3341,2025-12-26,Outbound,419,,Disqualified
3342,2024-12-14,Organic Search,11,4.3,Qualified
3343,2025-04-15,Referral,251,1.4,Qualified
3344,2026-04-11,Organic Search,370,1.3,Nurturing
3345,2025-11-05,Outbound,56,,Nurturing
3346,2026-05-31,Organic Search,358,5.0,Qualified
3347,2025-01-29,Referral,582,5.4,Qualified
3348,2024-12-10,Organic Search,457,7.5,Disqualified
3349,2024-10-25,Organic Search,75,1.8,Qualified
3350,2026-04-02,Paid Search,264,3.1,Disqualified
3351,2025-06-02,Outbound,574,,Nurturing
3352,2024-03-25,Events,94,2.0,Disqualified
3353,2025-12-18,Paid Search,178,0.4,Disqualified
3354,2024-12-31,Organic Search,486,9.9,Nurturing
3355,2026-07-11,Referral,188,10.3,Qualified
3356,2025-10-15,Outbound,86,,Qualified
3357,2025-08-24,Paid Search,165,5.1,Disqualified
3358,2025-01-09,Organic Search,196,5.2,Qualified
3359,2024-10-11,Social,318,3.7,Nurturing
3360,2026-08-17,Events,470,16.6,Qualified
3361,2025-12-11,Referral,494,8.2,Qualified
3362,2025-03-29,Paid Search,516,1.4,Nurturing
3363,2025-07-15,Referral,541,8.7,Qualified
3364,2024-11-14,Organic Search,344,2.7,Disqualified
3365,2025-06-09,Referral,365,7.9,Qualified
3366,2024-12-24,Referral,179,4.6,Nurturing
3367,2025-09-18,Paid Search,296,1.1,Nurturing
3368,2026-09-28,Organic Search,300,1.4,New
3369,2025-06-23,Partner,51,1.5,Disqualified
3370,2026-09-08,Organic Search,264,2.9,Nurturing
3371,2026-07-07,Events,560,6.2,Disqualified
3372,2025-01-16,Outbound,466,,Disqualified
3373,2025-12-13,Partner,511,7.7,Disqualified
3374,2025-10-10,Outbound,32,,Qualified
3375,2025-11-09,Partner,485,0.9,Nurturing
3376,2024-07-13,Partner,575,2.8,Qualified
3377,2024-11-03,Outbound,543,,Qualified
3378,2025-09-10,Organic Search,123,11.5,Disqualified
3379,2026-04-26,Referral,115,1.7,Disqualified
3380,2024-10-04,Organic Search,294,30.1,Nurturing
3381,2025-04-01,Outbound,67,,Disqualified
3382,2025-07-17,Paid Search,283,1.5,Disqualified
3383,2025-05-10,Organic Search,462,5.6,Disqualified
3384,2024-04-01,Organic Search,592,9.8,Disqualified
3385,2026-07-11,Outbound,198,,Nurturing
3386,2024-07-19,Paid Search,480,9.5,Qualified
3387,2026-07-04,Paid Search,542,26.8,Nurturing
3388,2026-02-24,Paid Search,156,3.7,Qualified
3389,2025-11-20,Paid Search,139,5.4,Disqualified
3390,2024-06-17,Outbound,55,,Qualified
3391,2024-12-22,Paid Search,55,1.9,Nurturing
3392,2026-04-12,Paid Search,584,8.1,Nurturing
3393,2026-05-14,Organic Search,122,9.7,Disqualified
3394,2026-07-16,Organic Search,565,5.3,Qualified
3395,2026-06-07,Organic Search,251,11.9,Disqualified
3396,2025-12-19,Social,540,24.5,Disqualified
3397,2026-06-09,Referral,42,3.2,Disqualified
3398,2025-02-08,Organic Search,525,1.1,Qualified
3399,2025-07-17,Organic Search,184,3.8,Qualified
3400,2026-08-17,Referral,302,2.0,Qualified
3401,2025-04-09,Referral,185,15.9,Disqualified
3402,2026-05-13,Referral,160,0.7,Qualified
3403,2024-11-08,Paid Search,345,0.9,Disqualified
3404,2026-04-20,Social,157,1.5,Qualified
3405,2025-07-21,Outbound,326,,Disqualified
3406,2025-10-31,Paid Search,471,1.8,Disqualified
3407,2025-10-26,Organic Search,147,1.4,Disqualified
3408,2024-09-13,Paid Search,31,2.7,Nurturing
3409,2025-09-01,Social,450,1.4,Nurturing
3410,2025-06-14,Organic Search,372,4.0,Qualified
3411,2026-08-18,Organic Search,140,1.0,Disqualified
3412,2026-08-02,Referral,226,8.7,Disqualified
3413,2025-12-10,Events,102,2.1,Disqualified
3414,2026-03-20,Outbound,155,,Nurturing
3415,2024-11-25,Paid Search,387,11.9,Disqualified
3416,2026-04-27,Organic Search,463,2.9,Nurturing
3417,2026-05-09,Paid Search,574,1.5,Disqualified
3418,2024-11-16,Events,484,2.6,Qualified
3419,2024-12-30,Referral,245,4.9,Disqualified
3420,2026-05-12,Partner,242,1.5,Disqualified
3421,2024-09-21,Events,532,14.4,Disqualified
3422,2024-09-18,Organic Search,512,2.7,Disqualified
3423,2024-12-24,Organic Search,189,1.3,Nurturing
3424,2024-03-23,Outbound,338,,Disqualified
3425,2025-06-30,Organic Search,153,1.3,Qualified
3426,2025-02-12,Paid Search,563,3.3,Disqualified
3427,2025-12-23,Organic Search,222,3.0,Nurturing
3428,2026-06-04,Outbound,544,,Qualified
3429,2024-06-29,Outbound,447,,Disqualified
3430,2024-07-08,Partner,465,6.9,Disqualified
3431,2024-11-06,Referral,299,2.0,Disqualified
3432,2026-06-28,Organic Search,531,3.8,Disqualified
3433,2026-01-07,Outbound,594,,Disqualified
3434,2024-05-28,Outbound,433,,Disqualified
3435,2024-11-09,Outbound,8,,Disqualified
3436,2025-11-29,Organic Search,507,0.9,Nurturing
3437,2024-07-14,Partner,377,0.3,Qualified
3438,2025-03-28,Outbound,140,,Disqualified
3439,2025-04-17,Partner,507,1.6,Disqualified
3440,2026-04-06,Outbound,109,,Nurturing
3441,2025-02-19,Paid Search,87,2.3,Disqualified
3442,2026-06-07,Organic Search,466,11.1,Nurturing
3443,2025-06-01,Referral,72,2.2,Disqualified
3444,2025-05-25,Social,106,1.9,Disqualified
3445,2025-08-01,Paid Search,217,3.1,Nurturing
3446,2025-06-28,Referral,551,1.9,Qualified
3447,2026-04-03,Outbound,140,,Disqualified
3448,2026-06-07,Paid Search,396,8.1,Disqualified
3449,2026-02-22,Paid Search,345,3.1,Qualified
3450,2024-11-06,Organic Search,15,3.6,Disqualified
3451,2025-02-06,Events,71,1.9,Nurturing
3452,2024-09-24,Outbound,289,,Disqualified
3453,2026-03-08,Outbound,367,,Nurturing
3454,2025-04-29,Events,344,3.8,Disqualified
3455,2025-10-02,Outbound,122,,Nurturing
3456,2024-10-09,Outbound,239,,Nurturing
3457,2025-09-19,Organic Search,561,2.9,Nurturing
3458,2024-03-01,Referral,52,1.6,Nurturing
3459,2025-01-03,Social,509,2.5,Disqualified
3460,2025-08-10,Organic Search,106,2.1,Disqualified
3461,2024-08-09,Paid Search,429,1.1,Disqualified
3462,2026-05-01,Organic Search,84,1.3,Qualified
3463,2024-09-17,Outbound,403,,Nurturing
3464,2025-10-31,Outbound,350,,Disqualified
3465,2025-06-20,Outbound,353,,Disqualified
3466,2026-06-10,Organic Search,175,2.1,Disqualified
3467,2025-03-10,Referral,437,9.2,Disqualified
3468,2025-04-17,Outbound,382,,Disqualified
3469,2024-12-05,Outbound,306,,Disqualified
3470,2024-06-20,Paid Search,590,4.4,Disqualified
3471,2024-08-24,Paid Search,119,12.4,Qualified
3472,2026-07-23,Partner,205,9.3,Disqualified
3473,2025-07-09,Organic Search,85,1.9,Qualified
3474,2024-07-11,Paid Search,476,3.0,Disqualified
3475,2026-09-01,Social,557,1.6,Disqualified
3476,2025-01-17,Organic Search,582,4.6,Qualified
3477,2025-02-04,Paid Search,470,7.7,Qualified
3478,2024-08-09,Organic Search,340,6.3,Qualified
3479,2025-04-22,Organic Search,500,1.1,Disqualified
3480,2025-01-23,Social,228,1.0,Disqualified
3481,2026-08-16,Organic Search,77,14.8,Disqualified
3482,2026-01-31,Organic Search,347,5.6,Qualified
3483,2024-08-08,Social,589,2.6,Disqualified
3484,2026-03-17,Organic Search,131,2.4,Disqualified
3485,2025-08-30,Referral,150,0.7,Disqualified
3486,2025-11-04,Organic Search,252,13.9,Disqualified
3487,2025-08-06,Organic Search,346,2.5,Disqualified
3488,2026-08-11,Referral,362,2.5,Disqualified
3489,2024-03-14,Events,239,8.0,Nurturing
3490,2026-07-26,Partner,263,3.4,Qualified
3491,2025-05-08,Outbound,301,,Nurturing
3492,2024-07-30,Organic Search,535,1.2,Qualified
3493,2026-06-05,Organic Search,55,6.0,Disqualified
3494,2026-06-06,Outbound,380,,Disqualified
3495,2024-09-12,Referral,559,1.5,Qualified
3496,2024-12-05,Partner,245,3.1,Disqualified
3497,2026-01-24,Paid Search,129,15.6,Qualified
3498,2025-02-08,Events,444,0.4,Disqualified
3499,2024-09-19,Organic Search,303,3.0,Nurturing
3500,2025-12-12,Paid Search,566,1.7,Qualified
3501,2025-06-29,Referral,472,11.6,Nurturing
3502,2025-11-25,Events,227,3.9,Qualified
3503,2026-04-04,Partner,412,9.6,Nurturing
3504,2025-10-07,Organic Search,16,1.4,Qualified
3505,2026-08-20,Events,371,0.6,Disqualified
3506,2025-12-30,Organic Search,304,2.3,Disqualified
3507,2026-06-09,Organic Search,171,5.8,Nurturing
3508,2026-09-26,Paid Search,251,9.2,New
3509,2026-01-26,Referral,104,3.5,Disqualified
3510,2026-03-08,Referral,136,14.8,Disqualified
3511,2024-11-27,Paid Search,485,2.4,Qualified
3512,2025-03-03,Referral,57,11.7,Disqualified
3513,2025-05-18,Paid Search,463,1.6,Disqualified
3514,2026-05-27,Paid Search,120,1.6,Disqualified
3515,2026-02-18,Events,323,13.5,Nurturing
3516,2024-08-20,Social,115,3.0,Disqualified
3517,2025-10-17,Paid Search,584,1.9,Nurturing
3518,2026-08-14,Outbound,219,,Disqualified
3519,2025-08-14,Outbound,160,,Disqualified
3520,2024-05-17,Referral,113,2.3,Disqualified
3521,2025-05-29,Outbound,302,,Nurturing
3522,2024-03-11,Social,521,2.4,Disqualified
3523,2026-02-07,Outbound,277,,Disqualified
3524,2025-04-04,Organic Search,415,1.5,Disqualified
3525,2025-02-13,Referral,499,5.1,Qualified
3526,2024-09-09,Outbound,461,,Nurturing
3527,2025-01-14,Outbound,239,,Nurturing
3528,2024-12-06,Referral,476,1.5,Nurturing
3529,2026-06-12,Organic Search,232,0.5,Nurturing
3530,2025-07-22,Organic Search,87,6.0,Qualified
3531,2025-04-02,Outbound,553,,Nurturing
3532,2025-02-05,Outbound,516,,Qualified
3533,2025-07-26,Events,571,8.8,Disqualified
3534,2024-12-27,Events,87,18.1,Disqualified
3535,2025-12-19,Referral,596,3.0,Disqualified
3536,2025-08-06,Organic Search,411,2.2,Disqualified
3537,2026-03-02,Paid Search,457,4.4,Nurturing
3538,2025-02-09,Referral,384,3.8,Qualified
3539,2025-11-11,Paid Search,550,1.2,Disqualified
3540,2024-08-13,Paid Search,340,1.8,Qualified
3541,2025-11-13,Paid Search,261,4.8,Nurturing
3542,2024-03-06,Outbound,188,,Disqualified
3543,2025-02-02,Organic Search,579,5.2,Qualified
3544,2025-06-25,Organic Search,259,2.5,Nurturing
3545,2026-03-24,Outbound,351,,Disqualified
3546,2025-03-05,Organic Search,55,2.0,Qualified
3547,2024-06-29,Organic Search,73,4.8,Qualified
3548,2024-12-18,Paid Search,461,0.9,Qualified
3549,2025-09-02,Organic Search,58,1.0,Nurturing
3550,2024-10-19,Referral,14,4.8,Disqualified
3551,2026-08-26,Outbound,339,,Disqualified
3552,2026-06-26,Paid Search,356,5.7,Disqualified
3553,2024-08-18,Events,431,0.7,Disqualified
3554,2025-12-02,Events,353,2.3,Disqualified
3555,2026-08-27,Outbound,483,,Disqualified
3556,2024-04-28,Referral,32,10.0,Nurturing
3557,2025-10-07,Events,445,1.6,Nurturing
3558,2026-09-13,Paid Search,258,12.7,Nurturing
3559,2025-01-31,Organic Search,314,0.3,Qualified
3560,2025-09-03,Outbound,571,,Disqualified
3561,2026-08-13,Paid Search,224,6.6,Disqualified
3562,2026-01-25,Partner,486,2.0,Nurturing
3563,2026-06-23,Referral,116,1.5,Disqualified
3564,2026-04-23,Events,59,1.4,Disqualified
3565,2025-10-02,Outbound,290,,Disqualified
3566,2024-11-06,Outbound,201,,Disqualified
3567,2025-05-04,Referral,94,4.8,Disqualified
3568,2026-05-09,Paid Search,86,2.5,Disqualified
3569,2026-02-21,Partner,576,2.7,Nurturing
3570,2024-11-17,Paid Search,346,1.4,Disqualified
3571,2025-10-07,Paid Search,498,5.2,Nurturing
3572,2026-05-25,Organic Search,12,3.6,Nurturing
3573,2024-03-05,Organic Search,253,1.3,Qualified
3574,2024-10-25,Paid Search,475,8.1,Qualified
3575,2026-03-01,Social,57,1.9,Nurturing
3576,2026-05-15,Organic Search,62,8.6,Disqualified
3577,2024-06-30,Outbound,347,,Nurturing
3578,2026-09-22,Organic Search,309,0.6,New
3579,2024-12-06,Social,337,9.0,Qualified
3580,2025-04-11,Organic Search,543,0.4,Qualified
3581,2024-12-15,Paid Search,105,8.4,Disqualified
3582,2026-03-13,Paid Search,108,2.4,Disqualified
3583,2025-03-21,Organic Search,531,3.0,Nurturing
3584,2024-10-29,Outbound,402,,Disqualified
3585,2025-12-22,Referral,480,5.5,Qualified
3586,2025-07-07,Referral,124,1.0,Disqualified
3587,2025-04-03,Outbound,420,,Nurturing
3588,2025-02-16,Referral,377,0.5,Qualified
3589,2025-03-13,Outbound,273,,Disqualified
3590,2025-07-27,Organic Search,595,6.0,Nurturing
3591,2025-11-21,Paid Search,84,0.8,Disqualified
3592,2025-12-17,Outbound,241,,Disqualified
3593,2026-02-27,Organic Search,218,10.7,Disqualified
3594,2024-06-05,Social,227,1.9,Disqualified
3595,2026-06-23,Referral,60,2.3,Qualified
3596,2025-04-27,Paid Search,415,0.7,Nurturing
3597,2025-06-28,Paid Search,487,3.6,Disqualified
3598,2026-03-12,Organic Search,122,4.1,Disqualified
3599,2024-04-17,Outbound,336,,Qualified
3600,2024-06-22,Referral,239,4.3,Nurturing
3601,2025-04-19,Referral,181,5.0,Disqualified
3602,2025-05-25,Paid Search,341,3.1,Disqualified
3603,2025-10-07,Organic Search,486,5.0,Disqualified
3604,2026-04-28,Social,360,1.5,Nurturing
3605,2026-06-14,Paid Search,190,1.4,Qualified
3606,2025-12-19,Events,375,2.0,Nurturing
3607,2025-05-20,Paid Search,390,2.1,Disqualified
3608,2025-12-05,Referral,229,0.9,Disqualified
3609,2025-11-14,Referral,361,4.7,Disqualified
3610,2025-01-21,Partner,545,4.0,Disqualified
3611,2026-07-08,Paid Search,23,1.0,Nurturing
3612,2026-09-27,Organic Search,345,2.3,New
3613,2024-09-02,Paid Search,533,2.0,Nurturing
3614,2025-04-29,Partner,119,8.2,Qualified
3615,2025-08-26,Paid Search,556,1.2,Disqualified
3616,2026-02-10,Referral,162,2.6,Qualified
3617,2025-11-28,Outbound,119,,Disqualified
3618,2025-07-19,Events,19,8.6,Qualified
3619,2026-05-15,Organic Search,496,7.4,Disqualified
3620,2026-04-11,Paid Search,23,51.4,Qualified
3621,2025-11-10,Partner,278,3.7,Qualified
3622,2025-02-15,Paid Search,411,1.3,Disqualified
3623,2026-07-08,Referral,248,10.6,Qualified
3624,2026-06-26,Paid Search,279,0.7,Nurturing
3625,2026-04-27,Outbound,582,,Disqualified
3626,2026-05-31,Outbound,32,,Disqualified
3627,2025-06-23,Events,386,2.7,Disqualified
3628,2026-09-02,Organic Search,102,3.4,Nurturing
3629,2025-03-25,Organic Search,254,2.3,Disqualified
3630,2026-04-23,Organic Search,349,3.3,Qualified
3631,2025-07-26,Outbound,366,,Nurturing
3632,2026-01-19,Social,86,0.6,Disqualified
3633,2026-09-02,Events,425,0.5,Qualified
3634,2025-05-28,Referral,69,3.1,Nurturing
3635,2024-12-13,Referral,209,3.5,Disqualified
3636,2025-10-01,Outbound,71,,Disqualified
3637,2025-12-21,Organic Search,289,2.7,Disqualified
3638,2026-06-24,Paid Search,307,1.8,Nurturing
3639,2025-02-10,Referral,524,4.2,Disqualified
3640,2024-12-17,Paid Search,11,14.4,Disqualified
3641,2025-07-13,Organic Search,29,2.5,Disqualified
3642,2025-05-29,Outbound,231,,Nurturing
3643,2025-06-24,Outbound,228,,Nurturing
3644,2024-08-15,Organic Search,193,30.4,Disqualified
3645,2025-06-30,Social,81,3.9,Nurturing
3646,2024-06-30,Paid Search,190,4.8,Disqualified
3647,2024-05-28,Outbound,235,,Nurturing
3648,2024-09-24,Organic Search,42,13.3,Disqualified
3649,2026-06-16,Organic Search,585,3.6,Disqualified
3650,2024-05-03,Partner,44,14.7,Disqualified
3651,2025-10-13,Organic Search,93,2.8,Disqualified
3652,2024-09-23,Paid Search,587,4.1,Disqualified
3653,2026-04-21,Paid Search,9,4.4,Nurturing
3654,2025-03-25,Referral,306,2.7,Qualified
3655,2024-11-07,Partner,494,4.3,Disqualified
3656,2024-07-10,Paid Search,555,1.4,Qualified
3657,2026-06-30,Referral,596,3.0,Disqualified
3658,2025-11-29,Paid Search,549,1.3,Nurturing
3659,2025-08-31,Outbound,362,,Nurturing
3660,2024-07-24,Organic Search,402,3.4,Nurturing
3661,2025-06-21,Outbound,168,,Nurturing
3662,2024-10-02,Events,582,1.0,Disqualified
3663,2026-03-05,Partner,316,6.1,Nurturing
3664,2024-06-24,Outbound,414,,Nurturing
3665,2024-02-06,Referral,51,4.6,Disqualified
3666,2024-09-30,Organic Search,314,4.0,Disqualified
3667,2026-08-28,Paid Search,390,0.2,Qualified
3668,2024-08-21,Paid Search,12,56.1,Nurturing
3669,2026-07-29,Outbound,49,,Disqualified
3670,2026-08-20,Referral,572,13.2,Nurturing
3671,2025-03-18,Outbound,541,,Disqualified
3672,2024-07-30,Paid Search,500,2.1,Qualified
3673,2026-04-07,Paid Search,168,0.7,Nurturing
3674,2025-05-09,Organic Search,68,7.8,Disqualified
3675,2025-12-12,Referral,471,6.4,Disqualified
3676,2026-03-16,Organic Search,213,14.1,Disqualified
3677,2025-08-03,Events,87,2.3,Nurturing
3678,2025-09-13,Outbound,572,,Qualified
3679,2025-10-27,Outbound,81,,Disqualified
3680,2026-02-02,Paid Search,99,10.0,Disqualified
3681,2026-05-27,Outbound,346,,Disqualified
3682,2026-07-16,Organic Search,552,3.7,Qualified
3683,2026-02-24,Organic Search,101,6.3,Qualified
3684,2025-02-07,Social,48,23.2,Nurturing
3685,2025-03-12,Events,19,13.7,Disqualified
3686,2026-08-20,Outbound,424,,Disqualified
3687,2024-06-16,Outbound,84,,Disqualified
3688,2025-03-15,Outbound,352,,Nurturing
3689,2025-02-07,Paid Search,374,4.2,Nurturing
3690,2025-08-17,Events,261,2.1,Nurturing
3691,2024-09-09,Outbound,12,,Nurturing
3692,2025-10-18,Referral,466,3.6,Qualified
3693,2025-04-29,Referral,573,28.1,Qualified
3694,2026-09-15,Events,464,4.1,Qualified
3695,2026-05-26,Organic Search,575,5.1,Nurturing
3696,2026-04-12,Paid Search,374,8.7,Disqualified
3697,2025-01-10,Events,179,3.0,Disqualified
3698,2025-10-13,Paid Search,436,3.6,Disqualified
3699,2026-06-22,Partner,267,18.7,Nurturing
3700,2026-06-12,Outbound,466,,Nurturing
3701,2025-06-02,Paid Search,519,10.0,Disqualified
3702,2026-01-17,Paid Search,205,4.4,Disqualified
3703,2025-11-20,Social,509,0.7,Nurturing
3704,2024-11-06,Organic Search,101,4.2,Nurturing
3705,2025-10-21,Paid Search,436,1.7,Disqualified
3706,2024-11-15,Outbound,387,,Disqualified
3707,2025-06-01,Organic Search,481,0.9,Disqualified
3708,2026-08-27,Partner,449,2.8,Nurturing
3709,2025-10-10,Paid Search,220,2.7,Nurturing
3710,2026-09-06,Referral,383,21.3,Disqualified
3711,2026-01-03,Partner,560,4.9,Disqualified
3712,2024-11-18,Events,89,0.8,Disqualified
3713,2024-09-06,Outbound,496,,Nurturing
3714,2026-07-26,Social,114,0.7,Disqualified
3715,2025-10-21,Events,31,0.8,Disqualified
3716,2026-09-01,Social,48,4.6,Nurturing
3717,2025-01-20,Paid Search,340,1.3,Nurturing
3718,2026-03-21,Outbound,429,,Disqualified
3719,2026-03-09,Outbound,503,,Qualified
3720,2025-03-21,Paid Search,599,11.6,Qualified
3721,2025-04-02,Events,52,0.4,Nurturing
3722,2024-10-14,Outbound,69,,Qualified
3723,2026-03-23,Events,18,2.3,Qualified
3724,2024-04-07,Outbound,266,,Disqualified
3725,2025-04-23,Organic Search,434,6.9,Disqualified
3726,2025-09-14,Paid Search,10,1.2,Disqualified
3727,2024-05-18,Referral,484,4.3,Disqualified
3728,2025-03-24,Partner,464,2.4,Nurturing
3729,2026-03-03,Organic Search,59,2.0,Disqualified
3730,2025-08-19,Events,376,0.7,Qualified
3731,2024-02-18,Referral,428,15.2,Nurturing
3732,2025-11-21,Paid Search,518,4.3,Nurturing
3733,2025-06-10,Paid Search,557,2.1,Disqualified
3734,2025-05-31,Paid Search,2,11.5,Qualified
3735,2026-04-06,Partner,525,1.8,Disqualified
3736,2025-04-26,Outbound,155,,Disqualified
3737,2025-09-26,Partner,476,1.9,Disqualified
3738,2024-10-09,Events,101,4.3,Qualified
3739,2025-03-22,Outbound,305,,Disqualified
3740,2025-12-07,Referral,237,2.0,Nurturing
3741,2024-12-29,Referral,275,2.5,Qualified
3742,2026-09-16,Events,296,3.9,Nurturing
3743,2026-09-01,Referral,374,2.1,Qualified
3744,2024-01-25,Organic Search,214,3.2,Disqualified
3745,2024-08-03,Events,405,11.0,Qualified
3746,2024-11-20,Paid Search,489,1.5,Disqualified
3747,2026-09-13,Events,113,0.9,Disqualified
3748,2025-04-03,Social,217,1.8,Qualified
3749,2026-02-25,Organic Search,126,0.5,Nurturing
3750,2025-06-30,Paid Search,70,15.1,Disqualified
3751,2024-07-08,Organic Search,46,0.5,Qualified
3752,2025-07-25,Organic Search,117,15.1,Qualified
3753,2026-02-09,Paid Search,573,2.8,Nurturing
3754,2025-04-29,Social,478,7.3,Disqualified
3755,2025-10-21,Partner,203,6.9,Nurturing
3756,2024-11-10,Partner,403,5.3,Nurturing
3757,2025-11-23,Organic Search,264,6.4,Disqualified
3758,2025-11-21,Events,233,2.7,Qualified
3759,2025-03-13,Referral,39,15.0,Disqualified
3760,2025-07-28,Social,328,61.6,Disqualified
3761,2025-09-14,Events,251,2.2,Nurturing
3762,2026-05-12,Outbound,507,,Disqualified
3763,2024-11-11,Outbound,569,,Disqualified
3764,2025-03-19,Events,557,1.0,Qualified
3765,2025-04-03,Social,391,21.8,Disqualified
3766,2024-09-12,Partner,465,9.8,Nurturing
3767,2024-04-25,Events,573,1.6,Disqualified
3768,2025-10-05,Organic Search,87,1.3,Qualified
3769,2025-11-24,Referral,400,2.3,Nurturing
3770,2026-06-03,Paid Search,500,3.3,Disqualified
3771,2025-11-02,Outbound,86,,Disqualified
3772,2025-09-26,Outbound,12,,Disqualified
3773,2025-12-11,Paid Search,202,2.2,Disqualified
3774,2025-06-29,Paid Search,320,4.9,Disqualified
3775,2026-05-27,Organic Search,573,1.0,Disqualified
3776,2026-07-16,Outbound,180,,Disqualified
3777,2025-10-09,Outbound,414,,Disqualified
3778,2026-06-06,Social,368,1.2,Nurturing
3779,2026-01-17,Outbound,4,,Disqualified
3780,2026-08-13,Outbound,453,,Disqualified
3781,2024-02-15,Outbound,576,,Disqualified
3782,2026-04-24,Paid Search,470,2.0,Nurturing
3783,2026-06-02,Referral,516,2.2,Qualified
3784,2026-06-02,Paid Search,324,1.6,Disqualified
3785,2026-05-02,Outbound,154,,Disqualified
3786,2024-10-24,Social,102,1.2,Disqualified
3787,2025-06-25,Referral,203,6.4,Disqualified
3788,2025-05-04,Referral,482,4.9,Disqualified
3789,2026-06-26,Organic Search,539,5.9,Nurturing
3790,2026-07-28,Partner,581,14.8,Disqualified
3791,2026-08-30,Paid Search,290,1.5,Disqualified
3792,2026-01-31,Organic Search,258,1.9,Disqualified
3793,2025-10-12,Organic Search,4,3.2,Disqualified
3794,2025-01-19,Events,212,0.8,Qualified
3795,2025-01-06,Organic Search,217,2.8,Disqualified
3796,2026-02-19,Partner,20,2.3,Qualified
3797,2026-02-07,Organic Search,449,1.5,Nurturing
3798,2025-05-19,Outbound,453,,Qualified
3799,2026-07-16,Outbound,341,,Disqualified
3800,2025-09-19,Paid Search,78,1.9,Disqualified
3801,2024-11-13,Outbound,6,,Disqualified
3802,2024-07-10,Referral,184,1.5,Qualified
3803,2026-08-21,Outbound,226,,Disqualified
3804,2025-08-20,Outbound,348,,Qualified
3805,2024-11-09,Organic Search,173,3.0,Nurturing
3806,2024-08-06,Organic Search,305,1.0,Disqualified
3807,2026-06-04,Outbound,400,,Disqualified
3808,2026-08-21,Paid Search,118,1.5,Disqualified
3809,2025-11-14,Paid Search,68,10.3,Disqualified
3810,2025-06-19,Paid Search,227,8.1,Qualified
3811,2025-11-20,Outbound,192,,Nurturing
3812,2026-02-01,Outbound,53,,Qualified
3813,2024-02-23,Organic Search,70,4.3,Disqualified
3814,2025-09-11,Outbound,579,,Qualified
3815,2025-04-02,Outbound,399,,Nurturing
3816,2024-09-01,Partner,2,1.0,Qualified
3817,2026-01-10,Partner,372,9.1,Disqualified
3818,2025-01-26,Organic Search,346,8.2,Qualified
3819,2026-04-10,Paid Search,203,16.5,Nurturing
3820,2026-03-21,Organic Search,495,7.6,Qualified
3821,2026-09-29,Paid Search,36,4.5,New
3822,2026-04-09,Social,367,1.9,Nurturing
3823,2026-01-20,Organic Search,178,1.7,Disqualified
3824,2024-11-10,Paid Search,6,2.0,Disqualified
3825,2026-09-29,Referral,512,1.6,New
3826,2026-09-08,Referral,397,2.4,Qualified
3827,2024-09-05,Outbound,381,,Disqualified
3828,2025-08-02,Events,164,0.6,Nurturing
3829,2025-06-13,Paid Search,337,8.2,Nurturing
3830,2025-07-31,Social,429,11.4,Disqualified
3831,2026-02-06,Organic Search,572,4.0,Disqualified
3832,2025-05-25,Partner,480,1.3,Qualified
3833,2026-05-08,Outbound,375,,Disqualified
3834,2024-02-28,Social,5,4.8,Nurturing
3835,2024-02-12,Outbound,507,,Disqualified
3836,2025-09-10,Partner,411,9.5,Qualified
3837,2024-12-15,Referral,380,6.9,Qualified
3838,2026-08-07,Social,215,2.1,Nurturing
3839,2025-05-02,Outbound,498,,Disqualified
3840,2024-10-16,Social,506,0.5,Disqualified
3841,2026-07-21,Outbound,258,,Nurturing
3842,2026-03-04,Organic Search,104,2.0,Nurturing
3843,2025-10-19,Organic Search,48,0.8,Nurturing
3844,2025-04-29,Events,586,15.2,Nurturing
3845,2026-06-11,Referral,586,5.6,Disqualified
3846,2024-12-14,Referral,239,2.6,Disqualified
3847,2024-02-24,Organic Search,151,6.2,Nurturing
3848,2024-11-23,Organic Search,121,8.0,Nurturing
3849,2025-11-07,Partner,252,0.5,Disqualified
3850,2025-12-16,Organic Search,502,2.3,Disqualified
3851,2025-04-22,Organic Search,575,0.7,Disqualified
3852,2026-09-09,Paid Search,378,10.7,Disqualified
3853,2026-03-03,Organic Search,256,11.4,Qualified
3854,2024-08-20,Outbound,25,,Nurturing
3855,2025-11-09,Organic Search,348,2.4,Disqualified
3856,2025-06-07,Outbound,576,,Disqualified
3857,2025-05-07,Outbound,267,,Disqualified
3858,2026-04-17,Referral,425,2.7,Disqualified
3859,2026-08-28,Referral,291,3.2,Nurturing
3860,2025-05-04,Organic Search,141,2.4,Disqualified
3861,2025-06-17,Organic Search,511,1.2,Disqualified
3862,2025-08-21,Outbound,244,,Nurturing
3863,2025-07-24,Paid Search,525,1.7,Disqualified
3864,2024-08-25,Paid Search,281,3.5,Disqualified
3865,2025-07-19,Social,507,2.0,Nurturing
3866,2026-05-07,Organic Search,285,4.5,Qualified
3867,2025-01-09,Organic Search,164,2.6,Disqualified
3868,2026-08-21,Paid Search,546,1.5,Nurturing
3869,2025-03-04,Outbound,325,,Disqualified
3870,2024-04-17,Events,65,0.8,Disqualified
3871,2024-05-13,Outbound,299,,Nurturing
3872,2024-03-21,Social,339,5.4,Disqualified
3873,2024-10-23,Outbound,437,,Disqualified
3874,2026-04-10,Organic Search,180,10.9,Qualified
3875,2026-05-31,Paid Search,234,2.4,Disqualified
3876,2026-06-14,Organic Search,540,3.2,Qualified
3877,2024-07-22,Referral,531,1.3,Qualified
3878,2024-01-28,Organic Search,103,0.9,Nurturing
3879,2026-02-09,Partner,363,2.3,Nurturing
3880,2026-04-24,Outbound,596,,Nurturing
3881,2025-03-30,Organic Search,404,16.0,Qualified
3882,2025-04-13,Organic Search,301,6.5,Nurturing
3883,2026-09-27,Referral,512,2.9,New
3884,2026-03-22,Partner,533,3.0,Disqualified
3885,2026-04-27,Social,74,1.4,Nurturing
3886,2024-06-26,Outbound,345,,Disqualified
3887,2024-08-30,Organic Search,251,4.3,Qualified
3888,2025-11-02,Events,20,5.4,Nurturing
3889,2025-03-18,Paid Search,265,14.1,Qualified
3890,2025-08-02,Events,467,1.1,Qualified
3891,2025-11-14,Paid Search,73,31.7,Nurturing
3892,2025-04-29,Events,95,1.5,Nurturing
3893,2026-09-23,Outbound,580,,Qualified
3894,2025-07-06,Partner,238,5.4,Nurturing
3895,2024-12-04,Organic Search,359,1.3,Disqualified
3896,2026-05-08,Organic Search,188,5.0,Disqualified
3897,2024-03-09,Partner,489,1.0,Disqualified
3898,2025-05-15,Referral,557,5.8,Nurturing
3899,2026-06-07,Referral,368,6.8,Qualified
3900,2025-09-05,Organic Search,48,2.4,Nurturing
3901,2025-10-11,Organic Search,520,1.7,Disqualified
3902,2026-06-03,Referral,49,6.2,Qualified
3903,2024-03-08,Events,155,3.2,Qualified
3904,2026-09-21,Referral,84,3.2,New
3905,2026-06-16,Outbound,245,,Disqualified
3906,2026-08-10,Paid Search,193,1.9,Disqualified
3907,2025-12-14,Social,486,1.6,Nurturing
3908,2024-10-02,Social,315,2.2,Disqualified
3909,2026-08-01,Referral,14,11.6,Disqualified
3910,2026-09-18,Organic Search,116,5.3,Qualified
3911,2026-06-14,Outbound,282,,Qualified
3912,2024-03-07,Outbound,53,,Disqualified
3913,2025-07-10,Outbound,123,,Disqualified
3914,2025-03-09,Outbound,122,,Disqualified
3915,2025-06-18,Referral,521,5.2,Nurturing
3916,2025-07-10,Paid Search,575,2.0,Qualified
3917,2026-09-01,Referral,194,2.2,Qualified
3918,2026-07-15,Partner,35,1.7,Disqualified
3919,2024-07-08,Events,452,4.3,Disqualified
3920,2026-05-07,Organic Search,435,1.0,Nurturing
3921,2026-08-01,Referral,474,0.3,Qualified
3922,2026-09-16,Outbound,34,,Nurturing
3923,2025-10-07,Paid Search,409,15.9,Disqualified
3924,2024-01-28,Outbound,570,,Disqualified
3925,2024-03-17,Social,194,5.5,Disqualified
3926,2026-01-17,Events,437,11.8,Nurturing
3927,2026-06-10,Referral,197,0.9,Disqualified
3928,2025-01-18,Paid Search,171,0.5,Disqualified
3929,2026-06-23,Social,364,8.5,Disqualified
3930,2026-02-22,Social,504,0.8,Disqualified
3931,2025-05-26,Paid Search,7,1.0,Nurturing
3932,2026-08-03,Partner,155,1.4,Nurturing
3933,2025-12-09,Outbound,427,,Disqualified
3934,2025-07-09,Organic Search,553,2.0,Nurturing
3935,2025-09-02,Social,116,8.7,Nurturing
3936,2025-04-11,Paid Search,393,1.6,Qualified
3937,2025-05-05,Partner,145,1.2,Nurturing
3938,2024-04-11,Referral,471,1.9,Qualified
3939,2025-07-28,Paid Search,123,1.9,Qualified
3940,2026-05-12,Events,558,2.9,Nurturing
3941,2025-02-05,Partner,436,34.6,Qualified
3942,2024-11-20,Organic Search,267,3.2,Nurturing
3943,2026-09-01,Organic Search,539,3.9,Qualified
3944,2025-10-22,Outbound,399,,Nurturing
3945,2026-06-26,Organic Search,310,8.2,Disqualified
3946,2024-10-20,Partner,565,13.5,Nurturing
3947,2025-02-18,Organic Search,85,1.4,Qualified
3948,2025-09-04,Organic Search,329,12.7,Qualified
3949,2026-09-06,Organic Search,532,1.1,Nurturing
3950,2026-06-06,Organic Search,54,0.9,Disqualified
3951,2024-04-11,Social,264,3.2,Nurturing
3952,2026-04-09,Social,566,2.5,Nurturing
3953,2025-07-02,Outbound,530,,Disqualified
3954,2026-02-27,Outbound,437,,Disqualified
3955,2025-03-17,Outbound,497,,Nurturing
3956,2025-03-24,Organic Search,440,1.3,Disqualified
3957,2024-08-05,Events,44,17.0,Disqualified
3958,2025-04-03,Organic Search,425,3.0,Disqualified
3959,2026-09-05,Referral,350,5.5,Disqualified
3960,2024-06-20,Outbound,478,,Nurturing
3961,2026-06-13,Paid Search,120,4.9,Disqualified
3962,2026-09-01,Organic Search,397,3.7,Disqualified
3963,2025-04-24,Paid Search,520,8.3,Qualified
3964,2024-04-18,Social,446,2.6,Nurturing
3965,2026-04-30,Organic Search,524,2.1,Disqualified
3966,2024-03-10,Social,264,1.3,Qualified
3967,2024-09-17,Outbound,240,,Disqualified
3968,2026-06-08,Referral,232,25.5,Disqualified
3969,2025-04-30,Paid Search,115,3.3,Disqualified
3970,2025-11-30,Referral,442,1.3,Qualified
3971,2025-01-11,Paid Search,391,1.0,Nurturing
3972,2025-01-24,Social,16,1.0,Disqualified
3973,2025-12-16,Organic Search,456,2.9,Disqualified
3974,2025-03-04,Referral,475,3.3,Nurturing
3975,2026-03-02,Social,453,13.1,Qualified
3976,2024-09-10,Paid Search,314,1.7,Disqualified
3977,2025-06-03,Referral,139,1.1,Disqualified
3978,2026-03-10,Social,511,0.9,Disqualified
3979,2024-12-13,Organic Search,178,3.5,Nurturing
3980,2026-08-24,Referral,120,2.4,Nurturing
3981,2024-03-03,Partner,425,0.7,Qualified
3982,2025-03-03,Events,17,2.1,Qualified
3983,2025-09-29,Referral,391,5.1,Nurturing
3984,2025-07-05,Paid Search,517,1.3,Nurturing
3985,2024-09-21,Paid Search,505,4.9,Disqualified
3986,2026-08-09,Paid Search,397,3.3,Disqualified
3987,2024-06-08,Events,38,4.0,Nurturing
3988,2025-09-23,Outbound,18,,Disqualified
3989,2026-04-24,Paid Search,126,1.0,Disqualified
3990,2026-06-23,Paid Search,139,19.8,Qualified
3991,2025-11-14,Social,204,11.6,Nurturing
3992,2026-01-05,Paid Search,455,0.9,Disqualified
3993,2025-11-29,Social,395,3.0,Disqualified
3994,2024-11-14,Outbound,339,,Qualified
3995,2024-06-21,Outbound,98,,Nurturing
3996,2026-03-15,Referral,15,1.9,Qualified
3997,2024-05-19,Referral,231,1.0,Disqualified
3998,2026-08-23,Organic Search,161,4.9,Disqualified
3999,2025-12-15,Organic Search,428,2.5,Disqualified
4000,2025-06-27,Referral,530,0.7,Nurturing
4001,2025-08-15,Partner,107,34.0,Qualified
4002,2024-07-24,Outbound,63,,Disqualified
4003,2025-09-14,Organic Search,121,4.4,Disqualified
4004,2025-05-03,Outbound,111,,Qualified
4005,2024-03-17,Organic Search,49,1.1,Qualified
4006,2026-02-05,Events,304,6.5,Qualified
4007,2024-10-15,Referral,107,3.6,Disqualified
4008,2026-03-22,Organic Search,505,7.5,Disqualified
4009,2026-05-13,Outbound,110,,Disqualified
4010,2026-05-03,Paid Search,270,12.4,Nurturing
4011,2026-01-12,Organic Search,24,3.4,Disqualified
4012,2026-03-02,Organic Search,278,1.3,Nurturing
4013,2026-05-26,Events,274,1.8,Disqualified
4014,2024-07-03,Paid Search,84,6.9,Disqualified
4015,2024-10-12,Paid Search,176,0.9,Disqualified
4016,2025-10-14,Events,445,1.3,Disqualified
4017,2025-07-30,Paid Search,32,1.8,Nurturing
4018,2025-02-18,Events,208,23.1,Disqualified
4019,2026-08-05,Partner,191,2.4,Disqualified
4020,2024-10-23,Organic Search,129,5.5,Qualified
4021,2024-09-07,Events,464,1.9,Qualified
4022,2026-01-15,Organic Search,44,1.5,Disqualified
4023,2025-11-05,Organic Search,512,9.6,Disqualified
4024,2026-05-04,Referral,106,3.7,Nurturing
4025,2026-04-04,Paid Search,21,4.0,Disqualified
4026,2025-08-16,Organic Search,42,0.8,Qualified
4027,2025-12-09,Outbound,577,,Nurturing
4028,2025-06-02,Paid Search,435,1.9,Disqualified
4029,2025-10-29,Outbound,86,,Qualified
4030,2025-02-20,Organic Search,444,3.3,Disqualified
4031,2026-02-26,Paid Search,163,10.1,Qualified
4032,2026-03-11,Paid Search,375,11.6,Disqualified
4033,2025-11-07,Outbound,209,,Nurturing
4034,2024-03-10,Outbound,551,,Disqualified
4035,2025-11-20,Partner,450,2.1,Qualified
4036,2025-10-28,Outbound,318,,Nurturing
4037,2024-04-24,Partner,195,20.8,Qualified
4038,2025-03-12,Organic Search,186,47.1,Nurturing
4039,2025-11-02,Partner,105,13.7,Disqualified
4040,2026-08-21,Paid Search,570,1.9,Disqualified
4041,2025-07-01,Events,155,6.2,Disqualified
4042,2026-03-16,Paid Search,344,7.6,Disqualified
4043,2025-02-21,Organic Search,600,4.7,Nurturing
4044,2024-10-07,Outbound,85,,Disqualified
4045,2024-07-20,Paid Search,10,3.6,Nurturing
4046,2025-12-31,Paid Search,92,1.5,Qualified
4047,2024-04-11,Social,38,5.0,Nurturing
4048,2026-01-24,Social,412,4.2,Qualified
4049,2025-10-02,Organic Search,36,2.0,Disqualified
4050,2024-10-20,Paid Search,517,7.8,Disqualified
4051,2026-05-27,Outbound,101,,Disqualified
4052,2024-10-03,Paid Search,235,16.4,Disqualified
4053,2026-09-17,Social,389,2.5,New
4054,2025-10-10,Organic Search,292,7.9,Qualified
4055,2025-05-23,Events,586,1.3,Disqualified
4056,2025-11-08,Social,593,4.1,Disqualified
4057,2026-08-06,Partner,83,7.4,Nurturing
4058,2025-08-11,Outbound,404,,Nurturing
4059,2025-03-17,Partner,599,0.6,Nurturing
4060,2024-09-17,Outbound,528,,Qualified
4061,2025-09-28,Paid Search,286,2.5,Qualified
4062,2024-03-07,Events,533,4.4,Nurturing
4063,2026-08-03,Social,535,3.7,Disqualified
4064,2025-06-29,Outbound,424,,Nurturing
4065,2024-05-01,Paid Search,41,3.9,Nurturing
4066,2024-09-29,Organic Search,357,1.5,Qualified
4067,2025-11-10,Paid Search,319,5.3,Disqualified
4068,2024-08-03,Organic Search,534,9.6,Nurturing
4069,2025-04-13,Partner,110,1.1,Nurturing
4070,2025-11-19,Outbound,534,,Disqualified
4071,2024-11-13,Referral,288,4.0,Disqualified
4072,2025-04-17,Partner,564,2.4,Disqualified
4073,2026-09-12,Outbound,77,,Nurturing
4074,2026-09-28,Outbound,369,,New
4075,2026-09-01,Outbound,235,,Nurturing
4076,2025-02-15,Referral,435,6.1,Qualified
4077,2026-07-04,Referral,316,10.3,Nurturing
4078,2026-01-20,Referral,213,11.5,Qualified
4079,2025-05-19,Referral,426,1.8,Qualified
4080,2024-08-27,Organic Search,572,0.7,Nurturing
4081,2024-03-05,Organic Search,44,3.3,Nurturing
4082,2025-07-31,Paid Search,457,4.3,Qualified
4083,2024-12-12,Partner,68,10.0,Qualified
4084,2025-03-25,Organic Search,293,11.0,Disqualified
4085,2026-08-16,Partner,444,1.8,Nurturing
4086,2026-07-31,Organic Search,507,16.1,Nurturing
4087,2026-09-20,Outbound,543,,New
4088,2024-11-12,Paid Search,391,3.5,Nurturing
4089,2024-05-04,Social,309,0.6,Disqualified
4090,2026-01-29,Referral,230,3.4,Disqualified
4091,2025-08-26,Paid Search,504,15.1,Nurturing
4092,2024-10-17,Events,424,2.4,Disqualified
4093,2025-12-14,Paid Search,512,4.9,Nurturing
4094,2025-09-25,Referral,159,4.0,Qualified
4095,2025-04-22,Outbound,169,,Qualified
4096,2025-08-08,Social,304,4.6,Nurturing
4097,2026-08-18,Outbound,56,,Disqualified
4098,2024-01-17,Social,418,3.2,Nurturing
4099,2026-08-25,Outbound,498,,Nurturing
4100,2026-03-24,Referral,591,2.5,Disqualified
4101,2026-03-18,Events,417,0.4,Disqualified
4102,2024-12-22,Paid Search,170,2.0,Disqualified
4103,2025-09-09,Social,386,3.2,Disqualified
4104,2026-05-19,Organic Search,47,3.0,Disqualified
4105,2026-03-20,Partner,533,7.8,Disqualified
4106,2025-09-08,Referral,410,2.4,Nurturing
4107,2025-12-31,Paid Search,200,27.7,Disqualified
4108,2025-10-19,Events,210,2.1,Disqualified
4109,2026-05-05,Paid Search,211,1.5,Qualified
4110,2025-07-12,Organic Search,119,4.5,Qualified
4111,2025-10-24,Social,358,1.5,Nurturing
4112,2025-10-24,Events,362,5.6,Disqualified
4113,2026-03-16,Paid Search,534,1.9,Disqualified
4114,2026-01-22,Referral,436,6.8,Nurturing
4115,2025-04-23,Paid Search,303,4.8,Qualified
4116,2025-04-12,Social,37,1.9,Disqualified
4117,2024-09-06,Outbound,243,,Nurturing
4118,2024-11-28,Referral,28,3.7,Qualified
4119,2024-10-05,Outbound,401,,Qualified
4120,2024-11-03,Organic Search,414,9.6,Nurturing
4121,2024-05-22,Partner,85,3.7,Disqualified
4122,2025-05-11,Outbound,359,,Qualified
4123,2025-08-30,Social,464,0.8,Nurturing
4124,2025-09-28,Paid Search,116,3.2,Qualified
4125,2024-09-19,Social,317,2.4,Nurturing
4126,2025-04-19,Organic Search,332,4.8,Nurturing
4127,2026-05-17,Paid Search,127,2.8,Disqualified
4128,2024-07-17,Events,470,14.7,Disqualified
4129,2024-11-26,Outbound,531,,Disqualified
4130,2025-08-14,Paid Search,324,0.9,Disqualified
4131,2024-06-08,Outbound,199,,Nurturing
4132,2026-08-19,Organic Search,109,4.8,Disqualified
4133,2025-06-16,Organic Search,3,11.9,Nurturing
4134,2026-03-05,Outbound,255,,Disqualified
4135,2025-09-08,Organic Search,88,1.2,Qualified
4136,2025-10-27,Partner,126,5.8,Qualified
4137,2024-08-04,Social,376,2.3,Nurturing
4138,2025-03-12,Paid Search,442,1.1,Nurturing
4139,2024-04-24,Outbound,444,,Disqualified
4140,2026-03-06,Paid Search,92,0.8,Disqualified
4141,2026-01-15,Events,438,7.9,Disqualified
4142,2026-03-15,Paid Search,152,6.8,Disqualified
4143,2026-07-19,Paid Search,524,4.1,Disqualified
4144,2024-05-04,Outbound,523,,Disqualified
4145,2025-09-27,Referral,229,8.3,Qualified
4146,2026-07-12,Outbound,187,,Disqualified
4147,2024-03-08,Organic Search,338,6.2,Nurturing
4148,2025-02-24,Events,409,1.0,Qualified
4149,2025-11-30,Events,174,1.3,Nurturing
4150,2026-06-22,Organic Search,36,21.7,Nurturing
4151,2026-06-03,Outbound,324,,Disqualified
4152,2026-01-30,Organic Search,526,47.9,Disqualified
4153,2024-10-25,Organic Search,506,0.4,Disqualified
4154,2024-08-03,Partner,506,4.0,Nurturing
4155,2024-03-24,Outbound,454,,Nurturing
4156,2026-05-24,Organic Search,441,4.4,Nurturing
4157,2026-02-01,Organic Search,573,5.5,Nurturing
4158,2024-11-06,Social,475,2.0,Disqualified
4159,2024-10-10,Paid Search,427,2.6,Qualified
4160,2025-02-28,Paid Search,545,0.9,Nurturing
4161,2026-08-18,Paid Search,299,2.6,Qualified
4162,2025-01-20,Outbound,346,,Disqualified
4163,2024-04-01,Paid Search,247,7.0,Disqualified
4164,2025-02-19,Organic Search,67,1.4,Qualified
4165,2025-12-05,Organic Search,518,0.7,Qualified
4166,2024-02-12,Social,19,4.8,Disqualified
4167,2025-11-03,Outbound,345,,Disqualified
4168,2026-03-23,Organic Search,389,0.7,Qualified
4169,2024-07-31,Social,261,3.3,Disqualified
4170,2026-03-23,Outbound,520,,Disqualified
4171,2026-08-07,Events,581,3.4,Disqualified
4172,2024-11-13,Outbound,336,,Disqualified
4173,2026-07-23,Social,479,1.9,Disqualified
4174,2026-09-24,Paid Search,228,1.7,New
4175,2026-01-18,Events,512,1.0,Nurturing
4176,2024-02-04,Events,273,7.2,Disqualified
4177,2025-05-17,Referral,363,0.6,Disqualified
4178,2024-10-05,Referral,257,8.1,Qualified
4179,2026-01-07,Referral,552,2.3,Nurturing
4180,2025-06-05,Social,535,6.2,Disqualified
4181,2024-06-22,Organic Search,215,6.3,Qualified
4182,2026-03-12,Outbound,161,,Nurturing
4183,2024-07-29,Outbound,445,,Disqualified
4184,2025-09-19,Paid Search,75,0.9,Nurturing
4185,2024-11-23,Paid Search,290,7.8,Disqualified
4186,2025-03-10,Organic Search,422,4.9,Nurturing
4187,2026-06-19,Partner,456,3.5,Disqualified
4188,2026-02-20,Outbound,119,,Disqualified
4189,2025-06-23,Organic Search,375,3.5,Disqualified
4190,2025-01-29,Referral,92,4.9,Disqualified
4191,2025-07-02,Paid Search,570,13.6,Nurturing
4192,2026-02-19,Organic Search,323,1.0,Disqualified
4193,2026-03-03,Paid Search,459,2.3,Qualified
4194,2026-06-23,Paid Search,150,4.8,Qualified
4195,2025-10-20,Organic Search,466,9.4,Nurturing
4196,2024-11-22,Referral,515,2.6,Disqualified
4197,2025-10-29,Partner,185,2.6,Disqualified
4198,2025-08-27,Organic Search,566,10.6,Nurturing
4199,2026-09-29,Referral,446,16.8,New
4200,2024-02-01,Organic Search,455,6.0,Qualified
4201,2025-10-22,Partner,519,7.9,Disqualified
4202,2025-10-13,Referral,128,3.3,Nurturing
4203,2026-03-22,Events,480,1.8,Nurturing
4204,2026-04-26,Events,437,1.7,Qualified
4205,2024-10-19,Outbound,14,,Disqualified
4206,2026-08-16,Paid Search,222,0.2,Nurturing
4207,2026-01-30,Organic Search,279,5.2,Qualified
4208,2024-06-01,Outbound,303,,Nurturing
4209,2026-03-09,Outbound,506,,Nurturing
4210,2025-01-20,Organic Search,462,1.0,Nurturing
4211,2024-11-12,Paid Search,428,14.1,Nurturing
4212,2024-03-12,Paid Search,532,5.9,Disqualified
4213,2024-02-27,Organic Search,510,8.1,Disqualified
4214,2026-03-12,Organic Search,83,1.1,Disqualified
4215,2025-07-31,Referral,430,0.5,Disqualified
4216,2026-01-15,Organic Search,83,17.0,Disqualified
4217,2026-08-07,Organic Search,433,1.6,Disqualified
4218,2026-01-22,Organic Search,29,1.6,Disqualified
4219,2025-12-10,Organic Search,24,4.7,Disqualified
4220,2025-07-09,Outbound,316,,Nurturing
4221,2025-12-15,Outbound,403,,Nurturing
4222,2025-06-11,Paid Search,501,4.3,Qualified
4223,2025-12-04,Paid Search,5,2.8,Qualified
4224,2025-01-07,Referral,526,1.3,Disqualified
4225,2025-02-27,Outbound,532,,Qualified
4226,2026-05-20,Organic Search,362,3.2,Nurturing
4227,2025-02-26,Events,287,3.6,Nurturing
4228,2024-05-05,Paid Search,59,0.2,Disqualified
4229,2026-04-16,Referral,122,3.2,Nurturing
4230,2024-03-14,Paid Search,37,4.1,Disqualified
4231,2025-12-18,Referral,148,13.4,Disqualified
4232,2026-07-18,Outbound,461,,Nurturing
4233,2026-08-31,Events,26,10.7,Qualified
4234,2026-06-01,Organic Search,67,3.9,Disqualified
4235,2024-09-05,Social,490,5.1,Disqualified
4236,2025-04-05,Partner,116,6.2,Disqualified
4237,2025-10-19,Outbound,10,,Nurturing
4238,2025-06-06,Outbound,162,,Nurturing
4239,2026-05-08,Partner,60,3.6,Qualified
4240,2026-01-05,Organic Search,574,7.6,Disqualified
4241,2026-07-12,Outbound,219,,Nurturing
4242,2025-03-20,Outbound,410,,Disqualified
4243,2024-07-05,Partner,200,1.5,Qualified
4244,2026-07-24,Organic Search,270,2.3,Disqualified
4245,2024-10-28,Outbound,152,,Qualified
4246,2026-07-14,Partner,23,6.1,Nurturing
4247,2025-08-22,Events,414,5.5,Disqualified
4248,2025-03-15,Paid Search,386,3.0,Disqualified
4249,2024-04-26,Organic Search,73,1.5,Disqualified
4250,2026-09-06,Partner,590,2.2,Disqualified
4251,2026-03-11,Organic Search,572,1.8,Disqualified
4252,2024-06-07,Events,33,2.3,Disqualified
4253,2024-07-26,Events,469,0.8,Nurturing
4254,2025-04-21,Paid Search,504,3.2,Disqualified
4255,2024-04-07,Organic Search,281,4.7,Disqualified
4256,2025-04-11,Referral,202,5.7,Qualified
4257,2024-12-23,Referral,430,2.4,Disqualified
4258,2024-01-14,Referral,17,3.9,Disqualified
4259,2025-03-30,Partner,368,4.7,Nurturing
4260,2025-07-04,Social,561,1.3,Nurturing
4261,2025-12-31,Partner,492,3.5,Disqualified
4262,2025-05-31,Outbound,417,,Nurturing
4263,2024-04-22,Social,85,5.6,Nurturing
4264,2025-11-05,Referral,203,1.0,Disqualified
4265,2024-10-09,Organic Search,78,3.2,Nurturing
4266,2025-12-11,Outbound,306,,Disqualified
4267,2024-11-02,Social,465,1.8,Nurturing
4268,2025-11-26,Organic Search,348,5.7,Nurturing
4269,2025-09-29,Organic Search,333,32.5,Qualified
4270,2026-01-01,Social,188,26.9,Nurturing
4271,2024-09-03,Organic Search,463,13.2,Nurturing
4272,2024-11-24,Events,339,4.0,Disqualified
4273,2025-06-11,Referral,320,1.9,Disqualified
4274,2026-02-23,Organic Search,233,4.6,Disqualified
4275,2024-07-01,Outbound,2,,Disqualified
4276,2026-03-17,Organic Search,117,2.3,Disqualified
4277,2026-07-14,Paid Search,446,0.9,Qualified
4278,2025-07-03,Paid Search,194,0.9,Disqualified
4279,2026-02-16,Social,362,6.1,Disqualified
4280,2025-11-21,Outbound,147,,Qualified
4281,2026-09-28,Paid Search,304,1.6,New
4282,2025-05-27,Social,132,12.5,Disqualified
4283,2025-02-01,Events,58,4.1,Nurturing
4284,2024-05-12,Events,260,9.1,Nurturing
4285,2024-11-23,Events,204,2.3,Nurturing
4286,2025-08-04,Paid Search,359,3.5,Disqualified
4287,2025-12-19,Outbound,477,,Disqualified
4288,2024-11-08,Referral,478,5.9,Nurturing
4289,2024-11-21,Paid Search,52,1.5,Nurturing
4290,2026-05-16,Paid Search,398,2.5,Disqualified
4291,2026-03-04,Paid Search,421,6.4,Disqualified
4292,2024-04-17,Outbound,93,,Nurturing
4293,2024-05-08,Social,328,4.0,Disqualified
4294,2026-07-28,Outbound,74,,Nurturing
4295,2026-07-23,Outbound,205,,Disqualified
4296,2026-02-14,Events,110,10.1,Qualified
4297,2025-11-28,Outbound,39,,Nurturing
4298,2024-09-10,Outbound,379,,Disqualified
4299,2025-09-17,Paid Search,180,8.5,Qualified
4300,2026-03-05,Outbound,129,,Nurturing
4301,2024-11-19,Organic Search,440,2.4,Qualified
4302,2026-03-17,Outbound,571,,Disqualified
4303,2024-02-17,Paid Search,106,0.8,Disqualified
4304,2025-05-31,Organic Search,497,2.9,Disqualified
4305,2025-08-30,Outbound,467,,Qualified
4306,2025-12-17,Referral,278,1.8,Disqualified
4307,2025-05-19,Paid Search,314,0.7,Disqualified
4308,2025-05-25,Organic Search,429,2.7,Disqualified
4309,2024-06-11,Referral,98,4.1,Nurturing
4310,2024-02-17,Social,47,2.0,Disqualified
4311,2025-12-30,Partner,209,2.1,Qualified
4312,2026-06-01,Partner,128,1.9,Qualified
4313,2024-02-02,Social,272,2.4,Disqualified
4314,2026-09-25,Events,344,0.5,New
4315,2025-11-02,Events,501,4.0,Disqualified
4316,2024-05-23,Outbound,398,,Nurturing
4317,2025-04-15,Paid Search,191,8.2,Disqualified
4318,2024-05-19,Paid Search,390,2.0,Disqualified
4319,2024-08-05,Outbound,494,,Disqualified
4320,2026-01-17,Events,233,3.1,Qualified
4321,2025-04-02,Organic Search,468,2.0,Disqualified
4322,2025-11-29,Events,225,6.9,Nurturing
4323,2024-01-30,Events,286,3.6,Disqualified
4324,2025-10-19,Partner,68,3.8,Qualified
4325,2026-05-17,Referral,364,16.0,Qualified
4326,2025-01-06,Organic Search,48,8.6,Disqualified
4327,2024-10-03,Paid Search,330,18.2,Nurturing
4328,2026-01-03,Paid Search,60,2.2,Disqualified
4329,2026-03-17,Organic Search,248,3.1,Nurturing
4330,2026-01-13,Outbound,523,,Disqualified
4331,2024-04-22,Organic Search,135,4.4,Qualified
4332,2025-09-09,Outbound,224,,Qualified
4333,2026-05-02,Partner,73,2.6,Qualified
4334,2024-07-15,Referral,13,1.4,Qualified
4335,2024-12-18,Outbound,51,,Disqualified
4336,2025-03-25,Paid Search,279,10.8,Qualified
4337,2025-09-23,Paid Search,542,2.4,Nurturing
4338,2026-05-08,Outbound,167,,Disqualified
4339,2026-01-23,Referral,417,1.9,Nurturing
4340,2026-04-20,Events,275,12.9,Qualified
4341,2024-08-01,Paid Search,525,1.5,Qualified
4342,2025-12-23,Organic Search,150,4.4,Nurturing
4343,2026-02-13,Partner,477,0.9,Disqualified
4344,2026-01-19,Paid Search,208,1.3,Qualified
4345,2025-06-28,Organic Search,159,3.7,Disqualified
4346,2025-06-12,Outbound,105,,Disqualified
4347,2026-04-11,Paid Search,568,1.4,Disqualified
4348,2026-04-22,Paid Search,500,9.8,Nurturing
4349,2026-09-09,Events,585,3.6,Nurturing
4350,2026-05-22,Referral,164,6.3,Nurturing
4351,2026-01-21,Paid Search,157,1.4,Disqualified
4352,2024-11-19,Outbound,403,,Disqualified
4353,2025-10-04,Outbound,490,,Nurturing
4354,2025-07-31,Organic Search,418,3.5,Disqualified
4355,2026-02-13,Social,442,2.6,Disqualified
4356,2025-06-13,Referral,244,13.5,Disqualified
4357,2024-10-20,Social,325,0.8,Disqualified
4358,2024-11-03,Referral,186,2.4,Qualified
4359,2026-09-01,Outbound,501,,Disqualified
4360,2025-05-29,Referral,200,1.3,Disqualified
4361,2026-04-28,Organic Search,524,2.6,Nurturing
4362,2026-07-16,Organic Search,272,1.8,Nurturing
4363,2025-07-24,Organic Search,317,4.4,Disqualified
4364,2026-02-24,Paid Search,529,12.2,Disqualified
4365,2026-06-23,Paid Search,334,0.5,Qualified
4366,2024-01-04,Social,125,0.7,Disqualified
4367,2025-12-02,Partner,446,0.9,Disqualified
4368,2024-06-10,Social,301,0.6,Nurturing
4369,2025-11-14,Paid Search,225,1.6,Nurturing
4370,2026-05-14,Paid Search,252,2.0,Disqualified
4371,2024-10-29,Paid Search,420,2.5,Disqualified
4372,2024-09-18,Paid Search,240,1.9,Qualified
4373,2024-05-08,Organic Search,168,1.0,Disqualified
4374,2024-01-05,Paid Search,579,9.3,Qualified
4375,2025-02-03,Organic Search,168,4.4,Qualified
4376,2025-09-15,Paid Search,492,12.2,Qualified
4377,2025-03-15,Referral,297,7.8,Qualified
4378,2026-05-06,Events,151,1.1,Disqualified
4379,2025-11-19,Referral,218,13.7,Qualified
4380,2026-03-17,Paid Search,114,1.3,Disqualified
4381,2024-12-18,Paid Search,417,10.6,Disqualified
4382,2024-07-25,Referral,432,3.0,Nurturing
4383,2024-06-28,Social,87,4.6,Disqualified
4384,2024-07-31,Social,285,6.7,Nurturing
4385,2026-04-26,Events,500,3.1,Qualified
4386,2025-05-29,Paid Search,327,3.2,Disqualified
4387,2026-08-20,Organic Search,44,4.8,Qualified
4388,2025-06-14,Partner,105,3.6,Disqualified
4389,2026-04-24,Paid Search,445,6.2,Disqualified
4390,2026-01-13,Events,31,1.8,Disqualified
4391,2024-11-07,Paid Search,442,12.3,Disqualified
4392,2024-10-05,Paid Search,523,3.6,Disqualified
4393,2026-08-24,Referral,228,1.8,Qualified
4394,2026-05-13,Organic Search,12,1.4,Disqualified
4395,2026-07-20,Partner,20,10.2,Disqualified
4396,2024-10-26,Paid Search,86,41.1,Qualified
4397,2025-01-25,Paid Search,492,5.9,Disqualified
4398,2024-06-22,Organic Search,508,2.5,Qualified
4399,2026-01-16,Outbound,460,,Nurturing
4400,2024-11-17,Partner,318,10.9,Qualified
4401,2025-09-20,Paid Search,343,0.6,Qualified
4402,2024-12-24,Social,553,9.1,Nurturing
4403,2026-06-05,Outbound,419,,Nurturing
4404,2026-09-13,Events,306,2.3,Disqualified
4405,2024-10-30,Paid Search,339,11.5,Disqualified
4406,2024-09-03,Organic Search,351,17.4,Nurturing
4407,2026-09-03,Events,78,3.6,Disqualified
4408,2025-10-08,Events,103,4.4,Disqualified
4409,2026-04-14,Events,72,0.9,Disqualified
4410,2025-08-04,Outbound,526,,Nurturing
4411,2026-04-13,Paid Search,101,18.7,Nurturing
4412,2025-03-29,Organic Search,27,5.6,Disqualified
4413,2026-09-26,Organic Search,359,16.2,New
4414,2024-08-09,Organic Search,558,4.0,Nurturing
4415,2025-08-10,Outbound,35,,Disqualified
4416,2024-10-07,Organic Search,379,0.5,Disqualified
4417,2024-03-05,Paid Search,363,3.3,Nurturing
4418,2025-02-27,Organic Search,512,7.8,Disqualified
4419,2026-02-17,Partner,480,4.4,Qualified
4420,2026-04-06,Organic Search,569,6.8,Disqualified
4421,2025-03-07,Events,393,0.4,Qualified
4422,2025-08-16,Events,164,1.1,Qualified
4423,2024-10-05,Outbound,426,,Disqualified
4424,2024-12-23,Paid Search,217,1.7,Disqualified
4425,2025-01-28,Paid Search,127,3.2,Nurturing
4426,2026-03-13,Events,568,1.0,Qualified
4427,2026-04-14,Organic Search,303,1.8,Qualified
4428,2026-02-05,Events,177,2.7,Nurturing
4429,2025-08-04,Referral,308,5.2,Disqualified
4430,2026-08-18,Events,263,6.0,Disqualified
4431,2024-07-21,Partner,74,0.9,Qualified
4432,2026-07-21,Organic Search,121,5.6,Nurturing
4433,2025-08-03,Organic Search,297,3.6,Nurturing
4434,2025-10-02,Organic Search,35,1.3,Disqualified
4435,2025-05-29,Organic Search,461,4.4,Nurturing
4436,2026-06-15,Organic Search,363,9.9,Qualified
4437,2026-09-10,Partner,11,4.4,Disqualified
4438,2026-06-03,Paid Search,72,5.8,Nurturing
4439,2026-09-10,Referral,257,1.1,Disqualified
4440,2024-09-26,Organic Search,568,0.7,Qualified
4441,2025-03-06,Organic Search,18,4.5,Nurturing
4442,2024-08-27,Outbound,392,,Qualified
4443,2025-05-07,Partner,366,2.0,Qualified
4444,2024-04-28,Organic Search,569,5.5,Disqualified
4445,2024-08-23,Paid Search,592,4.4,Qualified
4446,2026-04-27,Organic Search,522,2.9,Qualified
4447,2025-03-10,Outbound,11,,Disqualified
4448,2026-09-09,Referral,274,0.6,Disqualified
4449,2026-01-08,Partner,482,2.3,Disqualified
4450,2026-06-23,Organic Search,348,5.3,Nurturing
4451,2026-03-20,Outbound,100,,Nurturing
4452,2025-12-31,Outbound,38,,Nurturing
4453,2026-02-18,Organic Search,591,1.0,Disqualified
4454,2025-05-13,Organic Search,355,2.3,Qualified
4455,2025-11-28,Events,464,2.0,Nurturing
4456,2024-11-11,Partner,358,0.7,Disqualified
4457,2024-05-05,Organic Search,531,3.9,Qualified
4458,2026-09-22,Outbound,540,,New
4459,2025-09-17,Organic Search,171,2.0,Disqualified
4460,2025-06-21,Organic Search,364,2.6,Nurturing
4461,2024-06-01,Outbound,364,,Disqualified
4462,2024-08-21,Organic Search,150,18.6,Qualified
4463,2024-06-05,Partner,553,2.3,Disqualified
4464,2026-08-20,Organic Search,124,2.3,Disqualified
4465,2024-05-04,Organic Search,257,1.2,Disqualified
4466,2026-01-31,Organic Search,491,4.8,Qualified
4467,2026-09-25,Referral,386,12.6,New
4468,2026-09-29,Paid Search,39,0.9,New
4469,2025-08-18,Organic Search,134,2.9,Disqualified
4470,2025-02-10,Events,30,0.4,Nurturing
4471,2025-06-27,Organic Search,164,67.2,Disqualified
4472,2025-04-10,Outbound,377,,Nurturing
4473,2025-01-20,Partner,520,2.7,Disqualified
4474,2024-10-02,Partner,591,1.2,Disqualified
4475,2025-08-04,Partner,566,3.3,Qualified
4476,2026-06-14,Paid Search,531,1.9,Qualified
4477,2024-01-28,Organic Search,120,0.6,Qualified
4478,2024-12-12,Referral,328,2.2,Qualified
4479,2024-12-16,Paid Search,267,1.8,Disqualified
4480,2025-12-20,Organic Search,507,1.3,Qualified
4481,2024-11-14,Referral,195,1.6,Qualified
4482,2026-09-18,Outbound,441,,New
4483,2026-02-03,Paid Search,562,1.5,Disqualified
4484,2024-09-24,Partner,265,2.5,Qualified
4485,2024-01-20,Paid Search,497,0.5,Qualified
4486,2026-01-18,Social,483,17.1,Qualified
4487,2025-01-21,Outbound,460,,Qualified
4488,2024-11-29,Organic Search,123,18.8,Nurturing
4489,2026-09-17,Outbound,379,,New
4490,2024-06-24,Organic Search,74,2.6,Nurturing
4491,2024-12-30,Social,146,4.5,Disqualified
4492,2025-07-25,Organic Search,136,0.8,Disqualified
4493,2024-12-13,Organic Search,359,15.9,Disqualified
4494,2025-11-06,Events,103,5.8,Qualified
4495,2025-03-01,Referral,315,2.8,Qualified
4496,2024-07-07,Outbound,355,,Qualified
4497,2025-06-30,Outbound,177,,Qualified
4498,2025-10-29,Referral,225,6.5,Disqualified
4499,2024-11-25,Social,295,0.4,Qualified
4500,2025-04-03,Partner,454,11.7,Disqualified
4501,2026-07-14,Organic Search,235,2.4,Disqualified
4502,2025-04-27,Referral,342,4.4,Disqualified
4503,2026-08-30,Outbound,493,,Nurturing
4504,2026-08-28,Partner,474,16.4,Disqualified
4505,2026-09-19,Paid Search,56,0.6,Qualified
4506,2026-06-10,Referral,398,2.5,Qualified
4507,2024-07-06,Events,364,17.7,Disqualified
4508,2024-10-13,Outbound,577,,Disqualified
4509,2025-05-21,Outbound,439,,Nurturing
4510,2024-12-31,Organic Search,11,8.2,Nurturing
4511,2024-04-28,Partner,5,38.8,Qualified
4512,2025-03-11,Events,377,6.4,Disqualified
4513,2025-04-09,Events,70,2.1,Qualified
4514,2025-07-16,Referral,321,16.9,Nurturing
4515,2025-11-18,Outbound,586,,Qualified
4516,2025-09-23,Paid Search,118,5.4,Nurturing
4517,2026-02-10,Social,580,5.0,Nurturing
4518,2025-08-22,Paid Search,131,5.2,Qualified
4519,2026-07-08,Social,58,2.6,Nurturing
4520,2025-04-22,Referral,257,1.4,Disqualified
4521,2025-03-01,Paid Search,146,4.2,Nurturing
4522,2024-11-06,Organic Search,250,5.3,Disqualified
4523,2025-02-03,Organic Search,577,4.3,Disqualified
4524,2024-12-22,Outbound,395,,Disqualified
4525,2025-01-05,Paid Search,430,8.4,Nurturing
4526,2025-01-23,Paid Search,494,10.2,Qualified
4527,2025-06-28,Social,6,3.4,Disqualified
4528,2025-11-26,Paid Search,92,3.2,Nurturing
4529,2026-02-09,Outbound,34,,Disqualified
4530,2025-10-02,Paid Search,120,4.4,Disqualified
4531,2026-04-26,Events,283,5.5,Nurturing
4532,2025-11-29,Outbound,470,,Disqualified
4533,2025-06-13,Referral,223,4.1,Qualified
4534,2025-07-25,Outbound,162,,Nurturing
4535,2026-05-06,Events,233,1.6,Qualified
4536,2024-12-31,Organic Search,35,2.0,Nurturing
4537,2025-10-25,Outbound,362,,Disqualified
4538,2026-05-29,Organic Search,290,1.5,Qualified
4539,2026-02-24,Social,109,3.1,Nurturing
4540,2025-11-05,Events,253,4.7,Disqualified
4541,2025-02-07,Paid Search,62,6.1,Disqualified
4542,2024-11-17,Outbound,516,,Disqualified
4543,2024-12-14,Events,426,2.5,Nurturing
4544,2024-05-25,Referral,71,1.5,Disqualified
4545,2025-10-12,Partner,175,12.5,Nurturing
4546,2024-11-02,Social,391,32.6,Nurturing
4547,2025-10-17,Paid Search,312,4.7,Disqualified
4548,2026-08-18,Organic Search,553,5.6,Disqualified
4549,2024-11-15,Organic Search,577,2.0,Nurturing
4550,2024-01-27,Organic Search,287,8.0,Qualified
4551,2026-03-20,Organic Search,377,4.4,Qualified
4552,2026-03-21,Paid Search,186,4.8,Disqualified
4553,2026-04-06,Partner,252,3.2,Qualified
4554,2026-02-10,Outbound,400,,Qualified
4555,2024-11-28,Events,4,1.4,Qualified
4556,2025-02-18,Paid Search,132,3.5,Nurturing
4557,2025-07-03,Outbound,267,,Nurturing
4558,2026-05-28,Events,342,1.8,Disqualified
4559,2024-04-18,Organic Search,599,15.3,Disqualified
4560,2025-09-22,Social,121,0.7,Disqualified
4561,2026-08-15,Organic Search,146,2.7,Nurturing
4562,2024-10-19,Organic Search,167,3.1,Qualified
4563,2026-04-05,Organic Search,594,9.7,Nurturing
4564,2024-10-03,Paid Search,364,3.5,Disqualified
4565,2025-02-12,Events,160,1.9,Disqualified
4566,2026-08-01,Partner,211,12.5,Disqualified
4567,2026-05-12,Paid Search,364,5.7,Nurturing
4568,2024-08-21,Events,133,14.9,Disqualified
4569,2024-05-26,Organic Search,132,1.8,Nurturing
4570,2025-09-30,Outbound,273,,Nurturing
4571,2024-12-13,Referral,112,8.7,Disqualified
4572,2026-09-18,Outbound,210,,New
4573,2025-04-14,Organic Search,578,6.4,Disqualified
4574,2026-04-17,Outbound,561,,Nurturing
4575,2026-05-16,Organic Search,384,2.8,Disqualified
4576,2025-03-19,Events,37,6.9,Disqualified
4577,2026-08-14,Partner,323,2.1,Disqualified
4578,2026-06-18,Outbound,115,,Disqualified
4579,2025-01-10,Organic Search,281,6.1,Disqualified
4580,2025-03-09,Social,171,5.1,Nurturing
4581,2024-10-10,Referral,370,13.5,Nurturing
4582,2024-08-11,Referral,281,0.7,Qualified
4583,2024-04-23,Partner,316,1.2,Disqualified
4584,2024-07-28,Organic Search,585,0.6,Nurturing
4585,2026-03-15,Outbound,98,,Qualified
4586,2024-09-14,Organic Search,461,4.8,Nurturing
4587,2026-07-15,Organic Search,380,11.9,Qualified
4588,2026-01-24,Events,122,1.8,Disqualified
4589,2025-06-07,Organic Search,156,7.4,Qualified
4590,2024-11-29,Organic Search,446,3.2,Disqualified
4591,2025-04-30,Outbound,414,,Disqualified
4592,2026-07-03,Outbound,361,,Disqualified
4593,2024-09-15,Organic Search,529,1.3,Disqualified
4594,2026-01-05,Partner,408,4.7,Disqualified
4595,2025-12-05,Organic Search,540,19.3,Nurturing
4596,2024-07-31,Paid Search,221,7.1,Nurturing
4597,2025-07-02,Events,430,9.4,Nurturing
4598,2026-06-25,Outbound,86,,Disqualified
4599,2024-11-07,Paid Search,300,11.8,Nurturing
4600,2024-10-02,Organic Search,595,11.5,Nurturing
4601,2026-06-24,Organic Search,537,2.0,Disqualified
4602,2026-07-18,Events,204,4.9,Qualified
4603,2024-12-18,Organic Search,446,3.9,Qualified
4604,2026-04-15,Organic Search,352,2.6,Disqualified
4605,2025-10-31,Outbound,108,,Disqualified
4606,2026-01-19,Referral,276,5.4,Qualified
4607,2026-08-01,Outbound,211,,Nurturing
4608,2026-05-05,Paid Search,348,2.8,Disqualified
4609,2025-01-29,Paid Search,146,4.4,Qualified
4610,2026-05-26,Outbound,410,,Disqualified
4611,2025-06-19,Partner,529,3.5,Nurturing
4612,2024-06-09,Paid Search,48,7.0,Disqualified
4613,2024-11-26,Organic Search,46,10.9,Qualified
4614,2024-11-14,Referral,230,1.3,Qualified
4615,2024-06-14,Organic Search,172,0.2,Qualified
4616,2024-03-03,Paid Search,151,1.8,Disqualified
4617,2025-10-22,Referral,172,1.2,Qualified
4618,2024-11-09,Paid Search,194,8.7,Disqualified
4619,2024-02-15,Referral,54,2.1,Disqualified
4620,2026-03-11,Organic Search,236,4.6,Disqualified
4621,2025-04-26,Events,520,7.9,Disqualified
4622,2025-12-11,Paid Search,21,22.1,Nurturing
4623,2024-07-31,Organic Search,75,2.9,Disqualified
4624,2025-01-09,Organic Search,485,20.5,Qualified
4625,2025-10-28,Paid Search,290,7.8,Nurturing
4626,2025-05-21,Outbound,377,,Qualified
4627,2024-06-01,Organic Search,202,4.5,Qualified
4628,2025-08-05,Social,572,5.5,Disqualified
4629,2026-03-10,Events,269,6.7,Nurturing
4630,2025-03-17,Outbound,186,,Nurturing
4631,2025-08-04,Partner,265,2.7,Nurturing
4632,2025-10-20,Referral,302,11.7,Qualified
4633,2024-10-06,Social,233,24.3,Disqualified
4634,2024-07-25,Referral,183,1.5,Disqualified
4635,2024-12-11,Referral,465,11.6,Qualified
4636,2024-11-27,Paid Search,528,4.1,Nurturing
4637,2026-01-17,Organic Search,428,11.3,Disqualified
4638,2025-01-21,Organic Search,252,4.2,Disqualified
4639,2025-03-21,Organic Search,540,7.8,Disqualified
4640,2026-02-27,Partner,520,0.6,Qualified
4641,2026-03-16,Referral,233,2.4,Qualified
4642,2026-04-30,Events,385,9.9,Nurturing
4643,2025-09-16,Organic Search,215,1.1,Nurturing
4644,2026-01-01,Referral,457,1.2,Nurturing
4645,2026-04-23,Outbound,519,,Disqualified
4646,2025-06-19,Organic Search,384,1.1,Disqualified
4647,2024-01-25,Organic Search,16,9.3,Nurturing
4648,2024-10-26,Events,575,9.3,Disqualified
4649,2026-02-23,Organic Search,557,9.4,Nurturing
4650,2026-06-04,Organic Search,466,1.8,Nurturing
4651,2026-08-30,Paid Search,70,2.8,Qualified
4652,2024-07-03,Referral,474,5.6,Disqualified
4653,2026-04-14,Social,45,9.1,Nurturing
4654,2024-05-29,Referral,222,8.9,Qualified
4655,2025-11-13,Outbound,473,,Qualified
4656,2025-05-18,Events,596,0.5,Disqualified
4657,2024-12-18,Organic Search,393,1.2,Disqualified
4658,2025-06-02,Organic Search,43,6.9,Qualified
4659,2026-08-11,Outbound,341,,Disqualified
4660,2026-04-03,Referral,83,4.6,Qualified
4661,2026-02-27,Outbound,68,,Nurturing
4662,2025-10-09,Events,205,2.7,Disqualified
4663,2025-10-20,Organic Search,384,6.9,Qualified
4664,2026-02-24,Paid Search,9,4.3,Nurturing
4665,2025-12-03,Paid Search,461,1.6,Nurturing
4666,2025-07-03,Paid Search,124,0.8,Nurturing
4667,2024-07-16,Organic Search,106,3.3,Disqualified
4668,2026-07-17,Organic Search,125,2.4,Qualified
4669,2026-05-13,Organic Search,297,4.3,Nurturing
4670,2026-02-28,Paid Search,178,0.3,Qualified
4671,2024-01-04,Organic Search,148,5.4,Disqualified
4672,2026-01-30,Referral,197,2.4,Nurturing
4673,2025-11-05,Outbound,356,,Disqualified
4674,2026-09-19,Partner,524,2.3,New
4675,2025-07-09,Events,285,6.0,Disqualified
4676,2024-02-20,Events,393,0.8,Disqualified
4677,2025-06-11,Outbound,42,,Nurturing
4678,2024-06-03,Paid Search,374,1.9,Nurturing
4679,2025-09-10,Paid Search,374,9.0,Disqualified
4680,2024-09-14,Organic Search,442,2.0,Nurturing
4681,2024-09-19,Events,219,7.0,Disqualified
4682,2025-05-10,Organic Search,252,2.6,Disqualified
4683,2026-03-27,Paid Search,190,8.7,Qualified
4684,2025-12-01,Outbound,167,,Disqualified
4685,2024-03-11,Outbound,373,,Disqualified
4686,2024-03-01,Partner,404,5.2,Disqualified
4687,2025-02-22,Outbound,92,,Disqualified
4688,2026-02-15,Paid Search,30,2.0,Disqualified
4689,2024-09-07,Outbound,455,,Nurturing
4690,2025-02-02,Outbound,191,,Disqualified
4691,2024-10-30,Organic Search,276,2.1,Nurturing
4692,2025-06-26,Paid Search,291,2.3,Disqualified
4693,2024-11-05,Organic Search,343,1.6,Qualified
4694,2026-08-07,Outbound,148,,Disqualified
4695,2025-03-20,Organic Search,445,0.9,Disqualified
4696,2025-08-02,Social,181,4.0,Qualified
4697,2024-07-04,Outbound,236,,Nurturing
4698,2026-02-01,Organic Search,117,2.8,Disqualified
4699,2025-07-02,Events,126,4.1,Disqualified
4700,2024-04-04,Social,574,0.9,Disqualified
4701,2026-09-02,Organic Search,342,0.6,Nurturing
4702,2026-05-23,Partner,145,10.0,Qualified
4703,2024-04-10,Outbound,390,,Qualified
4704,2026-03-23,Organic Search,414,2.8,Qualified
4705,2025-04-17,Organic Search,406,0.7,Disqualified
4706,2026-02-09,Organic Search,310,2.1,Qualified
4707,2025-03-28,Organic Search,408,6.7,Nurturing
4708,2026-06-07,Paid Search,507,3.8,Qualified
4709,2026-05-05,Outbound,179,,Qualified
4710,2026-08-02,Organic Search,365,2.6,Disqualified
4711,2026-08-30,Outbound,295,,Disqualified
4712,2025-10-07,Organic Search,6,7.4,Disqualified
4713,2025-02-23,Referral,529,0.8,Qualified
4714,2025-06-19,Outbound,318,,Nurturing
4715,2025-03-22,Referral,307,6.5,Qualified
4716,2025-02-13,Outbound,576,,Nurturing
4717,2024-12-01,Paid Search,479,4.2,Disqualified
4718,2024-08-13,Outbound,316,,Disqualified
4719,2025-06-03,Organic Search,177,0.6,Disqualified
4720,2024-10-09,Social,6,0.9,Disqualified
4721,2026-05-30,Social,286,3.8,Nurturing
4722,2025-08-11,Organic Search,267,3.9,Nurturing
4723,2026-08-01,Organic Search,290,5.1,Nurturing
4724,2024-10-06,Events,72,22.0,Disqualified
4725,2026-06-17,Partner,351,4.6,Disqualified
4726,2025-01-03,Referral,325,6.4,Disqualified
4727,2025-12-24,Partner,71,3.5,Disqualified
4728,2026-03-09,Organic Search,349,6.6,Qualified
4729,2026-07-10,Outbound,501,,Disqualified
4730,2026-03-17,Paid Search,42,1.5,Disqualified
4731,2026-05-04,Organic Search,489,4.2,Qualified
4732,2026-06-27,Referral,98,4.4,Qualified
4733,2024-08-17,Partner,384,7.5,Qualified
4734,2025-04-30,Paid Search,57,3.7,Disqualified
4735,2025-06-12,Organic Search,342,0.7,Qualified
4736,2025-01-15,Partner,193,5.3,Disqualified
4737,2026-04-14,Paid Search,477,3.0,Disqualified
4738,2026-03-14,Paid Search,345,1.5,Disqualified
4739,2025-04-18,Outbound,53,,Nurturing
4740,2024-12-04,Partner,82,3.1,Qualified
4741,2026-02-26,Organic Search,90,3.6,Disqualified
4742,2025-12-25,Paid Search,134,1.1,Disqualified
4743,2025-11-19,Referral,144,1.6,Qualified
4744,2026-05-25,Partner,17,1.8,Disqualified
4745,2025-12-31,Organic Search,600,3.2,Nurturing
4746,2024-04-06,Paid Search,75,6.7,Disqualified
4747,2026-01-20,Organic Search,245,7.5,Qualified
4748,2024-12-02,Outbound,60,,Nurturing
4749,2024-01-20,Referral,68,7.7,Qualified
4750,2025-06-08,Events,12,4.2,Nurturing
4751,2025-05-31,Organic Search,291,5.2,Qualified
4752,2026-08-13,Organic Search,500,4.9,Disqualified
4753,2024-05-25,Social,511,9.5,Nurturing
4754,2026-05-28,Organic Search,578,3.2,Nurturing
4755,2026-05-17,Social,157,12.6,Qualified
4756,2026-08-03,Outbound,48,,Disqualified
4757,2026-08-08,Partner,170,5.7,Qualified
4758,2025-09-21,Partner,369,10.9,Qualified
4759,2026-09-11,Paid Search,234,1.1,Nurturing
4760,2026-05-04,Referral,450,6.3,Qualified
4761,2026-05-22,Social,425,6.2,Disqualified
4762,2024-12-30,Organic Search,203,2.1,Disqualified
4763,2025-12-29,Outbound,429,,Nurturing
4764,2025-11-16,Outbound,511,,Nurturing
4765,2025-06-16,Referral,536,28.3,Disqualified
4766,2025-01-27,Social,445,2.3,Disqualified
4767,2025-02-20,Organic Search,307,4.0,Disqualified
4768,2024-04-26,Organic Search,70,1.3,Disqualified
4769,2024-07-06,Social,544,0.6,Disqualified
4770,2024-11-30,Paid Search,278,37.9,Qualified
4771,2025-06-04,Organic Search,187,7.4,Disqualified
4772,2026-03-07,Events,179,12.3,Disqualified
4773,2025-12-15,Outbound,249,,Nurturing
4774,2024-05-21,Organic Search,8,8.2,Nurturing
4775,2024-09-29,Referral,283,1.4,Qualified
4776,2025-10-20,Outbound,194,,Disqualified
4777,2026-04-01,Organic Search,534,4.7,Nurturing
4778,2025-10-24,Paid Search,550,1.3,Nurturing
4779,2026-01-24,Referral,406,2.6,Disqualified
4780,2026-09-16,Organic Search,242,10.3,Qualified
4781,2026-04-15,Organic Search,142,14.8,Qualified
4782,2024-07-24,Paid Search,362,2.1,Nurturing
4783,2025-07-05,Partner,72,2.5,Nurturing
4784,2025-04-02,Organic Search,286,5.5,Disqualified
4785,2024-09-01,Outbound,194,,Disqualified
4786,2025-10-25,Paid Search,285,3.0,Nurturing
4787,2024-09-14,Outbound,459,,Nurturing
4788,2025-05-30,Events,400,7.2,Disqualified
4789,2024-05-13,Outbound,478,,Disqualified
4790,2025-10-14,Social,171,1.8,Disqualified
4791,2026-06-16,Outbound,154,,Qualified
4792,2025-08-31,Organic Search,83,7.9,Disqualified
4793,2024-12-25,Partner,536,0.8,Qualified
4794,2026-07-07,Outbound,75,,Qualified
4795,2025-03-31,Organic Search,146,3.3,Qualified
4796,2025-08-02,Outbound,248,,Disqualified
4797,2024-07-27,Outbound,434,,Qualified
4798,2025-08-07,Events,529,10.4,Qualified
4799,2024-06-28,Paid Search,209,2.8,Nurturing
4800,2026-06-08,Organic Search,165,17.0,Qualified
4801,2025-11-20,Organic Search,353,6.8,Nurturing
4802,2024-10-23,Organic Search,512,11.7,Disqualified
4803,2024-05-01,Paid Search,275,0.4,Disqualified
4804,2024-12-15,Events,443,1.7,Nurturing
4805,2024-06-29,Partner,300,0.4,Disqualified
4806,2025-03-05,Events,62,0.2,Nurturing
4807,2024-09-23,Referral,55,1.0,Disqualified
4808,2026-04-27,Social,274,4.8,Disqualified
4809,2024-09-06,Paid Search,441,1.0,Qualified
4810,2026-07-05,Partner,249,5.9,Disqualified
4811,2024-08-28,Outbound,48,,Disqualified
4812,2025-08-01,Organic Search,496,17.0,Nurturing
4813,2025-08-09,Outbound,24,,Disqualified
4814,2026-07-16,Organic Search,365,2.9,Disqualified
4815,2025-10-26,Paid Search,74,8.4,Nurturing
4816,2026-03-07,Partner,435,1.2,Disqualified
4817,2025-08-02,Organic Search,327,1.1,Qualified
4818,2024-08-22,Outbound,373,,Nurturing
4819,2024-10-17,Partner,307,2.2,Disqualified
4820,2024-06-02,Paid Search,199,1.8,Disqualified
4821,2026-04-23,Paid Search,396,3.0,Nurturing
4822,2025-03-18,Organic Search,330,1.9,Nurturing
4823,2025-03-29,Partner,597,5.3,Disqualified
4824,2025-04-29,Referral,96,2.5,Qualified
4825,2024-07-03,Outbound,148,,Qualified
4826,2025-05-01,Referral,583,1.3,Disqualified
4827,2025-08-26,Paid Search,303,4.8,Nurturing
4828,2024-05-08,Outbound,322,,Disqualified
4829,2026-05-17,Organic Search,112,13.5,Disqualified
4830,2026-07-20,Outbound,113,,Qualified
4831,2025-02-13,Partner,211,4.0,Disqualified
4832,2026-07-11,Partner,139,2.8,Nurturing
4833,2025-06-03,Paid Search,275,0.4,Disqualified
4834,2024-11-22,Organic Search,90,2.8,Qualified
4835,2025-02-13,Partner,152,16.4,Qualified
4836,2025-12-06,Organic Search,31,11.5,Nurturing
4837,2024-08-03,Outbound,565,,Disqualified
4838,2026-02-23,Organic Search,495,1.4,Nurturing
4839,2025-08-28,Partner,246,4.4,Nurturing
4840,2026-02-18,Outbound,128,,Disqualified
4841,2025-01-26,Organic Search,354,8.8,Qualified
4842,2026-03-20,Referral,192,0.6,Qualified
4843,2025-09-24,Organic Search,364,2.3,Qualified
4844,2025-10-13,Outbound,314,,Disqualified
4845,2026-08-05,Paid Search,555,0.3,Disqualified
4846,2025-01-22,Organic Search,102,2.1,Disqualified
4847,2024-08-05,Paid Search,189,1.6,Disqualified
4848,2026-04-03,Events,257,0.6,Disqualified
4849,2026-04-26,Referral,321,0.5,Qualified
4850,2025-03-13,Events,222,3.3,Nurturing
4851,2025-06-03,Paid Search,287,1.0,Disqualified
4852,2024-02-02,Organic Search,475,3.6,Disqualified
4853,2025-11-12,Events,488,4.7,Qualified
4854,2025-03-23,Outbound,170,,Disqualified
4855,2025-01-12,Paid Search,287,5.9,Disqualified
4856,2026-06-14,Paid Search,230,1.2,Nurturing
4857,2024-06-30,Organic Search,483,1.2,Nurturing
4858,2026-01-21,Organic Search,427,7.2,Disqualified
4859,2025-12-29,Outbound,292,,Nurturing
4860,2025-12-15,Outbound,497,,Nurturing
4861,2025-09-22,Organic Search,136,0.7,Qualified
4862,2024-09-24,Outbound,436,,Disqualified
4863,2025-05-02,Referral,392,8.4,Disqualified
4864,2026-08-25,Social,136,6.6,Disqualified
4865,2025-12-29,Paid Search,340,5.6,Qualified
4866,2026-02-15,Referral,342,3.4,Disqualified
4867,2025-11-28,Outbound,182,,Disqualified
4868,2025-12-01,Referral,489,59.1,Qualified
4869,2026-07-20,Referral,108,2.6,Nurturing
4870,2025-07-15,Events,30,0.5,Nurturing
4871,2024-12-23,Referral,143,1.0,Disqualified
4872,2025-04-29,Social,208,2.5,Disqualified
4873,2025-05-28,Events,378,1.9,Qualified
4874,2025-02-20,Events,412,1.4,Disqualified
4875,2024-05-02,Events,551,5.3,Disqualified
4876,2026-07-21,Events,390,3.8,Qualified
4877,2026-07-22,Events,576,3.2,Nurturing
4878,2024-11-18,Referral,304,1.7,Qualified
4879,2024-03-28,Outbound,27,,Nurturing
4880,2026-04-10,Paid Search,164,4.2,Qualified
4881,2024-12-11,Outbound,113,,Nurturing
4882,2026-07-25,Social,17,5.2,Disqualified
4883,2025-03-04,Partner,434,2.9,Disqualified
4884,2025-07-13,Paid Search,459,8.0,Disqualified
4885,2024-07-13,Referral,133,12.1,Qualified
4886,2024-08-20,Paid Search,566,2.1,Nurturing
4887,2026-04-13,Organic Search,265,2.6,Nurturing
4888,2025-07-29,Outbound,181,,Qualified
4889,2025-12-10,Paid Search,204,1.1,Qualified
4890,2025-01-26,Events,545,1.7,Disqualified
4891,2026-07-06,Outbound,372,,Nurturing
4892,2025-09-30,Organic Search,183,3.9,Qualified
4893,2025-01-13,Paid Search,376,1.2,Qualified
4894,2026-09-24,Paid Search,138,0.2,New
4895,2024-01-03,Organic Search,58,0.6,Nurturing
4896,2026-01-07,Social,573,0.7,Nurturing
4897,2025-05-30,Partner,250,1.7,Disqualified
4898,2026-03-02,Partner,391,4.3,Qualified
4899,2026-04-04,Paid Search,304,1.7,Nurturing
4900,2024-10-14,Referral,428,2.7,Qualified
4901,2024-06-21,Partner,243,3.5,Nurturing
4902,2025-12-08,Referral,122,5.5,Nurturing
4903,2025-09-13,Referral,173,8.2,Nurturing
4904,2024-11-23,Outbound,577,,Nurturing
4905,2024-12-23,Outbound,360,,Nurturing
4906,2026-07-13,Paid Search,504,1.9,Nurturing
4907,2024-06-20,Referral,309,18.2,Qualified
4908,2026-03-25,Referral,413,1.2,Qualified
4909,2026-04-28,Events,85,1.1,Disqualified
4910,2024-12-11,Organic Search,34,19.5,Nurturing
4911,2026-06-30,Organic Search,125,1.1,Qualified
4912,2024-01-25,Organic Search,179,2.3,Disqualified
4913,2026-03-27,Organic Search,178,3.3,Qualified
4914,2024-10-04,Outbound,16,,Disqualified
4915,2026-08-08,Organic Search,420,3.1,Nurturing
4916,2024-07-07,Paid Search,123,4.0,Qualified
4917,2024-09-12,Organic Search,64,12.1,Qualified
4918,2026-05-29,Social,141,1.8,Nurturing
4919,2025-10-05,Outbound,220,,Disqualified
4920,2024-08-08,Events,577,4.3,Disqualified
4921,2025-06-01,Outbound,56,,Disqualified
4922,2026-01-04,Paid Search,101,2.0,Nurturing
4923,2024-03-14,Paid Search,180,6.6,Nurturing
4924,2025-05-01,Outbound,294,,Nurturing
4925,2025-08-31,Referral,560,4.8,Disqualified
4926,2025-05-11,Organic Search,366,13.9,Disqualified
4927,2024-08-01,Paid Search,489,2.1,Disqualified
4928,2026-06-15,Referral,346,4.9,Qualified
4929,2026-07-03,Paid Search,209,12.2,Nurturing
4930,2025-11-26,Organic Search,429,13.1,Nurturing
4931,2024-09-25,Outbound,139,,Nurturing
4932,2026-04-23,Events,303,1.2,Nurturing
4933,2025-03-17,Social,195,13.2,Nurturing
4934,2025-02-14,Outbound,435,,Nurturing
4935,2025-03-20,Partner,484,4.0,Disqualified
4936,2024-05-22,Events,91,1.4,Disqualified
4937,2025-01-10,Partner,157,1.7,Disqualified
4938,2025-07-11,Paid Search,10,6.9,Disqualified
4939,2026-04-20,Referral,578,4.8,Disqualified
4940,2024-09-04,Paid Search,41,1.0,Nurturing
4941,2024-07-20,Events,237,0.4,Nurturing
4942,2026-04-24,Referral,447,32.2,Qualified
4943,2024-03-17,Organic Search,153,17.8,Qualified
4944,2025-01-04,Organic Search,156,2.2,Disqualified
4945,2026-02-05,Paid Search,503,0.9,Qualified
4946,2024-05-22,Organic Search,262,2.8,Disqualified
4947,2026-02-25,Outbound,292,,Nurturing
4948,2026-05-15,Social,599,3.9,Disqualified
4949,2026-03-13,Outbound,555,,Nurturing
4950,2025-03-12,Referral,125,2.0,Qualified
4951,2024-08-12,Outbound,586,,Nurturing
4952,2025-07-16,Referral,356,1.3,Qualified
4953,2026-09-20,Referral,578,2.1,Qualified
4954,2025-10-14,Social,543,0.7,Nurturing
4955,2025-01-21,Referral,320,5.1,Disqualified
4956,2025-07-26,Paid Search,562,4.1,Disqualified
4957,2026-07-07,Partner,282,1.1,Disqualified
4958,2025-10-28,Outbound,389,,Disqualified
4959,2024-10-07,Paid Search,257,8.0,Disqualified
4960,2026-09-01,Organic Search,431,7.0,Disqualified
4961,2024-12-23,Events,418,3.6,Disqualified
4962,2024-12-22,Outbound,36,,Nurturing
4963,2024-06-04,Organic Search,39,0.7,Qualified
4964,2025-04-27,Events,325,9.0,Qualified
4965,2024-10-10,Partner,379,5.7,Nurturing
4966,2025-10-31,Organic Search,83,4.4,Nurturing
4967,2025-01-15,Organic Search,438,0.5,Qualified
4968,2026-09-17,Organic Search,544,1.3,Qualified
4969,2024-09-23,Partner,274,2.8,Disqualified
4970,2025-09-22,Events,259,0.8,Nurturing
4971,2024-01-25,Social,590,1.1,Nurturing
4972,2025-06-09,Paid Search,46,0.3,Disqualified
4973,2025-07-24,Organic Search,177,4.2,Qualified
4974,2025-05-22,Outbound,344,,Disqualified
4975,2025-06-20,Organic Search,123,2.5,Nurturing
4976,2024-12-02,Organic Search,521,9.5,Qualified
4977,2026-01-01,Organic Search,151,5.4,Disqualified
4978,2025-10-16,Events,150,5.0,Qualified
4979,2026-09-14,Partner,401,2.9,Qualified
4980,2025-08-30,Partner,509,4.6,Qualified
4981,2025-08-29,Organic Search,575,26.0,Disqualified
4982,2026-05-05,Organic Search,281,4.9,Disqualified
4983,2024-03-05,Outbound,80,,Disqualified
4984,2025-12-08,Outbound,308,,Disqualified
4985,2024-08-10,Outbound,63,,Disqualified
4986,2026-08-23,Outbound,74,,Nurturing
4987,2026-02-27,Social,348,4.4,Nurturing
4988,2025-09-14,Social,352,22.9,Disqualified
4989,2025-08-17,Paid Search,103,12.3,Disqualified
4990,2025-12-29,Paid Search,43,5.2,Disqualified
4991,2026-04-20,Events,352,1.6,Disqualified
4992,2026-04-30,Partner,133,8.7,Disqualified
4993,2026-01-15,Paid Search,209,4.0,Qualified
4994,2024-12-18,Paid Search,388,2.0,Disqualified
4995,2026-06-15,Outbound,312,,Disqualified
4996,2025-06-10,Paid Search,307,26.6,Disqualified
4997,2024-08-27,Organic Search,295,17.1,Nurturing
4998,2025-07-31,Organic Search,198,3.0,Disqualified
4999,2026-01-06,Outbound,164,,Qualified
5000,2025-08-18,Partner,113,3.1,Qualified
5001,2026-09-20,Outbound,72,,New
5002,2024-11-22,Paid Search,187,1.8,Nurturing
5003,2025-02-19,Social,258,7.6,Nurturing
5004,2025-06-14,Paid Search,216,4.4,Disqualified
5005,2026-05-16,Events,51,1.4,Qualified
5006,2026-07-21,Social,297,0.2,Qualified
5007,2025-10-12,Partner,366,5.1,Disqualified
5008,2024-10-11,Paid Search,314,14.7,Nurturing
5009,2024-07-25,Organic Search,533,2.5,Disqualified
5010,2026-02-04,Social,456,2.8,Nurturing
5011,2025-02-10,Paid Search,596,10.8,Nurturing
5012,2025-10-05,Social,477,4.4,Disqualified
5013,2025-12-14,Organic Search,104,18.2,Qualified
5014,2026-02-23,Referral,286,1.7,Qualified
5015,2024-11-22,Partner,31,17.1,Disqualified
5016,2026-02-23,Organic Search,93,2.8,Disqualified
5017,2025-03-20,Outbound,71,,Nurturing
5018,2024-10-11,Paid Search,394,1.8,Disqualified
5019,2024-10-12,Events,231,3.0,Nurturing
5020,2025-11-13,Organic Search,436,12.0,Disqualified
5021,2025-11-25,Events,550,1.6,Nurturing
5022,2025-09-13,Organic Search,32,3.8,Disqualified
5023,2025-05-30,Events,502,1.0,Disqualified
5024,2025-11-14,Paid Search,217,1.0,Qualified
5025,2026-03-22,Paid Search,231,11.4,Qualified
5026,2025-12-15,Paid Search,448,3.6,Nurturing
5027,2024-12-01,Outbound,355,,Disqualified
5028,2025-06-27,Social,25,4.7,Disqualified
5029,2025-10-18,Organic Search,599,2.4,Nurturing
5030,2026-03-07,Organic Search,594,1.1,Disqualified
5031,2025-05-31,Events,326,4.0,Disqualified
5032,2024-12-01,Organic Search,596,3.0,Disqualified
5033,2024-06-05,Referral,326,6.4,Disqualified
5034,2025-03-27,Events,95,5.0,Nurturing
5035,2026-05-11,Organic Search,431,1.2,Nurturing
5036,2025-07-28,Events,165,3.0,Nurturing
5037,2024-01-18,Paid Search,327,2.2,Disqualified
5038,2026-04-03,Outbound,538,,Disqualified
5039,2026-03-03,Outbound,592,,Nurturing
5040,2026-07-14,Organic Search,407,2.9,Nurturing
5041,2024-08-12,Outbound,200,,Disqualified
5042,2025-02-05,Social,478,11.1,Disqualified
5043,2026-07-24,Outbound,112,,Disqualified
5044,2024-08-10,Organic Search,329,25.2,Nurturing
5045,2026-02-24,Referral,261,8.0,Qualified
5046,2025-01-12,Events,584,4.1,Nurturing
5047,2025-06-19,Referral,452,1.3,Disqualified
5048,2025-01-08,Organic Search,118,2.8,Disqualified
5049,2024-08-23,Social,467,1.8,Nurturing
5050,2026-01-16,Referral,254,1.6,Qualified
5051,2026-01-12,Outbound,311,,Disqualified
5052,2024-07-29,Paid Search,294,3.6,Disqualified
5053,2025-07-08,Organic Search,552,2.6,Disqualified
5054,2024-06-10,Referral,428,4.2,Qualified
5055,2026-03-14,Outbound,512,,Disqualified
5056,2025-06-24,Social,136,2.5,Disqualified
5057,2026-09-01,Organic Search,210,10.6,Nurturing
5058,2024-02-01,Outbound,293,,Disqualified
5059,2024-11-13,Organic Search,126,1.2,Nurturing
5060,2026-06-19,Paid Search,553,14.4,Nurturing
5061,2024-12-21,Organic Search,496,0.8,Disqualified
5062,2025-11-30,Outbound,289,,Qualified
5063,2024-01-13,Events,41,1.5,Disqualified
5064,2024-11-17,Outbound,527,,Nurturing
5065,2025-08-31,Paid Search,333,4.4,Disqualified
5066,2025-02-20,Paid Search,118,2.3,Nurturing
5067,2026-08-20,Organic Search,231,1.2,Nurturing
5068,2026-04-07,Partner,516,2.4,Qualified
5069,2025-09-09,Paid Search,381,6.8,Qualified
5070,2026-04-26,Organic Search,506,3.6,Qualified
5071,2024-11-11,Social,415,1.1,Disqualified
5072,2024-01-20,Paid Search,30,49.6,Disqualified
5073,2026-05-04,Paid Search,21,1.1,Disqualified
5074,2025-10-22,Paid Search,43,1.5,Qualified
5075,2024-10-27,Events,284,6.2,Qualified
5076,2025-11-07,Social,527,0.9,Disqualified
5077,2026-05-29,Events,120,0.7,Disqualified
5078,2026-07-31,Outbound,152,,Nurturing
5079,2026-09-02,Referral,346,36.1,Disqualified
5080,2026-05-01,Outbound,593,,Disqualified
5081,2025-12-22,Paid Search,461,2.3,Nurturing
5082,2024-08-20,Referral,155,3.0,Disqualified
5083,2026-03-23,Organic Search,15,2.1,Disqualified
5084,2024-07-20,Outbound,387,,Nurturing
5085,2025-11-27,Organic Search,198,3.3,Disqualified
5086,2026-03-03,Events,251,4.2,Nurturing
5087,2024-01-21,Events,245,12.0,Disqualified
5088,2025-06-24,Outbound,115,,Disqualified
5089,2024-05-23,Referral,303,1.0,Disqualified
5090,2024-12-15,Paid Search,439,3.0,Disqualified
5091,2025-03-26,Social,313,2.0,Disqualified
5092,2026-02-02,Partner,577,2.2,Nurturing
5093,2026-05-28,Partner,38,5.6,Nurturing
5094,2024-09-08,Paid Search,44,21.6,Disqualified
5095,2025-06-01,Social,35,8.5,Disqualified
5096,2026-08-27,Outbound,513,,Nurturing
5097,2026-03-06,Events,183,7.8,Nurturing
5098,2025-04-27,Outbound,29,,Disqualified
5099,2025-05-29,Paid Search,265,12.3,Qualified
5100,2026-08-20,Referral,495,7.1,Qualified
5101,2026-09-24,Paid Search,581,3.6,New
5102,2024-11-14,Outbound,582,,Disqualified
5103,2024-07-13,Outbound,534,,Disqualified
5104,2024-06-09,Organic Search,12,2.5,Disqualified
5105,2026-05-27,Referral,342,1.3,Nurturing
5106,2026-07-31,Events,574,6.1,Disqualified
5107,2025-12-17,Organic Search,276,21.3,Qualified
5108,2026-01-05,Paid Search,159,3.3,Nurturing
5109,2024-03-22,Paid Search,164,1.2,Nurturing
5110,2024-08-06,Paid Search,397,3.8,Disqualified
5111,2026-07-05,Organic Search,457,4.5,Qualified
5112,2025-11-30,Paid Search,506,1.3,Qualified
5113,2026-06-12,Events,47,2.4,Disqualified
5114,2026-06-23,Partner,11,8.7,Nurturing
5115,2024-01-16,Events,593,8.4,Disqualified
5116,2025-03-25,Organic Search,207,1.8,Qualified
5117,2024-01-26,Outbound,578,,Disqualified
5118,2025-07-26,Outbound,260,,Disqualified
5119,2025-02-04,Paid Search,509,2.8,Disqualified
5120,2024-11-01,Organic Search,475,7.3,Qualified
5121,2025-06-05,Organic Search,564,0.8,Nurturing
5122,2024-12-17,Paid Search,173,2.5,Nurturing
5123,2025-03-03,Events,120,0.9,Nurturing
5124,2025-07-03,Outbound,466,,Disqualified
5125,2024-10-25,Organic Search,151,1.7,Disqualified
5126,2026-04-10,Outbound,223,,Nurturing
5127,2026-03-28,Referral,395,7.4,Nurturing
5128,2025-05-06,Organic Search,600,6.9,Nurturing
5129,2026-09-02,Social,231,6.5,Nurturing
5130,2025-07-02,Partner,188,21.1,Qualified
5131,2025-06-14,Organic Search,299,3.4,Disqualified
5132,2025-05-09,Referral,424,11.9,Disqualified
5133,2025-04-17,Outbound,416,,Qualified
5134,2025-06-28,Paid Search,354,1.6,Nurturing
5135,2026-09-23,Paid Search,370,1.3,New
5136,2025-08-03,Outbound,274,,Nurturing
5137,2024-07-23,Paid Search,315,14.7,Disqualified
5138,2026-03-01,Social,264,14.8,Qualified
5139,2025-10-15,Paid Search,478,2.0,Nurturing
5140,2025-06-08,Organic Search,326,3.8,Nurturing
5141,2025-05-21,Paid Search,126,0.2,Qualified
5142,2024-11-12,Outbound,430,,Disqualified
5143,2025-05-09,Paid Search,342,1.2,Nurturing
5144,2026-07-13,Paid Search,279,29.4,Disqualified
5145,2025-01-08,Outbound,95,,Disqualified
5146,2026-06-04,Events,217,0.8,Qualified
5147,2025-05-15,Paid Search,2,1.7,Qualified
5148,2025-01-18,Organic Search,9,3.7,Disqualified
5149,2026-07-15,Outbound,125,,Nurturing
5150,2026-03-16,Referral,36,19.5,Qualified
5151,2024-03-18,Events,233,3.8,Disqualified
5152,2024-07-29,Organic Search,75,3.9,Nurturing
5153,2026-07-04,Paid Search,561,9.0,Disqualified
5154,2025-07-21,Social,240,2.6,Disqualified
5155,2026-09-29,Partner,557,3.5,New
5156,2025-06-13,Organic Search,345,3.1,Qualified
5157,2025-04-25,Paid Search,487,11.8,Qualified
5158,2026-04-01,Organic Search,113,3.5,Disqualified
5159,2026-03-02,Organic Search,133,1.4,Nurturing
5160,2025-03-01,Events,516,14.3,Nurturing
5161,2026-04-29,Organic Search,534,4.9,Qualified
5162,2026-06-16,Organic Search,589,0.6,Nurturing
5163,2025-12-10,Organic Search,465,0.6,Nurturing
5164,2024-09-15,Organic Search,333,0.5,Disqualified
5165,2026-03-15,Organic Search,66,0.8,Disqualified
5166,2026-04-14,Outbound,1,,Disqualified
5167,2025-03-31,Organic Search,242,1.5,Disqualified
5168,2025-12-06,Organic Search,159,4.1,Qualified
5169,2026-05-12,Outbound,82,,Disqualified
5170,2026-08-15,Paid Search,254,2.4,Disqualified
5171,2026-05-03,Paid Search,9,2.3,Disqualified
5172,2026-03-15,Organic Search,26,4.3,Disqualified
5173,2025-03-06,Paid Search,76,1.9,Nurturing
5174,2025-03-05,Organic Search,487,1.9,Nurturing
5175,2025-01-15,Organic Search,48,1.1,Nurturing
5176,2025-04-18,Social,239,0.7,Disqualified
5177,2025-08-27,Paid Search,226,1.9,Disqualified
5178,2026-05-12,Referral,516,7.0,Disqualified
5179,2025-05-29,Partner,410,4.5,Nurturing
5180,2026-09-01,Organic Search,403,3.0,Nurturing
5181,2026-05-08,Outbound,312,,Qualified
5182,2026-04-16,Referral,185,0.7,Qualified
5183,2025-07-07,Organic Search,31,0.6,Disqualified
5184,2024-09-29,Referral,441,3.5,Qualified
5185,2026-01-15,Referral,250,3.0,Qualified
5186,2025-07-13,Organic Search,480,4.3,Nurturing
5187,2025-11-29,Paid Search,126,3.7,Disqualified
5188,2025-10-21,Social,336,7.3,Disqualified
5189,2025-11-06,Organic Search,285,6.3,Nurturing
5190,2025-02-06,Partner,380,2.0,Disqualified
5191,2026-01-18,Organic Search,518,2.5,Disqualified
5192,2026-07-30,Paid Search,301,8.2,Nurturing
5193,2024-05-04,Organic Search,162,5.0,Qualified
5194,2026-03-09,Organic Search,310,6.5,Disqualified
5195,2024-05-17,Outbound,578,,Nurturing
5196,2024-05-04,Paid Search,457,1.0,Qualified
5197,2026-03-22,Referral,527,5.4,Qualified
5198,2024-11-30,Outbound,113,,Qualified
5199,2025-06-01,Referral,84,0.6,Qualified
5200,2024-03-26,Organic Search,189,12.1,Qualified
5201,2025-09-07,Outbound,125,,Nurturing
5202,2026-05-19,Referral,457,2.8,Disqualified
5203,2025-06-13,Paid Search,29,0.7,Qualified
5204,2025-06-06,Events,340,2.6,Nurturing
5205,2026-08-14,Partner,482,17.4,Qualified
5206,2025-07-31,Events,164,1.3,Disqualified
5207,2026-08-13,Referral,218,2.2,Nurturing
5208,2025-02-24,Events,392,1.3,Disqualified
5209,2024-09-08,Referral,27,3.2,Disqualified
5210,2025-12-03,Outbound,381,,Qualified
5211,2025-08-30,Referral,585,1.4,Qualified
5212,2025-10-08,Outbound,567,,Nurturing
5213,2025-08-23,Social,27,1.1,Disqualified
5214,2026-07-20,Organic Search,482,3.1,Disqualified
5215,2025-03-16,Partner,521,4.7,Nurturing
5216,2026-01-25,Events,483,1.7,Disqualified
5217,2026-08-25,Referral,90,2.0,Qualified
5218,2025-01-14,Referral,386,19.1,Nurturing
5219,2026-02-10,Organic Search,522,1.0,Qualified
5220,2026-01-01,Outbound,307,,Disqualified
5221,2026-08-04,Organic Search,120,5.6,Disqualified
5222,2024-06-10,Paid Search,533,3.4,Disqualified
5223,2025-08-14,Organic Search,393,1.2,Nurturing
5224,2025-03-22,Events,121,5.4,Qualified
5225,2024-07-12,Outbound,238,,Disqualified
5226,2026-03-07,Organic Search,433,11.0,Qualified
5227,2026-05-19,Partner,573,2.3,Disqualified
5228,2025-05-09,Events,204,4.2,Disqualified
5229,2024-08-28,Organic Search,244,0.9,Nurturing
5230,2025-10-12,Outbound,362,,Nurturing
5231,2024-11-23,Paid Search,127,2.4,Disqualified
5232,2025-11-02,Outbound,363,,Disqualified
5233,2026-06-16,Outbound,165,,Qualified
5234,2024-03-29,Partner,493,10.3,Disqualified
5235,2025-04-09,Outbound,123,,Nurturing
5236,2025-08-01,Events,220,7.0,Disqualified
5237,2026-03-29,Organic Search,281,3.8,Qualified
5238,2025-12-24,Events,364,11.3,Qualified
5239,2025-10-22,Paid Search,222,1.2,Disqualified
5240,2026-03-13,Organic Search,576,2.6,Qualified
5241,2025-07-16,Events,65,0.6,Qualified
5242,2026-04-11,Outbound,446,,Nurturing
5243,2026-05-20,Referral,77,6.2,Qualified
5244,2025-06-06,Paid Search,128,0.8,Qualified
5245,2024-04-18,Referral,258,1.5,Nurturing
5246,2026-08-31,Organic Search,485,0.9,Disqualified
5247,2026-08-23,Social,72,19.6,Disqualified
5248,2024-10-03,Outbound,148,,Nurturing
5249,2024-12-04,Referral,147,14.5,Disqualified
5250,2025-11-29,Events,547,0.8,Disqualified
5251,2026-08-04,Referral,139,1.9,Nurturing
5252,2025-09-10,Outbound,362,,Qualified
5253,2024-11-27,Organic Search,443,0.7,Qualified
5254,2026-04-03,Referral,587,5.1,Qualified
5255,2025-04-26,Paid Search,422,6.3,Disqualified
5256,2025-08-27,Social,378,1.2,Nurturing
5257,2025-10-29,Organic Search,400,5.7,Nurturing
5258,2025-09-13,Paid Search,157,7.6,Nurturing
5259,2026-09-01,Paid Search,61,8.0,Disqualified
5260,2026-09-07,Referral,19,1.0,Qualified
5261,2026-02-27,Referral,346,2.3,Qualified
5262,2025-12-26,Organic Search,599,13.0,Nurturing
5263,2026-05-30,Partner,425,27.0,Disqualified
5264,2025-01-30,Organic Search,584,2.8,Qualified
5265,2025-07-06,Paid Search,182,0.9,Disqualified
5266,2024-03-09,Events,1,2.3,Disqualified
5267,2024-06-13,Paid Search,283,6.6,Disqualified
5268,2025-02-22,Paid Search,373,0.3,Disqualified
5269,2026-05-14,Outbound,399,,Qualified
5270,2025-03-10,Organic Search,301,3.5,Nurturing
5271,2025-08-28,Social,46,17.5,Nurturing
5272,2026-02-06,Organic Search,250,1.3,Qualified
5273,2026-06-09,Organic Search,389,5.0,Nurturing
5274,2025-04-01,Paid Search,509,2.1,Nurturing
5275,2026-05-28,Partner,513,8.5,Nurturing
5276,2025-02-22,Outbound,311,,Disqualified
5277,2026-08-14,Organic Search,222,25.6,Nurturing
5278,2026-02-17,Partner,489,12.7,Nurturing
5279,2025-12-01,Referral,51,5.5,Disqualified
5280,2024-06-29,Outbound,318,,Disqualified
5281,2024-10-31,Partner,550,11.0,Nurturing
5282,2026-01-22,Referral,238,0.7,Disqualified
5283,2026-07-26,Outbound,178,,Nurturing
5284,2024-07-09,Social,238,2.0,Nurturing
5285,2026-09-11,Referral,506,0.9,Qualified
5286,2026-05-26,Organic Search,70,6.8,Disqualified
5287,2025-11-20,Outbound,100,,Disqualified
5288,2026-01-27,Outbound,205,,Disqualified
5289,2024-02-28,Organic Search,2,5.4,Disqualified
5290,2026-05-17,Referral,447,1.5,Qualified
5291,2024-06-05,Referral,84,2.1,Qualified
5292,2025-06-20,Referral,136,10.5,Qualified
5293,2026-04-21,Outbound,374,,Qualified
5294,2024-07-28,Events,449,2.7,Nurturing
5295,2026-03-08,Referral,438,1.7,Nurturing
5296,2025-03-10,Paid Search,401,18.0,Disqualified
5297,2024-08-30,Referral,149,1.4,Qualified
5298,2026-05-24,Organic Search,402,6.5,Disqualified
5299,2024-04-23,Social,267,2.2,Disqualified
5300,2026-09-02,Outbound,546,,Nurturing
5301,2025-05-27,Paid Search,325,17.8,Disqualified
5302,2024-02-25,Events,144,6.2,Disqualified
5303,2025-12-04,Paid Search,457,7.7,Nurturing
5304,2024-06-30,Social,123,0.5,Disqualified
5305,2025-10-10,Events,242,1.3,Qualified
5306,2024-09-10,Organic Search,265,1.4,Nurturing
5307,2025-10-20,Partner,508,0.7,Nurturing
5308,2024-02-25,Referral,110,7.9,Qualified
5309,2025-03-09,Events,367,27.3,Disqualified
5310,2025-06-05,Referral,133,1.0,Qualified
5311,2024-07-12,Referral,430,6.0,Disqualified
5312,2026-07-09,Paid Search,535,9.9,Disqualified
5313,2024-03-18,Organic Search,473,3.4,Nurturing
5314,2025-09-12,Partner,191,8.4,Nurturing
5315,2026-09-03,Outbound,171,,Disqualified
5316,2024-12-19,Partner,105,8.4,Nurturing
5317,2024-05-29,Paid Search,282,0.3,Qualified
5318,2025-10-04,Referral,257,0.9,Qualified
5319,2024-09-04,Paid Search,352,7.5,Qualified
5320,2026-09-19,Paid Search,584,1.7,New
5321,2026-09-03,Referral,186,0.7,Qualified
5322,2024-11-27,Events,407,2.4,Nurturing
5323,2025-08-17,Referral,577,1.1,Nurturing
5324,2024-12-20,Social,212,10.2,Disqualified
5325,2025-12-24,Referral,295,1.1,Nurturing
5326,2025-09-07,Outbound,167,,Disqualified
5327,2026-01-23,Referral,435,2.8,Disqualified
5328,2025-07-05,Organic Search,248,4.9,Qualified
5329,2024-03-29,Outbound,52,,Nurturing
5330,2026-02-06,Referral,289,1.8,Disqualified
5331,2024-07-26,Partner,347,0.7,Qualified
5332,2024-09-07,Paid Search,583,0.6,Nurturing
5333,2024-09-26,Paid Search,11,6.7,Nurturing
5334,2026-05-16,Paid Search,86,0.9,Disqualified
5335,2026-03-25,Organic Search,594,12.1,Qualified
5336,2026-06-07,Partner,262,1.2,Qualified
5337,2025-10-06,Referral,200,2.7,Qualified
5338,2026-04-25,Referral,310,3.5,Disqualified
5339,2026-02-09,Partner,418,2.4,Nurturing
5340,2025-01-24,Referral,483,0.6,Disqualified
5341,2025-02-27,Outbound,548,,Nurturing
5342,2026-05-25,Organic Search,20,5.1,Disqualified
5343,2024-08-21,Events,20,1.6,Qualified
5344,2026-06-18,Organic Search,351,1.4,Disqualified
5345,2026-01-04,Partner,357,3.8,Qualified
5346,2026-02-09,Outbound,573,,Nurturing
5347,2026-07-03,Outbound,506,,Disqualified
5348,2026-05-02,Outbound,269,,Disqualified
5349,2025-07-08,Paid Search,376,2.5,Disqualified
5350,2025-12-08,Outbound,80,,Nurturing
5351,2025-09-15,Paid Search,397,4.9,Nurturing
5352,2025-05-07,Organic Search,429,31.8,Qualified
5353,2024-12-07,Outbound,103,,Disqualified
5354,2026-03-23,Paid Search,230,7.3,Qualified
5355,2026-09-18,Organic Search,370,2.8,New
5356,2024-03-01,Organic Search,28,41.3,Nurturing
5357,2025-07-16,Organic Search,372,3.2,Nurturing
5358,2026-08-29,Referral,123,1.6,Disqualified
5359,2024-04-01,Social,365,1.4,Nurturing
5360,2025-05-04,Paid Search,33,0.5,Disqualified
5361,2025-05-02,Partner,118,1.5,Nurturing
5362,2026-09-16,Paid Search,304,2.1,Disqualified
5363,2025-06-04,Social,135,1.0,Disqualified
5364,2026-06-13,Social,358,1.1,Nurturing
5365,2025-06-25,Paid Search,41,3.0,Disqualified
5366,2025-05-30,Organic Search,431,0.8,Nurturing
5367,2024-09-05,Events,288,3.3,Qualified
5368,2026-09-03,Paid Search,578,1.3,Disqualified
5369,2025-12-02,Organic Search,324,4.9,Disqualified
5370,2025-11-16,Outbound,376,,Disqualified
5371,2025-09-19,Outbound,285,,Disqualified
5372,2025-05-18,Outbound,18,,Nurturing
5373,2026-01-07,Organic Search,192,2.2,Disqualified
5374,2026-06-10,Social,112,12.4,Disqualified
5375,2025-02-22,Outbound,254,,Disqualified
5376,2025-08-15,Outbound,36,,Nurturing
5377,2025-11-18,Outbound,125,,Qualified
5378,2025-04-09,Social,173,3.1,Qualified
5379,2025-04-23,Organic Search,124,3.2,Nurturing
5380,2026-01-09,Outbound,560,,Nurturing
5381,2025-12-01,Organic Search,368,1.7,Qualified
5382,2026-04-19,Organic Search,376,3.7,Disqualified
5383,2025-01-08,Paid Search,434,2.2,Nurturing
5384,2025-11-17,Organic Search,577,0.6,Nurturing
5385,2024-08-11,Outbound,211,,Disqualified
5386,2025-09-24,Organic Search,413,0.6,Disqualified
5387,2025-01-14,Outbound,485,,Disqualified
5388,2026-04-10,Referral,155,3.5,Nurturing
5389,2024-03-03,Social,252,2.1,Disqualified
5390,2024-10-30,Organic Search,303,1.2,Qualified
5391,2024-12-24,Referral,284,2.5,Disqualified
5392,2025-12-05,Referral,435,5.7,Disqualified
5393,2026-09-19,Partner,334,7.2,New
5394,2024-12-25,Social,282,4.7,Disqualified
5395,2026-04-24,Partner,393,6.3,Qualified
5396,2025-02-14,Outbound,426,,Disqualified
5397,2024-09-27,Partner,447,4.5,Disqualified
5398,2025-09-20,Paid Search,333,26.9,Disqualified
5399,2026-04-16,Paid Search,595,13.2,Disqualified
5400,2026-04-19,Organic Search,498,0.8,Disqualified
5401,2024-06-04,Paid Search,526,5.1,Disqualified
5402,2025-10-10,Organic Search,566,6.8,Nurturing
5403,2025-04-13,Events,569,2.5,Nurturing
5404,2025-11-11,Referral,148,5.0,Qualified
5405,2026-09-03,Organic Search,300,0.2,Disqualified
5406,2025-03-26,Outbound,367,,Disqualified
5407,2024-04-20,Referral,271,1.3,Qualified
5408,2026-03-18,Organic Search,359,8.3,Disqualified
5409,2026-01-14,Outbound,278,,Nurturing
5410,2025-07-25,Paid Search,470,6.8,Disqualified
5411,2026-09-15,Events,586,9.4,Disqualified
5412,2024-02-11,Social,78,2.8,Nurturing
5413,2026-06-10,Referral,369,0.9,Qualified
5414,2026-01-05,Paid Search,511,12.4,Disqualified
5415,2026-07-23,Events,271,1.6,Disqualified
5416,2024-08-05,Partner,85,1.6,Qualified
5417,2024-12-07,Social,378,7.4,Disqualified
5418,2025-12-11,Organic Search,519,7.1,Qualified
5419,2024-10-28,Outbound,480,,Disqualified
5420,2024-02-13,Partner,139,2.6,Nurturing
5421,2024-09-14,Paid Search,293,1.5,Disqualified
5422,2026-08-31,Organic Search,279,0.5,Disqualified
5423,2025-12-10,Events,273,4.3,Disqualified
5424,2024-04-04,Social,538,8.6,Disqualified
5425,2024-06-30,Paid Search,288,11.1,Disqualified
5426,2024-04-14,Organic Search,65,0.9,Qualified
5427,2026-03-16,Social,528,4.7,Disqualified
5428,2025-06-26,Referral,164,4.6,Disqualified
5429,2024-07-07,Organic Search,21,2.8,Qualified
5430,2026-01-18,Events,272,1.7,Disqualified
5431,2024-04-11,Referral,286,3.3,Nurturing
5432,2025-07-15,Referral,592,4.7,Disqualified
5433,2026-08-24,Outbound,405,,Qualified
5434,2024-06-30,Organic Search,585,1.0,Disqualified
5435,2026-05-03,Referral,53,12.5,Nurturing
5436,2025-11-14,Organic Search,533,0.7,Nurturing
5437,2024-08-14,Referral,5,4.5,Nurturing
5438,2025-12-27,Partner,455,14.1,Nurturing
5439,2026-08-26,Partner,266,3.0,Qualified
5440,2024-09-23,Outbound,170,,Qualified
5441,2024-01-07,Organic Search,331,9.7,Disqualified
5442,2025-03-20,Outbound,203,,Nurturing
5443,2026-01-23,Paid Search,584,1.8,Disqualified
5444,2025-03-11,Organic Search,154,2.0,Nurturing
5445,2025-09-23,Paid Search,535,10.8,Disqualified
5446,2026-05-15,Events,108,7.8,Disqualified
5447,2026-09-13,Partner,53,4.1,Disqualified
5448,2026-07-02,Outbound,278,,Nurturing
5449,2025-08-03,Organic Search,314,5.5,Disqualified
5450,2025-10-27,Outbound,178,,Disqualified
5451,2025-05-30,Organic Search,460,4.9,Disqualified
5452,2026-09-13,Partner,454,4.1,Qualified
5453,2026-01-17,Events,287,1.5,Qualified
5454,2024-12-06,Outbound,373,,Qualified
5455,2026-03-01,Outbound,472,,Disqualified
5456,2026-01-18,Paid Search,512,0.8,Disqualified
5457,2024-05-29,Referral,51,20.2,Qualified
5458,2025-07-28,Referral,371,27.9,Qualified
5459,2026-02-03,Partner,540,4.2,Qualified
5460,2024-10-18,Paid Search,138,20.6,Disqualified
5461,2025-11-12,Social,329,5.3,Disqualified
5462,2024-04-08,Organic Search,326,21.4,Disqualified
5463,2026-03-18,Outbound,64,,Nurturing
5464,2026-08-02,Organic Search,164,33.0,Disqualified
5465,2026-03-12,Outbound,264,,Disqualified
5466,2025-08-29,Organic Search,561,7.5,Disqualified
5467,2024-10-30,Events,350,8.9,Disqualified
5468,2025-09-04,Referral,572,6.3,Qualified
5469,2024-11-22,Events,192,1.8,Disqualified
5470,2025-10-07,Organic Search,197,2.9,Nurturing
5471,2024-08-02,Referral,366,6.8,Nurturing
5472,2026-01-22,Organic Search,42,1.1,Qualified
5473,2025-04-16,Paid Search,426,1.6,Nurturing
5474,2025-04-27,Organic Search,408,2.3,Disqualified
5475,2024-10-30,Paid Search,233,2.6,Nurturing
5476,2026-09-14,Outbound,299,,Disqualified
5477,2026-05-02,Events,50,2.1,Disqualified
5478,2026-05-04,Organic Search,509,1.3,Disqualified
5479,2025-06-29,Organic Search,542,2.2,Qualified
5480,2025-03-23,Outbound,576,,Disqualified
5481,2024-10-14,Social,215,1.0,Disqualified
5482,2026-06-12,Partner,388,2.1,Nurturing
5483,2025-12-21,Paid Search,400,6.1,Nurturing
5484,2024-02-27,Referral,151,1.6,Nurturing
5485,2025-01-15,Organic Search,461,5.2,Qualified
5486,2024-07-28,Outbound,205,,Disqualified
5487,2025-08-29,Partner,340,1.6,Nurturing
5488,2024-08-21,Paid Search,47,2.4,Disqualified
5489,2025-04-24,Events,492,2.1,Qualified
5490,2025-11-08,Outbound,50,,Nurturing
5491,2025-10-05,Paid Search,247,0.9,Disqualified
5492,2026-01-11,Partner,24,9.6,Nurturing
5493,2025-05-13,Paid Search,210,4.0,Disqualified
5494,2024-10-05,Partner,558,1.2,Disqualified
5495,2026-05-22,Paid Search,356,1.1,Nurturing
5496,2025-06-25,Paid Search,342,2.5,Nurturing
5497,2025-09-04,Organic Search,198,2.8,Nurturing
5498,2024-10-10,Paid Search,385,1.5,Nurturing
5499,2024-05-27,Events,253,7.9,Qualified
5500,2026-02-21,Paid Search,153,0.9,Disqualified
5501,2026-06-29,Paid Search,369,3.5,Qualified
5502,2024-01-28,Organic Search,42,4.1,Nurturing
5503,2025-08-21,Paid Search,303,7.1,Qualified
5504,2026-07-22,Paid Search,200,28.9,Qualified
5505,2024-03-12,Referral,481,5.1,Qualified
5506,2025-07-21,Outbound,148,,Disqualified
5507,2025-01-23,Paid Search,410,3.6,Nurturing
5508,2026-01-12,Paid Search,437,7.5,Nurturing
5509,2025-04-27,Referral,77,0.9,Qualified
5510,2025-09-30,Outbound,526,,Disqualified
5511,2026-01-18,Referral,243,41.3,Nurturing
5512,2026-06-26,Events,128,7.1,Nurturing
5513,2025-03-20,Outbound,154,,Nurturing
5514,2025-06-27,Referral,188,3.8,Qualified
5515,2025-11-07,Events,34,3.3,Disqualified
5516,2025-09-17,Paid Search,554,13.9,Qualified
5517,2026-07-07,Events,223,2.3,Disqualified
5518,2026-08-24,Outbound,364,,Disqualified
5519,2026-03-14,Organic Search,46,2.3,Nurturing
5520,2026-02-10,Organic Search,600,0.4,Qualified
5521,2024-11-21,Events,570,2.2,Disqualified
5522,2025-09-22,Paid Search,488,13.6,Nurturing
5523,2025-03-20,Paid Search,181,3.2,Disqualified
5524,2025-04-24,Organic Search,537,1.5,Qualified
5525,2024-08-10,Partner,578,1.9,Disqualified
5526,2024-12-23,Social,368,5.5,Nurturing
5527,2025-06-02,Social,470,5.8,Disqualified
5528,2026-04-03,Organic Search,554,3.0,Nurturing
5529,2024-02-16,Outbound,29,,Nurturing
5530,2024-12-13,Referral,451,22.1,Qualified
5531,2026-07-24,Referral,49,5.1,Qualified
5532,2024-12-13,Paid Search,435,1.3,Disqualified
5533,2025-11-16,Partner,15,3.7,Disqualified
5534,2025-07-12,Referral,423,2.2,Disqualified
5535,2025-11-27,Outbound,312,,Disqualified
5536,2026-03-06,Organic Search,2,1.2,Nurturing
5537,2025-01-07,Paid Search,263,13.6,Qualified
5538,2026-08-21,Social,300,7.1,Disqualified
5539,2026-01-16,Organic Search,64,34.3,Nurturing
5540,2025-07-06,Outbound,99,,Qualified
5541,2025-10-09,Outbound,162,,Nurturing
5542,2024-12-21,Organic Search,558,3.2,Nurturing
5543,2026-02-16,Outbound,430,,Qualified
5544,2024-09-28,Events,499,5.8,Disqualified
5545,2024-10-20,Organic Search,42,2.8,Disqualified
5546,2025-09-11,Partner,524,1.0,Qualified
5547,2024-07-14,Outbound,360,,Disqualified
5548,2025-11-07,Referral,491,6.1,Nurturing
5549,2025-10-12,Events,534,0.4,Nurturing
5550,2026-08-03,Partner,313,2.7,Qualified
5551,2024-12-20,Organic Search,384,2.3,Nurturing
5552,2025-06-05,Paid Search,160,4.6,Disqualified
5553,2024-06-27,Partner,581,0.7,Qualified
5554,2026-06-25,Referral,295,0.9,Disqualified
5555,2024-09-14,Outbound,383,,Disqualified
5556,2025-08-01,Events,289,3.8,Disqualified
5557,2024-08-19,Outbound,401,,Disqualified
5558,2025-10-02,Outbound,269,,Qualified
5559,2026-08-21,Organic Search,52,2.7,Disqualified
5560,2025-01-11,Referral,510,3.2,Qualified
5561,2026-08-24,Outbound,579,,Qualified
5562,2026-07-03,Outbound,166,,Disqualified
5563,2024-07-26,Partner,264,2.6,Qualified
5564,2026-07-04,Paid Search,451,0.7,Qualified
5565,2024-10-13,Events,583,5.2,Nurturing
5566,2025-11-05,Paid Search,320,4.6,Disqualified
5567,2025-02-26,Paid Search,295,5.5,Nurturing
5568,2025-02-07,Referral,87,1.4,Qualified
5569,2026-09-07,Referral,349,0.4,Qualified
5570,2025-10-31,Events,269,2.0,Disqualified
5571,2024-12-18,Paid Search,28,10.2,Disqualified
5572,2025-11-12,Referral,70,5.3,Disqualified
5573,2026-07-09,Paid Search,367,0.7,Disqualified
5574,2024-01-14,Social,388,1.7,Disqualified
5575,2024-09-10,Organic Search,33,1.8,Nurturing
5576,2024-05-12,Paid Search,324,3.3,Nurturing
5577,2025-02-25,Paid Search,444,7.1,Disqualified
5578,2026-04-30,Outbound,411,,Nurturing
5579,2025-06-16,Referral,156,3.6,Disqualified
5580,2025-06-13,Referral,188,1.6,Nurturing
5581,2026-06-12,Referral,491,5.1,Qualified
5582,2025-08-18,Events,93,0.8,Nurturing
5583,2026-02-12,Outbound,405,,Disqualified
5584,2025-07-31,Paid Search,266,2.9,Nurturing
5585,2026-06-29,Events,272,5.3,Nurturing
5586,2026-04-05,Outbound,325,,Nurturing
5587,2026-04-14,Organic Search,493,1.0,Nurturing
5588,2025-03-06,Social,166,1.6,Qualified
5589,2024-07-14,Paid Search,445,0.4,Qualified
5590,2025-01-22,Partner,304,1.6,Qualified
5591,2025-02-15,Organic Search,328,1.7,Disqualified
5592,2026-06-02,Outbound,88,,Disqualified
5593,2025-05-01,Outbound,234,,Disqualified
5594,2025-08-05,Referral,205,10.0,Qualified
5595,2026-07-01,Events,234,5.1,Qualified
5596,2026-06-18,Referral,300,14.2,Qualified
5597,2026-09-04,Referral,48,9.2,Nurturing
5598,2024-06-25,Paid Search,56,2.0,Disqualified
5599,2025-12-15,Organic Search,126,2.9,Nurturing
5600,2025-01-06,Organic Search,109,2.5,Disqualified
5601,2025-10-18,Outbound,546,,Disqualified
5602,2024-11-25,Social,104,5.7,Qualified
5603,2024-03-19,Outbound,454,,Qualified
5604,2026-09-01,Organic Search,83,1.1,Nurturing
5605,2025-01-27,Outbound,109,,Nurturing
5606,2025-10-18,Outbound,543,,Disqualified
5607,2024-08-02,Organic Search,29,10.4,Nurturing
5608,2026-06-04,Outbound,262,,Disqualified
5609,2024-09-08,Organic Search,214,1.1,Nurturing
5610,2025-10-15,Outbound,38,,Nurturing
5611,2025-06-27,Paid Search,561,3.2,Disqualified
5612,2025-09-23,Organic Search,425,2.8,Nurturing
5613,2025-01-04,Events,11,9.0,Disqualified
5614,2024-05-23,Organic Search,396,6.1,Nurturing
5615,2026-04-23,Paid Search,218,5.9,Disqualified
5616,2026-04-22,Organic Search,17,1.4,Nurturing
5617,2025-09-09,Organic Search,158,1.9,Nurturing
5618,2026-07-23,Outbound,323,,Disqualified
5619,2025-09-04,Social,126,15.1,Nurturing
5620,2026-09-09,Social,314,11.6,Nurturing
5621,2025-10-27,Paid Search,559,1.5,Nurturing
5622,2025-03-06,Outbound,449,,Disqualified
5623,2025-06-16,Outbound,208,,Disqualified
5624,2025-11-25,Paid Search,76,5.8,Nurturing
5625,2024-12-18,Events,438,1.7,Disqualified
5626,2024-10-17,Outbound,530,,Nurturing
5627,2025-10-15,Outbound,485,,Disqualified
5628,2025-01-01,Paid Search,354,5.6,Disqualified
5629,2026-03-03,Organic Search,57,1.0,Disqualified
5630,2025-12-02,Paid Search,588,6.8,Qualified
5631,2024-02-02,Organic Search,426,27.8,Disqualified
5632,2024-10-29,Social,553,7.2,Nurturing
5633,2025-06-08,Outbound,67,,Nurturing
5634,2026-08-28,Outbound,143,,Nurturing
5635,2025-11-10,Events,393,6.9,Disqualified
5636,2025-02-09,Social,94,1.4,Nurturing
5637,2024-10-10,Events,332,1.4,Disqualified
5638,2026-06-23,Organic Search,143,4.0,Qualified
5639,2025-05-24,Organic Search,444,4.8,Nurturing
5640,2026-09-08,Organic Search,567,5.1,Disqualified
5641,2026-08-12,Events,517,5.0,Qualified
5642,2024-01-20,Organic Search,185,18.7,Nurturing
5643,2026-01-16,Outbound,337,,Disqualified
5644,2025-11-19,Social,368,1.2,Disqualified
5645,2026-04-07,Organic Search,11,16.9,Nurturing
5646,2024-09-26,Social,574,11.5,Qualified
5647,2026-05-22,Referral,467,6.3,Nurturing
5648,2025-11-04,Organic Search,382,8.0,Nurturing
5649,2024-09-25,Partner,131,27.2,Qualified
5650,2025-01-14,Organic Search,410,3.4,Qualified
5651,2025-09-12,Social,539,4.6,Nurturing
5652,2025-03-31,Outbound,203,,Nurturing
5653,2026-07-19,Events,83,24.5,Qualified
5654,2025-07-04,Organic Search,37,6.2,Disqualified
5655,2024-10-12,Outbound,495,,Nurturing
5656,2026-04-11,Paid Search,533,1.1,Disqualified
5657,2026-04-14,Partner,495,2.0,Disqualified
5658,2024-05-21,Outbound,52,,Nurturing
5659,2024-01-19,Organic Search,90,1.4,Disqualified
5660,2026-05-10,Events,388,0.1,Disqualified
5661,2026-08-16,Partner,444,4.0,Qualified
5662,2025-07-13,Outbound,163,,Nurturing
5663,2024-12-21,Paid Search,413,9.6,Qualified
5664,2026-07-05,Organic Search,527,1.2,Disqualified
5665,2024-06-06,Paid Search,209,0.8,Disqualified
5666,2025-01-03,Partner,159,10.9,Disqualified
5667,2024-04-17,Organic Search,54,0.5,Qualified
5668,2025-09-06,Partner,303,3.2,Disqualified
5669,2024-02-12,Referral,348,1.8,Disqualified
5670,2024-07-23,Paid Search,555,4.7,Nurturing
5671,2026-05-19,Social,146,7.6,Disqualified
5672,2024-07-26,Paid Search,230,5.1,Qualified
5673,2025-12-21,Events,325,9.4,Qualified
5674,2025-08-17,Outbound,598,,Disqualified
5675,2025-01-25,Outbound,509,,Disqualified
5676,2026-02-06,Paid Search,339,4.0,Qualified
5677,2025-03-28,Paid Search,71,0.6,Nurturing
5678,2024-04-28,Referral,544,3.0,Qualified
5679,2025-10-20,Events,148,3.6,Qualified
5680,2025-04-12,Outbound,201,,Disqualified
5681,2026-06-12,Organic Search,484,4.3,Disqualified
5682,2025-05-08,Social,507,13.2,Disqualified
5683,2025-07-19,Outbound,303,,Disqualified
5684,2026-03-27,Paid Search,33,0.4,Disqualified
5685,2024-10-17,Organic Search,109,6.8,Disqualified
5686,2025-03-10,Outbound,413,,Nurturing
5687,2024-07-12,Outbound,172,,Nurturing
5688,2025-04-11,Paid Search,425,1.7,Qualified
5689,2024-12-22,Organic Search,592,2.5,Qualified
5690,2024-11-02,Partner,398,3.2,Disqualified
5691,2024-10-17,Outbound,126,,Qualified
5692,2024-07-01,Organic Search,409,5.8,Qualified
5693,2024-06-13,Organic Search,101,3.9,Disqualified
5694,2024-12-03,Outbound,413,,Nurturing
5695,2024-10-10,Partner,365,1.3,Qualified
5696,2026-01-01,Referral,186,11.4,Disqualified
5697,2024-04-08,Partner,350,32.6,Disqualified
5698,2025-03-23,Partner,343,5.4,Disqualified
5699,2026-09-09,Events,596,2.3,Qualified
5700,2024-10-23,Organic Search,145,15.1,Qualified
5701,2026-03-16,Organic Search,14,2.6,Disqualified
5702,2025-10-17,Organic Search,278,2.8,Qualified
5703,2026-04-26,Outbound,290,,Disqualified
5704,2024-01-22,Events,340,2.1,Disqualified
5705,2025-04-19,Events,266,6.0,Qualified
5706,2025-03-25,Organic Search,549,5.0,Nurturing
5707,2026-03-12,Organic Search,278,0.6,Qualified
5708,2025-12-21,Events,57,3.4,Qualified
5709,2026-03-10,Referral,125,2.7,Nurturing
5710,2026-03-03,Referral,265,2.4,Qualified
5711,2025-08-09,Paid Search,377,2.5,Nurturing
5712,2024-01-09,Organic Search,209,0.8,Disqualified
5713,2025-08-30,Outbound,545,,Disqualified
5714,2025-06-01,Partner,589,3.8,Disqualified
5715,2025-11-14,Social,283,1.0,Nurturing
5716,2025-04-07,Partner,47,4.4,Qualified
5717,2025-04-26,Events,131,6.7,Disqualified
5718,2025-05-04,Organic Search,195,12.9,Nurturing
5719,2024-08-10,Social,24,3.9,Nurturing
5720,2025-05-01,Paid Search,156,0.8,Nurturing
5721,2025-12-22,Events,389,4.6,Qualified
5722,2025-05-24,Organic Search,456,4.4,Nurturing
5723,2026-08-09,Outbound,152,,Qualified
5724,2025-01-18,Outbound,587,,Nurturing
5725,2026-05-03,Referral,29,4.2,Qualified
5726,2026-05-17,Organic Search,393,67.9,Qualified
5727,2025-03-31,Social,63,0.3,Nurturing
5728,2025-12-04,Social,326,3.1,Nurturing
5729,2026-01-08,Paid Search,213,4.7,Disqualified
5730,2025-09-01,Paid Search,345,5.1,Disqualified
5731,2024-09-01,Social,459,2.0,Nurturing
5732,2026-09-02,Social,546,1.0,Qualified
5733,2024-05-21,Paid Search,68,0.7,Nurturing
5734,2026-08-09,Social,235,2.4,Nurturing
5735,2026-07-19,Social,316,2.9,Nurturing
5736,2024-10-13,Organic Search,99,3.2,Disqualified
5737,2024-04-21,Paid Search,227,6.8,Disqualified
5738,2025-10-04,Outbound,50,,Disqualified
5739,2025-06-17,Outbound,329,,Nurturing
5740,2025-05-28,Events,446,2.1,Disqualified
5741,2026-01-14,Referral,217,0.8,Qualified
5742,2025-01-18,Organic Search,136,0.9,Qualified
5743,2024-08-14,Outbound,379,,Qualified
5744,2024-05-25,Outbound,441,,Disqualified
5745,2026-05-31,Paid Search,103,1.5,Disqualified
5746,2025-10-10,Events,198,4.8,Nurturing
5747,2026-03-21,Paid Search,269,2.0,Disqualified
5748,2025-02-06,Outbound,463,,Disqualified
5749,2025-04-04,Organic Search,250,1.1,Qualified
5750,2025-08-27,Referral,355,8.6,Qualified
5751,2024-06-25,Partner,451,2.0,Nurturing
5752,2026-01-31,Paid Search,594,0.4,Qualified
5753,2026-06-30,Organic Search,234,4.7,Disqualified
5754,2026-02-11,Outbound,314,,Qualified
5755,2025-10-26,Partner,86,1.5,Nurturing
5756,2026-08-14,Outbound,133,,Nurturing
5757,2026-03-28,Referral,123,6.6,Qualified
5758,2025-04-28,Referral,546,0.9,Qualified
5759,2025-12-30,Social,110,5.4,Disqualified
5760,2024-08-14,Organic Search,134,1.5,Disqualified
5761,2024-09-03,Outbound,62,,Disqualified
5762,2024-03-01,Outbound,147,,Qualified
5763,2024-03-15,Outbound,184,,Disqualified
5764,2024-12-30,Outbound,364,,Nurturing
5765,2025-08-09,Outbound,566,,Disqualified
5766,2026-02-09,Events,258,1.6,Disqualified
5767,2025-04-07,Partner,393,2.8,Qualified
5768,2024-10-04,Events,210,3.4,Disqualified
5769,2026-01-04,Paid Search,197,4.3,Nurturing
5770,2024-07-02,Organic Search,208,6.7,Qualified
5771,2026-07-02,Events,117,8.7,Qualified
5772,2026-02-15,Paid Search,442,0.8,Nurturing
5773,2025-06-01,Organic Search,277,1.9,Nurturing
5774,2026-04-22,Paid Search,45,15.5,Disqualified
5775,2025-09-17,Organic Search,496,4.9,Qualified
5776,2024-10-25,Paid Search,91,7.4,Disqualified
5777,2025-09-10,Outbound,107,,Disqualified
5778,2025-06-06,Paid Search,86,2.6,Disqualified
5779,2025-07-16,Partner,437,2.6,Nurturing
5780,2026-02-11,Partner,488,4.4,Disqualified
5781,2024-04-14,Referral,386,5.4,Qualified
5782,2026-06-19,Events,353,2.7,Qualified
5783,2025-07-30,Paid Search,443,9.4,Disqualified
5784,2025-06-20,Outbound,539,,Disqualified
5785,2025-03-17,Paid Search,580,1.5,Disqualified
5786,2026-08-24,Organic Search,102,18.5,Qualified
5787,2025-01-20,Organic Search,119,10.3,Qualified
5788,2025-11-20,Events,491,10.4,Qualified
5789,2026-03-13,Partner,98,1.4,Qualified
5790,2024-04-16,Social,407,4.4,Disqualified
5791,2024-08-25,Organic Search,361,7.0,Nurturing
5792,2026-08-05,Outbound,215,,Disqualified
5793,2024-10-25,Organic Search,414,2.1,Qualified
5794,2025-08-14,Events,402,4.7,Disqualified
5795,2026-09-19,Organic Search,509,2.7,Qualified
5796,2025-09-11,Paid Search,58,3.5,Nurturing
5797,2024-07-14,Referral,594,30.2,Qualified
5798,2024-05-21,Outbound,451,,Nurturing
5799,2026-09-13,Partner,132,1.7,Disqualified
5800,2024-06-11,Events,556,5.5,Disqualified
5801,2026-09-03,Social,11,8.1,Disqualified
5802,2026-03-24,Partner,56,2.4,Disqualified
5803,2024-01-30,Social,64,1.3,Nurturing
5804,2026-08-18,Events,323,0.8,Qualified
5805,2025-02-22,Social,54,3.7,Nurturing
5806,2025-08-30,Events,71,3.2,Nurturing
5807,2026-04-05,Organic Search,263,6.2,Qualified
5808,2025-04-18,Paid Search,565,1.2,Nurturing
5809,2026-06-29,Events,491,0.4,Qualified
5810,2026-02-28,Outbound,473,,Qualified
5811,2026-09-19,Outbound,255,,New
5812,2026-06-15,Paid Search,51,5.2,Disqualified
5813,2024-02-13,Social,573,24.4,Disqualified
5814,2024-10-02,Social,455,2.0,Nurturing
5815,2024-10-03,Organic Search,351,0.6,Disqualified
5816,2025-03-03,Organic Search,169,3.3,Nurturing
5817,2025-08-07,Organic Search,429,0.2,Disqualified
5818,2025-06-24,Outbound,73,,Nurturing
5819,2024-11-10,Organic Search,85,2.7,Qualified
5820,2025-04-27,Outbound,420,,Nurturing
5821,2025-04-08,Organic Search,572,3.4,Nurturing
5822,2025-12-23,Outbound,125,,Qualified
5823,2024-11-15,Outbound,392,,Nurturing
5824,2026-01-07,Referral,392,0.8,Nurturing
5825,2025-09-10,Partner,158,4.2,Disqualified
5826,2025-10-13,Paid Search,76,2.6,Disqualified
5827,2026-01-09,Social,392,0.8,Disqualified
5828,2024-11-16,Referral,249,17.4,Disqualified
5829,2024-06-02,Paid Search,587,9.6,Qualified
5830,2025-05-22,Paid Search,518,4.5,Qualified
5831,2024-12-30,Organic Search,236,8.0,Disqualified
5832,2024-09-27,Organic Search,330,5.1,Disqualified
5833,2024-07-22,Referral,257,2.2,Disqualified
5834,2024-03-30,Paid Search,545,15.7,Disqualified
5835,2026-01-25,Paid Search,263,2.4,Disqualified
5836,2024-11-02,Organic Search,371,3.3,Disqualified
5837,2025-03-22,Outbound,293,,Qualified
5838,2026-06-08,Events,520,1.6,Disqualified
5839,2025-03-20,Outbound,412,,Nurturing
5840,2025-06-03,Events,365,1.7,Nurturing
5841,2024-05-30,Paid Search,166,6.5,Disqualified
5842,2024-11-28,Organic Search,600,3.2,Disqualified
5843,2025-06-01,Referral,46,2.9,Qualified
5844,2024-10-12,Social,187,6.2,Disqualified
5845,2025-03-07,Paid Search,517,2.2,Disqualified
5846,2026-05-10,Social,384,2.9,Disqualified
5847,2025-03-08,Referral,559,4.9,Qualified
5848,2026-06-19,Organic Search,176,4.1,Nurturing
5849,2025-05-06,Outbound,124,,Disqualified
5850,2026-06-17,Referral,348,2.4,Disqualified
5851,2026-08-31,Organic Search,169,10.2,Nurturing
5852,2026-08-08,Organic Search,442,4.1,Qualified
5853,2025-12-29,Organic Search,40,1.8,Qualified
5854,2025-08-02,Organic Search,127,5.6,Disqualified
5855,2025-12-11,Outbound,578,,Disqualified
5856,2025-02-22,Partner,5,3.2,Qualified
5857,2026-06-05,Paid Search,244,4.5,Disqualified
5858,2026-05-19,Referral,199,8.8,Disqualified
5859,2026-03-21,Outbound,182,,Disqualified
5860,2026-03-16,Outbound,297,,Nurturing
5861,2025-01-07,Partner,297,4.1,Qualified
5862,2025-07-18,Organic Search,187,0.9,Disqualified
5863,2024-04-06,Organic Search,455,0.9,Nurturing
5864,2026-04-12,Organic Search,534,10.9,Qualified
5865,2025-12-04,Organic Search,55,1.0,Qualified
5866,2026-07-23,Organic Search,510,46.5,Qualified
5867,2024-09-10,Paid Search,594,9.4,Disqualified
5868,2025-08-02,Outbound,598,,Nurturing
5869,2024-12-05,Organic Search,410,3.2,Disqualified
5870,2026-03-26,Paid Search,83,4.1,Nurturing
5871,2024-03-04,Organic Search,270,1.1,Disqualified
5872,2026-02-20,Organic Search,517,11.7,Qualified
5873,2024-11-26,Outbound,393,,Nurturing
5874,2026-04-06,Partner,388,5.5,Qualified
5875,2024-07-20,Events,247,4.2,Disqualified
5876,2025-08-01,Events,549,1.2,Nurturing
5877,2024-12-04,Outbound,114,,Disqualified
5878,2024-03-28,Social,204,2.3,Disqualified
5879,2026-08-14,Outbound,365,,Disqualified
5880,2025-06-14,Paid Search,598,1.1,Disqualified
5881,2026-04-25,Events,76,5.3,Qualified
5882,2025-08-19,Events,95,5.0,Disqualified
5883,2024-08-03,Organic Search,353,5.3,Qualified
5884,2026-01-10,Referral,4,9.3,Disqualified
5885,2025-02-18,Organic Search,80,13.6,Disqualified
5886,2025-08-10,Events,127,4.1,Nurturing
5887,2026-02-23,Partner,86,2.6,Qualified
5888,2026-01-06,Paid Search,372,15.7,Disqualified
5889,2025-05-21,Outbound,29,,Disqualified
5890,2026-08-24,Partner,431,5.5,Nurturing
5891,2025-11-14,Social,264,6.1,Disqualified
5892,2026-04-21,Paid Search,2,14.1,Qualified
5893,2024-01-27,Outbound,6,,Nurturing
5894,2025-12-24,Outbound,585,,Disqualified
5895,2026-07-02,Outbound,594,,Disqualified
5896,2024-09-18,Organic Search,244,3.7,Qualified
5897,2024-11-29,Partner,507,1.4,Qualified
5898,2025-03-05,Organic Search,504,1.0,Disqualified
5899,2025-04-29,Outbound,108,,Disqualified
5900,2026-05-18,Outbound,143,,Disqualified
5901,2025-11-26,Organic Search,362,0.7,Qualified
5902,2025-05-29,Organic Search,287,1.3,Disqualified
5903,2024-01-13,Referral,585,4.8,Qualified
5904,2024-09-03,Paid Search,440,9.5,Disqualified
5905,2024-12-13,Paid Search,410,7.8,Nurturing
5906,2024-10-08,Outbound,600,,Nurturing
5907,2025-12-05,Paid Search,537,0.8,Disqualified
5908,2026-06-12,Referral,256,3.3,Qualified
5909,2026-08-26,Paid Search,583,0.3,Disqualified
5910,2024-09-07,Referral,482,0.7,Nurturing
5911,2026-03-18,Paid Search,73,3.7,Disqualified
5912,2025-08-09,Organic Search,467,2.3,Disqualified
5913,2026-07-22,Organic Search,22,5.7,Disqualified
5914,2026-08-31,Paid Search,402,3.8,Nurturing
5915,2025-04-21,Paid Search,336,3.5,Disqualified
5916,2026-08-28,Paid Search,274,2.5,Disqualified
5917,2025-03-02,Referral,399,5.8,Disqualified
5918,2025-10-18,Organic Search,198,5.2,Disqualified
5919,2025-09-10,Outbound,146,,Nurturing
5920,2024-05-22,Referral,580,0.8,Qualified
5921,2025-02-20,Paid Search,180,2.3,Disqualified
5922,2025-03-01,Referral,109,5.0,Disqualified
5923,2026-07-18,Social,312,1.3,Nurturing
5924,2026-08-02,Organic Search,368,26.2,Disqualified
5925,2026-09-16,Partner,396,1.9,Nurturing
5926,2025-06-01,Organic Search,181,1.1,Disqualified
5927,2024-04-09,Events,110,0.8,Nurturing
5928,2026-01-28,Paid Search,252,1.4,Qualified
5929,2026-08-29,Events,493,7.4,Qualified
5930,2024-12-12,Outbound,257,,Disqualified
5931,2025-04-09,Organic Search,339,1.6,Qualified
5932,2026-04-10,Events,41,5.6,Qualified
5933,2025-02-08,Outbound,68,,Nurturing
5934,2026-01-29,Organic Search,9,1.5,Nurturing
5935,2026-08-25,Organic Search,137,6.7,Disqualified
5936,2024-12-11,Events,81,5.1,Qualified
5937,2024-05-18,Paid Search,192,8.7,Disqualified
5938,2024-10-18,Paid Search,146,11.6,Disqualified
5939,2025-12-18,Events,87,2.9,Nurturing
5940,2025-06-25,Organic Search,64,1.3,Nurturing
5941,2025-04-16,Outbound,560,,Nurturing
5942,2024-12-23,Outbound,231,,Disqualified
5943,2025-08-10,Organic Search,110,2.1,Qualified
5944,2024-08-21,Events,464,6.8,Qualified
5945,2025-12-15,Paid Search,285,11.8,Disqualified
5946,2025-07-09,Paid Search,514,8.3,Nurturing
5947,2024-09-10,Social,196,3.7,Nurturing
5948,2024-09-08,Partner,53,2.0,Disqualified
5949,2025-09-14,Organic Search,367,22.8,Disqualified
5950,2024-11-05,Organic Search,108,1.0,Nurturing
5951,2026-06-18,Organic Search,550,1.0,Nurturing
5952,2026-07-22,Outbound,486,,Qualified
5953,2024-04-16,Outbound,191,,Disqualified
5954,2025-05-10,Paid Search,113,0.7,Disqualified
5955,2024-03-28,Paid Search,329,3.3,Nurturing
5956,2024-12-10,Organic Search,457,4.0,Disqualified
5957,2025-02-07,Outbound,8,,Qualified
5958,2026-07-27,Outbound,181,,Qualified
5959,2026-08-08,Organic Search,155,1.5,Qualified
5960,2024-09-17,Referral,561,3.3,Nurturing
5961,2024-04-17,Organic Search,83,2.6,Disqualified
5962,2026-02-01,Paid Search,90,2.1,Disqualified
5963,2026-03-28,Outbound,28,,Disqualified
5964,2026-07-02,Organic Search,327,2.2,Qualified
5965,2026-01-26,Outbound,343,,Disqualified
5966,2025-04-20,Paid Search,440,5.1,Qualified
5967,2025-01-14,Organic Search,113,0.3,Nurturing
5968,2026-08-02,Referral,361,1.2,Qualified
5969,2026-03-24,Organic Search,405,0.8,Nurturing
5970,2024-06-22,Outbound,450,,Nurturing
5971,2025-05-11,Organic Search,414,9.1,Disqualified
5972,2025-08-28,Organic Search,485,6.4,Qualified
5973,2025-08-24,Outbound,425,,Disqualified
5974,2026-08-30,Organic Search,308,10.4,Qualified
5975,2024-04-15,Paid Search,240,3.3,Nurturing
5976,2025-09-28,Partner,333,6.8,Disqualified
5977,2026-09-27,Organic Search,353,2.6,New
5978,2026-03-02,Organic Search,547,5.0,Qualified
5979,2026-05-04,Events,236,1.5,Nurturing
5980,2026-02-19,Partner,585,9.8,Nurturing
5981,2026-07-12,Paid Search,364,0.4,Disqualified
5982,2025-06-18,Outbound,454,,Disqualified
5983,2025-08-15,Organic Search,457,1.4,Qualified
5984,2024-05-02,Organic Search,151,1.2,Qualified
5985,2026-01-07,Paid Search,206,0.4,Disqualified
5986,2025-03-18,Organic Search,237,4.0,Qualified
5987,2024-12-20,Organic Search,450,0.7,Disqualified
5988,2024-12-22,Organic Search,280,3.9,Qualified
5989,2026-01-19,Events,237,4.6,Nurturing
5990,2024-04-29,Organic Search,66,6.4,Qualified
5991,2025-11-20,Outbound,370,,Nurturing
5992,2025-06-10,Social,180,2.7,Disqualified
5993,2026-01-28,Social,555,4.6,Disqualified
5994,2026-09-05,Paid Search,244,14.9,Nurturing
5995,2025-03-28,Organic Search,117,1.1,Qualified
5996,2024-05-06,Paid Search,314,4.6,Nurturing
5997,2026-06-03,Organic Search,293,2.2,Disqualified
5998,2025-06-16,Paid Search,160,0.3,Nurturing
5999,2024-12-13,Paid Search,97,4.8,Nurturing
6000,2025-07-31,Outbound,593,,Nurturing
6001,2025-03-24,Outbound,12,,Disqualified
6002,2025-10-10,Referral,296,0.9,Nurturing
6003,2024-12-14,Organic Search,548,9.5,Nurturing
6004,2025-10-24,Organic Search,35,0.8,Disqualified
6005,2025-06-18,Events,416,3.1,Disqualified
6006,2025-08-18,Organic Search,131,3.3,Qualified
6007,2025-09-21,Paid Search,314,6.6,Qualified
6008,2024-05-12,Outbound,310,,Nurturing
6009,2024-06-10,Partner,100,2.7,Disqualified
6010,2024-07-14,Paid Search,530,1.4,Disqualified
6011,2025-04-05,Partner,416,0.8,Qualified
6012,2024-12-18,Social,293,3.6,Nurturing
6013,2025-05-07,Outbound,209,,Nurturing
6014,2025-11-29,Organic Search,399,2.1,Disqualified
6015,2025-06-14,Referral,130,4.4,Nurturing
6016,2024-12-05,Paid Search,212,0.9,Qualified
6017,2026-06-19,Outbound,62,,Nurturing
6018,2025-01-29,Paid Search,449,8.6,Nurturing
6019,2026-05-14,Partner,531,3.1,Nurturing
6020,2026-05-08,Events,410,7.8,Disqualified
6021,2025-05-20,Paid Search,478,16.9,Disqualified
6022,2025-10-01,Organic Search,405,27.0,Disqualified
6023,2024-03-18,Outbound,535,,Disqualified
6024,2025-12-28,Paid Search,402,2.3,Disqualified
6025,2026-03-02,Partner,553,0.7,Disqualified
6026,2024-03-07,Partner,389,5.8,Nurturing
6027,2026-05-08,Social,224,4.2,Disqualified
6028,2025-01-09,Events,112,14.5,Qualified
6029,2025-08-30,Partner,72,2.6,Nurturing
6030,2026-04-03,Partner,554,5.2,Disqualified
6031,2025-05-09,Outbound,336,,Disqualified
6032,2024-02-15,Events,24,6.4,Nurturing
6033,2024-04-25,Outbound,64,,Disqualified
6034,2026-07-06,Referral,366,3.1,Qualified
6035,2026-06-19,Events,452,9.3,Nurturing
6036,2026-06-13,Partner,130,6.4,Disqualified
6037,2024-09-23,Outbound,571,,Nurturing
6038,2024-07-23,Outbound,84,,Nurturing
6039,2026-05-22,Paid Search,119,2.3,Disqualified
6040,2025-05-10,Organic Search,77,3.5,Disqualified
6041,2026-03-17,Events,207,2.3,Nurturing
6042,2026-04-25,Referral,165,3.0,Nurturing
6043,2025-02-06,Partner,388,4.9,Qualified
6044,2025-05-05,Outbound,340,,Nurturing
6045,2025-06-29,Referral,133,5.6,Nurturing
6046,2024-04-23,Social,59,1.1,Disqualified
6047,2024-04-08,Outbound,384,,Nurturing
6048,2024-01-29,Partner,174,2.8,Nurturing
6049,2025-05-31,Outbound,199,,Nurturing
6050,2025-10-30,Referral,475,1.3,Disqualified
6051,2026-04-15,Social,159,0.7,Qualified
6052,2024-04-01,Paid Search,45,8.1,Nurturing
6053,2025-07-20,Referral,71,2.7,Disqualified
6054,2025-07-24,Organic Search,450,1.7,Qualified
6055,2025-01-31,Social,136,2.9,Disqualified
6056,2026-02-23,Outbound,167,,Disqualified
6057,2025-05-12,Events,155,3.3,Qualified
6058,2024-07-23,Paid Search,89,10.4,Nurturing
6059,2026-01-02,Partner,599,3.0,Nurturing
6060,2025-03-05,Paid Search,25,0.5,Disqualified
6061,2024-05-23,Referral,203,2.9,Qualified
6062,2024-09-12,Events,401,2.6,Nurturing
6063,2025-12-07,Referral,478,22.3,Disqualified
6064,2026-06-10,Organic Search,55,0.9,Disqualified
6065,2024-07-01,Organic Search,104,0.8,Qualified
6066,2024-09-21,Paid Search,279,6.1,Qualified
6067,2024-06-15,Referral,470,1.0,Disqualified
6068,2026-04-26,Referral,13,1.1,Qualified
6069,2025-12-13,Paid Search,408,5.5,Qualified
6070,2026-01-02,Organic Search,322,0.4,Qualified
6071,2025-09-12,Outbound,143,,Disqualified
6072,2024-07-09,Paid Search,126,2.5,Disqualified
6073,2024-04-10,Events,28,4.9,Qualified
6074,2024-02-24,Outbound,242,,Disqualified
6075,2026-06-06,Outbound,157,,Disqualified
6076,2024-05-10,Partner,471,3.2,Disqualified
6077,2024-07-17,Paid Search,76,2.8,Nurturing
6078,2025-06-10,Organic Search,182,4.0,Nurturing
6079,2025-06-27,Paid Search,563,0.9,Qualified
6080,2026-06-10,Paid Search,182,3.0,Disqualified
6081,2025-10-10,Events,353,8.5,Nurturing
6082,2026-01-16,Paid Search,103,3.6,Disqualified
6083,2024-03-19,Referral,275,2.3,Nurturing
6084,2024-01-31,Social,12,9.3,Disqualified
6085,2025-08-12,Organic Search,41,5.9,Qualified
6086,2026-02-08,Organic Search,297,3.9,Nurturing
6087,2025-12-22,Organic Search,88,5.1,Qualified
6088,2024-09-25,Outbound,112,,Disqualified
6089,2026-02-16,Outbound,137,,Disqualified
6090,2026-07-30,Events,42,20.0,Nurturing
6091,2025-12-15,Paid Search,387,1.3,Disqualified
6092,2025-06-07,Outbound,147,,Nurturing
6093,2026-03-12,Organic Search,460,9.2,Qualified
6094,2026-03-18,Referral,201,4.7,Nurturing
6095,2025-09-14,Outbound,58,,Disqualified
6096,2026-06-23,Organic Search,170,2.1,Disqualified
6097,2025-12-12,Organic Search,499,2.0,Qualified
6098,2024-03-22,Outbound,547,,Qualified
6099,2025-03-29,Organic Search,486,17.9,Qualified
6100,2024-08-28,Paid Search,55,6.5,Disqualified
6101,2024-04-15,Partner,361,5.2,Disqualified
6102,2025-03-05,Referral,543,4.8,Qualified
6103,2026-05-26,Referral,499,1.0,Qualified
6104,2024-09-17,Social,299,2.2,Nurturing
6105,2024-09-07,Outbound,311,,Nurturing
6106,2025-09-30,Referral,361,7.8,Qualified
6107,2024-12-28,Paid Search,523,0.9,Disqualified
6108,2025-11-29,Organic Search,107,2.2,Disqualified
6109,2024-08-01,Events,597,3.0,Nurturing
6110,2024-06-04,Social,84,2.6,Disqualified
6111,2025-08-10,Partner,343,2.6,Qualified
6112,2025-01-10,Partner,152,2.9,Qualified
6113,2026-01-25,Organic Search,246,1.2,Qualified
6114,2025-06-20,Events,192,5.8,Nurturing
6115,2026-02-14,Organic Search,426,3.3,Nurturing
6116,2026-02-03,Events,393,1.7,Disqualified
6117,2025-09-02,Organic Search,245,0.4,Nurturing
6118,2024-12-22,Outbound,539,,Disqualified
6119,2025-10-07,Organic Search,209,10.2,Qualified
6120,2025-01-16,Outbound,11,,Qualified
6121,2024-07-11,Paid Search,322,9.9,Disqualified
6122,2026-05-05,Outbound,251,,Nurturing
6123,2025-12-21,Paid Search,364,0.9,Disqualified
6124,2025-10-12,Paid Search,185,1.2,Nurturing
6125,2026-05-25,Organic Search,378,1.1,Disqualified
6126,2024-09-07,Social,448,4.6,Nurturing
6127,2025-09-23,Referral,288,24.6,Qualified
6128,2025-11-12,Organic Search,32,4.8,Disqualified
6129,2024-04-19,Partner,546,0.8,Nurturing
6130,2024-07-14,Organic Search,560,0.4,Nurturing
6131,2026-04-23,Paid Search,325,1.9,Disqualified
6132,2026-03-13,Organic Search,332,2.3,Disqualified
6133,2026-08-20,Events,588,3.5,Qualified
6134,2025-09-28,Partner,476,0.7,Disqualified
6135,2026-04-20,Partner,148,15.1,Disqualified
6136,2025-05-06,Organic Search,373,23.9,Qualified
6137,2025-03-05,Referral,140,0.9,Nurturing
6138,2025-12-09,Organic Search,473,5.9,Nurturing
6139,2025-10-15,Outbound,359,,Nurturing
6140,2024-02-01,Outbound,309,,Disqualified
6141,2026-02-19,Paid Search,536,10.4,Nurturing
6142,2026-07-23,Organic Search,449,13.4,Disqualified
6143,2026-01-06,Partner,545,5.9,Nurturing
6144,2025-04-01,Paid Search,556,2.2,Disqualified
6145,2025-07-19,Organic Search,350,1.0,Qualified
6146,2024-04-13,Organic Search,558,7.1,Disqualified
6147,2025-03-14,Outbound,296,,Nurturing
6148,2025-06-23,Organic Search,481,1.6,Disqualified
6149,2026-03-06,Outbound,63,,Disqualified
6150,2024-11-11,Organic Search,276,10.9,Nurturing
6151,2026-01-25,Outbound,526,,Disqualified
6152,2024-11-22,Paid Search,28,1.0,Qualified
6153,2026-02-15,Outbound,169,,Nurturing
6154,2024-01-13,Paid Search,107,0.9,Nurturing
6155,2024-10-08,Organic Search,306,4.8,Qualified
6156,2025-05-13,Organic Search,350,13.6,Disqualified
6157,2026-08-22,Partner,594,2.6,Qualified
6158,2026-06-06,Outbound,359,,Disqualified
6159,2025-11-10,Outbound,546,,Nurturing
6160,2024-08-22,Organic Search,40,5.3,Disqualified
6161,2026-03-20,Referral,282,1.3,Nurturing
6162,2026-05-16,Organic Search,434,4.7,Disqualified
6163,2024-09-30,Paid Search,99,2.5,Qualified
6164,2024-07-27,Events,324,0.7,Qualified
6165,2026-07-22,Events,173,3.7,Qualified
6166,2026-05-25,Outbound,78,,Disqualified
6167,2026-06-09,Organic Search,350,0.5,Nurturing
6168,2026-01-31,Referral,142,2.9,Disqualified
6169,2024-05-15,Outbound,160,,Nurturing
6170,2024-10-02,Referral,401,7.2,Disqualified
6171,2025-10-14,Events,575,8.7,Disqualified
6172,2025-03-30,Outbound,37,,Disqualified
6173,2024-07-05,Outbound,412,,Qualified
6174,2026-07-05,Organic Search,136,0.3,Qualified
6175,2024-03-04,Organic Search,126,2.1,Disqualified
6176,2025-08-19,Paid Search,42,7.9,Disqualified
6177,2025-04-29,Organic Search,59,6.6,Disqualified
6178,2026-02-05,Outbound,277,,Disqualified
6179,2025-01-07,Events,428,2.6,Disqualified
6180,2024-07-16,Social,172,2.9,Disqualified
6181,2025-10-28,Outbound,56,,Disqualified
6182,2024-07-06,Partner,250,5.8,Nurturing
6183,2026-02-21,Outbound,62,,Nurturing
6184,2025-08-04,Partner,321,0.5,Nurturing
6185,2024-06-13,Referral,142,4.5,Disqualified
6186,2026-05-18,Organic Search,144,0.5,Nurturing
6187,2025-10-25,Social,197,6.8,Disqualified
6188,2025-11-03,Organic Search,77,4.7,Disqualified
6189,2024-08-02,Organic Search,298,0.3,Qualified
6190,2026-01-04,Organic Search,539,8.3,Disqualified
6191,2026-04-25,Outbound,565,,Nurturing
6192,2024-07-10,Paid Search,54,3.0,Disqualified
6193,2026-01-28,Outbound,554,,Disqualified
6194,2024-03-29,Outbound,563,,Disqualified
6195,2025-03-24,Outbound,416,,Disqualified
6196,2026-06-01,Organic Search,524,9.7,Qualified
6197,2024-09-04,Outbound,266,,Nurturing
6198,2025-08-26,Paid Search,294,2.1,Disqualified
6199,2024-12-19,Organic Search,300,2.1,Disqualified
6200,2026-04-13,Social,335,6.4,Disqualified
6201,2026-06-16,Outbound,267,,Nurturing
6202,2025-12-02,Partner,458,4.6,Nurturing
6203,2025-07-12,Partner,149,10.0,Nurturing
6204,2026-07-19,Organic Search,597,3.8,Disqualified
6205,2025-03-16,Outbound,319,,Nurturing
6206,2024-02-10,Referral,490,2.3,Qualified
6207,2026-04-01,Outbound,78,,Disqualified
6208,2025-10-18,Social,463,11.9,Disqualified
6209,2024-09-24,Paid Search,424,1.9,Disqualified
6210,2025-12-01,Referral,400,2.4,Nurturing
6211,2025-07-08,Referral,125,1.0,Qualified
6212,2024-09-11,Organic Search,2,2.9,Qualified
6213,2025-11-11,Outbound,369,,Nurturing
6214,2026-05-19,Paid Search,517,2.0,Nurturing
6215,2024-07-01,Outbound,94,,Disqualified
6216,2025-05-30,Events,517,8.5,Disqualified
6217,2024-07-25,Outbound,77,,Disqualified
6218,2026-08-11,Partner,207,32.2,Disqualified
6219,2024-04-24,Outbound,584,,Nurturing
6220,2025-04-01,Paid Search,120,0.8,Qualified
6221,2025-06-22,Outbound,173,,Disqualified
6222,2025-09-29,Organic Search,412,1.0,Disqualified
6223,2024-07-15,Partner,226,1.7,Disqualified
6224,2026-03-09,Organic Search,358,2.8,Qualified
6225,2025-06-22,Events,297,3.8,Disqualified
6226,2024-10-02,Outbound,521,,Disqualified
6227,2025-11-28,Outbound,508,,Qualified
6228,2026-02-02,Events,563,1.3,Disqualified
6229,2026-01-09,Organic Search,548,0.8,Disqualified
6230,2024-12-22,Organic Search,244,5.9,Nurturing
6231,2024-07-05,Events,485,2.9,Disqualified
6232,2026-02-16,Social,228,13.5,Nurturing
6233,2024-12-02,Partner,219,8.7,Qualified
6234,2025-03-14,Paid Search,170,2.5,Disqualified
6235,2025-01-24,Outbound,185,,Disqualified
6236,2025-02-18,Events,173,3.8,Disqualified
6237,2026-06-09,Referral,513,0.5,Disqualified
6238,2026-05-22,Events,273,1.7,Nurturing
6239,2024-06-09,Paid Search,437,4.0,Disqualified
6240,2024-03-14,Outbound,269,,Nurturing
6241,2024-12-24,Referral,105,1.2,Qualified
6242,2026-03-29,Outbound,35,,Disqualified
6243,2024-10-16,Events,294,1.7,Nurturing
6244,2025-08-23,Organic Search,581,1.8,Disqualified
6245,2025-04-17,Organic Search,592,2.7,Disqualified
6246,2025-10-15,Outbound,581,,Disqualified
6247,2025-02-16,Events,194,10.8,Disqualified
6248,2025-12-31,Outbound,243,,Disqualified
6249,2025-01-09,Paid Search,114,1.6,Disqualified
6250,2026-08-19,Organic Search,478,4.8,Disqualified
6251,2024-08-22,Outbound,176,,Qualified
6252,2026-08-22,Outbound,385,,Disqualified
6253,2026-06-07,Referral,307,3.0,Qualified
6254,2026-07-05,Organic Search,179,0.9,Qualified
6255,2026-02-25,Outbound,558,,Disqualified
6256,2024-09-27,Partner,551,3.1,Qualified
6257,2024-11-08,Referral,335,0.3,Disqualified
6258,2024-12-04,Outbound,93,,Disqualified
6259,2024-06-01,Paid Search,127,9.3,Nurturing
6260,2024-08-11,Paid Search,459,5.8,Qualified
6261,2025-10-30,Referral,103,7.7,Qualified
6262,2024-09-14,Paid Search,72,16.0,Disqualified
6263,2024-06-17,Partner,528,4.1,Disqualified
6264,2025-04-21,Paid Search,280,2.1,Disqualified
6265,2025-09-01,Paid Search,357,3.0,Nurturing
6266,2025-09-08,Referral,527,3.7,Nurturing
6267,2026-09-11,Referral,264,2.6,Qualified
6268,2026-02-21,Paid Search,495,16.1,Disqualified
6269,2024-10-22,Partner,401,2.7,Disqualified
6270,2024-07-18,Social,472,1.7,Qualified
6271,2025-06-12,Outbound,498,,Nurturing
6272,2026-03-26,Paid Search,213,2.9,Disqualified
6273,2024-11-27,Partner,339,3.4,Qualified
6274,2026-05-07,Organic Search,135,21.5,Qualified
6275,2025-09-19,Organic Search,514,6.4,Disqualified
6276,2026-04-05,Events,290,4.4,Qualified
6277,2026-01-25,Paid Search,450,1.7,Nurturing
6278,2024-08-08,Events,66,1.3,Qualified
6279,2025-03-18,Organic Search,556,4.3,Disqualified
6280,2026-01-24,Paid Search,146,2.9,Nurturing
6281,2026-03-17,Paid Search,553,2.0,Disqualified
6282,2026-02-15,Organic Search,259,3.1,Qualified
6283,2026-06-05,Events,198,2.1,Disqualified
6284,2026-03-31,Organic Search,505,0.6,Qualified
6285,2026-09-16,Paid Search,194,6.9,Nurturing
6286,2026-09-10,Referral,68,8.1,Disqualified
6287,2025-09-13,Outbound,474,,Disqualified
6288,2025-03-18,Organic Search,197,7.5,Nurturing
6289,2024-06-05,Outbound,410,,Disqualified
6290,2025-02-22,Outbound,372,,Nurturing
6291,2025-09-26,Referral,170,2.9,Qualified
6292,2025-07-22,Organic Search,204,2.7,Disqualified
6293,2025-03-01,Outbound,1,,Disqualified
6294,2026-04-10,Referral,412,1.9,Nurturing
6295,2026-06-25,Paid Search,256,11.0,Disqualified
6296,2025-07-02,Organic Search,434,0.2,Disqualified
6297,2025-04-29,Outbound,447,,Disqualified
6298,2026-03-04,Organic Search,223,4.0,Disqualified
6299,2024-06-06,Organic Search,455,1.1,Qualified
6300,2024-05-12,Paid Search,404,2.6,Qualified
6301,2024-07-15,Paid Search,454,0.9,Nurturing
6302,2024-10-22,Paid Search,542,7.4,Nurturing
6303,2025-05-19,Social,569,0.7,Disqualified
6304,2025-10-22,Referral,51,2.6,Nurturing
6305,2025-05-05,Partner,336,6.7,Nurturing
6306,2025-03-05,Partner,492,4.2,Nurturing
6307,2025-08-27,Organic Search,571,37.9,Disqualified
6308,2024-05-28,Outbound,592,,Nurturing
6309,2026-06-26,Referral,170,1.1,Disqualified
6310,2026-09-28,Referral,217,2.5,New
6311,2024-10-07,Paid Search,290,2.3,Qualified
6312,2025-10-02,Social,151,3.3,Qualified
6313,2024-04-16,Events,265,0.8,Disqualified
6314,2026-07-23,Referral,524,27.9,Qualified
6315,2026-03-20,Organic Search,468,1.0,Qualified
6316,2025-12-18,Outbound,170,,Disqualified
6317,2024-05-04,Paid Search,433,1.1,Disqualified
6318,2025-07-08,Paid Search,377,6.8,Nurturing
6319,2026-06-05,Events,537,20.4,Qualified
6320,2026-03-31,Paid Search,153,3.8,Nurturing
6321,2025-12-29,Outbound,432,,Nurturing
6322,2026-02-26,Outbound,571,,Nurturing
6323,2026-03-03,Partner,506,6.2,Nurturing
6324,2026-07-03,Outbound,379,,Disqualified
6325,2025-05-06,Paid Search,173,19.3,Disqualified
6326,2026-08-23,Social,434,2.5,Disqualified
6327,2025-01-27,Paid Search,381,3.3,Nurturing
6328,2024-02-12,Referral,372,5.0,Qualified
6329,2025-05-24,Events,253,8.5,Qualified
6330,2025-11-21,Organic Search,38,2.6,Nurturing
6331,2026-01-28,Social,123,3.6,Disqualified
6332,2025-07-25,Outbound,128,,Qualified
6333,2025-05-19,Paid Search,183,2.1,Nurturing
6334,2024-08-02,Events,296,6.0,Disqualified
6335,2025-04-25,Outbound,386,,Qualified
6336,2025-09-04,Partner,550,18.3,Disqualified
6337,2024-02-19,Events,245,3.2,Disqualified
6338,2025-08-29,Organic Search,364,10.4,Qualified
6339,2025-07-26,Outbound,477,,Disqualified
6340,2025-01-04,Events,551,1.1,Qualified
6341,2026-04-09,Organic Search,566,3.9,Qualified
6342,2025-01-09,Organic Search,543,10.5,Nurturing
6343,2025-12-23,Referral,406,2.0,Qualified
6344,2024-05-18,Paid Search,564,2.7,Disqualified
6345,2026-05-14,Paid Search,185,3.4,Disqualified
6346,2025-07-02,Paid Search,6,9.0,Nurturing
6347,2024-09-08,Events,308,4.4,Qualified
6348,2026-09-04,Outbound,297,,Qualified
6349,2025-01-16,Paid Search,173,2.9,Nurturing
6350,2024-05-16,Referral,345,13.2,Disqualified
6351,2024-05-09,Organic Search,599,8.7,Disqualified
6352,2025-06-22,Outbound,384,,Disqualified
6353,2026-01-18,Referral,28,3.0,Disqualified
6354,2025-08-18,Partner,548,3.3,Qualified
6355,2025-09-21,Organic Search,4,2.3,Qualified
6356,2024-06-20,Outbound,192,,Disqualified
6357,2026-07-24,Referral,394,2.6,Qualified
6358,2026-01-30,Referral,463,5.9,Nurturing
6359,2025-07-03,Partner,253,3.4,Qualified
6360,2026-06-19,Outbound,558,,Disqualified
6361,2024-02-04,Outbound,498,,Disqualified
6362,2026-09-25,Outbound,475,,New
6363,2026-01-25,Organic Search,313,0.6,Qualified
6364,2026-06-10,Events,297,16.8,Nurturing
6365,2025-11-26,Paid Search,458,31.2,Nurturing
6366,2026-08-21,Organic Search,294,9.5,Nurturing
6367,2025-05-21,Social,398,1.2,Qualified
6368,2024-09-12,Outbound,17,,Nurturing
6369,2026-08-10,Organic Search,9,0.6,Disqualified
6370,2025-04-10,Paid Search,532,0.9,Nurturing
6371,2026-07-18,Organic Search,332,3.4,Disqualified
6372,2025-01-08,Referral,91,2.5,Disqualified
6373,2026-02-01,Partner,160,2.7,Disqualified
6374,2025-06-17,Referral,83,7.8,Nurturing
6375,2025-03-07,Partner,104,2.4,Qualified
6376,2025-09-08,Partner,545,1.9,Nurturing
6377,2024-04-30,Organic Search,243,10.1,Disqualified
6378,2025-12-27,Events,194,16.3,Disqualified
6379,2025-01-07,Referral,289,0.4,Disqualified
6380,2024-11-03,Outbound,489,,Disqualified
6381,2026-02-25,Paid Search,466,3.5,Disqualified
6382,2024-08-06,Partner,517,5.2,Disqualified
6383,2026-03-16,Paid Search,541,2.0,Disqualified
6384,2025-06-21,Organic Search,213,4.1,Qualified
6385,2026-05-30,Partner,184,1.7,Qualified
6386,2025-09-04,Paid Search,519,1.2,Nurturing
6387,2025-03-16,Referral,384,5.7,Qualified
6388,2024-06-06,Paid Search,586,5.5,Nurturing
6389,2026-04-05,Organic Search,33,8.3,Disqualified
6390,2026-05-02,Events,320,0.9,Nurturing
6391,2025-01-29,Events,124,3.0,Disqualified
6392,2026-07-15,Paid Search,282,1.4,Nurturing
6393,2025-10-02,Paid Search,55,1.3,Disqualified
6394,2026-05-31,Outbound,380,,Disqualified
6395,2026-02-21,Outbound,415,,Disqualified
6396,2025-08-24,Outbound,401,,Disqualified
6397,2024-10-12,Partner,265,18.6,Disqualified
6398,2024-10-18,Outbound,168,,Nurturing
6399,2025-01-23,Organic Search,121,3.9,Qualified
6400,2026-02-14,Referral,121,0.6,Qualified
6401,2025-09-01,Organic Search,47,7.7,Nurturing
6402,2026-02-13,Outbound,74,,Nurturing
6403,2025-10-21,Organic Search,442,12.5,Nurturing
6404,2025-12-04,Social,461,27.5,Nurturing
6405,2024-12-25,Paid Search,160,8.1,Nurturing
6406,2024-09-21,Paid Search,211,3.1,Qualified
6407,2025-04-27,Organic Search,312,4.5,Nurturing
6408,2025-07-22,Events,32,1.3,Disqualified
6409,2025-05-30,Paid Search,457,7.4,Disqualified
6410,2025-07-12,Paid Search,273,12.6,Disqualified
6411,2025-02-04,Events,154,7.5,Qualified
6412,2026-03-07,Organic Search,317,0.3,Qualified
6413,2024-04-21,Social,411,1.1,Qualified
6414,2026-01-17,Organic Search,581,1.4,Nurturing
6415,2025-10-24,Outbound,370,,Qualified
6416,2024-05-10,Referral,318,3.8,Disqualified
6417,2026-03-26,Paid Search,191,2.2,Disqualified
6418,2024-07-28,Referral,247,3.7,Disqualified
6419,2026-08-03,Organic Search,156,4.7,Nurturing
6420,2025-09-25,Organic Search,305,1.8,Disqualified
6421,2026-08-14,Outbound,46,,Disqualified
6422,2024-06-24,Events,551,11.4,Nurturing
6423,2025-02-13,Events,157,7.1,Nurturing
6424,2026-07-29,Organic Search,370,10.3,Disqualified
6425,2024-07-13,Organic Search,554,1.0,Nurturing
6426,2025-02-22,Organic Search,121,2.6,Nurturing
6427,2025-06-10,Social,63,2.0,Nurturing
6428,2025-02-26,Partner,217,3.0,Qualified
6429,2025-12-31,Organic Search,323,27.6,Qualified
6430,2025-10-01,Outbound,342,,Qualified
6431,2026-01-15,Outbound,6,,Disqualified
6432,2024-07-11,Organic Search,181,2.6,Disqualified
6433,2024-04-21,Events,7,4.3,Disqualified
6434,2025-04-11,Outbound,280,,Disqualified
6435,2026-02-15,Paid Search,390,6.6,Nurturing
6436,2026-09-26,Organic Search,476,2.7,New
6437,2024-12-29,Outbound,569,,Nurturing
6438,2026-04-11,Events,231,17.8,Qualified
6439,2026-04-02,Events,545,3.1,Disqualified
6440,2024-10-04,Outbound,116,,Disqualified
6441,2024-08-22,Events,84,5.9,Disqualified
6442,2025-10-15,Organic Search,88,4.2,Nurturing
6443,2025-07-28,Referral,560,3.1,Nurturing
6444,2026-04-03,Referral,464,1.8,Qualified
6445,2025-04-16,Outbound,87,,Nurturing
6446,2026-09-23,Organic Search,125,2.6,New
6447,2026-03-18,Organic Search,372,23.6,Disqualified
6448,2025-08-23,Outbound,275,,Disqualified
6449,2024-08-22,Events,65,1.8,Disqualified
6450,2025-10-04,Paid Search,142,1.1,Nurturing
6451,2026-01-05,Paid Search,308,3.9,Nurturing
6452,2025-06-13,Organic Search,373,28.1,Disqualified
6453,2026-06-29,Organic Search,427,1.1,Disqualified
6454,2025-03-21,Paid Search,375,51.6,Disqualified
6455,2026-07-15,Organic Search,56,9.3,Qualified
6456,2024-10-03,Paid Search,4,11.1,Qualified
6457,2024-07-12,Referral,280,3.8,Qualified
6458,2024-03-17,Partner,319,49.3,Qualified
6459,2026-09-25,Social,530,22.3,New
6460,2025-09-30,Organic Search,272,0.6,Disqualified
6461,2025-05-29,Referral,464,4.1,Qualified
6462,2026-06-07,Paid Search,142,6.4,Nurturing
6463,2024-05-11,Partner,493,1.7,Disqualified
6464,2024-03-29,Events,357,0.8,Disqualified
6465,2026-04-02,Social,222,2.2,Disqualified
6466,2025-07-30,Paid Search,155,3.7,Disqualified
6467,2025-03-31,Organic Search,37,2.8,Nurturing
6468,2025-08-07,Outbound,358,,Nurturing
6469,2025-03-23,Partner,337,2.6,Nurturing
6470,2025-09-21,Organic Search,302,0.3,Nurturing
6471,2026-01-19,Referral,596,4.2,Qualified
6472,2025-10-11,Partner,362,2.1,Disqualified
6473,2024-02-01,Organic Search,366,6.9,Disqualified
6474,2024-07-10,Outbound,72,,Disqualified
6475,2024-05-14,Referral,273,4.1,Qualified
6476,2025-08-27,Events,38,4.1,Qualified
6477,2024-03-29,Outbound,552,,Disqualified
6478,2026-03-11,Outbound,526,,Nurturing
6479,2024-06-28,Organic Search,188,2.6,Qualified
6480,2025-09-07,Referral,499,4.2,Qualified
6481,2024-12-04,Events,512,4.9,Qualified
6482,2025-12-06,Organic Search,562,2.1,Nurturing
6483,2025-04-08,Paid Search,387,1.2,Nurturing
6484,2025-06-16,Events,514,3.6,Qualified
6485,2026-06-08,Events,367,3.5,Disqualified
6486,2026-09-15,Organic Search,445,2.9,Qualified
6487,2025-10-15,Paid Search,139,2.7,Disqualified
6488,2024-12-06,Outbound,425,,Disqualified
6489,2026-05-07,Partner,523,0.5,Nurturing
6490,2026-09-20,Paid Search,112,1.7,New
6491,2025-03-22,Referral,475,1.0,Disqualified
6492,2025-02-02,Paid Search,181,4.4,Disqualified
6493,2025-08-24,Paid Search,142,1.9,Nurturing
6494,2025-09-05,Outbound,361,,Disqualified
6495,2024-03-13,Organic Search,382,0.9,Qualified
6496,2024-04-23,Outbound,169,,Disqualified
6497,2025-03-23,Events,30,3.3,Qualified
6498,2024-05-02,Organic Search,187,1.0,Qualified
6499,2024-11-16,Organic Search,513,2.5,Nurturing
6500,2025-01-23,Outbound,597,,Nurturing
6501,2025-08-20,Organic Search,139,2.5,Qualified
6502,2025-12-13,Outbound,354,,Nurturing
6503,2025-02-11,Partner,161,15.8,Qualified
6504,2024-02-01,Paid Search,112,7.6,Disqualified
6505,2026-05-21,Outbound,72,,Qualified
6506,2025-12-22,Outbound,504,,Nurturing
6507,2024-11-30,Paid Search,336,9.0,Nurturing
6508,2026-05-03,Organic Search,34,12.3,Nurturing
6509,2025-05-18,Referral,574,22.0,Disqualified
6510,2024-03-23,Paid Search,190,16.9,Nurturing
6511,2024-09-22,Outbound,366,,Disqualified
6512,2026-01-23,Events,192,6.7,Disqualified
6513,2024-08-06,Referral,514,5.6,Qualified
6514,2025-07-18,Paid Search,252,8.2,Disqualified
6515,2024-11-01,Organic Search,344,22.7,Qualified
6516,2025-12-12,Outbound,582,,Disqualified
6517,2024-04-02,Paid Search,81,9.6,Nurturing
6518,2025-04-06,Outbound,341,,Disqualified
6519,2025-03-24,Outbound,30,,Disqualified
6520,2026-03-13,Social,485,0.9,Disqualified
6521,2026-02-13,Outbound,420,,Nurturing
6522,2025-12-24,Organic Search,295,0.3,Disqualified
6523,2024-09-04,Outbound,237,,Disqualified
6524,2026-02-19,Partner,394,2.4,Nurturing
6525,2024-01-29,Social,564,2.2,Qualified
6526,2026-03-08,Outbound,314,,Disqualified
6527,2026-02-04,Organic Search,484,5.7,Disqualified
6528,2026-07-11,Social,167,8.0,Disqualified
6529,2024-10-29,Organic Search,541,3.2,Disqualified
6530,2025-09-28,Paid Search,87,5.7,Disqualified
6531,2026-03-09,Organic Search,151,2.5,Disqualified
6532,2026-02-05,Events,56,4.4,Disqualified
6533,2024-07-22,Paid Search,70,1.3,Qualified
6534,2025-08-27,Events,570,4.5,Nurturing
6535,2025-03-08,Organic Search,118,2.9,Nurturing
6536,2024-04-29,Social,227,8.0,Nurturing
6537,2025-11-05,Organic Search,299,5.1,Qualified
6538,2026-09-27,Partner,141,7.2,New
6539,2026-04-24,Paid Search,530,4.1,Qualified
6540,2025-11-17,Organic Search,90,1.9,Nurturing
6541,2026-07-07,Outbound,29,,Nurturing
6542,2025-06-07,Organic Search,155,2.6,Qualified
6543,2026-03-02,Outbound,218,,Nurturing
6544,2024-09-26,Outbound,449,,Disqualified
6545,2025-03-25,Outbound,356,,Qualified
6546,2025-08-17,Organic Search,238,12.6,Nurturing
6547,2024-11-01,Partner,422,0.5,Disqualified
6548,2025-10-31,Organic Search,206,5.2,Disqualified
6549,2026-09-17,Paid Search,11,1.0,Qualified
6550,2026-05-31,Outbound,32,,Nurturing
6551,2024-03-27,Events,537,1.2,Disqualified
6552,2025-11-15,Referral,68,3.8,Nurturing
6553,2025-04-17,Organic Search,288,8.3,Nurturing
6554,2024-12-14,Social,239,2.7,Disqualified
6555,2025-02-22,Organic Search,55,3.5,Disqualified
6556,2025-12-26,Paid Search,401,11.3,Disqualified
6557,2025-03-21,Paid Search,324,8.7,Disqualified
6558,2024-10-02,Organic Search,276,8.5,Nurturing
6559,2025-06-14,Outbound,44,,Nurturing
6560,2025-01-20,Partner,434,6.6,Qualified
6561,2024-11-08,Organic Search,350,2.7,Qualified
6562,2025-02-01,Organic Search,434,1.1,Disqualified
6563,2025-10-19,Organic Search,233,1.8,Disqualified
6564,2025-01-11,Outbound,14,,Qualified
6565,2025-10-13,Paid Search,98,25.8,Qualified
6566,2026-03-13,Paid Search,553,1.2,Disqualified
6567,2026-07-30,Referral,196,3.1,Nurturing
6568,2025-02-06,Events,31,10.5,Nurturing
6569,2026-09-20,Events,323,18.4,New
6570,2024-12-14,Events,355,4.5,Disqualified
6571,2025-01-10,Referral,112,4.2,Qualified
6572,2026-03-25,Paid Search,387,5.0,Disqualified
6573,2026-03-09,Outbound,404,,Disqualified
6574,2024-10-27,Outbound,163,,Disqualified
6575,2024-04-09,Referral,391,2.6,Nurturing
6576,2024-09-06,Organic Search,194,3.5,Nurturing
6577,2025-04-10,Social,330,0.8,Nurturing
6578,2024-12-14,Organic Search,14,3.5,Disqualified
6579,2026-03-24,Paid Search,478,4.9,Nurturing
6580,2026-08-15,Paid Search,451,2.9,Qualified
6581,2025-11-04,Paid Search,94,1.8,Qualified
6582,2025-08-24,Events,559,13.0,Disqualified
6583,2026-02-11,Organic Search,5,3.8,Nurturing
6584,2024-10-10,Organic Search,213,1.5,Nurturing
6585,2025-02-25,Referral,118,9.7,Disqualified
6586,2024-07-21,Organic Search,545,2.8,Disqualified
6587,2024-12-10,Organic Search,548,11.5,Nurturing
6588,2024-10-03,Events,594,1.0,Nurturing
6589,2025-10-10,Organic Search,119,1.5,Disqualified
6590,2024-06-05,Outbound,326,,Disqualified
6591,2026-06-26,Paid Search,305,2.6,Disqualified
6592,2025-01-25,Organic Search,146,7.1,Qualified
6593,2025-04-22,Referral,581,1.6,Qualified
6594,2026-07-31,Organic Search,37,1.3,Disqualified
6595,2026-02-18,Paid Search,312,4.0,Disqualified
6596,2025-05-03,Outbound,201,,Disqualified
6597,2025-09-21,Paid Search,464,1.7,Disqualified
6598,2025-02-13,Referral,23,0.5,Nurturing
6599,2026-05-23,Paid Search,492,4.0,Disqualified
6600,2026-06-14,Organic Search,481,0.2,Nurturing
6601,2026-03-11,Events,315,2.7,Qualified
6602,2025-12-20,Referral,6,0.7,Nurturing
6603,2025-01-01,Organic Search,248,2.6,Disqualified
6604,2024-12-11,Outbound,350,,Disqualified
6605,2025-06-04,Paid Search,344,0.7,Nurturing
6606,2026-07-10,Social,583,5.2,Nurturing
6607,2025-06-29,Organic Search,397,11.3,Disqualified
6608,2025-12-17,Events,325,3.1,Disqualified
6609,2026-08-11,Referral,336,2.5,Qualified
6610,2026-04-05,Organic Search,34,11.0,Disqualified
6611,2025-08-07,Organic Search,328,3.8,Disqualified
6612,2025-05-24,Outbound,352,,Nurturing
6613,2025-09-30,Paid Search,117,1.8,Qualified
6614,2026-08-10,Organic Search,247,6.0,Disqualified
6615,2025-12-18,Organic Search,67,6.7,Disqualified
6616,2025-05-14,Organic Search,535,20.4,Qualified
6617,2024-08-25,Paid Search,70,3.9,Nurturing
6618,2025-07-05,Paid Search,130,23.1,Disqualified
6619,2025-09-22,Organic Search,102,3.7,Nurturing
6620,2024-12-14,Partner,585,24.7,Qualified
6621,2025-12-04,Outbound,272,,Disqualified
6622,2026-04-10,Events,10,4.8,Qualified
6623,2025-12-10,Outbound,150,,Disqualified
6624,2026-09-05,Partner,318,5.4,Nurturing
6625,2025-07-28,Outbound,201,,Disqualified
6626,2025-08-07,Outbound,271,,Qualified
6627,2025-06-20,Partner,280,13.2,Disqualified
6628,2026-08-09,Organic Search,437,4.5,Nurturing
6629,2026-09-15,Organic Search,428,0.7,Qualified
6630,2026-02-20,Paid Search,132,8.1,Qualified
6631,2026-07-15,Paid Search,139,6.6,Disqualified
6632,2024-10-23,Outbound,325,,Disqualified
6633,2025-08-13,Organic Search,260,2.2,Nurturing
6634,2026-01-11,Organic Search,400,7.0,Nurturing
6635,2025-09-10,Events,447,16.0,Disqualified
6636,2024-12-29,Outbound,69,,Disqualified
6637,2025-12-04,Organic Search,310,1.2,Qualified
6638,2025-06-16,Social,299,4.4,Qualified
6639,2024-06-16,Outbound,190,,Nurturing
6640,2025-11-08,Events,309,1.2,Disqualified
6641,2026-02-16,Outbound,31,,Disqualified
6642,2025-07-25,Events,331,22.3,Qualified
6643,2025-12-24,Referral,322,1.8,Disqualified
6644,2026-07-26,Outbound,467,,Nurturing
6645,2026-08-11,Outbound,507,,Nurturing
6646,2024-11-29,Organic Search,525,5.7,Disqualified
6647,2025-11-12,Events,277,1.0,Nurturing
6648,2024-07-30,Paid Search,189,4.9,Disqualified
6649,2026-05-12,Paid Search,107,8.0,Qualified
6650,2025-01-26,Referral,201,2.4,Qualified
6651,2026-06-17,Organic Search,15,16.5,Disqualified
6652,2026-06-18,Paid Search,244,4.1,Disqualified
6653,2024-04-02,Partner,234,2.8,Disqualified
6654,2026-03-20,Partner,448,1.0,Disqualified
6655,2024-02-01,Organic Search,248,1.2,Nurturing
6656,2025-04-23,Paid Search,289,6.4,Disqualified
6657,2025-06-17,Events,572,2.6,Qualified
6658,2026-01-15,Events,216,1.3,Nurturing
6659,2024-11-01,Organic Search,181,1.5,Qualified
6660,2025-08-26,Events,453,1.0,Nurturing
6661,2025-03-04,Partner,117,11.2,Nurturing
6662,2024-06-27,Referral,247,9.1,Disqualified
6663,2024-01-02,Paid Search,233,4.4,Nurturing
6664,2026-02-08,Referral,518,0.8,Nurturing
6665,2025-05-13,Referral,193,4.6,Disqualified
6666,2025-01-12,Outbound,82,,Disqualified
6667,2026-06-05,Outbound,197,,Nurturing
6668,2025-04-28,Referral,139,6.8,Disqualified
6669,2025-07-21,Referral,250,15.2,Qualified
6670,2024-03-06,Paid Search,357,3.0,Nurturing
6671,2024-07-15,Organic Search,522,5.9,Disqualified
6672,2024-06-28,Social,508,3.2,Disqualified
6673,2025-11-16,Paid Search,486,3.6,Disqualified
6674,2025-04-18,Outbound,352,,Nurturing
6675,2025-04-29,Organic Search,310,12.3,Disqualified
6676,2024-12-02,Organic Search,313,4.2,Qualified
6677,2025-08-03,Referral,585,2.1,Qualified
6678,2026-05-12,Organic Search,488,2.8,Disqualified
6679,2026-08-31,Paid Search,477,3.6,Nurturing
6680,2025-02-25,Outbound,289,,Disqualified
6681,2026-03-23,Events,176,8.8,Disqualified
6682,2025-10-31,Events,409,7.8,Qualified
6683,2025-02-04,Organic Search,126,7.5,Nurturing
6684,2025-09-23,Organic Search,442,4.2,Disqualified
6685,2025-12-10,Referral,580,8.4,Disqualified
6686,2025-01-10,Organic Search,251,3.5,Disqualified
6687,2026-05-26,Paid Search,430,8.5,Disqualified
6688,2025-06-16,Paid Search,122,1.4,Qualified
6689,2024-11-08,Organic Search,102,52.7,Qualified
6690,2026-06-07,Events,530,1.3,Disqualified
6691,2026-07-31,Partner,443,0.5,Nurturing
6692,2024-12-20,Organic Search,371,8.3,Disqualified
6693,2026-09-19,Organic Search,436,6.0,New
6694,2025-08-19,Social,532,1.1,Disqualified
6695,2024-06-03,Organic Search,259,1.8,Qualified
6696,2026-05-13,Social,32,1.9,Nurturing
6697,2024-09-05,Outbound,112,,Qualified
6698,2026-05-09,Social,253,2.1,Nurturing
6699,2025-03-02,Organic Search,81,7.6,Disqualified
6700,2026-08-08,Outbound,153,,Disqualified
6701,2026-06-14,Outbound,521,,Nurturing
6702,2025-07-09,Social,511,0.9,Nurturing
6703,2025-05-09,Referral,19,17.6,Qualified
6704,2024-06-25,Social,233,1.5,Nurturing
6705,2026-04-30,Outbound,530,,Disqualified
6706,2024-08-02,Outbound,327,,Disqualified
6707,2026-09-29,Organic Search,526,1.5,New
6708,2026-06-12,Partner,364,2.2,Qualified
6709,2026-07-09,Referral,500,10.6,Qualified
6710,2024-04-02,Organic Search,125,0.7,Disqualified
6711,2025-07-18,Referral,369,1.0,Disqualified
6712,2025-08-01,Paid Search,235,2.2,Nurturing
6713,2025-02-18,Organic Search,441,0.7,Disqualified
6714,2025-01-20,Paid Search,270,3.8,Nurturing
6715,2026-09-05,Paid Search,236,3.0,Disqualified
6716,2024-04-06,Outbound,56,,Disqualified
6717,2025-02-03,Events,92,1.3,Disqualified
6718,2025-06-25,Paid Search,392,4.1,Nurturing
6719,2026-02-13,Organic Search,376,5.4,Nurturing
6720,2024-02-16,Referral,443,0.8,Disqualified
6721,2024-06-07,Paid Search,575,1.3,Disqualified
6722,2026-04-18,Referral,503,3.8,Qualified
6723,2026-06-11,Paid Search,306,4.8,Disqualified
6724,2026-06-23,Referral,32,2.5,Disqualified
6725,2026-03-05,Organic Search,124,1.5,Disqualified
6726,2024-10-26,Social,138,1.9,Nurturing
6727,2024-07-09,Organic Search,342,1.5,Disqualified
6728,2025-12-06,Organic Search,362,2.3,Nurturing
6729,2026-04-13,Organic Search,56,3.1,Nurturing
6730,2026-03-07,Organic Search,557,6.8,Disqualified
6731,2026-07-30,Social,505,21.5,Nurturing
6732,2024-05-16,Paid Search,538,8.4,Nurturing
6733,2026-06-29,Outbound,82,,Disqualified
6734,2025-07-18,Organic Search,354,4.2,Qualified
6735,2025-10-31,Outbound,120,,Disqualified
6736,2025-01-07,Organic Search,175,1.1,Qualified
6737,2025-06-22,Outbound,85,,Qualified
6738,2025-07-24,Referral,555,8.0,Nurturing
6739,2024-07-16,Paid Search,437,3.1,Disqualified
6740,2024-04-05,Paid Search,403,0.5,Nurturing
6741,2024-11-30,Referral,216,2.5,Nurturing
6742,2024-04-15,Paid Search,558,0.7,Disqualified
6743,2026-08-24,Events,12,11.8,Qualified
6744,2026-09-20,Paid Search,215,2.3,Qualified
6745,2025-02-01,Social,140,8.7,Disqualified
6746,2026-04-25,Organic Search,163,1.4,Nurturing
6747,2025-11-14,Referral,583,1.8,Disqualified
6748,2024-12-25,Outbound,338,,Nurturing
6749,2025-12-01,Organic Search,437,7.5,Disqualified
6750,2025-10-15,Referral,359,5.0,Qualified
6751,2024-11-14,Organic Search,423,9.9,Qualified
6752,2025-11-15,Partner,480,5.0,Disqualified
6753,2025-03-20,Organic Search,22,1.3,Disqualified
6754,2025-06-19,Organic Search,356,2.4,Nurturing
6755,2024-04-21,Outbound,70,,Qualified
6756,2025-06-05,Outbound,43,,Qualified
6757,2025-08-16,Outbound,518,,Nurturing
6758,2026-03-02,Paid Search,544,7.1,Qualified
6759,2024-07-19,Paid Search,162,0.5,Disqualified
6760,2026-08-26,Paid Search,6,9.4,Nurturing
6761,2024-04-04,Partner,575,13.9,Qualified
6762,2025-06-22,Social,366,0.1,Nurturing
6763,2025-08-09,Events,297,3.3,Disqualified
6764,2026-02-19,Outbound,555,,Disqualified
6765,2026-02-22,Events,67,35.5,Nurturing
6766,2026-07-06,Paid Search,364,3.2,Disqualified
6767,2024-02-22,Outbound,375,,Disqualified
6768,2025-08-04,Organic Search,435,2.2,Nurturing
6769,2026-07-01,Organic Search,138,0.6,Nurturing
6770,2025-01-05,Referral,480,5.6,Nurturing
6771,2025-11-29,Outbound,413,,Nurturing
6772,2026-05-20,Social,316,2.5,Disqualified
6773,2026-09-12,Outbound,340,,Nurturing
6774,2026-06-18,Outbound,253,,Qualified
6775,2026-09-23,Referral,415,2.6,New
6776,2024-12-31,Organic Search,533,1.4,Disqualified
6777,2025-11-04,Paid Search,524,2.6,Disqualified
6778,2024-02-23,Paid Search,579,0.4,Disqualified
6779,2024-08-21,Social,405,1.4,Disqualified
6780,2024-02-05,Partner,488,4.0,Nurturing
6781,2024-04-17,Organic Search,70,6.2,Disqualified
6782,2026-08-12,Social,411,0.3,Disqualified
6783,2024-12-08,Outbound,293,,Disqualified
6784,2025-03-06,Events,420,0.8,Disqualified
6785,2025-06-28,Outbound,320,,Nurturing
6786,2025-08-27,Referral,378,2.2,Disqualified
6787,2024-06-12,Outbound,556,,Disqualified
6788,2026-01-14,Referral,408,0.6,Qualified
6789,2024-08-19,Organic Search,557,5.3,Disqualified
6790,2026-04-06,Outbound,147,,Disqualified
6791,2026-06-01,Paid Search,187,1.9,Disqualified
6792,2024-09-23,Paid Search,302,2.4,Nurturing
6793,2026-08-23,Referral,16,4.2,Disqualified
6794,2024-05-25,Partner,272,7.1,Nurturing
6795,2025-12-22,Organic Search,240,3.8,Disqualified
6796,2025-05-31,Paid Search,465,17.0,Disqualified
6797,2026-09-17,Organic Search,323,0.8,New
6798,2025-08-17,Paid Search,123,0.9,Disqualified
6799,2024-11-18,Organic Search,306,0.9,Disqualified
6800,2026-05-21,Outbound,487,,Qualified
6801,2026-07-25,Organic Search,478,2.6,Disqualified
6802,2026-07-31,Events,533,14.4,Disqualified
6803,2026-07-28,Paid Search,492,5.5,Disqualified
6804,2026-07-25,Partner,367,1.1,Disqualified
6805,2024-07-17,Referral,169,12.2,Disqualified
6806,2025-10-31,Organic Search,34,2.2,Disqualified
6807,2025-12-21,Social,298,5.6,Disqualified
6808,2026-01-11,Paid Search,49,3.0,Disqualified
6809,2025-09-29,Paid Search,150,3.2,Qualified
6810,2026-06-30,Partner,319,7.4,Disqualified
6811,2024-10-03,Referral,344,4.9,Qualified
6812,2026-07-10,Outbound,97,,Disqualified
6813,2026-01-03,Outbound,414,,Nurturing
6814,2026-02-12,Social,437,9.0,Disqualified
6815,2026-08-17,Organic Search,554,0.5,Disqualified
6816,2025-11-15,Organic Search,388,3.8,Nurturing
6817,2025-07-04,Social,288,1.3,Nurturing
6818,2024-07-13,Events,578,2.5,Disqualified
6819,2025-06-23,Organic Search,106,9.4,Qualified
6820,2024-09-08,Outbound,531,,Disqualified
6821,2026-09-14,Referral,523,2.1,Qualified
6822,2024-03-31,Paid Search,360,37.0,Disqualified
6823,2024-06-29,Outbound,370,,Disqualified
6824,2026-06-02,Paid Search,566,3.8,Nurturing
6825,2025-01-22,Paid Search,345,3.8,Nurturing
6826,2024-02-27,Referral,439,23.9,Disqualified
6827,2025-08-24,Paid Search,92,1.0,Disqualified
6828,2026-08-30,Paid Search,229,1.3,Disqualified
6829,2025-06-24,Outbound,390,,Disqualified
6830,2025-12-17,Organic Search,17,15.8,Disqualified
6831,2025-07-15,Paid Search,3,17.7,Nurturing
6832,2025-04-22,Paid Search,181,4.9,Disqualified
6833,2025-01-09,Partner,469,6.6,Disqualified
6834,2026-05-13,Outbound,72,,Disqualified
6835,2025-02-11,Partner,179,1.8,Qualified
6836,2025-07-14,Paid Search,579,5.4,Disqualified
6837,2024-08-28,Paid Search,279,0.9,Qualified
6838,2024-03-21,Partner,220,2.5,Nurturing
6839,2024-08-31,Outbound,268,,Disqualified
6840,2026-06-24,Organic Search,378,3.2,Disqualified
6841,2026-08-12,Outbound,269,,Nurturing
6842,2024-06-05,Events,146,0.8,Nurturing
6843,2026-04-04,Outbound,549,,Nurturing
6844,2026-06-26,Organic Search,512,0.9,Disqualified
6845,2024-02-19,Outbound,598,,Disqualified
6846,2025-11-23,Paid Search,217,2.1,Disqualified
6847,2024-12-19,Organic Search,510,6.7,Disqualified
6848,2025-10-08,Organic Search,41,2.6,Disqualified
6849,2024-07-12,Referral,328,1.4,Nurturing
6850,2025-05-23,Referral,80,2.5,Disqualified
6851,2026-09-27,Organic Search,469,3.0,New
6852,2025-05-09,Paid Search,481,1.0,Disqualified
6853,2024-12-19,Referral,381,0.9,Disqualified
6854,2025-06-28,Outbound,108,,Nurturing
6855,2026-09-06,Outbound,365,,Qualified
6856,2025-10-18,Organic Search,478,4.1,Disqualified
6857,2026-07-14,Social,372,1.7,Nurturing
6858,2025-08-03,Paid Search,130,1.2,Nurturing
6859,2024-12-02,Paid Search,304,12.9,Qualified
6860,2025-11-06,Events,556,3.1,Disqualified
6861,2026-09-22,Referral,66,10.3,New
6862,2026-06-25,Outbound,478,,Nurturing
6863,2024-04-10,Paid Search,163,2.8,Qualified
6864,2026-09-24,Organic Search,291,3.3,New
6865,2025-04-26,Social,302,2.4,Disqualified
6866,2026-09-18,Partner,276,20.4,New
6867,2024-01-24,Outbound,381,,Disqualified
6868,2024-07-23,Paid Search,164,1.3,Disqualified
6869,2025-07-02,Events,329,1.3,Disqualified
6870,2024-09-24,Organic Search,37,1.7,Nurturing
6871,2026-07-24,Organic Search,79,2.0,Qualified
6872,2024-12-08,Outbound,265,,Disqualified
6873,2026-05-26,Events,462,0.7,Nurturing
6874,2025-01-18,Organic Search,376,0.6,Disqualified
6875,2024-06-18,Paid Search,574,3.6,Disqualified
6876,2026-09-29,Referral,174,3.0,New
6877,2025-09-29,Outbound,165,,Disqualified
6878,2024-01-21,Events,131,5.8,Disqualified
6879,2026-04-28,Events,372,8.0,Nurturing
6880,2025-12-27,Partner,370,4.0,Disqualified
6881,2025-10-29,Paid Search,120,3.0,Disqualified
6882,2024-12-29,Events,238,4.9,Nurturing
6883,2026-03-08,Organic Search,564,1.7,Qualified
6884,2026-04-13,Events,226,2.1,Disqualified
6885,2026-09-11,Partner,499,2.2,Qualified
6886,2026-08-11,Paid Search,349,5.6,Disqualified
6887,2025-11-04,Referral,14,1.2,Qualified
6888,2024-07-20,Referral,124,1.6,Qualified
6889,2026-02-24,Events,513,1.4,Nurturing
6890,2026-03-06,Paid Search,90,5.5,Disqualified
6891,2025-07-02,Paid Search,339,6.5,Disqualified
6892,2024-04-14,Partner,98,0.5,Qualified
6893,2025-11-22,Referral,44,2.1,Nurturing
6894,2026-03-30,Organic Search,380,1.9,Disqualified
6895,2025-11-09,Events,71,3.2,Disqualified
6896,2026-07-30,Events,68,2.6,Disqualified
6897,2024-04-07,Referral,2,9.3,Nurturing
6898,2026-02-18,Social,412,5.2,Nurturing
6899,2024-03-25,Outbound,291,,Disqualified
6900,2026-06-22,Outbound,160,,Disqualified
6901,2026-01-26,Outbound,61,,Disqualified
6902,2024-08-08,Organic Search,204,0.7,Disqualified
6903,2025-10-31,Paid Search,468,1.3,Nurturing
6904,2026-03-17,Organic Search,464,6.4,Nurturing
6905,2024-01-26,Paid Search,156,3.0,Nurturing
6906,2026-05-13,Partner,313,16.6,Disqualified
6907,2025-06-10,Outbound,329,,Nurturing
6908,2025-04-26,Partner,237,0.5,Nurturing
6909,2025-12-06,Organic Search,476,5.3,Disqualified
6910,2026-05-11,Paid Search,598,4.1,Disqualified
6911,2026-02-18,Partner,265,3.7,Disqualified
6912,2026-01-10,Partner,474,9.7,Disqualified
6913,2025-09-18,Organic Search,384,3.4,Disqualified
6914,2026-03-23,Referral,159,4.4,Qualified
6915,2026-03-08,Outbound,435,,Nurturing
6916,2026-08-07,Paid Search,402,6.0,Disqualified
6917,2024-11-22,Social,458,4.9,Disqualified
6918,2025-02-01,Organic Search,398,12.7,Nurturing
6919,2026-05-05,Paid Search,529,2.7,Nurturing
6920,2026-05-24,Events,26,18.2,Disqualified
6921,2025-03-13,Paid Search,112,3.8,Nurturing
6922,2025-01-01,Outbound,452,,Disqualified
6923,2024-10-23,Events,168,2.5,Disqualified
6924,2026-05-19,Referral,353,11.8,Nurturing
6925,2026-08-11,Organic Search,531,1.3,Qualified
6926,2025-02-18,Events,22,2.6,Nurturing
6927,2026-06-28,Partner,132,1.7,Qualified
6928,2026-07-24,Organic Search,585,3.4,Disqualified
6929,2025-08-29,Events,10,0.8,Nurturing
6930,2026-01-13,Organic Search,476,2.5,Qualified
6931,2024-09-27,Referral,25,7.5,Disqualified
6932,2026-02-03,Outbound,321,,Qualified
6933,2024-10-12,Organic Search,145,22.0,Disqualified
6934,2026-05-12,Partner,352,14.4,Qualified
6935,2025-07-26,Outbound,371,,Nurturing
6936,2025-09-01,Organic Search,377,13.9,Qualified
6937,2024-08-11,Organic Search,187,7.6,Disqualified
6938,2024-05-05,Paid Search,40,5.1,Nurturing
6939,2025-10-05,Partner,12,13.6,Disqualified
6940,2026-03-01,Outbound,477,,Disqualified
6941,2024-04-06,Outbound,520,,Disqualified
6942,2024-10-20,Referral,140,12.5,Disqualified
6943,2025-06-08,Events,398,4.7,Qualified
6944,2024-03-14,Events,394,18.5,Disqualified
6945,2025-12-31,Outbound,242,,Qualified
6946,2024-09-30,Paid Search,515,10.5,Nurturing
6947,2024-08-31,Organic Search,228,3.3,Disqualified
6948,2025-02-07,Organic Search,583,3.4,Disqualified
6949,2024-11-18,Outbound,270,,Disqualified
6950,2024-08-31,Organic Search,18,2.6,Nurturing
6951,2024-10-10,Organic Search,231,4.7,Nurturing
6952,2026-01-29,Paid Search,256,0.8,Nurturing
6953,2024-06-16,Paid Search,240,12.8,Nurturing
6954,2024-03-22,Referral,340,4.9,Nurturing
6955,2024-04-25,Organic Search,440,9.3,Disqualified
6956,2026-04-02,Outbound,127,,Disqualified
6957,2025-12-23,Partner,189,3.2,Nurturing
6958,2026-05-20,Outbound,241,,Nurturing
6959,2025-06-15,Events,199,7.0,Qualified
6960,2025-10-18,Organic Search,332,4.3,Disqualified
6961,2025-06-08,Partner,355,1.0,Disqualified
6962,2024-05-27,Referral,537,5.2,Qualified
6963,2025-07-16,Paid Search,30,0.5,Qualified
6964,2024-11-25,Partner,594,0.9,Qualified
6965,2025-04-11,Organic Search,149,0.6,Qualified
6966,2026-01-28,Events,505,2.3,Qualified
6967,2026-04-27,Outbound,115,,Disqualified
6968,2024-08-20,Partner,129,1.7,Qualified
6969,2025-09-06,Paid Search,112,9.9,Disqualified
6970,2024-06-21,Outbound,115,,Nurturing
6971,2026-08-26,Organic Search,32,3.8,Disqualified
6972,2024-08-16,Paid Search,286,3.1,Qualified
6973,2025-06-16,Paid Search,382,1.5,Disqualified
6974,2025-02-09,Events,101,7.4,Qualified
6975,2025-11-09,Outbound,430,,Nurturing
6976,2024-12-03,Organic Search,163,1.4,Nurturing
6977,2025-11-23,Outbound,54,,Nurturing
6978,2026-01-26,Paid Search,454,18.9,Nurturing
6979,2024-09-25,Events,8,1.7,Disqualified
6980,2026-01-02,Outbound,383,,Disqualified
6981,2025-02-06,Partner,198,2.8,Nurturing
6982,2024-09-23,Partner,308,2.6,Qualified
6983,2026-08-04,Outbound,172,,Disqualified
6984,2025-03-10,Paid Search,442,9.4,Nurturing
6985,2025-12-25,Paid Search,43,2.8,Nurturing
6986,2024-09-11,Organic Search,277,3.9,Disqualified
6987,2026-08-04,Referral,463,3.2,Disqualified
6988,2024-11-08,Paid Search,8,23.4,Disqualified
6989,2025-10-29,Outbound,282,,Nurturing
6990,2025-10-31,Outbound,284,,Disqualified
6991,2026-07-27,Partner,201,2.8,Disqualified
6992,2024-06-06,Outbound,57,,Disqualified
6993,2025-06-02,Organic Search,198,4.8,Nurturing
6994,2025-12-31,Paid Search,209,10.4,Nurturing
6995,2025-12-29,Paid Search,141,10.4,Nurturing
6996,2024-01-24,Outbound,72,,Nurturing
6997,2026-07-06,Outbound,201,,Disqualified
6998,2025-01-20,Organic Search,397,0.4,Disqualified
6999,2026-06-03,Referral,272,1.8,Qualified
7000,2025-09-30,Organic Search,93,0.8,Qualified
7001,2026-09-08,Referral,520,4.5,Qualified
7002,2025-07-31,Referral,300,3.8,Nurturing
7003,2025-11-28,Paid Search,581,2.5,Nurturing
7004,2024-12-31,Partner,495,3.4,Nurturing
7005,2026-03-05,Paid Search,429,2.3,Disqualified
7006,2025-09-26,Paid Search,349,2.9,Nurturing
7007,2026-04-27,Outbound,354,,Disqualified
7008,2024-04-25,Partner,97,5.5,Disqualified
7009,2025-08-08,Paid Search,341,0.9,Nurturing
7010,2026-09-01,Social,165,2.0,Nurturing
7011,2025-01-13,Organic Search,306,1.3,Disqualified
7012,2026-01-04,Organic Search,306,19.4,Qualified
7013,2024-10-15,Partner,109,4.8,Disqualified
7014,2025-11-17,Outbound,145,,Nurturing
7015,2025-11-24,Organic Search,484,22.6,Disqualified
7016,2025-09-29,Paid Search,97,3.1,Disqualified
7017,2026-02-27,Outbound,271,,Nurturing
7018,2024-10-08,Organic Search,559,3.3,Disqualified
7019,2026-03-06,Events,304,2.0,Nurturing
7020,2025-01-21,Referral,564,2.6,Disqualified
7021,2026-07-03,Paid Search,471,2.6,Nurturing
7022,2025-11-14,Referral,110,4.1,Disqualified
7023,2025-10-08,Outbound,451,,Qualified
7024,2024-07-01,Outbound,61,,Disqualified
7025,2024-07-05,Organic Search,174,1.1,Nurturing
7026,2026-01-25,Events,89,31.9,Qualified
7027,2024-07-10,Events,282,5.6,Disqualified
7028,2025-10-16,Events,260,3.9,Qualified
7029,2026-05-15,Paid Search,108,2.9,Nurturing
7030,2026-01-07,Outbound,564,,Disqualified
7031,2026-06-19,Paid Search,21,1.9,Nurturing
7032,2025-06-30,Paid Search,92,3.1,Qualified
7033,2026-01-06,Events,136,1.1,Nurturing
7034,2024-09-22,Events,593,2.6,Nurturing
7035,2026-06-28,Referral,177,7.1,Nurturing
7036,2026-09-02,Partner,317,2.7,Disqualified
7037,2025-08-06,Outbound,189,,Nurturing
7038,2025-03-02,Outbound,244,,Disqualified
7039,2024-03-15,Organic Search,131,0.9,Disqualified
7040,2026-03-19,Paid Search,27,1.5,Disqualified
7041,2026-08-17,Outbound,25,,Qualified
7042,2025-12-19,Referral,48,3.8,Qualified
7043,2025-03-09,Organic Search,182,3.3,Disqualified
7044,2026-04-25,Paid Search,253,1.2,Qualified
7045,2025-07-29,Paid Search,258,9.0,Qualified
7046,2026-01-27,Paid Search,438,1.3,Qualified
7047,2026-06-12,Referral,63,0.6,Nurturing
7048,2025-06-16,Outbound,203,,Disqualified
7049,2025-04-09,Organic Search,418,2.3,Disqualified
7050,2025-04-08,Paid Search,537,6.9,Qualified
7051,2025-12-24,Paid Search,19,2.3,Nurturing
7052,2025-11-30,Organic Search,174,19.5,Nurturing
7053,2024-07-15,Referral,318,2.2,Disqualified
7054,2026-01-16,Organic Search,472,4.9,Qualified
7055,2025-07-03,Referral,191,0.2,Qualified
7056,2026-05-04,Paid Search,261,8.0,Disqualified
7057,2025-07-20,Outbound,545,,Disqualified
7058,2025-06-19,Referral,24,2.7,Nurturing
7059,2025-07-03,Referral,183,9.0,Disqualified
7060,2025-11-17,Paid Search,166,5.5,Disqualified
7061,2026-09-20,Paid Search,135,8.3,Qualified
7062,2026-05-01,Organic Search,169,1.1,Qualified
7063,2024-02-27,Referral,130,1.2,Qualified
7064,2024-07-25,Referral,68,1.8,Disqualified
7065,2026-03-03,Organic Search,253,2.2,Qualified
7066,2026-03-28,Organic Search,127,0.4,Qualified
7067,2025-05-04,Organic Search,81,0.6,Nurturing
7068,2025-12-12,Outbound,449,,Qualified
7069,2024-08-11,Outbound,576,,Disqualified
7070,2024-09-07,Paid Search,73,6.5,Nurturing
7071,2026-08-31,Organic Search,25,2.2,Nurturing
7072,2026-09-12,Paid Search,1,17.1,Disqualified
7073,2025-06-16,Paid Search,488,6.8,Disqualified
7074,2026-04-22,Events,548,0.8,Nurturing
7075,2025-09-15,Referral,507,2.8,Qualified
7076,2024-07-02,Social,73,3.7,Disqualified
7077,2024-05-28,Organic Search,220,6.8,Disqualified
7078,2025-01-20,Paid Search,164,1.2,Disqualified
7079,2024-03-25,Paid Search,361,2.2,Nurturing
7080,2026-04-25,Partner,337,1.3,Disqualified
7081,2025-12-08,Paid Search,507,81.7,Disqualified
7082,2024-07-16,Events,293,2.1,Disqualified
7083,2024-11-07,Referral,228,3.7,Qualified
7084,2025-05-24,Social,27,22.3,Disqualified
7085,2025-03-15,Organic Search,307,4.8,Qualified
7086,2026-06-28,Events,549,6.4,Disqualified
7087,2025-02-16,Organic Search,80,0.6,Disqualified
7088,2024-09-05,Organic Search,28,5.4,Disqualified
7089,2024-08-29,Partner,176,5.0,Disqualified
7090,2026-08-03,Paid Search,353,11.2,Disqualified
7091,2026-07-22,Paid Search,178,0.4,Disqualified
7092,2025-06-17,Paid Search,168,1.1,Qualified
7093,2026-08-11,Organic Search,109,5.7,Nurturing
7094,2026-03-14,Partner,256,6.1,Qualified
7095,2025-12-22,Outbound,512,,Nurturing
7096,2024-09-24,Organic Search,453,2.4,Qualified
7097,2025-02-11,Outbound,133,,Disqualified
7098,2024-07-13,Outbound,103,,Qualified
7099,2024-12-18,Partner,570,4.7,Qualified
7100,2024-04-17,Paid Search,410,4.0,Disqualified
7101,2026-04-09,Paid Search,587,8.0,Nurturing
7102,2024-07-08,Organic Search,369,1.5,Disqualified
7103,2026-06-28,Social,71,3.3,Disqualified
7104,2025-01-07,Organic Search,357,0.9,Nurturing
7105,2025-06-28,Paid Search,427,102.0,Qualified
7106,2025-11-02,Paid Search,573,3.3,Disqualified
7107,2024-07-27,Referral,427,3.2,Disqualified
7108,2025-07-20,Outbound,381,,Disqualified
7109,2026-04-15,Outbound,454,,Disqualified
7110,2024-12-17,Social,484,6.5,Disqualified
7111,2025-09-28,Events,282,3.2,Nurturing
7112,2024-10-23,Organic Search,410,1.2,Qualified
7113,2025-09-17,Organic Search,47,3.5,Nurturing
7114,2026-08-18,Partner,59,0.8,Disqualified
7115,2024-05-11,Partner,482,2.1,Nurturing
7116,2025-05-28,Social,266,4.0,Nurturing
7117,2024-05-25,Partner,475,1.1,Nurturing
7118,2025-04-29,Referral,2,1.7,Qualified
7119,2025-04-22,Social,394,1.0,Nurturing
7120,2026-03-16,Outbound,483,,Disqualified
7121,2024-10-26,Outbound,103,,Nurturing
7122,2025-09-11,Outbound,95,,Disqualified
7123,2024-05-04,Paid Search,501,1.7,Disqualified
7124,2024-03-13,Paid Search,192,1.4,Nurturing
7125,2025-07-02,Organic Search,310,4.5,Disqualified
7126,2025-09-21,Social,500,2.9,Disqualified
7127,2024-09-19,Paid Search,428,12.1,Nurturing
7128,2026-05-24,Social,321,1.0,Nurturing
7129,2025-12-20,Organic Search,163,2.2,Qualified
7130,2024-12-01,Outbound,36,,Qualified
7131,2025-09-01,Events,457,1.0,Disqualified
7132,2026-01-09,Paid Search,19,2.9,Qualified
7133,2025-10-04,Outbound,26,,Nurturing
7134,2024-06-12,Referral,32,45.7,Nurturing
7135,2025-03-26,Events,539,1.3,Nurturing
7136,2026-08-12,Partner,245,1.7,Nurturing
7137,2024-05-06,Outbound,5,,Disqualified
7138,2026-09-25,Referral,260,3.6,New
7139,2024-05-29,Events,164,1.8,Qualified
7140,2026-07-14,Outbound,220,,Disqualified
7141,2026-07-05,Events,264,14.6,Qualified
7142,2025-09-16,Outbound,459,,Disqualified
7143,2025-07-19,Outbound,533,,Nurturing
7144,2026-01-24,Outbound,219,,Nurturing
7145,2026-02-20,Outbound,291,,Nurturing
7146,2024-09-17,Events,215,0.6,Qualified
7147,2026-08-07,Organic Search,57,1.3,Disqualified
7148,2024-08-01,Social,137,0.8,Disqualified
7149,2024-12-20,Paid Search,331,16.0,Disqualified
7150,2025-06-29,Partner,265,3.6,Nurturing
7151,2025-03-11,Outbound,2,,Disqualified
7152,2025-09-09,Outbound,533,,Disqualified
7153,2024-08-22,Organic Search,396,0.8,Disqualified
7154,2026-05-04,Outbound,456,,Disqualified
7155,2026-08-19,Paid Search,453,3.6,Nurturing
7156,2026-08-15,Referral,452,3.8,Nurturing
7157,2025-11-10,Events,179,4.5,Disqualified
7158,2025-06-25,Outbound,370,,Disqualified
7159,2024-07-30,Referral,88,3.0,Disqualified
7160,2025-12-08,Social,595,3.3,Nurturing
7161,2025-04-22,Referral,254,4.7,Disqualified
7162,2025-03-31,Paid Search,15,0.7,Disqualified
7163,2024-05-28,Outbound,438,,Nurturing
7164,2025-12-11,Organic Search,267,15.0,Nurturing
7165,2026-09-07,Paid Search,65,19.6,Nurturing
7166,2025-03-02,Organic Search,347,4.2,Disqualified
7167,2026-03-09,Outbound,574,,Disqualified
7168,2026-06-08,Partner,362,2.2,Qualified
7169,2024-12-25,Outbound,269,,Disqualified
7170,2025-09-14,Outbound,398,,Disqualified
7171,2024-09-20,Events,526,3.1,Qualified
7172,2026-06-13,Paid Search,584,0.4,Nurturing
7173,2026-03-13,Referral,158,2.2,Qualified
7174,2025-11-28,Organic Search,387,8.6,Disqualified
7175,2025-10-06,Paid Search,98,5.8,Disqualified
7176,2024-07-11,Paid Search,583,7.0,Qualified
7177,2026-09-22,Outbound,135,,Qualified
7178,2025-10-23,Organic Search,231,12.3,Qualified
7179,2026-05-22,Outbound,167,,Disqualified
7180,2024-11-24,Outbound,114,,Nurturing
7181,2025-04-30,Paid Search,4,15.6,Disqualified
7182,2026-09-17,Events,432,1.2,Qualified
7183,2024-05-18,Paid Search,73,0.9,Qualified
7184,2026-07-22,Organic Search,339,5.9,Disqualified
7185,2026-05-03,Social,217,13.7,Qualified
7186,2025-03-09,Organic Search,318,5.3,Disqualified
7187,2026-04-18,Organic Search,421,16.4,Qualified
7188,2024-09-29,Social,404,11.2,Disqualified
7189,2025-03-25,Organic Search,11,3.6,Qualified
7190,2024-08-16,Paid Search,513,2.4,Disqualified
7191,2026-04-16,Events,247,3.5,Disqualified
7192,2024-11-04,Organic Search,405,4.4,Disqualified
7193,2025-02-04,Social,441,17.8,Disqualified
7194,2025-02-10,Referral,509,2.6,Disqualified
7195,2024-08-16,Partner,52,3.1,Qualified
7196,2026-05-27,Paid Search,569,0.7,Disqualified
7197,2025-05-29,Organic Search,26,5.8,Qualified
7198,2024-08-08,Events,374,1.4,Qualified
7199,2025-04-24,Social,391,35.3,Disqualified
7200,2026-04-23,Organic Search,598,5.2,Disqualified
7201,2024-04-28,Events,177,1.2,Nurturing
7202,2024-07-18,Organic Search,531,1.1,Nurturing
7203,2026-03-30,Partner,206,4.6,Qualified
7204,2025-08-27,Organic Search,308,2.0,Qualified
7205,2024-09-07,Referral,545,7.9,Qualified
7206,2024-05-02,Organic Search,389,10.2,Nurturing
7207,2026-05-06,Events,235,3.0,Qualified
7208,2024-06-01,Outbound,583,,Disqualified
7209,2026-09-10,Paid Search,594,15.5,Nurturing
7210,2025-04-20,Referral,101,2.7,Nurturing
7211,2024-03-11,Organic Search,415,3.6,Qualified
7212,2026-09-24,Partner,166,1.3,New
7213,2026-05-30,Paid Search,92,2.8,Nurturing
7214,2024-03-30,Outbound,71,,Nurturing
7215,2024-09-22,Outbound,126,,Qualified
7216,2025-08-15,Referral,448,1.6,Nurturing
7217,2025-05-27,Outbound,357,,Nurturing
7218,2025-02-16,Organic Search,84,1.1,Qualified
7219,2026-03-10,Paid Search,423,4.1,Disqualified
7220,2025-11-02,Outbound,409,,Disqualified
7221,2024-05-01,Outbound,520,,Nurturing
7222,2026-01-08,Organic Search,18,7.6,Disqualified
7223,2024-08-03,Outbound,88,,Disqualified
7224,2024-11-02,Partner,446,7.1,Disqualified
7225,2024-05-01,Organic Search,457,5.5,Nurturing
7226,2024-09-27,Social,131,2.8,Qualified
7227,2025-12-07,Paid Search,346,2.3,Disqualified
7228,2024-11-01,Paid Search,64,5.4,Disqualified
7229,2025-03-16,Paid Search,537,6.7,Nurturing
7230,2025-09-04,Organic Search,481,2.1,Nurturing
7231,2024-07-05,Referral,491,12.2,Disqualified
7232,2026-06-11,Organic Search,141,2.6,Nurturing
7233,2025-05-02,Referral,217,1.7,Nurturing
7234,2025-08-24,Paid Search,44,1.8,Disqualified
7235,2026-06-16,Outbound,404,,Qualified
7236,2026-03-30,Outbound,439,,Disqualified
7237,2024-03-06,Referral,304,12.1,Qualified
7238,2026-05-29,Referral,101,3.3,Disqualified
7239,2024-09-30,Outbound,64,,Nurturing
7240,2025-08-11,Social,342,0.5,Disqualified
7241,2024-04-30,Organic Search,304,4.4,Qualified
7242,2025-02-25,Referral,418,3.2,Nurturing
7243,2025-04-29,Outbound,499,,Disqualified
7244,2026-03-02,Partner,452,3.3,Disqualified
7245,2025-07-06,Organic Search,470,2.8,Nurturing
7246,2026-01-06,Partner,567,1.4,Disqualified
7247,2025-01-09,Paid Search,385,4.1,Qualified
7248,2024-04-04,Organic Search,447,12.1,Disqualified
7249,2024-12-24,Paid Search,177,4.2,Nurturing
7250,2024-05-05,Paid Search,152,1.6,Nurturing
7251,2026-01-10,Social,477,2.3,Qualified
7252,2024-12-05,Outbound,348,,Nurturing
7253,2024-11-08,Organic Search,463,1.5,Disqualified
7254,2026-07-08,Partner,12,1.6,Disqualified
7255,2024-04-12,Outbound,577,,Nurturing
7256,2026-07-18,Social,530,4.1,Nurturing
7257,2025-04-24,Events,203,1.0,Qualified
7258,2024-11-28,Events,382,0.8,Disqualified
7259,2025-04-20,Organic Search,158,3.8,Qualified
7260,2024-01-18,Outbound,72,,Disqualified
7261,2026-08-20,Organic Search,511,0.5,Nurturing
7262,2026-06-09,Outbound,394,,Disqualified
7263,2024-04-04,Paid Search,598,6.3,Disqualified
7264,2025-10-23,Paid Search,240,8.5,Nurturing
7265,2026-06-30,Outbound,185,,Nurturing
7266,2025-10-03,Events,567,0.8,Nurturing
7267,2026-06-29,Organic Search,298,4.6,Qualified
7268,2024-06-22,Outbound,517,,Disqualified
7269,2025-02-16,Events,445,4.1,Nurturing
7270,2026-08-17,Paid Search,11,2.3,Disqualified
7271,2024-07-14,Partner,557,5.2,Qualified
7272,2024-07-10,Referral,497,0.8,Disqualified
7273,2024-05-18,Social,176,1.8,Disqualified
7274,2024-12-19,Social,18,4.5,Disqualified
7275,2026-07-16,Social,46,8.1,Disqualified
7276,2026-05-02,Organic Search,556,3.2,Disqualified
7277,2024-05-22,Organic Search,481,1.0,Qualified
7278,2026-05-19,Organic Search,89,3.2,Nurturing
7279,2025-11-20,Paid Search,79,16.0,Disqualified
7280,2026-06-16,Paid Search,287,4.5,Disqualified
7281,2026-08-23,Referral,381,2.6,Nurturing
7282,2026-09-01,Events,592,3.1,Nurturing
7283,2024-08-14,Outbound,431,,Nurturing
7284,2026-03-20,Paid Search,191,0.5,Nurturing
7285,2025-08-24,Events,318,0.7,Disqualified
7286,2025-10-11,Paid Search,419,14.5,Qualified
7287,2024-08-19,Partner,21,7.7,Disqualified
7288,2025-06-12,Paid Search,408,2.8,Disqualified
7289,2025-09-15,Referral,48,6.1,Qualified
7290,2024-09-08,Events,537,10.5,Nurturing
7291,2025-11-07,Partner,466,4.9,Nurturing
7292,2025-02-09,Paid Search,426,0.9,Qualified
7293,2026-05-12,Outbound,321,,Nurturing
7294,2026-03-31,Organic Search,243,0.5,Nurturing
7295,2026-01-20,Referral,469,2.5,Nurturing
7296,2025-10-27,Organic Search,580,8.1,Qualified
7297,2026-08-17,Organic Search,302,23.4,Nurturing
7298,2026-06-03,Organic Search,133,8.5,Disqualified
7299,2026-09-03,Paid Search,185,1.0,Disqualified
7300,2025-04-02,Referral,194,0.7,Disqualified
7301,2024-11-08,Outbound,356,,Disqualified
7302,2025-01-27,Organic Search,263,23.0,Qualified
7303,2024-09-21,Organic Search,250,0.8,Qualified
7304,2025-07-30,Paid Search,474,2.9,Disqualified
7305,2025-09-25,Organic Search,207,2.4,Disqualified
7306,2024-08-14,Events,134,4.2,Disqualified
7307,2024-05-28,Paid Search,463,2.2,Nurturing
7308,2024-05-25,Paid Search,84,2.1,Qualified
7309,2024-02-17,Outbound,176,,Nurturing
7310,2024-09-18,Outbound,280,,Nurturing
7311,2025-04-17,Organic Search,147,2.5,Disqualified
7312,2026-07-02,Outbound,593,,Disqualified
7313,2025-03-02,Referral,461,5.4,Disqualified
7314,2024-01-06,Events,461,2.7,Disqualified
7315,2026-03-04,Referral,595,0.7,Disqualified
7316,2024-06-03,Paid Search,57,3.4,Nurturing
7317,2024-04-03,Paid Search,193,11.4,Disqualified
7318,2026-02-07,Referral,571,17.4,Disqualified
7319,2026-03-04,Organic Search,207,4.4,Disqualified
7320,2024-11-04,Organic Search,578,0.8,Disqualified
7321,2024-08-24,Organic Search,409,2.1,Disqualified
7322,2025-01-16,Outbound,3,,Disqualified
7323,2024-06-02,Organic Search,488,1.7,Qualified
7324,2025-05-14,Paid Search,435,2.2,Nurturing
7325,2025-05-26,Partner,355,8.3,Disqualified
7326,2024-06-18,Organic Search,201,5.7,Nurturing
7327,2025-07-24,Partner,175,2.7,Disqualified
7328,2025-07-31,Partner,272,7.6,Qualified
7329,2025-06-12,Outbound,558,,Nurturing
7330,2025-02-02,Organic Search,78,1.7,Qualified
7331,2026-08-22,Outbound,520,,Disqualified
7332,2024-07-28,Social,228,13.3,Nurturing
7333,2026-03-17,Outbound,57,,Nurturing
7334,2025-06-17,Paid Search,19,1.2,Nurturing
7335,2026-03-06,Paid Search,560,1.1,Nurturing
7336,2025-03-15,Events,564,7.6,Nurturing
7337,2025-03-03,Organic Search,45,15.8,Disqualified
7338,2024-07-15,Outbound,575,,Nurturing
7339,2025-03-20,Paid Search,229,2.8,Nurturing
7340,2024-02-22,Organic Search,115,2.3,Nurturing
7341,2024-12-05,Events,404,1.7,Qualified
7342,2025-01-21,Paid Search,227,21.1,Disqualified
7343,2026-08-24,Referral,537,5.2,Nurturing
7344,2025-06-22,Referral,225,11.6,Disqualified
7345,2026-03-07,Organic Search,215,5.0,Qualified
7346,2025-06-17,Social,344,0.8,Disqualified
7347,2026-06-10,Events,343,5.6,Qualified
7348,2024-12-05,Organic Search,65,4.2,Disqualified
7349,2026-09-16,Outbound,427,,Disqualified
7350,2025-03-07,Organic Search,550,19.3,Nurturing
7351,2026-08-04,Outbound,78,,Disqualified
7352,2026-06-30,Paid Search,294,18.3,Nurturing
7353,2025-03-04,Outbound,280,,Nurturing
7354,2026-02-08,Social,326,1.5,Disqualified
7355,2026-03-06,Partner,88,16.9,Nurturing
7356,2025-12-16,Social,411,4.5,Disqualified
7357,2025-10-09,Partner,72,2.5,Nurturing
7358,2025-04-23,Paid Search,106,3.0,Nurturing
7359,2024-12-03,Events,226,1.8,Qualified
7360,2025-02-23,Events,62,2.2,Nurturing
7361,2024-07-02,Referral,153,2.4,Qualified
7362,2025-05-27,Partner,486,1.7,Disqualified
7363,2025-05-29,Events,31,4.7,Nurturing
7364,2026-05-27,Events,510,10.3,Nurturing
7365,2025-01-15,Social,367,2.6,Disqualified
7366,2025-01-03,Organic Search,549,6.9,Nurturing
7367,2026-03-16,Outbound,466,,Disqualified
7368,2026-05-04,Social,16,9.7,Qualified
7369,2026-03-02,Outbound,9,,Nurturing
7370,2024-12-18,Paid Search,492,1.9,Disqualified
7371,2025-09-05,Outbound,514,,Nurturing
7372,2026-01-07,Organic Search,95,31.2,Nurturing
7373,2024-09-11,Paid Search,86,1.4,Nurturing
7374,2026-06-18,Referral,580,0.5,Qualified
7375,2024-03-21,Social,571,0.8,Disqualified
7376,2025-02-08,Partner,540,12.3,Nurturing
7377,2026-02-02,Outbound,364,,Nurturing
7378,2026-08-10,Outbound,461,,Disqualified
7379,2025-10-11,Partner,427,2.1,Disqualified
7380,2025-01-19,Organic Search,166,4.8,Qualified
7381,2026-03-10,Partner,116,0.9,Nurturing
7382,2025-03-04,Events,245,4.6,Disqualified
7383,2024-04-11,Paid Search,79,4.5,Disqualified
7384,2024-11-05,Paid Search,190,8.8,Disqualified
7385,2025-11-20,Paid Search,92,1.5,Qualified
7386,2024-09-22,Outbound,579,,Disqualified
7387,2025-09-29,Outbound,100,,Nurturing
7388,2026-06-30,Organic Search,229,4.9,Qualified
7389,2025-08-11,Paid Search,112,1.6,Nurturing
7390,2025-07-06,Organic Search,222,5.0,Qualified
7391,2026-09-18,Outbound,245,,New
7392,2024-02-06,Referral,32,3.6,Qualified
7393,2025-07-05,Paid Search,206,13.2,Disqualified
7394,2026-03-02,Paid Search,68,10.3,Nurturing
7395,2026-02-25,Organic Search,333,2.5,Disqualified
7396,2025-07-15,Events,328,1.2,Disqualified
7397,2025-08-01,Outbound,427,,Nurturing
7398,2025-05-28,Paid Search,116,3.5,Nurturing
7399,2026-08-29,Paid Search,269,9.6,Nurturing
7400,2026-02-15,Organic Search,411,7.6,Qualified
7401,2025-01-27,Events,502,10.4,Qualified
7402,2025-01-13,Social,460,3.0,Nurturing
7403,2024-08-22,Organic Search,472,1.4,Disqualified
7404,2024-02-07,Outbound,295,,Disqualified
7405,2025-05-10,Organic Search,416,3.1,Nurturing
7406,2025-02-28,Outbound,31,,Disqualified
7407,2025-07-30,Partner,375,9.9,Disqualified
7408,2026-01-09,Outbound,571,,Disqualified
7409,2024-11-06,Paid Search,220,0.8,Disqualified
7410,2026-05-03,Paid Search,315,0.4,Disqualified
7411,2025-08-22,Events,177,1.1,Disqualified
7412,2024-09-30,Outbound,4,,Nurturing
7413,2026-05-27,Organic Search,17,1.5,Qualified
7414,2025-07-27,Organic Search,284,1.5,Disqualified
7415,2024-08-28,Paid Search,262,4.7,Disqualified
7416,2025-04-09,Partner,537,8.8,Qualified
7417,2026-07-28,Organic Search,557,5.5,Qualified
7418,2025-11-27,Partner,160,8.2,Qualified
7419,2024-09-09,Organic Search,328,18.7,Disqualified
7420,2024-05-12,Outbound,33,,Nurturing
7421,2025-02-09,Partner,137,3.1,Disqualified
7422,2026-09-05,Referral,348,0.9,Qualified
7423,2026-01-07,Outbound,339,,Nurturing
7424,2026-05-25,Organic Search,264,3.5,Disqualified
7425,2025-07-18,Outbound,387,,Disqualified
7426,2025-02-24,Paid Search,296,2.2,Disqualified
7427,2025-10-29,Outbound,434,,Disqualified
7428,2026-08-07,Organic Search,353,15.1,Qualified
7429,2024-08-23,Referral,289,1.3,Qualified
7430,2024-08-09,Organic Search,580,8.5,Disqualified
7431,2025-02-01,Outbound,254,,Disqualified
7432,2025-07-10,Referral,369,7.9,Qualified
7433,2024-07-24,Partner,161,3.2,Disqualified
7434,2024-10-13,Events,126,0.8,Qualified
7435,2025-05-24,Paid Search,35,0.2,Nurturing
7436,2024-11-27,Outbound,577,,Nurturing
7437,2025-09-27,Organic Search,536,5.5,Disqualified
7438,2026-05-30,Referral,166,5.6,Disqualified
7439,2026-08-16,Organic Search,430,5.0,Nurturing
7440,2025-06-23,Social,542,1.3,Qualified
7441,2025-11-27,Organic Search,500,6.1,Disqualified
7442,2026-02-04,Paid Search,157,6.5,Nurturing
7443,2025-10-06,Paid Search,205,1.6,Disqualified
7444,2024-08-15,Outbound,71,,Nurturing
7445,2024-10-03,Referral,275,2.2,Disqualified
7446,2024-10-15,Organic Search,206,4.1,Disqualified
7447,2026-08-26,Referral,526,4.2,Disqualified
7448,2025-12-14,Organic Search,444,5.8,Disqualified
7449,2025-03-11,Events,479,0.3,Disqualified
7450,2024-04-24,Referral,288,8.1,Disqualified
7451,2025-03-15,Paid Search,343,5.8,Disqualified
7452,2025-01-14,Organic Search,223,1.7,Qualified
7453,2026-08-31,Outbound,460,,Nurturing
7454,2025-12-11,Outbound,57,,Disqualified
7455,2026-02-11,Outbound,186,,Disqualified
7456,2026-07-09,Referral,225,0.6,Nurturing
7457,2024-06-22,Organic Search,257,2.3,Disqualified
7458,2024-08-28,Organic Search,343,15.8,Qualified
7459,2024-10-30,Partner,110,4.4,Disqualified
7460,2025-02-14,Referral,242,8.2,Nurturing
7461,2026-08-29,Outbound,569,,Disqualified
7462,2026-05-06,Social,283,0.7,Qualified
7463,2025-09-03,Referral,125,1.9,Disqualified
7464,2024-10-06,Organic Search,261,1.6,Disqualified
7465,2025-01-15,Paid Search,485,3.2,Nurturing
7466,2026-06-06,Organic Search,498,4.4,Disqualified
7467,2024-12-28,Paid Search,396,0.7,Nurturing
7468,2025-02-18,Partner,472,3.1,Qualified
7469,2026-01-31,Paid Search,168,6.0,Qualified
7470,2024-08-03,Outbound,371,,Disqualified
7471,2026-08-03,Partner,279,1.5,Qualified
7472,2026-04-26,Organic Search,190,3.7,Nurturing
7473,2026-01-19,Organic Search,561,2.4,Qualified
7474,2025-04-22,Social,548,3.5,Nurturing
7475,2024-08-21,Outbound,36,,Disqualified
7476,2025-02-16,Outbound,569,,Qualified
7477,2024-06-11,Outbound,343,,Nurturing
7478,2026-06-29,Outbound,72,,Disqualified
7479,2024-04-14,Social,148,6.2,Disqualified
7480,2026-04-20,Events,274,1.5,Disqualified
7481,2026-03-02,Paid Search,448,0.7,Nurturing
7482,2026-02-21,Social,398,4.9,Disqualified
7483,2024-01-07,Organic Search,247,4.6,Disqualified
7484,2025-04-18,Outbound,114,,Qualified
7485,2025-08-21,Referral,227,2.0,Qualified
7486,2025-01-26,Organic Search,342,1.4,Qualified
7487,2026-05-27,Events,279,4.1,Qualified
7488,2024-08-13,Outbound,160,,Nurturing
7489,2026-07-04,Events,350,22.7,Disqualified
7490,2024-02-20,Outbound,68,,Qualified
7491,2026-06-21,Events,592,4.5,Disqualified
7492,2025-05-22,Referral,419,3.3,Disqualified
7493,2025-12-11,Organic Search,45,1.9,Nurturing
7494,2026-01-04,Outbound,371,,Disqualified
7495,2026-04-29,Partner,253,2.2,Nurturing
7496,2025-05-28,Paid Search,29,0.7,Nurturing
7497,2024-12-26,Partner,243,1.4,Disqualified
7498,2026-02-01,Organic Search,110,2.3,Nurturing
7499,2024-05-23,Organic Search,253,1.2,Nurturing
7500,2025-10-01,Paid Search,193,2.0,Nurturing
7501,2026-09-24,Organic Search,144,30.5,New
7502,2026-05-22,Paid Search,470,6.5,Nurturing
7503,2024-10-17,Outbound,462,,Qualified
7504,2026-02-01,Paid Search,22,14.4,Nurturing
7505,2025-12-13,Paid Search,381,4.8,Nurturing
7506,2026-01-20,Referral,272,27.5,Nurturing
7507,2024-08-25,Outbound,289,,Nurturing
7508,2024-11-25,Paid Search,292,0.4,Nurturing
7509,2025-03-30,Events,453,1.3,Nurturing
7510,2025-05-06,Organic Search,226,3.6,Qualified
7511,2026-06-22,Organic Search,294,5.4,Qualified
7512,2025-07-04,Events,31,2.5,Disqualified
7513,2024-04-29,Referral,347,1.1,Qualified
7514,2025-01-30,Paid Search,247,2.2,Disqualified
7515,2025-06-29,Social,233,2.6,Disqualified
7516,2024-07-06,Outbound,507,,Disqualified
7517,2024-10-31,Social,330,2.1,Disqualified
7518,2024-06-28,Paid Search,478,0.6,Nurturing
7519,2024-12-08,Events,15,1.8,Disqualified
7520,2024-07-27,Outbound,562,,Disqualified
7521,2026-05-11,Events,588,4.0,Nurturing
7522,2025-10-19,Paid Search,525,7.3,Disqualified
7523,2026-01-05,Partner,44,4.8,Qualified
7524,2026-05-07,Outbound,138,,Disqualified
7525,2025-01-11,Outbound,478,,Nurturing
7526,2024-09-14,Social,200,0.7,Nurturing
7527,2024-10-10,Partner,580,2.9,Disqualified
7528,2024-06-08,Outbound,234,,Disqualified
7529,2026-08-13,Outbound,217,,Nurturing
7530,2025-03-15,Referral,584,1.9,Qualified
7531,2025-05-12,Social,182,3.2,Disqualified
7532,2025-08-21,Paid Search,181,8.9,Nurturing
7533,2024-07-27,Organic Search,412,2.2,Disqualified
7534,2025-11-24,Paid Search,368,15.8,Qualified
7535,2025-04-18,Outbound,562,,Disqualified
7536,2025-07-28,Referral,491,2.4,Disqualified
7537,2026-02-06,Outbound,40,,Qualified
7538,2024-04-21,Partner,548,0.5,Qualified
7539,2025-05-15,Outbound,564,,Disqualified
7540,2026-06-12,Organic Search,473,1.0,Disqualified
7541,2024-01-15,Paid Search,60,1.2,Disqualified
7542,2024-02-14,Organic Search,366,3.6,Nurturing
7543,2025-02-23,Partner,556,2.3,Disqualified
7544,2025-05-20,Outbound,284,,Nurturing
7545,2026-06-22,Events,4,1.9,Qualified
7546,2026-02-06,Referral,504,8.0,Qualified
7547,2025-10-25,Referral,224,2.2,Qualified
7548,2025-08-18,Paid Search,430,3.3,Disqualified
7549,2025-06-05,Outbound,3,,Nurturing
7550,2025-08-21,Organic Search,314,9.8,Qualified
7551,2024-12-24,Events,380,28.4,Qualified
7552,2026-07-22,Referral,565,1.3,Disqualified
7553,2025-06-01,Events,346,2.8,Qualified
7554,2025-12-10,Paid Search,529,0.6,Disqualified
7555,2025-02-19,Outbound,143,,Nurturing
7556,2024-12-01,Paid Search,380,7.9,Disqualified
7557,2025-01-28,Outbound,286,,Nurturing
7558,2024-10-29,Referral,112,16.3,Qualified
7559,2026-01-23,Partner,325,13.1,Qualified
7560,2024-09-08,Organic Search,201,16.3,Nurturing
7561,2026-05-12,Organic Search,290,7.3,Qualified
7562,2024-07-15,Organic Search,320,4.8,Qualified
7563,2024-11-10,Social,397,3.2,Disqualified
7564,2026-03-07,Organic Search,193,7.3,Nurturing
7565,2024-11-26,Referral,570,3.0,Nurturing
7566,2026-09-15,Organic Search,574,15.6,Qualified
7567,2024-11-23,Organic Search,526,3.9,Disqualified
7568,2026-08-30,Events,13,16.0,Disqualified
7569,2025-09-27,Referral,596,6.6,Nurturing
7570,2025-06-26,Paid Search,356,1.5,Nurturing
7571,2026-03-01,Outbound,412,,Disqualified
7572,2025-02-04,Referral,494,7.8,Qualified
7573,2024-07-17,Events,106,3.2,Nurturing
7574,2025-06-09,Referral,168,8.8,Nurturing
7575,2025-12-02,Paid Search,255,6.8,Disqualified
7576,2026-06-01,Paid Search,428,1.3,Qualified
7577,2024-09-04,Organic Search,314,3.5,Disqualified
7578,2026-09-09,Referral,539,5.9,Qualified
7579,2024-04-05,Partner,15,0.6,Disqualified
7580,2024-02-23,Paid Search,20,2.1,Disqualified
7581,2026-04-20,Referral,267,13.9,Disqualified
7582,2026-04-28,Referral,125,16.8,Qualified
7583,2025-09-30,Social,392,12.4,Disqualified
7584,2025-12-30,Paid Search,425,5.6,Disqualified
7585,2025-01-18,Outbound,9,,Disqualified
7586,2026-02-03,Organic Search,328,10.4,Disqualified
7587,2026-01-03,Events,335,1.8,Disqualified
7588,2025-10-30,Referral,370,0.7,Qualified
7589,2024-04-21,Outbound,536,,Disqualified
7590,2025-07-23,Referral,262,4.1,Qualified
7591,2026-08-19,Outbound,545,,Disqualified
7592,2024-07-28,Partner,529,2.7,Qualified
7593,2025-09-25,Paid Search,176,2.0,Nurturing
7594,2026-01-04,Outbound,62,,Disqualified
7595,2025-08-30,Organic Search,566,6.8,Disqualified
7596,2024-08-18,Outbound,437,,Nurturing
7597,2024-06-26,Outbound,474,,Nurturing
7598,2024-12-14,Outbound,300,,Nurturing
7599,2026-05-25,Paid Search,142,2.5,Nurturing
7600,2025-07-26,Partner,274,1.7,Qualified
7601,2026-02-03,Paid Search,322,0.4,Qualified
7602,2025-11-15,Partner,390,1.7,Disqualified
7603,2024-11-05,Outbound,74,,Disqualified
7604,2026-05-07,Organic Search,530,4.9,Disqualified
7605,2026-07-11,Organic Search,143,4.4,Nurturing
7606,2025-05-10,Organic Search,170,4.9,Qualified
7607,2025-08-06,Referral,288,14.1,Disqualified
7608,2025-11-01,Organic Search,163,7.2,Disqualified
7609,2024-02-29,Organic Search,256,10.3,Disqualified
7610,2025-11-12,Outbound,69,,Nurturing
7611,2024-08-26,Partner,114,3.4,Disqualified
7612,2025-09-13,Referral,486,15.5,Disqualified
7613,2024-07-07,Outbound,393,,Disqualified
7614,2025-05-01,Referral,199,2.8,Disqualified
7615,2026-05-10,Partner,490,2.7,Qualified
7616,2026-02-08,Paid Search,374,3.2,Nurturing
7617,2025-01-09,Events,398,1.4,Nurturing
7618,2026-09-24,Paid Search,109,7.0,New
7619,2026-01-11,Organic Search,182,2.8,Qualified
7620,2026-08-01,Organic Search,450,1.1,Disqualified
7621,2025-09-28,Paid Search,261,7.5,Disqualified
7622,2024-07-24,Paid Search,85,15.6,Disqualified
7623,2026-08-19,Paid Search,166,7.4,Disqualified
7624,2024-11-18,Paid Search,242,1.3,Qualified
7625,2025-07-07,Paid Search,154,1.5,Disqualified
7626,2024-02-22,Organic Search,74,6.6,Disqualified
7627,2024-04-22,Referral,319,1.7,Qualified
7628,2026-09-01,Organic Search,319,0.5,Qualified
7629,2025-05-28,Organic Search,412,2.1,Disqualified
7630,2025-04-11,Organic Search,71,2.3,Disqualified
7631,2024-06-15,Outbound,281,,Disqualified
7632,2026-05-11,Paid Search,468,10.5,Nurturing
7633,2024-09-23,Partner,138,14.7,Disqualified
7634,2026-02-13,Paid Search,103,7.5,Disqualified
7635,2024-11-29,Partner,350,1.0,Qualified
7636,2024-03-23,Outbound,187,,Disqualified
7637,2026-06-30,Referral,273,0.6,Disqualified
7638,2025-02-17,Paid Search,42,16.0,Disqualified
7639,2025-04-06,Organic Search,351,0.8,Disqualified
7640,2024-12-20,Paid Search,254,5.4,Nurturing
7641,2024-02-28,Organic Search,234,3.2,Nurturing
7642,2026-07-07,Organic Search,211,3.0,Qualified
7643,2025-09-19,Paid Search,472,2.8,Disqualified
7644,2024-03-31,Paid Search,563,3.2,Disqualified
7645,2025-11-04,Organic Search,98,1.0,Qualified
7646,2025-06-16,Social,293,2.6,Disqualified
7647,2024-03-02,Organic Search,590,1.9,Disqualified
7648,2025-08-28,Paid Search,29,5.0,Qualified
7649,2025-04-05,Outbound,464,,Nurturing
7650,2025-05-15,Organic Search,342,14.6,Disqualified
7651,2024-06-22,Partner,343,15.5,Qualified
7652,2025-12-02,Paid Search,399,1.8,Nurturing
7653,2025-06-04,Partner,231,2.1,Nurturing
7654,2024-05-29,Partner,498,2.3,Disqualified
7655,2026-03-15,Organic Search,566,26.9,Disqualified
7656,2026-08-22,Outbound,588,,Disqualified
7657,2026-02-23,Social,71,0.3,Nurturing
7658,2024-04-12,Social,201,10.0,Disqualified
7659,2026-02-12,Organic Search,245,1.4,Disqualified
7660,2026-07-25,Events,41,1.0,Qualified
7661,2024-08-17,Paid Search,346,9.6,Nurturing
7662,2026-06-18,Organic Search,429,2.7,Nurturing
7663,2024-09-23,Organic Search,8,2.4,Disqualified
7664,2025-10-03,Social,72,20.0,Disqualified
7665,2024-05-06,Paid Search,143,2.2,Nurturing
7666,2024-12-26,Events,513,12.2,Nurturing
7667,2025-10-17,Outbound,216,,Disqualified
7668,2025-11-29,Events,565,2.0,Nurturing
7669,2026-06-26,Social,472,18.3,Nurturing
7670,2025-05-11,Events,288,10.5,Qualified
7671,2025-12-24,Partner,170,2.2,Nurturing
7672,2025-06-02,Partner,401,7.6,Qualified
7673,2024-06-22,Referral,273,8.1,Qualified
7674,2024-03-03,Partner,374,6.7,Qualified
7675,2024-04-23,Events,534,3.7,Disqualified
7676,2026-01-03,Organic Search,564,4.2,Disqualified
7677,2025-07-20,Organic Search,100,3.9,Nurturing
7678,2025-07-31,Paid Search,519,78.4,Nurturing
7679,2024-01-25,Outbound,354,,Disqualified
7680,2026-09-13,Organic Search,495,17.5,Disqualified
7681,2025-08-02,Organic Search,47,4.0,Nurturing
7682,2025-01-28,Paid Search,450,12.4,Nurturing
7683,2025-03-05,Events,118,2.0,Disqualified
7684,2024-08-14,Partner,313,1.9,Nurturing
7685,2026-03-10,Paid Search,164,3.1,Disqualified
7686,2026-04-29,Organic Search,394,30.4,Disqualified
7687,2026-07-21,Paid Search,211,5.6,Nurturing
7688,2026-03-10,Organic Search,313,2.8,Nurturing
7689,2024-05-03,Outbound,240,,Disqualified
7690,2025-11-08,Partner,43,28.1,Disqualified
7691,2026-03-23,Outbound,211,,Nurturing
7692,2025-06-19,Paid Search,358,0.7,Disqualified
7693,2025-11-22,Outbound,88,,Qualified
7694,2025-11-10,Referral,205,28.3,Nurturing
7695,2026-04-22,Referral,200,4.7,Disqualified
7696,2024-02-14,Outbound,493,,Nurturing
7697,2026-07-20,Referral,154,3.2,Nurturing
7698,2025-08-13,Organic Search,498,2.8,Disqualified
7699,2026-01-23,Paid Search,463,3.7,Disqualified
7700,2024-10-19,Paid Search,290,1.2,Qualified
7701,2026-01-11,Referral,393,4.8,Disqualified
7702,2025-12-17,Referral,208,0.8,Qualified
7703,2026-08-31,Outbound,529,,Disqualified
7704,2026-07-28,Organic Search,106,2.5,Nurturing
7705,2024-05-22,Paid Search,47,0.9,Qualified
7706,2025-01-06,Partner,2,4.0,Nurturing
7707,2024-08-17,Referral,380,9.3,Qualified
7708,2026-03-31,Organic Search,350,1.6,Qualified
7709,2025-03-09,Organic Search,73,2.1,Nurturing
7710,2026-04-12,Paid Search,190,4.0,Disqualified
7711,2024-11-22,Partner,250,3.0,Qualified
7712,2025-02-19,Events,447,1.2,Disqualified
7713,2025-08-10,Partner,348,4.1,Qualified
7714,2026-08-09,Paid Search,440,1.0,Nurturing
7715,2024-11-13,Paid Search,576,1.5,Disqualified
7716,2024-12-01,Partner,421,3.3,Nurturing
7717,2024-01-17,Referral,158,11.5,Qualified
7718,2025-09-18,Referral,507,4.4,Nurturing
7719,2025-11-03,Organic Search,349,2.5,Disqualified
7720,2025-12-02,Organic Search,517,6.1,Qualified
7721,2026-01-24,Referral,303,1.4,Nurturing
7722,2026-08-28,Outbound,193,,Disqualified
7723,2025-06-18,Referral,447,13.9,Qualified
7724,2025-11-26,Paid Search,196,1.8,Disqualified
7725,2025-05-06,Paid Search,454,2.0,Disqualified
7726,2025-03-25,Partner,311,7.1,Qualified
7727,2025-04-26,Outbound,86,,Disqualified
7728,2025-06-20,Organic Search,126,2.0,Disqualified
7729,2025-04-20,Paid Search,366,2.7,Disqualified
7730,2026-08-29,Events,44,0.9,Disqualified
7731,2026-02-04,Organic Search,248,1.1,Disqualified
7732,2025-07-24,Organic Search,296,3.7,Nurturing
7733,2024-10-04,Referral,284,8.1,Disqualified
7734,2026-05-06,Paid Search,540,1.9,Disqualified
7735,2024-04-15,Paid Search,537,5.3,Nurturing
7736,2026-03-23,Referral,528,16.4,Disqualified
7737,2026-07-03,Referral,3,16.8,Qualified
7738,2026-09-01,Referral,487,1.7,Qualified
7739,2026-05-17,Referral,109,2.4,Disqualified
7740,2025-04-16,Referral,474,1.2,Nurturing
7741,2026-03-02,Events,282,0.3,Disqualified
7742,2026-02-17,Outbound,361,,Nurturing
7743,2024-07-04,Outbound,567,,Disqualified
7744,2024-03-24,Organic Search,453,2.2,Qualified
7745,2026-03-14,Paid Search,63,3.5,Disqualified
7746,2026-07-08,Organic Search,152,2.2,Disqualified
7747,2024-10-18,Paid Search,377,7.5,Disqualified
7748,2025-09-19,Outbound,186,,Disqualified
7749,2026-04-09,Organic Search,355,1.7,Disqualified
7750,2025-05-06,Outbound,416,,Disqualified
7751,2026-04-05,Events,192,0.6,Nurturing
7752,2026-05-18,Outbound,311,,Disqualified
7753,2025-11-15,Outbound,41,,Nurturing
7754,2026-04-24,Outbound,537,,Disqualified
7755,2024-07-14,Outbound,463,,Disqualified
7756,2026-04-23,Referral,229,1.8,Nurturing
7757,2025-09-03,Outbound,463,,Qualified
7758,2025-03-24,Organic Search,491,4.6,Nurturing
7759,2026-02-22,Events,79,6.0,Qualified
7760,2026-02-19,Outbound,255,,Qualified
7761,2024-08-29,Outbound,318,,Qualified
7762,2026-07-28,Outbound,550,,Disqualified
7763,2026-02-15,Outbound,104,,Nurturing
7764,2025-02-08,Organic Search,569,0.6,Qualified
7765,2025-11-16,Organic Search,326,1.3,Nurturing
7766,2024-09-18,Outbound,299,,Qualified
7767,2026-07-12,Outbound,515,,Disqualified
7768,2024-08-04,Organic Search,96,4.6,Disqualified
7769,2025-03-21,Organic Search,494,3.8,Disqualified
7770,2026-09-26,Outbound,42,,New
7771,2025-07-01,Outbound,26,,Disqualified
7772,2026-02-17,Organic Search,431,3.2,Nurturing
7773,2025-07-09,Paid Search,221,9.6,Qualified
7774,2025-02-08,Outbound,564,,Nurturing
7775,2024-11-05,Paid Search,503,22.4,Disqualified
7776,2025-12-28,Partner,512,4.9,Nurturing
7777,2025-03-06,Organic Search,195,2.0,Disqualified
7778,2026-02-23,Events,195,3.2,Disqualified
7779,2024-11-04,Organic Search,288,2.2,Disqualified
7780,2026-01-31,Outbound,429,,Disqualified
7781,2025-04-06,Organic Search,451,14.4,Disqualified
7782,2026-08-25,Organic Search,412,1.1,Disqualified
7783,2026-02-11,Paid Search,22,5.0,Disqualified
7784,2025-07-04,Organic Search,494,9.0,Qualified
7785,2025-07-05,Partner,437,3.4,Qualified
7786,2025-09-06,Outbound,57,,Disqualified
7787,2025-10-02,Outbound,111,,Disqualified
7788,2026-05-16,Referral,390,0.5,Nurturing
7789,2024-09-28,Outbound,13,,Nurturing
7790,2026-03-12,Events,396,1.7,Disqualified
7791,2026-01-20,Outbound,510,,Nurturing
7792,2026-02-04,Organic Search,287,1.3,Nurturing
7793,2025-06-09,Organic Search,152,0.7,Qualified
7794,2025-03-15,Paid Search,394,1.7,Disqualified
7795,2025-08-19,Partner,586,7.1,Nurturing
7796,2026-08-12,Social,121,2.5,Disqualified
7797,2024-10-08,Outbound,268,,Nurturing
7798,2025-08-18,Paid Search,250,1.0,Nurturing
7799,2026-07-07,Paid Search,446,2.7,Disqualified
7800,2025-03-15,Events,530,13.2,Nurturing
7801,2024-02-16,Organic Search,102,2.8,Disqualified
7802,2026-08-01,Outbound,392,,Disqualified
7803,2026-08-08,Paid Search,311,2.6,Disqualified
7804,2024-06-27,Referral,352,4.1,Qualified
7805,2026-07-15,Social,182,1.3,Disqualified
7806,2025-02-14,Outbound,439,,Disqualified
7807,2025-11-30,Organic Search,544,7.4,Nurturing
7808,2026-09-17,Outbound,366,,New
7809,2024-02-09,Referral,453,17.8,Qualified
7810,2026-04-10,Events,63,1.1,Disqualified
7811,2025-05-27,Partner,315,2.5,Qualified
7812,2026-07-02,Organic Search,193,2.8,Qualified
7813,2026-05-05,Partner,574,0.3,Disqualified
7814,2025-02-19,Organic Search,269,10.2,Nurturing
7815,2024-12-18,Paid Search,380,1.0,Disqualified
7816,2025-01-22,Paid Search,425,5.7,Nurturing
7817,2026-05-31,Events,92,15.0,Qualified
7818,2025-11-16,Outbound,338,,Nurturing
7819,2025-06-12,Organic Search,426,24.4,Disqualified
7820,2025-10-06,Outbound,224,,Disqualified
7821,2025-10-05,Paid Search,356,3.3,Qualified
7822,2026-09-08,Organic Search,552,0.6,Disqualified
7823,2024-06-08,Events,519,2.5,Disqualified
7824,2025-09-07,Paid Search,287,2.2,Qualified
7825,2025-09-10,Referral,341,1.4,Disqualified
7826,2025-12-02,Outbound,513,,Nurturing
7827,2024-03-08,Outbound,122,,Disqualified
7828,2024-01-04,Organic Search,33,8.8,Qualified
7829,2025-08-10,Partner,58,3.4,Disqualified
7830,2024-04-11,Paid Search,426,2.0,Disqualified
7831,2026-05-17,Partner,304,14.8,Disqualified
7832,2026-09-10,Referral,296,4.6,Qualified
7833,2026-04-16,Outbound,198,,Nurturing
7834,2024-07-30,Partner,67,7.0,Nurturing
7835,2025-11-24,Referral,125,1.4,Nurturing
7836,2025-08-30,Paid Search,495,2.9,Disqualified
7837,2025-10-07,Paid Search,160,6.5,Disqualified
7838,2026-03-25,Outbound,544,,Nurturing
7839,2025-08-17,Referral,126,6.2,Qualified
7840,2026-07-11,Paid Search,568,3.8,Qualified
7841,2024-11-21,Referral,11,3.2,Disqualified
7842,2024-11-20,Organic Search,46,2.1,Disqualified
7843,2026-03-17,Outbound,46,,Qualified
7844,2026-06-23,Paid Search,360,12.0,Nurturing
7845,2026-02-03,Organic Search,65,3.3,Nurturing
7846,2024-12-15,Organic Search,597,2.7,Nurturing
7847,2024-10-25,Referral,133,0.8,Disqualified
7848,2025-11-23,Events,277,1.9,Disqualified
7849,2026-01-16,Outbound,277,,Disqualified
7850,2024-07-26,Paid Search,253,2.1,Disqualified
7851,2024-07-08,Outbound,186,,Nurturing
7852,2025-01-06,Organic Search,378,1.2,Disqualified
7853,2026-03-02,Outbound,448,,Disqualified
7854,2025-09-04,Paid Search,481,9.8,Qualified
7855,2026-08-11,Events,180,3.3,Qualified
7856,2024-11-05,Paid Search,81,4.1,Nurturing
7857,2025-02-22,Social,459,5.4,Disqualified
7858,2025-01-19,Paid Search,386,3.8,Disqualified
7859,2026-08-11,Outbound,278,,Disqualified
7860,2024-11-15,Outbound,27,,Disqualified
7861,2026-06-11,Paid Search,541,1.1,Qualified
7862,2024-07-08,Paid Search,411,2.5,Nurturing
7863,2025-01-22,Organic Search,575,6.0,Qualified
7864,2024-07-18,Paid Search,513,17.8,Disqualified
7865,2024-02-04,Outbound,166,,Nurturing
7866,2025-07-14,Paid Search,523,3.5,Nurturing
7867,2025-08-10,Paid Search,549,14.6,Disqualified
7868,2026-07-13,Outbound,424,,Qualified
7869,2026-04-14,Partner,540,10.2,Qualified
7870,2024-12-12,Paid Search,67,4.6,Nurturing
7871,2024-12-21,Paid Search,530,4.5,Disqualified
7872,2024-02-01,Referral,209,1.5,Qualified
7873,2025-10-30,Paid Search,506,5.1,Nurturing
7874,2024-09-22,Social,310,5.7,Disqualified
7875,2024-11-19,Events,10,0.8,Disqualified
7876,2026-05-22,Organic Search,129,1.0,Disqualified
7877,2025-12-29,Organic Search,367,2.5,Qualified
7878,2025-11-02,Outbound,371,,Nurturing
7879,2026-06-17,Paid Search,507,5.5,Disqualified
7880,2026-07-25,Paid Search,337,1.8,Nurturing
7881,2025-10-22,Paid Search,361,1.1,Nurturing
7882,2025-07-05,Outbound,282,,Qualified
7883,2024-08-05,Events,25,5.2,Qualified
7884,2024-06-18,Outbound,412,,Disqualified
7885,2024-11-03,Referral,500,15.5,Nurturing
7886,2025-12-03,Referral,378,1.0,Nurturing
7887,2025-10-20,Events,195,3.0,Disqualified
7888,2025-01-04,Organic Search,251,7.4,Disqualified
7889,2026-06-17,Organic Search,412,1.4,Nurturing
7890,2025-05-10,Social,87,3.0,Disqualified
7891,2026-03-30,Referral,58,25.3,Disqualified
7892,2026-08-11,Events,186,4.4,Disqualified
7893,2024-08-14,Referral,345,0.7,Qualified
7894,2025-09-14,Paid Search,257,2.3,Disqualified
7895,2025-07-22,Organic Search,205,5.0,Disqualified
7896,2025-07-01,Organic Search,489,5.2,Qualified
7897,2024-12-22,Outbound,357,,Disqualified
7898,2025-08-15,Paid Search,504,6.0,Disqualified
7899,2024-04-10,Referral,494,10.1,Qualified
7900,2025-11-08,Organic Search,301,4.0,Nurturing
7901,2025-08-29,Referral,436,2.2,Nurturing
7902,2024-10-05,Social,361,3.0,Nurturing
7903,2026-03-18,Social,528,1.1,Disqualified
7904,2025-05-16,Events,552,3.9,Disqualified
7905,2024-11-08,Paid Search,209,1.0,Disqualified
7906,2024-09-14,Organic Search,189,0.8,Disqualified
7907,2024-12-21,Social,561,0.3,Nurturing
7908,2026-01-28,Outbound,26,,Disqualified
7909,2024-06-27,Partner,430,2.2,Nurturing
7910,2025-10-05,Events,1,4.2,Qualified
7911,2025-08-04,Social,80,2.2,Disqualified
7912,2024-12-17,Organic Search,412,1.2,Disqualified
7913,2024-12-28,Outbound,254,,Disqualified
7914,2025-02-03,Events,565,4.1,Nurturing
7915,2025-09-14,Events,452,0.4,Disqualified
7916,2026-08-15,Events,163,12.2,Nurturing
7917,2025-01-30,Outbound,6,,Disqualified
7918,2024-08-10,Paid Search,241,6.3,Nurturing
7919,2025-07-22,Organic Search,366,1.0,Qualified
7920,2025-02-22,Events,144,0.7,Disqualified
7921,2026-05-17,Organic Search,310,1.6,Nurturing
7922,2025-03-27,Paid Search,376,4.9,Disqualified
7923,2024-05-25,Organic Search,454,4.8,Nurturing
7924,2025-11-11,Paid Search,2,16.8,Nurturing
7925,2024-07-09,Organic Search,559,12.9,Disqualified
7926,2026-09-21,Organic Search,505,29.2,Qualified
7927,2026-08-29,Organic Search,46,1.8,Disqualified
7928,2025-01-05,Referral,108,9.5,Disqualified
7929,2025-08-27,Organic Search,166,9.0,Disqualified
7930,2025-12-12,Organic Search,547,5.6,Nurturing
7931,2026-05-01,Paid Search,29,8.9,Disqualified
7932,2026-07-25,Outbound,504,,Disqualified
7933,2025-09-21,Social,225,5.6,Nurturing
7934,2024-11-18,Events,114,2.0,Nurturing
7935,2025-11-16,Organic Search,246,2.2,Nurturing
7936,2026-01-11,Organic Search,340,3.1,Disqualified
7937,2026-05-29,Organic Search,48,0.9,Qualified
7938,2024-02-27,Organic Search,293,2.7,Disqualified
7939,2024-08-28,Partner,79,0.8,Nurturing
7940,2024-05-22,Outbound,163,,Nurturing
7941,2024-07-14,Organic Search,307,8.4,Qualified
7942,2026-07-22,Paid Search,459,1.0,Disqualified
7943,2025-09-30,Referral,551,10.8,Disqualified
7944,2026-08-28,Referral,376,1.2,Disqualified
7945,2024-03-18,Organic Search,351,18.1,Nurturing
7946,2024-01-20,Outbound,52,,Disqualified
7947,2025-04-11,Outbound,43,,Disqualified
7948,2026-06-19,Paid Search,114,5.5,Nurturing
7949,2025-02-22,Outbound,101,,Disqualified
7950,2024-06-06,Social,138,7.1,Nurturing
7951,2024-03-27,Organic Search,85,1.3,Disqualified
7952,2024-11-01,Social,312,0.5,Disqualified
7953,2025-11-01,Outbound,208,,Nurturing
7954,2025-07-26,Paid Search,279,10.4,Disqualified
7955,2025-12-13,Paid Search,344,3.7,Disqualified
7956,2024-01-15,Outbound,281,,Nurturing
7957,2025-01-12,Paid Search,477,6.4,Disqualified
7958,2025-11-06,Social,262,1.4,Disqualified
7959,2026-09-09,Organic Search,117,1.4,Qualified
7960,2026-02-21,Paid Search,559,6.4,Nurturing
7961,2026-04-26,Paid Search,80,13.7,Disqualified
7962,2024-06-22,Organic Search,261,2.5,Qualified
7963,2025-02-07,Referral,117,5.4,Qualified
7964,2026-04-01,Organic Search,404,1.3,Disqualified
7965,2024-01-04,Outbound,468,,Nurturing
7966,2025-12-24,Events,514,0.3,Nurturing
7967,2025-09-02,Paid Search,424,13.2,Nurturing
7968,2025-12-29,Referral,443,3.1,Nurturing
7969,2025-11-02,Events,116,2.9,Nurturing
7970,2025-06-24,Organic Search,65,2.9,Nurturing
7971,2025-05-12,Referral,470,6.9,Nurturing
7972,2025-08-17,Paid Search,14,16.0,Nurturing
7973,2026-06-07,Social,498,0.9,Nurturing
7974,2024-08-07,Events,448,10.0,Disqualified
7975,2026-02-11,Social,55,1.6,Disqualified
7976,2024-07-09,Paid Search,46,9.5,Nurturing
7977,2025-05-09,Events,483,2.1,Nurturing
7978,2025-10-13,Outbound,389,,Nurturing
7979,2025-08-16,Social,531,4.0,Qualified
7980,2025-08-18,Referral,584,0.9,Qualified
7981,2025-07-13,Outbound,149,,Disqualified
7982,2025-02-16,Paid Search,434,5.6,Nurturing
7983,2024-09-16,Organic Search,469,0.7,Disqualified
7984,2025-08-05,Paid Search,493,4.5,Nurturing
7985,2025-09-05,Organic Search,190,11.9,Qualified
7986,2024-05-10,Outbound,356,,Disqualified
7987,2024-07-09,Outbound,507,,Nurturing
7988,2025-09-09,Social,7,6.8,Disqualified
7989,2026-03-05,Paid Search,298,1.6,Nurturing
7990,2026-03-27,Paid Search,362,11.4,Qualified
7991,2024-04-04,Paid Search,291,4.6,Disqualified
7992,2026-04-22,Referral,571,0.9,Qualified
7993,2024-12-31,Events,118,4.6,Nurturing
7994,2024-09-10,Outbound,72,,Nurturing
7995,2026-03-08,Referral,337,3.7,Nurturing
7996,2025-10-21,Paid Search,101,3.5,Disqualified
7997,2024-05-09,Outbound,296,,Nurturing
7998,2025-04-05,Paid Search,368,1.8,Qualified
7999,2026-09-03,Paid Search,267,6.1,Disqualified
8000,2024-02-20,Social,312,24.6,Nurturing
8001,2024-08-25,Outbound,32,,Disqualified
8002,2025-01-29,Paid Search,581,6.3,Disqualified
8003,2025-02-11,Social,573,3.6,Nurturing
8004,2026-06-21,Organic Search,574,1.8,Nurturing
8005,2025-05-19,Organic Search,562,1.3,Disqualified
8006,2024-12-16,Organic Search,126,4.9,Nurturing
8007,2026-05-18,Referral,192,1.0,Disqualified
8008,2024-12-12,Organic Search,6,2.9,Nurturing
8009,2025-07-17,Referral,166,3.3,Disqualified
8010,2026-07-19,Organic Search,65,2.8,Qualified
8011,2024-04-03,Organic Search,397,0.8,Disqualified
8012,2024-03-25,Paid Search,98,7.5,Qualified
8013,2025-08-10,Paid Search,567,21.9,Nurturing
8014,2024-02-06,Paid Search,364,2.6,Disqualified
8015,2026-09-16,Referral,552,1.3,Nurturing
8016,2024-06-01,Paid Search,483,5.0,Nurturing
8017,2026-03-26,Paid Search,436,10.3,Nurturing
8018,2026-07-28,Outbound,47,,Disqualified
8019,2024-11-13,Organic Search,583,4.0,Nurturing
8020,2026-06-24,Outbound,459,,Nurturing
8021,2026-06-10,Organic Search,270,2.4,Disqualified
8022,2026-07-06,Paid Search,390,2.0,Nurturing
8023,2025-09-12,Organic Search,90,1.4,Qualified
8024,2024-05-03,Paid Search,169,14.0,Disqualified
8025,2024-11-02,Referral,483,3.1,Disqualified
8026,2024-09-19,Social,177,1.4,Disqualified
8027,2024-10-03,Outbound,599,,Nurturing
8028,2025-03-29,Organic Search,445,12.6,Disqualified
8029,2024-03-14,Organic Search,158,3.3,Disqualified
8030,2024-09-10,Referral,476,12.8,Qualified
8031,2025-05-07,Referral,119,3.8,Disqualified
8032,2025-01-23,Outbound,61,,Disqualified
8033,2024-08-21,Organic Search,479,4.1,Disqualified
8034,2024-11-17,Outbound,77,,Disqualified
8035,2025-12-15,Social,540,2.4,Qualified
8036,2026-05-24,Organic Search,494,14.5,Qualified
8037,2024-09-26,Referral,471,3.5,Qualified
8038,2025-10-27,Referral,511,1.5,Qualified
8039,2024-11-22,Organic Search,145,14.0,Qualified
8040,2024-10-20,Events,599,3.1,Nurturing
8041,2026-03-08,Referral,565,3.0,Qualified
8042,2026-02-25,Outbound,261,,Nurturing
8043,2026-08-31,Partner,472,2.7,Qualified
8044,2026-09-08,Social,308,9.1,Disqualified
8045,2025-11-29,Referral,471,6.5,Qualified
8046,2026-05-12,Organic Search,436,4.6,Disqualified
8047,2025-10-04,Paid Search,314,2.2,Nurturing
8048,2025-04-23,Organic Search,201,12.8,Nurturing
8049,2026-07-02,Outbound,12,,Disqualified
8050,2025-10-13,Paid Search,320,12.6,Disqualified
8051,2026-07-19,Referral,109,1.2,Qualified
8052,2024-11-08,Outbound,262,,Nurturing
8053,2025-06-21,Organic Search,322,5.4,Disqualified
8054,2024-05-23,Organic Search,199,24.5,Disqualified
8055,2024-08-09,Paid Search,27,2.3,Disqualified
8056,2025-03-01,Organic Search,10,8.0,Nurturing
8057,2025-08-16,Organic Search,20,8.7,Disqualified
8058,2024-07-21,Outbound,148,,Nurturing
8059,2025-09-11,Social,300,1.1,Nurturing
8060,2026-07-10,Organic Search,8,6.9,Qualified
8061,2025-11-27,Outbound,370,,Qualified
8062,2025-02-23,Paid Search,279,3.6,Nurturing
8063,2024-07-08,Paid Search,220,2.8,Disqualified
8064,2026-04-12,Referral,523,2.2,Qualified
8065,2026-08-07,Paid Search,16,11.4,Disqualified
8066,2025-09-26,Partner,522,4.0,Nurturing
8067,2025-12-12,Organic Search,221,2.1,Disqualified
8068,2025-12-14,Organic Search,426,36.5,Qualified
8069,2025-08-22,Paid Search,572,13.9,Qualified
8070,2026-02-19,Organic Search,281,5.0,Qualified
8071,2026-08-05,Partner,103,4.7,Nurturing
8072,2024-07-29,Referral,529,3.8,Disqualified
8073,2026-03-03,Organic Search,2,2.1,Disqualified
8074,2025-07-06,Events,34,6.5,Disqualified
8075,2026-09-05,Paid Search,459,8.5,Disqualified
8076,2024-10-16,Organic Search,91,1.6,Disqualified
8077,2025-08-25,Organic Search,432,5.3,Qualified
8078,2025-01-29,Outbound,361,,Disqualified
8079,2025-07-28,Social,467,2.1,Qualified
8080,2026-06-15,Organic Search,545,3.2,Nurturing
8081,2026-08-04,Outbound,217,,Nurturing
8082,2024-06-08,Outbound,328,,Qualified
8083,2026-02-06,Referral,144,11.6,Qualified
8084,2024-03-11,Outbound,401,,Nurturing
8085,2024-03-10,Referral,26,21.3,Qualified
8086,2024-09-22,Events,122,3.7,Disqualified
8087,2024-12-05,Organic Search,361,6.6,Nurturing
8088,2026-01-24,Partner,317,2.6,Nurturing
8089,2024-07-17,Outbound,53,,Disqualified
8090,2024-12-04,Paid Search,498,13.8,Qualified
8091,2025-04-01,Referral,194,1.5,Qualified
8092,2025-01-29,Outbound,154,,Qualified
8093,2025-03-18,Outbound,557,,Disqualified
8094,2025-08-28,Outbound,324,,Nurturing
8095,2024-10-19,Paid Search,594,2.2,Disqualified
8096,2026-08-23,Outbound,306,,Disqualified
8097,2025-06-08,Events,369,2.6,Qualified
8098,2024-11-28,Referral,117,2.0,Nurturing
8099,2025-11-28,Referral,364,7.3,Qualified
8100,2024-11-25,Paid Search,238,2.1,Nurturing
8101,2025-11-12,Paid Search,408,7.4,Disqualified
8102,2025-07-18,Paid Search,307,26.0,Disqualified
8103,2025-05-07,Outbound,463,,Nurturing
8104,2025-09-21,Outbound,23,,Disqualified
8105,2026-01-03,Organic Search,192,0.7,Nurturing
8106,2024-10-26,Partner,113,5.2,Disqualified
8107,2026-04-19,Partner,386,2.2,Qualified
8108,2026-07-22,Referral,502,5.0,Qualified
8109,2025-11-14,Referral,593,1.9,Disqualified
8110,2025-11-02,Social,284,4.1,Nurturing
8111,2025-06-05,Paid Search,292,11.3,Disqualified
8112,2025-04-10,Paid Search,401,8.6,Disqualified
8113,2024-12-12,Partner,84,8.3,Disqualified
8114,2026-04-09,Organic Search,213,2.0,Nurturing
8115,2026-07-08,Referral,346,4.1,Disqualified
8116,2026-09-10,Events,499,7.9,Disqualified
8117,2024-06-10,Referral,120,0.3,Nurturing
8118,2025-07-26,Events,584,1.8,Qualified
8119,2025-02-01,Social,244,1.1,Nurturing
8120,2026-01-21,Organic Search,68,29.3,Qualified
8121,2025-05-22,Events,79,4.8,Disqualified
8122,2026-09-01,Outbound,25,,Disqualified
8123,2025-07-15,Paid Search,303,8.2,Qualified
8124,2026-07-11,Events,239,3.0,Qualified
8125,2026-06-15,Paid Search,160,7.6,Nurturing
8126,2025-09-23,Outbound,595,,Nurturing
8127,2025-08-05,Outbound,138,,Nurturing
8128,2024-07-21,Paid Search,270,1.6,Disqualified
8129,2024-12-06,Outbound,248,,Qualified
8130,2024-11-06,Events,542,2.8,Disqualified
8131,2026-08-02,Organic Search,554,1.6,Disqualified
8132,2026-09-24,Outbound,254,,New
8133,2025-04-11,Paid Search,75,3.7,Nurturing
8134,2024-12-27,Outbound,188,,Disqualified
8135,2026-09-04,Outbound,102,,Disqualified
8136,2024-03-11,Outbound,566,,Disqualified
8137,2025-02-19,Organic Search,289,4.5,Nurturing
8138,2026-01-02,Partner,330,1.3,Qualified
8139,2026-06-01,Outbound,354,,Qualified
8140,2026-04-08,Paid Search,308,0.8,Disqualified
8141,2026-05-17,Referral,486,4.4,Qualified
8142,2026-03-08,Outbound,178,,Disqualified
8143,2025-07-23,Organic Search,347,11.6,Qualified
8144,2025-07-27,Outbound,147,,Disqualified
8145,2026-05-18,Partner,572,19.2,Nurturing
8146,2024-07-12,Organic Search,304,3.5,Qualified
8147,2024-05-09,Partner,393,8.9,Qualified
8148,2026-05-03,Paid Search,278,5.1,Nurturing
8149,2025-10-17,Events,204,7.4,Nurturing
8150,2024-07-30,Outbound,450,,Disqualified
8151,2024-10-03,Events,389,1.4,Qualified
8152,2025-11-28,Outbound,318,,Disqualified
8153,2024-09-07,Partner,391,3.3,Disqualified
8154,2025-06-15,Events,433,4.1,Disqualified
8155,2026-06-05,Outbound,532,,Nurturing
8156,2026-02-03,Outbound,570,,Nurturing
8157,2025-02-26,Outbound,75,,Nurturing
8158,2026-05-06,Paid Search,549,3.1,Nurturing
8159,2025-03-13,Paid Search,477,3.8,Disqualified
8160,2025-11-24,Paid Search,515,2.0,Nurturing
8161,2025-09-25,Referral,115,1.1,Nurturing
8162,2026-05-16,Outbound,180,,Nurturing
8163,2025-05-20,Social,246,1.8,Disqualified
8164,2025-11-25,Paid Search,577,5.1,Disqualified
8165,2026-05-25,Paid Search,480,2.8,Nurturing
8166,2025-10-02,Paid Search,230,2.3,Disqualified
8167,2024-10-05,Events,1,8.2,Nurturing
8168,2026-07-20,Referral,192,2.7,Disqualified
8169,2025-07-31,Outbound,456,,Disqualified
8170,2025-08-29,Outbound,347,,Nurturing
8171,2026-02-26,Outbound,402,,Disqualified
8172,2024-07-25,Referral,95,3.1,Qualified
8173,2024-08-05,Paid Search,388,2.4,Disqualified
8174,2025-05-26,Organic Search,321,0.7,Nurturing
8175,2026-02-16,Organic Search,522,9.6,Disqualified
8176,2024-01-23,Outbound,278,,Nurturing
8177,2026-03-26,Organic Search,139,4.4,Disqualified
8178,2025-02-04,Partner,488,5.8,Nurturing
8179,2026-01-05,Paid Search,108,4.7,Nurturing
8180,2025-04-23,Social,412,3.8,Disqualified
8181,2024-03-10,Referral,585,1.4,Qualified
8182,2025-03-27,Paid Search,151,3.3,Qualified
8183,2026-08-14,Partner,372,6.0,Disqualified
8184,2026-02-12,Paid Search,42,2.6,Nurturing
8185,2026-07-05,Organic Search,573,2.0,Nurturing
8186,2026-06-21,Outbound,484,,Disqualified
8187,2025-03-31,Paid Search,132,4.6,Disqualified
8188,2025-02-28,Organic Search,161,14.4,Disqualified
8189,2024-01-15,Outbound,218,,Qualified
8190,2026-06-23,Events,512,5.5,Qualified
8191,2025-07-23,Organic Search,592,5.4,Qualified
8192,2025-04-20,Outbound,476,,Qualified
8193,2026-04-23,Organic Search,14,1.1,Qualified
8194,2025-03-04,Organic Search,147,1.5,Disqualified
8195,2024-02-28,Outbound,596,,Nurturing
8196,2025-08-25,Organic Search,122,1.3,Nurturing
8197,2026-07-20,Paid Search,252,2.6,Nurturing
8198,2026-09-21,Organic Search,67,8.3,New
8199,2026-08-02,Paid Search,144,9.9,Nurturing
8200,2025-11-24,Organic Search,156,4.8,Disqualified
