OpportunityKey,Opportunity,AccountKey,RepKey,LeadKey,LeadSource,CreatedDate,CloseDate,Stage,Amount,Probability,LostReason,LastActivityDate
1,Vela Media 55 - Expansion,561,13,4,Organic Search,2026-01-22,2026-02-21,Closed Lost,11700.0,0.0,Competitor,2026-02-18
2,Prism Commerce 71 - New Business,422,9,11,Paid Search,2025-07-24,2025-09-20,Closed Lost,62800.0,0.0,No Decision,2025-08-11
3,Helix Cloud 79 - New Business,449,13,15,Referral,2024-11-16,2025-01-12,Closed Lost,6900.0,0.0,Timing,2025-01-08
4,Flint Health 41 - New Business,457,10,17,Organic Search,2024-12-11,2025-01-03,Closed Lost,6800.0,0.0,Price,2025-01-03
5,Helix Labs 76 - New Business,579,6,28,Organic Search,2025-01-24,2025-04-17,Closed Won,34900.0,1.0,,2025-04-17
6,Helix Labs 39 - New Business,390,9,33,Referral,2024-08-30,2024-10-11,Closed Won,27000.0,1.0,,2024-09-25
7,Glacier Analytics - Expansion,100,4,38,Outbound,2024-11-03,2025-01-04,Closed Lost,97000.0,0.0,Competitor,2024-12-29
8,Lumen Labs - Expansion,8,11,40,Partner,2026-03-06,2026-03-30,Closed Won,6200.0,1.0,,2026-03-29
9,Ember Commerce 31 - Expansion,358,3,42,Organic Search,2026-08-31,2027-01-11,Qualification,40300.0,0.25,,2026-09-05
10,Nova Media - Renewal,194,14,51,Organic Search,2025-02-05,2025-03-01,Closed Lost,7400.0,0.0,No Decision,2025-02-13
11,Lumen Commerce 59 - Expansion,154,7,54,Referral,2024-03-31,2024-08-10,Closed Lost,51000.0,0.0,Timing,2024-08-09
12,Helix Freight 32 - New Business,566,1,58,Paid Search,2025-12-23,2026-05-04,Closed Lost,76100.0,0.0,Competitor,2026-05-03
13,Terra Learning - Expansion,99,2,62,Organic Search,2026-06-15,2026-09-15,Closed Lost,60500.0,0.0,Price,2026-09-07
14,Delta Capital - Renewal,78,10,81,Organic Search,2025-08-09,2025-09-25,Closed Lost,4600.0,0.0,Price,2025-09-13
15,Terra Capital 6 - Expansion,499,4,85,Paid Search,2026-07-13,2026-11-27,Proposal,63600.0,0.5,,2026-09-18
16,Vela Labs - Renewal,127,14,90,Paid Search,2024-09-26,2024-12-04,Closed Lost,8900.0,0.0,No Decision,2024-11-23
17,Glacier Capital 54 - New Business,538,14,97,Paid Search,2026-08-30,2026-10-02,Negotiation,10900.0,0.75,,2026-09-29
18,Cinder Labs - New Business,165,9,99,Paid Search,2024-12-31,2025-03-13,Closed Lost,61400.0,0.0,Price,2025-03-12
19,Wren Capital - Expansion,188,14,103,Organic Search,2024-09-27,2024-10-19,Closed Lost,8200.0,0.0,Timing,2024-10-13
20,Mosaic Media - Renewal,90,10,106,Partner,2026-04-12,2026-05-06,Closed Won,9300.0,1.0,,2026-04-20
21,Helix Freight 32 - Expansion,566,3,108,Outbound,2024-02-22,2024-09-26,Closed Won,57900.0,1.0,,2024-09-21
22,Jasper Capital 80 - New Business,25,7,110,Outbound,2025-06-17,2025-08-29,Closed Lost,17800.0,0.0,Price,2025-07-31
23,Acorn Labs 72 - New Business,141,8,114,Partner,2024-10-02,2024-11-18,Closed Won,15200.0,1.0,,2024-11-17
24,Mosaic Commerce - Expansion,76,7,131,Paid Search,2024-02-12,2024-03-05,Closed Lost,52300.0,0.0,Competitor,2024-02-20
25,Unity Commerce 35 - New Business,345,9,136,Partner,2025-11-23,2026-01-27,Closed Lost,60700.0,0.0,Product Fit,2026-01-04
26,Flint Commerce - Renewal,443,12,137,Events,2026-04-07,2026-05-11,Closed Lost,5700.0,0.0,No Budget,2026-04-30
27,Wren Cloud 4 - Expansion,186,11,138,Paid Search,2024-10-28,2024-11-28,Closed Lost,3400.0,0.0,No Budget,2024-11-25
28,Acorn Dynamics - New Business,55,5,139,Partner,2025-05-13,2025-07-08,Closed Won,9300.0,1.0,,2025-07-07
29,Cinder Commerce 30 - New Business,311,10,148,Organic Search,2026-07-10,2026-08-12,Closed Lost,10800.0,0.0,Competitor,2026-08-07
30,Acorn Health - New Business,5,6,152,Organic Search,2024-04-18,2024-06-28,Closed Lost,49500.0,0.0,No Decision,2024-05-22
31,Flint Dynamics 58 - Expansion,374,8,153,Outbound,2025-01-12,2025-03-08,Closed Lost,31000.0,0.0,No Decision,2025-03-02
32,Prism Labs - Renewal,59,7,154,Organic Search,2024-12-01,2025-01-29,Closed Lost,55000.0,0.0,Timing,2025-01-15
33,Rune Learning - Renewal,465,10,158,Referral,2026-08-10,2026-08-30,Closed Won,7000.0,1.0,,2026-08-27
34,Cinder Analytics 63 - New Business,532,12,166,Social,2025-10-07,2025-10-27,Closed Won,15500.0,1.0,,2025-10-23
35,Jasper Capital 80 - Expansion,25,8,177,Partner,2026-05-11,2026-07-24,Closed Lost,98900.0,0.0,Timing,2026-07-19
36,Vela Commerce - New Business,30,7,183,Organic Search,2026-08-19,2026-10-07,Negotiation,35400.0,0.75,,2026-09-03
37,Acorn Commerce 78 - New Business,371,7,185,Paid Search,2025-08-03,2025-09-09,Closed Won,39100.0,1.0,,2025-08-28
38,Acorn Dynamics - New Business,55,9,190,Referral,2025-10-18,2026-01-20,Closed Lost,81800.0,0.0,Timing,2026-01-13
39,Delta Analytics 61 - Expansion,156,10,196,Organic Search,2025-05-02,2025-05-18,Closed Won,12500.0,1.0,,2025-05-03
40,Indigo Labs 70 - Expansion,304,7,203,Organic Search,2024-11-20,2024-12-07,Closed Won,25500.0,1.0,,2024-12-04
41,Delta Health 14 - Expansion,447,6,208,Partner,2024-06-18,2024-09-02,Closed Won,18100.0,1.0,,2024-08-20
42,Kite Analytics 94 - Expansion,328,12,217,Partner,2024-06-01,2024-07-07,Closed Won,14000.0,1.0,,2024-07-07
43,Kite Health - Expansion,352,11,221,Referral,2026-02-23,2026-03-23,Closed Won,2300.0,1.0,,2026-02-23
44,Unity Cloud - New Business,409,14,224,Referral,2026-01-07,2026-03-03,Closed Lost,17500.0,0.0,No Budget,2026-02-25
45,Terra Capital 11 - New Business,263,6,227,Outbound,2026-05-19,2026-07-22,Closed Won,29400.0,1.0,,2026-07-08
46,Unity Media 37 - Renewal,389,3,229,Paid Search,2026-02-03,2026-04-25,Closed Lost,57100.0,0.0,No Budget,2026-04-11
47,Helix Labs 81 - New Business,570,14,238,Organic Search,2026-05-19,2026-05-31,Closed Lost,8000.0,0.0,No Decision,2026-05-25
48,Rune Capital - New Business,68,13,239,Referral,2025-07-15,2025-08-11,Closed Won,8700.0,1.0,,2025-08-11
49,Flint Media - Expansion,160,7,241,Partner,2026-02-15,2026-04-16,Closed Won,48800.0,1.0,,2026-04-16
50,Wren Dynamics 87 - New Business,404,7,245,Referral,2025-05-27,2025-06-25,Closed Lost,21000.0,0.0,Price,2025-06-23
51,Acorn Health 37 - New Business,525,13,246,Partner,2026-03-19,2026-05-05,Closed Lost,5800.0,0.0,Price,2026-04-20
52,Beacon Media - New Business,217,2,248,Organic Search,2026-07-28,2026-11-25,Proposal,149900.0,0.5,,2026-09-21
53,Cinder Labs - New Business,165,5,254,Organic Search,2024-06-25,2024-08-03,Closed Lost,23600.0,0.0,Timing,2024-08-03
54,Quill Cloud - New Business,107,12,257,Referral,2025-11-08,2025-11-30,Closed Won,16900.0,1.0,,2025-11-22
55,Beacon Health 86 - New Business,553,13,258,Referral,2025-04-13,2025-05-02,Closed Won,5100.0,1.0,,2025-04-26
56,Vela Analytics 49 - New Business,61,14,263,Referral,2024-04-30,2024-05-22,Closed Lost,6800.0,0.0,No Decision,2024-05-15
57,Lumen Capital - New Business,3,2,267,Organic Search,2025-08-20,2025-09-18,Closed Won,66200.0,1.0,,2025-09-11
58,Kite Labs 85 - Expansion,321,7,276,Organic Search,2024-05-11,2024-06-21,Closed Lost,15500.0,0.0,No Budget,2024-06-17
59,Jasper Freight 33 - Renewal,530,10,278,Organic Search,2024-09-09,2024-10-02,Closed Lost,6800.0,0.0,Competitor,2024-09-09
60,Acorn Freight - Expansion,403,6,284,Outbound,2025-10-06,2025-11-06,Closed Lost,31400.0,0.0,Timing,2025-11-03
61,Lumen Learning - New Business,396,14,286,Partner,2024-06-25,2024-07-19,Closed Lost,12000.0,0.0,Competitor,2024-07-17
62,Jasper Labs - New Business,257,14,290,Events,2026-06-26,2026-08-14,Closed Lost,4500.0,0.0,No Decision,2026-08-12
63,Terra Capital 11 - New Business,263,7,292,Organic Search,2024-03-19,2024-05-24,Closed Lost,17600.0,0.0,No Decision,2024-04-23
64,Prism Media - New Business,74,3,294,Organic Search,2026-07-12,2026-10-29,Proposal,232100.0,0.5,,2026-09-29
65,Acorn Health - New Business,5,6,299,Organic Search,2026-02-23,2026-06-30,Closed Won,64100.0,1.0,,2026-06-26
66,Quill Dynamics - Renewal,381,12,302,Paid Search,2026-04-18,2026-05-07,Closed Lost,6900.0,0.0,Competitor,2026-04-18
67,Indigo Freight 67 - New Business,470,12,304,Outbound,2024-04-04,2024-05-17,Closed Lost,19200.0,0.0,Price,2024-05-11
68,Kite Media 6 - Expansion,427,5,305,Organic Search,2025-03-23,2025-05-24,Closed Lost,25600.0,0.0,Timing,2025-05-24
69,Ember Health - New Business,89,10,309,Organic Search,2025-04-02,2025-05-23,Closed Lost,6600.0,0.0,Product Fit,2025-05-23
70,Flint Analytics - New Business,12,10,319,Events,2026-08-25,2026-09-22,Closed Won,5800.0,1.0,,2026-09-16
71,Terra Commerce 92 - Renewal,245,5,321,Referral,2025-11-14,2026-01-13,Closed Lost,32400.0,0.0,Price,2025-12-14
72,Acorn Capital 47 - Renewal,147,10,322,Paid Search,2025-10-02,2025-11-03,Closed Lost,20600.0,0.0,Price,2025-10-24
73,Jasper Learning - New Business,1,9,330,Organic Search,2026-02-11,2026-03-27,Closed Won,20900.0,1.0,,2026-03-07
74,Jasper Labs 26 - Renewal,261,14,336,Events,2024-02-20,2024-03-11,Closed Lost,6100.0,0.0,Product Fit,2024-03-07
75,Kite Labs - New Business,85,10,342,Outbound,2024-04-06,2024-05-28,Closed Lost,20900.0,0.0,Competitor,2024-05-13
76,Vela Dynamics 24 - Expansion,398,13,358,Paid Search,2025-10-20,2025-11-17,Closed Lost,7400.0,0.0,Competitor,2025-11-15
77,Delta Freight 75 - New Business,343,2,359,Outbound,2025-07-28,2025-09-14,Closed Lost,84000.0,0.0,No Decision,2025-09-08
78,Beacon Health - Renewal,331,2,366,Partner,2026-05-15,2026-08-11,Closed Won,86500.0,1.0,,2026-07-30
79,Glacier Health - New Business,514,11,368,Referral,2025-03-23,2025-04-24,Closed Lost,9300.0,0.0,Timing,2025-03-28
80,Delta Freight 75 - New Business,343,3,370,Paid Search,2025-09-28,2025-11-05,Closed Lost,66300.0,0.0,Price,2025-10-27
81,Nova Media - New Business,194,12,372,Organic Search,2026-01-14,2026-02-09,Closed Lost,20700.0,0.0,Product Fit,2026-02-05
82,Terra Analytics - New Business,133,13,373,Referral,2024-11-14,2024-12-13,Closed Won,6600.0,1.0,,2024-12-10
83,Ember Freight 58 - Renewal,150,10,376,Referral,2025-04-29,2025-05-29,Closed Lost,6300.0,0.0,Product Fit,2025-05-21
84,Wren Cloud 4 - Expansion,186,13,377,Partner,2026-06-28,2026-07-23,Closed Won,6100.0,1.0,,2026-07-18
85,Kite Labs - New Business,85,11,381,Events,2024-07-22,2024-08-19,Closed Lost,8800.0,0.0,Price,2024-07-22
86,Indigo Analytics 77 - New Business,233,14,398,Referral,2026-02-27,2026-03-27,Closed Lost,8800.0,0.0,No Budget,2026-03-25
87,Cinder Media 8 - New Business,105,14,399,Referral,2026-07-17,2026-08-21,Closed Won,3900.0,1.0,,2026-08-20
88,Quill Cloud - New Business,107,12,401,Partner,2025-04-01,2025-05-30,Closed Won,5400.0,1.0,,2025-05-23
89,Indigo Labs 41 - New Business,139,10,416,Partner,2025-03-20,2025-04-07,Closed Lost,15000.0,0.0,Product Fit,2025-03-27
90,Ember Labs - New Business,235,10,417,Paid Search,2025-08-11,2025-09-21,Closed Lost,11500.0,0.0,Price,2025-09-19
91,Nova Cloud - Renewal,460,8,421,Outbound,2026-05-20,2026-07-19,Closed Lost,30500.0,0.0,No Budget,2026-07-16
92,Sable Cloud - New Business,420,6,422,Outbound,2026-06-06,2026-09-01,Closed Won,20200.0,1.0,,2026-08-02
93,Onyx Media - New Business,243,10,425,Organic Search,2025-08-06,2025-09-20,Closed Lost,35100.0,0.0,Product Fit,2025-09-17
94,Quill Labs 49 - New Business,500,6,426,Organic Search,2024-09-20,2024-11-14,Closed Lost,33300.0,0.0,No Decision,2024-10-31
95,Glacier Dynamics 43 - New Business,546,14,427,Referral,2024-02-06,2024-03-17,Closed Lost,5300.0,0.0,No Budget,2024-03-15
96,Ember Freight - New Business,64,1,431,Organic Search,2024-10-03,2024-12-01,Closed Lost,70400.0,0.0,Competitor,2024-11-27
97,Quill Labs 49 - New Business,500,6,434,Referral,2026-01-06,2026-02-18,Closed Lost,15300.0,0.0,Competitor,2026-02-09
98,Helix Commerce 48 - New Business,339,13,436,Partner,2025-07-19,2025-08-19,Closed Lost,6300.0,0.0,Price,2025-08-08
99,Ember Labs - Expansion,235,10,439,Referral,2025-08-28,2025-10-03,Closed Won,5000.0,1.0,,2025-08-28
100,Wren Learning 30 - New Business,290,9,446,Events,2026-02-04,2026-04-06,Closed Lost,17800.0,0.0,No Budget,2026-04-02
101,Terra Cloud 29 - Expansion,384,1,448,Organic Search,2025-07-05,2025-10-24,Closed Lost,66800.0,0.0,No Budget,2025-10-22
102,Vela Learning - Expansion,275,13,450,Referral,2025-05-25,2025-06-11,Closed Lost,13900.0,0.0,Price,2025-05-25
103,Prism Health 45 - Expansion,340,14,459,Outbound,2026-08-03,2026-09-09,Closed Won,10400.0,1.0,,2026-08-09
104,Ember Cloud 57 - New Business,584,6,460,Referral,2026-03-05,2026-04-27,Closed Won,52600.0,1.0,,2026-04-23
105,Unity Labs - Renewal,44,1,467,Outbound,2025-01-15,2025-04-30,Closed Lost,164700.0,0.0,No Budget,2025-04-24
106,Onyx Analytics 76 - New Business,531,13,469,Organic Search,2025-07-11,2025-08-11,Closed Lost,14200.0,0.0,No Decision,2025-08-09
107,Onyx Health 75 - New Business,271,3,473,Paid Search,2024-09-06,2024-11-13,Closed Won,230700.0,1.0,,2024-11-07
108,Nova Capital 15 - New Business,251,7,477,Organic Search,2026-01-19,2026-02-25,Closed Lost,27300.0,0.0,Competitor,2026-02-23
109,Flint Analytics 93 - Expansion,424,6,478,Paid Search,2024-03-21,2024-06-18,Closed Lost,11500.0,0.0,Competitor,2024-06-09
110,Unity Learning - Renewal,131,14,482,Outbound,2025-09-27,2025-10-28,Closed Lost,17000.0,0.0,Timing,2025-10-25
111,Prism Cloud 56 - New Business,203,7,485,Paid Search,2025-02-09,2025-03-12,Closed Lost,11000.0,0.0,No Decision,2025-03-04
112,Ember Dynamics - New Business,287,1,498,Events,2024-07-25,2024-10-29,Closed Won,166800.0,1.0,,2024-10-26
113,Wren Cloud 30 - New Business,507,10,500,Events,2025-03-21,2025-04-21,Closed Lost,18000.0,0.0,Competitor,2025-04-20
114,Nova Capital 45 - Expansion,285,9,515,Partner,2025-12-31,2026-02-17,Closed Won,27600.0,1.0,,2026-01-26
115,Vela Labs 8 - Renewal,227,13,524,Paid Search,2024-02-17,2024-03-20,Closed Lost,12900.0,0.0,Price,2024-03-16
116,Lumen Dynamics - Expansion,284,2,527,Organic Search,2025-09-29,2025-12-05,Closed Lost,33700.0,0.0,No Decision,2025-11-27
117,Wren Freight 92 - Expansion,395,9,529,Organic Search,2024-08-18,2024-10-01,Closed Lost,62800.0,0.0,Price,2024-08-18
118,Quill Capital - New Business,529,6,530,Organic Search,2024-07-30,2024-09-17,Closed Lost,19200.0,0.0,Price,2024-09-15
119,Nova Commerce 41 - Expansion,407,11,535,Partner,2025-12-04,2025-12-29,Closed Lost,5600.0,0.0,Price,2025-12-17
120,Sable Capital - New Business,86,8,536,Organic Search,2026-07-02,2026-09-22,Closed Lost,19800.0,0.0,Competitor,2026-08-27
121,Lumen Commerce 23 - New Business,252,7,537,Paid Search,2025-10-16,2025-12-10,Closed Won,28200.0,1.0,,2025-11-16
122,Onyx Health 75 - New Business,271,4,539,Referral,2024-12-22,2025-02-23,Closed Lost,126400.0,0.0,Competitor,2025-02-16
123,Vela Commerce 94 - New Business,320,4,545,Organic Search,2024-11-13,2025-04-15,Closed Won,156300.0,1.0,,2025-02-27
124,Mosaic Cloud - Expansion,4,8,547,Partner,2026-07-19,2026-08-27,Closed Won,52300.0,1.0,,2026-08-12
125,Jasper Freight - New Business,168,10,552,Organic Search,2025-12-27,2026-01-31,Closed Lost,8400.0,0.0,No Decision,2026-01-28
126,Unity Capital - New Business,399,11,553,Events,2026-04-21,2026-05-06,Closed Won,7700.0,1.0,,2026-04-21
127,Helix Health 27 - Renewal,364,11,554,Events,2024-07-05,2024-07-27,Closed Lost,22500.0,0.0,No Budget,2024-07-17
128,Terra Cloud 39 - New Business,521,7,563,Organic Search,2025-12-21,2026-01-23,Closed Won,34200.0,1.0,,2025-12-25
129,Onyx Freight - New Business,101,11,572,Organic Search,2024-07-14,2024-08-16,Closed Lost,5100.0,0.0,Competitor,2024-08-16
130,Glacier Dynamics 88 - New Business,431,6,577,Referral,2026-09-02,2026-12-17,Discovery,55700.0,0.1,,2026-09-23
131,Rune Dynamics - New Business,523,10,579,Paid Search,2026-05-18,2026-06-13,Closed Lost,5200.0,0.0,Competitor,2026-06-11
132,Indigo Labs 70 - New Business,304,5,580,Organic Search,2024-04-11,2024-05-19,Closed Lost,23900.0,0.0,No Budget,2024-05-07
133,Unity Dynamics 18 - New Business,591,14,583,Partner,2026-03-25,2026-05-03,Closed Won,17800.0,1.0,,2026-05-02
134,Sable Capital 66 - New Business,115,11,584,Paid Search,2025-04-12,2025-05-12,Closed Lost,9200.0,0.0,Competitor,2025-05-06
135,Vela Freight 76 - Renewal,388,14,585,Organic Search,2024-03-06,2024-04-07,Closed Won,5000.0,1.0,,2024-04-04
136,Prism Cloud 60 - New Business,238,12,603,Events,2026-04-27,2026-05-23,Closed Won,4100.0,1.0,,2026-05-16
137,Mosaic Analytics 42 - Expansion,590,14,605,Organic Search,2026-08-30,2026-09-23,Closed Lost,5800.0,0.0,No Budget,2026-09-23
138,Beacon Capital - New Business,260,7,606,Partner,2025-09-16,2026-01-14,Closed Lost,37300.0,0.0,Competitor,2026-01-08
139,Sable Learning 98 - Expansion,190,10,609,Organic Search,2025-03-29,2025-05-05,Closed Lost,11100.0,0.0,Competitor,2025-04-23
140,Wren Dynamics - Renewal,84,11,615,Referral,2026-09-20,2026-10-25,Discovery,5600.0,0.1,,2026-09-20
141,Jasper Health 14 - New Business,392,6,626,Organic Search,2024-05-06,2024-07-09,Closed Lost,57000.0,0.0,Timing,2024-07-03
142,Helix Media 43 - New Business,368,12,631,Partner,2024-08-19,2024-09-14,Closed Won,1900.0,1.0,,2024-09-14
143,Onyx Cloud 82 - New Business,554,10,634,Organic Search,2025-01-31,2025-03-20,Closed Lost,5000.0,0.0,Competitor,2025-03-19
144,Sable Cloud - New Business,420,7,636,Organic Search,2025-02-20,2025-05-01,Closed Lost,20800.0,0.0,Product Fit,2025-04-09
145,Cinder Health 52 - New Business,502,13,644,Referral,2025-12-13,2026-01-28,Closed Won,5600.0,1.0,,2026-01-18
146,Lumen Dynamics - New Business,284,2,647,Referral,2024-09-30,2024-12-04,Closed Lost,171600.0,0.0,Competitor,2024-11-28
147,Terra Commerce 24 - Expansion,582,13,648,Outbound,2025-01-04,2025-01-30,Closed Lost,11800.0,0.0,No Decision,2025-01-24
148,Acorn Health - New Business,5,6,650,Partner,2025-06-02,2025-08-05,Closed Won,23300.0,1.0,,2025-07-19
149,Terra Capital 6 - New Business,499,1,651,Outbound,2025-11-27,2026-02-13,Closed Lost,63500.0,0.0,Price,2026-02-08
150,Sable Freight 20 - Expansion,439,13,655,Referral,2025-12-10,2026-01-20,Closed Lost,4300.0,0.0,No Budget,2026-01-20
151,Jasper Media 46 - New Business,360,5,657,Paid Search,2024-03-21,2024-07-05,Closed Lost,16400.0,0.0,No Budget,2024-07-04
152,Wren Cloud - New Business,162,2,667,Organic Search,2024-04-07,2024-07-28,Closed Won,81700.0,1.0,,2024-07-21
153,Onyx Health 18 - New Business,552,2,669,Referral,2024-07-31,2024-11-20,Closed Lost,98200.0,0.0,Timing,2024-11-06
154,Jasper Health 14 - Renewal,392,6,674,Social,2026-07-09,2026-08-20,Closed Lost,25600.0,0.0,Competitor,2026-07-31
155,Quill Cloud 29 - New Business,494,9,675,Organic Search,2026-09-09,2026-11-25,Discovery,38400.0,0.1,,2026-09-28
156,Cinder Media 44 - New Business,484,9,676,Organic Search,2024-07-21,2024-09-03,Closed Lost,49300.0,0.0,No Decision,2024-08-29
157,Unity Analytics 48 - New Business,440,13,679,Events,2025-12-31,2026-01-22,Closed Lost,13600.0,0.0,Competitor,2026-01-19
158,Acorn Labs 91 - New Business,369,7,690,Organic Search,2026-03-07,2026-04-23,Closed Lost,26100.0,0.0,No Budget,2026-04-19
159,Acorn Labs 24 - New Business,516,12,692,Events,2025-01-04,2025-02-13,Closed Won,8700.0,1.0,,2025-02-03
160,Vela Commerce - Expansion,30,9,694,Organic Search,2026-09-24,2026-11-14,Discovery,25400.0,0.1,,2026-09-24
161,Sable Freight - New Business,129,5,699,Outbound,2025-05-01,2025-08-13,Closed Lost,32000.0,0.0,Competitor,2025-08-11
162,Rune Commerce - New Business,224,11,700,Referral,2025-09-01,2025-09-23,Closed Lost,4200.0,0.0,Price,2025-09-20
163,Delta Analytics 61 - New Business,156,10,705,Organic Search,2025-12-27,2026-02-05,Closed Lost,5200.0,0.0,Competitor,2026-01-25
164,Quill Health 73 - New Business,397,14,708,Outbound,2024-09-16,2024-10-11,Closed Won,7300.0,1.0,,2024-10-11
165,Acorn Health 64 - Expansion,355,2,711,Organic Search,2026-01-22,2026-04-20,Closed Lost,94300.0,0.0,No Budget,2026-04-11
166,Prism Labs 96 - New Business,522,8,719,Paid Search,2026-09-14,2027-01-07,Qualification,15800.0,0.25,,2026-09-26
167,Rune Health - New Business,11,9,720,Partner,2026-09-15,2026-12-22,Discovery,87400.0,0.1,,2026-09-15
168,Delta Health 14 - New Business,447,7,725,Paid Search,2025-02-28,2025-04-16,Closed Lost,44400.0,0.0,Price,2025-04-13
169,Helix Media - Renewal,225,13,726,Paid Search,2025-07-05,2025-07-24,Closed Lost,10000.0,0.0,Price,2025-07-21
170,Prism Cloud 85 - Expansion,468,7,753,Events,2025-11-11,2025-12-28,Closed Lost,20200.0,0.0,No Decision,2025-12-22
171,Helix Capital 11 - New Business,253,5,758,Organic Search,2026-05-19,2026-07-15,Closed Lost,23300.0,0.0,Timing,2026-07-07
172,Indigo Capital 15 - New Business,293,11,762,Referral,2024-07-18,2024-08-20,Closed Lost,6600.0,0.0,Product Fit,2024-08-07
173,Jasper Labs 6 - New Business,406,3,764,Outbound,2026-01-19,2026-04-30,Closed Won,125500.0,1.0,,2026-04-10
174,Unity Dynamics - Expansion,102,11,765,Paid Search,2025-02-14,2025-04-02,Closed Won,8800.0,1.0,,2025-03-29
175,Vela Capital 77 - New Business,318,12,770,Social,2025-11-05,2025-12-16,Closed Lost,9200.0,0.0,Price,2025-12-07
176,Acorn Dynamics 23 - New Business,103,11,782,Paid Search,2024-01-27,2024-02-29,Closed Lost,9300.0,0.0,Product Fit,2024-02-25
177,Jasper Health 14 - Expansion,392,9,783,Referral,2025-12-13,2026-02-08,Closed Won,14500.0,1.0,,2026-01-20
178,Terra Learning - New Business,99,2,784,Organic Search,2025-08-11,2025-11-02,Closed Lost,411000.0,0.0,No Budget,2025-10-15
179,Wren Freight 92 - Renewal,395,9,789,Organic Search,2025-05-15,2025-07-19,Closed Lost,26400.0,0.0,Competitor,2025-07-12
180,Indigo Freight 67 - Renewal,470,10,793,Referral,2026-07-20,2026-08-08,Closed Won,4300.0,1.0,,2026-07-26
181,Rune Health 61 - New Business,344,13,795,Outbound,2026-08-25,2026-09-14,Closed Lost,3100.0,0.0,No Decision,2026-09-09
182,Cinder Cloud 90 - New Business,327,9,802,Organic Search,2024-03-29,2024-05-19,Closed Lost,28500.0,0.0,Price,2024-05-17
183,Wren Analytics - Expansion,143,6,813,Organic Search,2025-04-22,2025-05-30,Closed Lost,8400.0,0.0,No Decision,2025-05-27
184,Jasper Analytics - Expansion,18,5,814,Referral,2026-01-17,2026-02-16,Closed Lost,29800.0,0.0,Price,2026-02-13
185,Sable Labs - Expansion,29,9,815,Organic Search,2026-06-28,2026-07-30,Closed Won,18000.0,1.0,,2026-07-23
186,Jasper Capital 52 - Renewal,379,1,817,Social,2026-08-10,2026-10-21,Proposal,66300.0,0.5,,2026-09-29
187,Terra Media 32 - Expansion,512,11,825,Referral,2026-05-07,2026-05-28,Closed Lost,8500.0,0.0,Product Fit,2026-05-24
188,Rune Learning 16 - Expansion,492,13,834,Organic Search,2024-04-12,2024-05-14,Closed Lost,12500.0,0.0,No Budget,2024-05-12
189,Acorn Analytics - New Business,312,9,835,Organic Search,2026-01-29,2026-03-09,Closed Lost,26200.0,0.0,Price,2026-03-01
190,Wren Cloud 27 - Expansion,471,10,839,Referral,2024-08-31,2024-09-13,Closed Lost,5500.0,0.0,Price,2024-09-11
191,Vela Learning - New Business,275,11,840,Events,2026-02-27,2026-03-26,Closed Lost,8900.0,0.0,Product Fit,2026-03-12
192,Jasper Health - Expansion,21,5,842,Paid Search,2024-08-20,2024-10-21,Closed Lost,32400.0,0.0,Price,2024-10-20
193,Wren Freight 92 - New Business,395,9,843,Social,2026-09-02,2026-10-30,Qualification,27200.0,0.25,,2026-09-29
194,Sable Commerce 28 - New Business,111,10,846,Paid Search,2025-12-12,2026-01-07,Closed Won,10300.0,1.0,,2025-12-25
195,Cinder Health - Expansion,204,10,850,Organic Search,2026-01-28,2026-02-21,Closed Lost,5600.0,0.0,No Budget,2026-01-28
196,Beacon Health 72 - Expansion,400,7,852,Organic Search,2025-08-14,2025-10-14,Closed Won,17800.0,1.0,,2025-10-09
197,Ember Cloud 94 - Renewal,309,8,854,Organic Search,2025-03-08,2025-05-31,Closed Lost,27000.0,0.0,Price,2025-05-31
198,Helix Health 69 - Expansion,348,14,855,Organic Search,2026-07-10,2026-08-18,Closed Lost,4800.0,0.0,Price,2026-08-11
199,Delta Dynamics - Renewal,513,11,857,Referral,2025-06-10,2025-06-30,Closed Lost,4000.0,0.0,No Decision,2025-06-10
200,Unity Analytics 84 - Renewal,226,11,863,Paid Search,2025-10-12,2025-12-09,Closed Lost,21300.0,0.0,Price,2025-12-09
201,Indigo Media - New Business,270,12,865,Organic Search,2026-05-21,2026-06-29,Closed Lost,5400.0,0.0,Timing,2026-06-20
202,Helix Commerce 98 - Expansion,418,5,869,Referral,2026-05-14,2026-06-19,Closed Lost,45000.0,0.0,Competitor,2026-05-28
203,Cinder Commerce - New Business,54,12,870,Partner,2025-05-17,2025-06-13,Closed Won,4000.0,1.0,,2025-06-12
204,Unity Dynamics 8 - Expansion,170,11,877,Referral,2025-05-26,2025-07-04,Closed Won,13400.0,1.0,,2025-06-19
205,Onyx Dynamics - New Business,40,8,878,Organic Search,2026-04-30,2026-06-29,Closed Lost,20100.0,0.0,Timing,2026-06-26
206,Helix Labs 39 - Expansion,390,7,880,Partner,2025-09-18,2025-11-01,Closed Lost,27000.0,0.0,No Decision,2025-10-24
207,Onyx Capital - New Business,373,12,882,Organic Search,2024-11-26,2024-12-18,Closed Lost,16000.0,0.0,No Decision,2024-12-16
208,Delta Analytics 61 - New Business,156,14,900,Referral,2026-08-04,2026-09-01,Closed Lost,22300.0,0.0,No Decision,2026-09-01
209,Acorn Dynamics - New Business,55,6,911,Partner,2026-08-08,2026-10-31,Proposal,24700.0,0.5,,2026-09-17
210,Acorn Commerce 78 - Expansion,371,5,913,Outbound,2025-12-12,2026-03-04,Closed Lost,21600.0,0.0,Price,2026-02-24
211,Cinder Commerce 29 - New Business,475,11,922,Partner,2026-02-08,2026-02-27,Closed Won,13300.0,1.0,,2026-02-26
212,Onyx Health 19 - New Business,536,9,925,Partner,2024-03-04,2024-05-09,Closed Won,33400.0,1.0,,2024-04-09
213,Beacon Commerce - Renewal,202,14,926,Outbound,2024-03-06,2024-04-19,Closed Won,10900.0,1.0,,2024-04-11
214,Terra Commerce 92 - Renewal,245,6,930,Partner,2024-07-05,2024-09-02,Closed Won,36100.0,1.0,,2024-08-13
215,Terra Cloud 32 - New Business,273,11,934,Referral,2025-08-03,2025-09-03,Closed Lost,3300.0,0.0,Price,2025-08-23
216,Unity Commerce - New Business,336,11,937,Referral,2025-11-25,2025-12-18,Closed Lost,16300.0,0.0,Product Fit,2025-12-10
217,Terra Freight 23 - New Business,429,11,942,Partner,2026-08-19,2026-09-09,Closed Lost,13300.0,0.0,Price,2026-09-08
218,Prism Dynamics 17 - New Business,176,3,946,Paid Search,2026-06-06,2026-10-11,Negotiation,57700.0,0.75,,2026-09-19
219,Quill Dynamics - Expansion,381,10,947,Events,2024-09-28,2024-10-07,Closed Lost,2200.0,0.0,Timing,2024-09-28
220,Prism Dynamics 67 - New Business,548,11,950,Referral,2025-09-08,2025-09-27,Closed Lost,16900.0,0.0,Price,2025-09-25
221,Wren Dynamics 70 - Expansion,289,13,954,Social,2025-09-16,2025-10-15,Closed Lost,11000.0,0.0,Price,2025-10-14
222,Helix Labs - New Business,221,1,957,Organic Search,2026-07-11,2026-12-07,Qualification,39600.0,0.25,,2026-09-30
223,Nova Capital 45 - New Business,285,9,959,Paid Search,2025-08-04,2025-09-05,Closed Won,36000.0,1.0,,2025-08-21
224,Onyx Media - New Business,243,12,960,Organic Search,2026-03-12,2026-03-31,Closed Lost,5300.0,0.0,Price,2026-03-30
225,Wren Learning 38 - New Business,72,2,961,Paid Search,2025-02-17,2025-06-30,Closed Lost,358100.0,0.0,No Decision,2025-06-28
226,Nova Health - New Business,136,12,963,Partner,2025-01-03,2025-01-27,Closed Lost,8100.0,0.0,No Decision,2025-01-03
227,Cinder Health 48 - New Business,208,1,967,Referral,2026-02-01,2026-04-11,Closed Lost,54800.0,0.0,Competitor,2026-03-28
228,Helix Labs 81 - Expansion,570,12,969,Events,2024-06-09,2024-07-17,Closed Lost,4600.0,0.0,Price,2024-07-12
229,Onyx Health - Expansion,171,11,970,Events,2025-08-27,2025-09-27,Closed Lost,5500.0,0.0,No Budget,2025-09-04
230,Kite Cloud 69 - New Business,175,12,977,Referral,2026-03-24,2026-05-07,Closed Lost,17100.0,0.0,Price,2026-04-29
231,Vela Labs - Expansion,127,14,978,Paid Search,2026-09-22,2026-10-16,Discovery,14400.0,0.1,,2026-09-22
232,Vela Labs 65 - New Business,387,14,981,Referral,2025-08-29,2025-09-22,Closed Won,21400.0,1.0,,2025-09-19
233,Wren Cloud 4 - Renewal,186,11,990,Outbound,2025-11-11,2025-11-30,Closed Won,8900.0,1.0,,2025-11-27
234,Rune Health - New Business,11,9,993,Organic Search,2024-05-18,2024-07-23,Closed Won,50000.0,1.0,,2024-07-02
235,Nova Freight 6 - Renewal,249,9,998,Organic Search,2024-07-03,2024-09-04,Closed Lost,28400.0,0.0,Competitor,2024-09-03
236,Unity Dynamics 60 - New Business,421,1,999,Paid Search,2024-06-13,2024-10-22,Closed Won,117300.0,1.0,,2024-10-18
237,Prism Cloud - New Business,93,5,1002,Referral,2024-07-01,2024-08-30,Closed Lost,51600.0,0.0,Price,2024-08-30
238,Lumen Learning 26 - Renewal,558,12,1003,Outbound,2025-06-03,2025-06-17,Closed Lost,7700.0,0.0,Competitor,2025-06-03
239,Delta Learning 96 - New Business,555,9,1014,Organic Search,2025-12-16,2026-02-01,Closed Lost,32700.0,0.0,Product Fit,2026-01-28
240,Helix Media 18 - New Business,357,11,1018,Organic Search,2026-06-28,2026-07-21,Closed Won,7900.0,1.0,,2026-07-21
241,Vela Capital - New Business,65,7,1019,Outbound,2026-02-05,2026-03-11,Closed Lost,40500.0,0.0,Timing,2026-03-08
242,Acorn Capital 47 - Expansion,147,13,1021,Organic Search,2026-06-28,2026-07-20,Closed Lost,4600.0,0.0,Competitor,2026-07-04
243,Glacier Learning 75 - New Business,342,13,1029,Organic Search,2025-09-04,2025-11-11,Closed Won,7700.0,1.0,,2025-10-22
244,Rune Media - Renewal,62,7,1031,Paid Search,2026-02-04,2026-03-23,Closed Won,20700.0,1.0,,2026-03-14
245,Quill Dynamics 24 - New Business,593,2,1040,Outbound,2026-06-26,2026-09-19,Closed Won,76600.0,1.0,,2026-09-13
246,Quill Media - New Business,91,10,1045,Paid Search,2025-10-11,2025-10-30,Closed Lost,14800.0,0.0,No Decision,2025-10-12
247,Sable Learning - Expansion,96,5,1049,Partner,2026-02-19,2026-07-04,Closed Lost,17700.0,0.0,Timing,2026-07-02
248,Wren Learning 38 - New Business,72,3,1050,Organic Search,2025-12-30,2026-03-05,Closed Lost,46600.0,0.0,Competitor,2026-02-23
249,Beacon Capital - Expansion,260,9,1051,Referral,2025-03-18,2025-05-14,Closed Lost,35300.0,0.0,No Decision,2025-05-04
250,Glacier Labs - Expansion,142,11,1054,Organic Search,2026-06-29,2026-08-21,Closed Lost,18100.0,0.0,Price,2026-08-13
251,Indigo Cloud - New Business,586,14,1057,Organic Search,2025-07-26,2025-08-21,Closed Lost,4200.0,0.0,Timing,2025-08-10
252,Nova Learning 31 - Expansion,248,12,1060,Referral,2025-02-14,2025-03-08,Closed Lost,8300.0,0.0,Competitor,2025-03-08
253,Beacon Health 72 - New Business,400,8,1063,Organic Search,2026-08-18,2026-10-28,Proposal,25500.0,0.5,,2026-09-13
254,Jasper Cloud 4 - New Business,410,11,1073,Partner,2024-07-21,2024-08-18,Closed Won,3800.0,1.0,,2024-07-23
255,Terra Freight 83 - Expansion,551,6,1079,Organic Search,2026-03-31,2026-06-08,Closed Lost,27000.0,0.0,Competitor,2026-05-26
256,Onyx Health 19 - New Business,536,7,1082,Organic Search,2026-04-05,2026-05-11,Closed Won,11100.0,1.0,,2026-05-05
257,Quill Media 76 - New Business,585,5,1091,Organic Search,2026-09-01,2026-10-12,Proposal,42100.0,0.5,,2026-09-09
258,Kite Dynamics - New Business,80,9,1093,Referral,2025-01-26,2025-06-20,Closed Lost,16800.0,0.0,Price,2025-06-18
259,Indigo Commerce - Renewal,166,10,1095,Paid Search,2025-07-12,2025-08-01,Closed Lost,3700.0,0.0,Product Fit,2025-07-31
260,Lumen Dynamics - New Business,284,2,1098,Partner,2026-01-26,2026-04-11,Closed Lost,85900.0,0.0,Competitor,2026-04-09
261,Vela Health 3 - New Business,524,14,1103,Referral,2024-06-14,2024-07-11,Closed Lost,11300.0,0.0,Timing,2024-06-20
262,Acorn Dynamics 23 - Expansion,103,14,1104,Paid Search,2026-04-11,2026-05-20,Closed Lost,17100.0,0.0,Competitor,2026-05-03
263,Onyx Health 18 - New Business,552,2,1107,Partner,2024-11-24,2025-01-20,Closed Lost,252600.0,0.0,No Decision,2024-12-13
264,Onyx Freight 27 - Expansion,393,10,1112,Referral,2025-04-14,2025-05-30,Closed Won,28600.0,1.0,,2025-05-23
265,Flint Freight - New Business,34,10,1115,Referral,2024-05-02,2024-06-02,Closed Lost,7700.0,0.0,Competitor,2024-05-27
266,Ember Capital 90 - Renewal,295,14,1116,Outbound,2024-04-29,2024-05-21,Closed Lost,7500.0,0.0,No Budget,2024-04-29
267,Delta Learning 62 - New Business,70,13,1117,Paid Search,2026-07-25,2026-08-15,Closed Lost,16800.0,0.0,Price,2026-08-07
268,Helix Freight 32 - Expansion,566,2,1122,Referral,2025-09-11,2025-11-02,Closed Lost,80800.0,0.0,No Decision,2025-10-27
269,Jasper Freight 56 - Renewal,236,14,1134,Social,2026-07-20,2026-08-23,Closed Won,10800.0,1.0,,2026-08-12
270,Delta Capital - Expansion,78,14,1138,Organic Search,2026-02-19,2026-04-15,Closed Lost,7100.0,0.0,Competitor,2026-04-11
271,Mosaic Analytics 70 - Expansion,448,6,1141,Outbound,2025-02-17,2025-04-18,Closed Won,82700.0,1.0,,2025-04-18
272,Cinder Commerce 62 - New Business,587,6,1147,Paid Search,2024-09-17,2024-12-24,Closed Lost,45800.0,0.0,No Budget,2024-12-24
273,Quill Learning - New Business,367,1,1152,Referral,2026-03-20,2026-07-25,Closed Lost,113300.0,0.0,No Budget,2026-07-21
274,Nova Capital 45 - New Business,285,5,1159,Outbound,2025-08-11,2025-09-26,Closed Lost,55000.0,0.0,Timing,2025-09-17
275,Indigo Commerce 46 - New Business,592,13,1161,Organic Search,2025-01-20,2025-02-15,Closed Lost,6600.0,0.0,Timing,2025-02-11
276,Wren Media 18 - New Business,600,11,1162,Paid Search,2024-07-11,2024-08-09,Closed Lost,3400.0,0.0,Competitor,2024-08-08
277,Acorn Labs - New Business,9,5,1170,Outbound,2025-12-09,2026-03-20,Closed Lost,54300.0,0.0,No Decision,2026-03-19
278,Sable Commerce 28 - New Business,111,10,1173,Referral,2025-08-31,2025-09-14,Closed Lost,21800.0,0.0,Product Fit,2025-08-31
279,Indigo Labs 83 - New Business,87,12,1184,Referral,2024-05-21,2024-07-07,Closed Lost,10300.0,0.0,Price,2024-07-04
280,Indigo Health - New Business,330,12,1188,Organic Search,2024-11-03,2024-11-15,Closed Lost,4000.0,0.0,Price,2024-11-08
281,Flint Health 41 - Expansion,457,12,1201,Referral,2024-11-04,2024-12-10,Closed Lost,16900.0,0.0,No Budget,2024-12-08
282,Onyx Health 18 - New Business,552,3,1208,Partner,2024-10-25,2024-12-19,Closed Won,86900.0,1.0,,2024-12-09
283,Onyx Freight - Expansion,101,11,1210,Organic Search,2026-03-03,2026-03-25,Closed Won,31700.0,1.0,,2026-03-23
284,Indigo Freight - New Business,279,8,1213,Organic Search,2025-12-26,2026-02-25,Closed Lost,53800.0,0.0,Competitor,2026-02-23
285,Ember Commerce 4 - Expansion,69,5,1216,Referral,2025-09-12,2025-10-16,Closed Lost,19700.0,0.0,Price,2025-10-15
286,Nova Learning 31 - New Business,248,13,1217,Paid Search,2026-08-30,2026-09-18,Closed Lost,13700.0,0.0,No Budget,2026-09-06
287,Rune Labs 8 - New Business,446,14,1228,Referral,2026-08-02,2026-09-06,Closed Lost,6500.0,0.0,No Decision,2026-09-06
288,Jasper Freight 68 - Expansion,172,9,1230,Partner,2025-11-18,2026-01-07,Closed Lost,34100.0,0.0,No Budget,2026-01-04
289,Wren Media 18 - Renewal,600,11,1239,Paid Search,2026-06-19,2026-07-29,Closed Lost,7600.0,0.0,Price,2026-07-22
290,Jasper Learning 13 - New Business,246,6,1240,Referral,2024-05-05,2024-08-07,Closed Lost,20900.0,0.0,Price,2024-08-02
291,Terra Media 32 - New Business,512,13,1241,Organic Search,2024-05-14,2024-06-07,Closed Lost,3200.0,0.0,No Budget,2024-05-25
292,Unity Cloud - New Business,409,13,1242,Events,2026-06-21,2026-07-14,Closed Lost,21400.0,0.0,No Budget,2026-07-09
293,Ember Cloud 57 - Expansion,584,7,1251,Paid Search,2025-03-14,2025-04-29,Closed Lost,67200.0,0.0,Price,2025-04-13
294,Jasper Capital 28 - New Business,515,2,1259,Events,2024-05-18,2024-09-16,Closed Lost,174300.0,0.0,Competitor,2024-09-03
295,Helix Health 78 - New Business,567,9,1260,Partner,2025-07-25,2025-09-08,Closed Won,24700.0,1.0,,2025-08-18
296,Onyx Media - New Business,243,10,1261,Outbound,2024-12-15,2024-12-30,Closed Lost,7900.0,0.0,Competitor,2024-12-22
297,Indigo Commerce 46 - Expansion,592,13,1263,Events,2025-07-19,2025-08-23,Closed Lost,4600.0,0.0,Price,2025-08-08
298,Glacier Analytics - Renewal,100,1,1267,Outbound,2026-07-19,2026-12-22,Qualification,99500.0,0.25,,2026-09-29
299,Vela Health 38 - New Business,338,5,1287,Social,2025-06-23,2025-09-16,Closed Lost,46200.0,0.0,Price,2025-09-09
300,Lumen Freight - Expansion,272,9,1289,Organic Search,2026-08-31,2026-11-01,Proposal,25000.0,0.5,,2026-09-30
301,Terra Media 57 - New Business,383,13,1293,Organic Search,2026-06-09,2026-07-18,Closed Won,14400.0,1.0,,2026-07-04
302,Nova Capital 30 - Expansion,547,8,1294,Partner,2025-04-22,2025-05-30,Closed Lost,14200.0,0.0,Competitor,2025-05-26
303,Acorn Analytics - New Business,312,7,1298,Paid Search,2024-12-21,2025-01-23,Closed Won,29100.0,1.0,,2025-01-12
304,Terra Cloud 32 - New Business,273,12,1299,Partner,2025-03-19,2025-04-10,Closed Lost,11900.0,0.0,Timing,2025-04-03
305,Vela Media - New Business,337,6,1306,Organic Search,2024-04-11,2024-05-16,Closed Won,17300.0,1.0,,2024-05-04
306,Vela Capital - New Business,65,6,1307,Referral,2025-10-31,2025-12-08,Closed Won,13300.0,1.0,,2025-12-07
307,Beacon Cloud 5 - Renewal,177,8,1314,Referral,2025-07-16,2025-08-22,Closed Lost,22800.0,0.0,No Decision,2025-07-16
308,Delta Cloud - New Business,229,9,1322,Events,2025-05-23,2025-06-29,Closed Lost,6900.0,0.0,No Budget,2025-06-21
309,Flint Labs - New Business,41,5,1330,Referral,2026-05-08,2026-08-01,Closed Lost,21200.0,0.0,Price,2026-07-28
310,Quill Analytics - Renewal,113,14,1333,Paid Search,2025-08-03,2025-08-19,Closed Lost,4200.0,0.0,Price,2025-08-18
311,Flint Commerce - Expansion,443,13,1334,Organic Search,2026-04-25,2026-06-02,Closed Lost,10100.0,0.0,No Decision,2026-06-01
312,Flint Health - New Business,119,1,1336,Organic Search,2024-08-13,2024-10-31,Closed Lost,317000.0,0.0,Competitor,2024-10-31
313,Vela Media 55 - New Business,561,14,1337,Organic Search,2025-11-22,2025-12-22,Closed Lost,3700.0,0.0,No Budget,2025-12-09
314,Beacon Cloud - New Business,60,6,1344,Organic Search,2026-09-10,2026-10-12,Proposal,32500.0,0.5,,2026-09-23
315,Helix Dynamics - Expansion,57,13,1348,Events,2026-09-06,2026-10-08,Proposal,7500.0,0.5,,2026-09-15
316,Terra Commerce 59 - Renewal,458,12,1352,Referral,2025-02-04,2025-03-10,Closed Lost,9700.0,0.0,No Budget,2025-03-10
318,Prism Cloud 85 - New Business,468,5,1357,Partner,2025-01-14,2025-02-28,Closed Lost,26800.0,0.0,Price,2025-02-22
319,Vela Commerce 94 - New Business,320,3,1360,Outbound,2025-09-09,2026-01-30,Closed Won,84000.0,1.0,,2025-12-31
320,Mosaic Labs 47 - Renewal,565,5,1363,Partner,2024-10-05,2024-12-05,Closed Won,44300.0,1.0,,2024-12-01
321,Acorn Labs 72 - New Business,141,6,1370,Referral,2026-04-13,2026-07-13,Closed Lost,46600.0,0.0,No Decision,2026-06-29
322,Sable Commerce 94 - New Business,193,5,1375,Outbound,2025-02-22,2025-05-08,Closed Won,56300.0,1.0,,2025-05-05
323,Ember Media 36 - New Business,437,3,1376,Outbound,2024-12-21,2025-07-27,Closed Lost,71000.0,0.0,Competitor,2025-07-16
324,Sable Capital 41 - New Business,444,5,1379,Organic Search,2026-09-24,2026-10-27,Discovery,57100.0,0.1,,2026-09-27
325,Delta Analytics 61 - Renewal,156,14,1381,Partner,2024-11-29,2025-01-05,Closed Lost,19100.0,0.0,Competitor,2025-01-01
326,Kite Labs - New Business,85,14,1383,Referral,2025-09-08,2025-09-30,Closed Lost,6000.0,0.0,Price,2025-09-29
327,Flint Cloud - Expansion,116,9,1389,Partner,2025-10-01,2025-11-13,Closed Lost,66400.0,0.0,No Budget,2025-11-05
328,Quill Freight - New Business,206,8,1399,Organic Search,2026-06-03,2026-09-08,Closed Lost,82200.0,0.0,No Budget,2026-08-20
329,Rune Commerce - Expansion,224,14,1401,Paid Search,2025-07-25,2025-09-22,Closed Lost,7300.0,0.0,No Budget,2025-09-09
330,Sable Learning - New Business,96,6,1405,Events,2024-12-27,2025-02-17,Closed Lost,37700.0,0.0,No Decision,2025-02-16
331,Lumen Dynamics 61 - New Business,313,12,1408,Partner,2024-12-13,2025-01-08,Closed Lost,18700.0,0.0,No Budget,2025-01-06
332,Onyx Analytics - New Business,52,14,1422,Partner,2024-02-10,2024-03-08,Closed Lost,10500.0,0.0,No Budget,2024-02-27
333,Indigo Capital - New Business,145,13,1424,Partner,2024-09-09,2024-11-15,Closed Lost,5200.0,0.0,Competitor,2024-10-21
334,Cinder Health 46 - New Business,564,10,1432,Paid Search,2026-03-23,2026-05-24,Closed Lost,17000.0,0.0,Competitor,2026-05-21
335,Flint Analytics 44 - New Business,137,10,1433,Events,2024-11-24,2025-01-12,Closed Lost,11500.0,0.0,Product Fit,2025-01-07
336,Kite Learning - New Business,123,13,1435,Referral,2024-02-11,2024-02-24,Closed Lost,4400.0,0.0,No Decision,2024-02-19
337,Helix Commerce 48 - New Business,339,11,1436,Organic Search,2026-05-02,2026-05-24,Closed Lost,14500.0,0.0,Product Fit,2026-05-24
338,Delta Learning 58 - New Business,276,14,1440,Organic Search,2024-03-01,2024-04-12,Closed Lost,9800.0,0.0,Timing,2024-04-01
339,Quill Analytics 58 - Renewal,212,13,1442,Organic Search,2026-03-14,2026-04-03,Closed Won,5600.0,1.0,,2026-03-31
340,Unity Commerce 13 - New Business,476,13,1446,Referral,2025-05-31,2025-06-28,Closed Lost,10500.0,0.0,Price,2025-06-27
341,Sable Analytics - Renewal,480,11,1456,Organic Search,2026-09-25,2026-10-22,Discovery,9100.0,0.1,,2026-09-28
342,Terra Media 32 - New Business,512,11,1457,Events,2025-11-26,2025-12-22,Closed Won,17400.0,1.0,,2025-12-21
343,Helix Labs 39 - New Business,390,6,1459,Partner,2024-08-03,2024-09-08,Closed Lost,38500.0,0.0,Competitor,2024-09-06
344,Quill Health 73 - Expansion,397,13,1462,Organic Search,2026-05-26,2026-06-23,Closed Lost,3200.0,0.0,No Budget,2026-06-09
345,Flint Learning 84 - Expansion,487,14,1464,Partner,2025-04-08,2025-05-14,Closed Lost,5300.0,0.0,Competitor,2025-05-10
346,Mosaic Labs 47 - New Business,565,9,1476,Referral,2026-09-27,2026-11-19,Discovery,32800.0,0.1,,2026-09-27
347,Wren Media - New Business,595,8,1477,Referral,2025-10-02,2025-12-11,Closed Lost,25900.0,0.0,Timing,2025-12-09
348,Glacier Labs - Expansion,142,14,1483,Organic Search,2026-05-05,2026-05-27,Closed Lost,11300.0,0.0,Competitor,2026-05-24
349,Flint Health - New Business,119,2,1484,Partner,2026-07-07,2026-11-20,Proposal,38500.0,0.5,,2026-09-17
350,Ember Dynamics - Expansion,287,4,1491,Referral,2025-05-14,2025-08-12,Closed Lost,98000.0,0.0,Competitor,2025-08-07
351,Cinder Freight 69 - Renewal,149,7,1496,Organic Search,2024-05-08,2024-07-15,Closed Won,24100.0,1.0,,2024-07-15
352,Vela Analytics - New Business,7,3,1500,Paid Search,2024-05-05,2024-07-12,Closed Won,287200.0,1.0,,2024-07-05
353,Lumen Media 4 - New Business,300,1,1503,Paid Search,2024-07-04,2024-11-06,Closed Won,150100.0,1.0,,2024-11-04
355,Onyx Cloud 67 - New Business,488,9,1512,Referral,2024-09-04,2025-01-28,Closed Won,45100.0,1.0,,2025-01-19
356,Ember Freight 26 - Expansion,411,1,1513,Organic Search,2025-09-07,2025-11-30,Closed Won,88600.0,1.0,,2025-11-10
357,Unity Commerce 35 - Renewal,345,6,1515,Paid Search,2025-07-07,2025-09-10,Closed Lost,37200.0,0.0,No Budget,2025-09-10
358,Sable Capital 41 - New Business,444,8,1518,Partner,2025-01-12,2025-03-13,Closed Lost,28600.0,0.0,No Decision,2025-02-27
359,Beacon Freight 73 - New Business,533,2,1525,Events,2024-05-21,2024-09-04,Closed Lost,109900.0,0.0,Competitor,2024-09-01
360,Terra Commerce 24 - New Business,582,14,1526,Organic Search,2025-09-09,2025-09-24,Closed Won,5800.0,1.0,,2025-09-21
361,Mosaic Cloud 84 - New Business,23,11,1527,Partner,2025-12-02,2025-12-15,Closed Won,25300.0,1.0,,2025-12-10
362,Acorn Labs - Expansion,9,5,1530,Partner,2026-08-23,2026-12-17,Qualification,13600.0,0.25,,2026-09-29
363,Vela Capital - New Business,65,6,1531,Paid Search,2026-04-04,2026-06-12,Closed Lost,18300.0,0.0,Timing,2026-05-27
364,Prism Labs 96 - Expansion,522,6,1532,Outbound,2025-11-27,2026-01-22,Closed Lost,10700.0,0.0,Competitor,2025-12-31
365,Quill Labs 15 - New Business,305,4,1539,Social,2024-09-30,2025-01-18,Closed Lost,58000.0,0.0,No Decision,2025-01-18
366,Onyx Analytics 76 - New Business,531,10,1544,Events,2025-07-03,2025-08-01,Closed Lost,7200.0,0.0,Price,2025-07-31
367,Delta Analytics 92 - New Business,549,11,1545,Paid Search,2026-02-15,2026-03-22,Closed Lost,5800.0,0.0,Price,2026-03-14
368,Ember Dynamics - New Business,287,2,1546,Events,2025-07-13,2025-11-12,Closed Lost,97700.0,0.0,Price,2025-11-03
369,Cinder Cloud 90 - Renewal,327,5,1547,Paid Search,2024-05-21,2024-06-21,Closed Won,35300.0,1.0,,2024-06-20
370,Rune Learning 76 - New Business,574,7,1551,Organic Search,2025-07-16,2025-11-24,Closed Won,46500.0,1.0,,2025-11-20
371,Rune Health - New Business,11,7,1553,Referral,2025-06-15,2025-09-24,Closed Lost,25900.0,0.0,Price,2025-09-21
372,Glacier Labs 65 - New Business,557,10,1556,Events,2025-11-27,2026-01-04,Closed Lost,2500.0,0.0,No Budget,2026-01-04
373,Jasper Capital - Renewal,10,7,1557,Organic Search,2026-07-10,2026-07-31,Closed Lost,7700.0,0.0,No Decision,2026-07-31
374,Indigo Capital 15 - Expansion,293,11,1560,Referral,2025-04-04,2025-04-30,Closed Lost,6800.0,0.0,Timing,2025-04-26
375,Terra Labs 70 - New Business,228,7,1562,Referral,2026-01-07,2026-03-09,Closed Lost,53300.0,0.0,Competitor,2026-03-08
376,Prism Health 45 - New Business,340,12,1563,Social,2025-02-28,2025-04-12,Closed Lost,7500.0,0.0,Timing,2025-04-06
377,Terra Media - Expansion,32,10,1572,Partner,2024-04-13,2024-04-29,Closed Lost,7500.0,0.0,Price,2024-04-13
378,Acorn Capital - New Business,79,10,1573,Paid Search,2025-12-11,2026-01-22,Closed Lost,5500.0,0.0,Timing,2026-01-22
379,Terra Health - Expansion,118,10,1574,Events,2025-12-26,2026-01-18,Closed Lost,5900.0,0.0,Competitor,2026-01-11
380,Wren Labs - New Business,6,4,1576,Referral,2026-08-16,2026-12-03,Qualification,189800.0,0.25,,2026-09-04
381,Ember Media - New Business,215,10,1589,Referral,2024-06-11,2024-07-16,Closed Lost,1600.0,0.0,Product Fit,2024-06-17
382,Acorn Health 64 - Renewal,355,2,1590,Paid Search,2024-12-27,2025-03-16,Closed Lost,51800.0,0.0,No Budget,2025-02-27
383,Cinder Analytics 63 - New Business,532,11,1591,Organic Search,2026-03-05,2026-04-08,Closed Lost,28800.0,0.0,Competitor,2026-03-13
384,Indigo Labs 41 - New Business,139,14,1598,Partner,2026-06-23,2026-07-14,Closed Lost,11000.0,0.0,No Decision,2026-07-09
385,Sable Capital 41 - New Business,444,6,1600,Partner,2026-09-21,2026-11-15,Discovery,55200.0,0.1,,2026-09-21
386,Beacon Learning 81 - New Business,518,10,1603,Organic Search,2025-02-24,2025-04-16,Closed Won,8700.0,1.0,,2025-03-26
387,Terra Cloud 39 - Renewal,521,7,1606,Organic Search,2025-03-27,2025-05-25,Closed Lost,46000.0,0.0,Price,2025-05-24
388,Indigo Learning - New Business,426,13,1607,Events,2026-09-25,2026-10-11,Qualification,30100.0,0.25,,2026-09-27
389,Onyx Dynamics 75 - Renewal,438,14,1609,Paid Search,2026-05-29,2026-07-07,Closed Lost,9200.0,0.0,Product Fit,2026-07-02
390,Kite Labs 88 - New Business,517,12,1611,Paid Search,2026-08-06,2026-08-26,Closed Lost,13100.0,0.0,Competitor,2026-08-21
391,Beacon Learning 81 - Expansion,518,10,1612,Paid Search,2026-06-10,2026-07-10,Closed Lost,16700.0,0.0,Price,2026-06-26
392,Delta Freight 75 - New Business,343,1,1614,Outbound,2024-02-06,2024-05-09,Closed Lost,189400.0,0.0,Timing,2024-05-02
393,Quill Dynamics 24 - Expansion,593,2,1617,Referral,2026-04-05,2026-06-21,Closed Lost,192800.0,0.0,No Budget,2026-06-03
394,Flint Media 41 - Expansion,281,7,1625,Paid Search,2026-06-18,2026-07-26,Closed Won,26400.0,1.0,,2026-07-22
395,Ember Commerce 4 - New Business,69,7,1626,Referral,2026-07-27,2026-09-21,Closed Lost,74300.0,0.0,No Decision,2026-09-12
396,Unity Health - New Business,104,13,1631,Paid Search,2026-01-06,2026-01-23,Closed Won,8900.0,1.0,,2026-01-07
397,Flint Learning - Renewal,16,13,1636,Referral,2026-05-08,2026-06-27,Closed Lost,10900.0,0.0,No Budget,2026-06-11
398,Vela Learning 26 - New Business,489,13,1637,Referral,2024-11-14,2025-03-02,Closed Won,8100.0,1.0,,2025-02-23
399,Onyx Cloud 85 - New Business,419,14,1644,Organic Search,2026-07-05,2026-07-27,Closed Lost,10700.0,0.0,Price,2026-07-14
400,Beacon Learning - Renewal,408,6,1647,Referral,2024-05-08,2024-07-07,Closed Won,20800.0,1.0,,2024-06-24
401,Flint Analytics 44 - New Business,137,12,1650,Referral,2024-12-12,2024-12-31,Closed Won,4300.0,1.0,,2024-12-12
402,Acorn Capital 47 - New Business,147,13,1658,Paid Search,2024-03-30,2024-04-30,Closed Lost,8600.0,0.0,Competitor,2024-04-30
403,Flint Media - New Business,160,8,1663,Partner,2026-04-01,2026-05-24,Closed Lost,28600.0,0.0,Competitor,2026-05-18
404,Terra Learning 78 - Expansion,213,12,1668,Paid Search,2025-07-23,2025-08-26,Closed Lost,6000.0,0.0,No Decision,2025-08-26
405,Glacier Analytics 93 - New Business,466,1,1674,Events,2025-09-26,2025-10-28,Closed Won,206800.0,1.0,,2025-10-20
406,Helix Media 18 - Renewal,357,14,1677,Organic Search,2024-09-09,2024-09-27,Closed Lost,4800.0,0.0,No Decision,2024-09-27
407,Kite Media 6 - New Business,427,9,1681,Events,2025-04-14,2025-05-29,Closed Lost,31100.0,0.0,Competitor,2025-05-15
408,Vela Learning 29 - Expansion,314,1,1688,Paid Search,2025-03-08,2025-09-03,Closed Lost,48700.0,0.0,Price,2025-08-24
409,Sable Media 77 - Expansion,467,11,1690,Organic Search,2024-08-10,2024-08-25,Closed Lost,4500.0,0.0,Competitor,2024-08-25
410,Acorn Cloud - New Business,241,9,1704,Organic Search,2026-05-15,2026-06-10,Closed Lost,25700.0,0.0,No Budget,2026-06-01
411,Lumen Commerce 23 - New Business,252,9,1711,Paid Search,2024-12-24,2025-02-23,Closed Lost,25600.0,0.0,Price,2025-02-21
412,Indigo Freight 90 - Expansion,493,8,1715,Events,2024-08-20,2024-09-14,Closed Won,36100.0,1.0,,2024-09-14
413,Beacon Dynamics - New Business,26,12,1718,Referral,2025-06-09,2025-07-21,Closed Won,18800.0,1.0,,2025-07-12
414,Wren Dynamics - New Business,84,14,1727,Organic Search,2025-12-05,2026-01-11,Closed Lost,10100.0,0.0,Timing,2026-01-02
415,Jasper Learning - New Business,1,8,1735,Referral,2025-03-22,2025-04-30,Closed Lost,9400.0,0.0,No Decision,2025-04-22
416,Helix Labs 76 - Expansion,579,6,1737,Referral,2025-11-16,2026-01-04,Closed Lost,24800.0,0.0,No Budget,2026-01-03
417,Lumen Freight - New Business,272,9,1747,Outbound,2024-09-24,2024-12-14,Closed Lost,17800.0,0.0,Competitor,2024-12-11
418,Unity Health - New Business,104,14,1749,Partner,2024-05-03,2024-07-14,Closed Won,5200.0,1.0,,2024-07-03
419,Mosaic Dynamics 37 - Expansion,242,8,1752,Outbound,2024-11-10,2024-12-31,Closed Won,16000.0,1.0,,2024-12-16
420,Prism Cloud 51 - New Business,486,8,1753,Organic Search,2026-09-09,2026-10-13,Proposal,65800.0,0.5,,2026-09-21
421,Ember Learning - Renewal,112,6,1754,Organic Search,2026-09-25,2026-11-28,Discovery,21500.0,0.1,,2026-09-28
422,Cinder Media 86 - New Business,301,13,1773,Organic Search,2024-04-25,2024-05-27,Closed Lost,16400.0,0.0,No Budget,2024-05-27
423,Beacon Analytics 51 - New Business,423,9,1779,Outbound,2025-12-08,2026-01-14,Closed Won,28400.0,1.0,,2026-01-11
424,Delta Analytics 61 - New Business,156,13,1780,Paid Search,2025-10-05,2025-11-20,Closed Lost,15100.0,0.0,Price,2025-10-29
425,Rune Labs 68 - Expansion,58,14,1787,Referral,2024-10-22,2024-11-05,Closed Lost,6600.0,0.0,No Decision,2024-10-22
426,Beacon Media - New Business,217,1,1791,Outbound,2025-04-27,2025-08-24,Closed Won,63300.0,1.0,,2025-08-22
427,Ember Cloud - New Business,302,13,1798,Referral,2024-11-17,2024-12-06,Closed Lost,9200.0,0.0,Price,2024-11-28
428,Vela Commerce 94 - New Business,320,2,1801,Organic Search,2025-09-17,2025-12-26,Closed Won,48700.0,1.0,,2025-12-25
429,Ember Health 92 - Expansion,268,12,1803,Organic Search,2025-10-31,2025-11-26,Closed Lost,9200.0,0.0,Timing,2025-11-04
430,Jasper Capital 52 - Expansion,379,4,1806,Partner,2025-07-16,2025-10-06,Closed Won,73600.0,1.0,,2025-10-05
431,Flint Analytics 93 - New Business,424,5,1810,Referral,2026-07-16,2026-11-04,Proposal,22900.0,0.5,,2026-09-12
432,Onyx Analytics 27 - Expansion,207,8,1812,Organic Search,2025-08-01,2025-09-30,Closed Lost,46800.0,0.0,Product Fit,2025-09-27
433,Delta Learning 58 - New Business,276,14,1814,Referral,2026-04-24,2026-06-14,Closed Lost,17400.0,0.0,Price,2026-06-14
434,Indigo Analytics - New Business,71,4,1820,Organic Search,2024-12-04,2025-02-26,Closed Lost,211800.0,0.0,Price,2025-02-21
435,Cinder Health - New Business,204,13,1822,Organic Search,2026-05-17,2026-07-06,Closed Lost,9900.0,0.0,Price,2026-07-01
436,Kite Health 34 - New Business,469,13,1826,Referral,2024-03-15,2024-04-13,Closed Lost,5100.0,0.0,Price,2024-04-13
437,Ember Freight 26 - Expansion,411,3,1829,Paid Search,2024-09-25,2024-12-17,Closed Lost,92600.0,0.0,Timing,2024-12-16
438,Wren Cloud 27 - New Business,471,14,1832,Social,2025-07-21,2025-08-15,Closed Won,6300.0,1.0,,2025-07-21
439,Glacier Health - New Business,514,11,1836,Paid Search,2025-07-26,2025-09-15,Closed Lost,8500.0,0.0,Timing,2025-09-08
440,Onyx Dynamics 83 - Renewal,303,2,1838,Referral,2025-02-05,2025-06-04,Closed Lost,24200.0,0.0,Competitor,2025-05-23
441,Prism Health - Renewal,36,13,1844,Events,2025-07-19,2025-08-13,Closed Lost,7900.0,0.0,Price,2025-08-08
442,Helix Dynamics 63 - New Business,189,14,1846,Organic Search,2024-02-07,2024-03-24,Closed Lost,26700.0,0.0,Timing,2024-03-01
443,Acorn Commerce - Expansion,110,5,1851,Organic Search,2025-08-26,2025-10-11,Closed Lost,50100.0,0.0,No Decision,2025-10-08
444,Onyx Cloud 85 - New Business,419,14,1853,Organic Search,2024-03-04,2024-03-30,Closed Lost,8400.0,0.0,Competitor,2024-03-26
445,Onyx Health 91 - Expansion,185,2,1856,Paid Search,2026-02-26,2026-06-15,Closed Lost,97100.0,0.0,Product Fit,2026-06-08
446,Wren Dynamics 70 - New Business,289,11,1857,Partner,2024-10-24,2024-11-28,Closed Lost,8900.0,0.0,Price,2024-11-25
447,Mosaic Commerce 42 - Expansion,262,5,1860,Organic Search,2025-12-01,2026-01-25,Closed Won,24400.0,1.0,,2026-01-11
448,Onyx Health 18 - New Business,552,3,1873,Referral,2026-03-07,2026-06-22,Closed Lost,89900.0,0.0,Price,2026-06-10
449,Nova Learning 89 - New Business,130,3,1879,Paid Search,2024-03-07,2024-06-27,Closed Lost,245500.0,0.0,No Budget,2024-06-26
450,Beacon Freight 73 - Expansion,533,2,1881,Paid Search,2026-02-20,2026-05-08,Closed Lost,294700.0,0.0,Competitor,2026-05-07
451,Quill Labs 59 - Expansion,192,3,1884,Events,2026-03-23,2026-05-27,Closed Lost,101100.0,0.0,No Decision,2026-05-26
452,Beacon Freight - New Business,216,7,1887,Organic Search,2024-05-30,2024-08-23,Closed Lost,47800.0,0.0,No Budget,2024-08-19
453,Terra Commerce 24 - Renewal,582,11,1891,Referral,2024-11-15,2024-12-19,Closed Lost,4500.0,0.0,Competitor,2024-12-11
454,Unity Analytics 48 - New Business,440,12,1894,Referral,2026-08-27,2026-09-09,Closed Won,13300.0,1.0,,2026-09-08
455,Glacier Capital 97 - New Business,376,14,1896,Outbound,2025-10-31,2025-11-20,Closed Lost,6000.0,0.0,No Budget,2025-11-18
456,Wren Dynamics 87 - New Business,404,8,1897,Organic Search,2025-05-07,2025-08-29,Closed Won,33700.0,1.0,,2025-08-23
457,Wren Health - New Business,576,9,1905,Paid Search,2026-03-09,2026-06-02,Closed Lost,39600.0,0.0,Product Fit,2026-04-24
458,Mosaic Analytics 70 - Expansion,448,6,1911,Referral,2026-03-07,2026-05-16,Closed Lost,28500.0,0.0,No Decision,2026-05-07
459,Wren Cloud 30 - New Business,507,13,1915,Paid Search,2025-05-15,2025-06-05,Closed Lost,8600.0,0.0,Timing,2025-06-04
460,Flint Labs 26 - New Business,508,3,1918,Outbound,2026-01-20,2026-07-06,Closed Lost,301700.0,0.0,No Budget,2026-05-12
461,Delta Freight 74 - New Business,452,14,1920,Paid Search,2024-06-23,2024-07-11,Closed Lost,3200.0,0.0,Competitor,2024-07-11
462,Rune Learning 76 - Renewal,574,5,1923,Events,2025-01-21,2025-05-26,Closed Lost,28400.0,0.0,No Budget,2025-05-23
463,Indigo Labs 83 - New Business,87,12,1924,Organic Search,2024-04-20,2024-05-15,Closed Won,9700.0,1.0,,2024-05-07
464,Beacon Cloud 19 - New Business,335,9,1931,Paid Search,2025-09-20,2025-12-02,Closed Won,14200.0,1.0,,2025-11-06
465,Acorn Labs - Expansion,9,6,1932,Organic Search,2025-12-15,2026-01-31,Closed Won,96400.0,1.0,,2026-01-20
466,Prism Media - Expansion,74,2,1936,Partner,2024-07-11,2024-10-31,Closed Won,241300.0,1.0,,2024-10-18
467,Prism Commerce 6 - New Business,544,4,1942,Organic Search,2025-12-13,2026-02-16,Closed Lost,151800.0,0.0,No Decision,2026-02-12
468,Onyx Dynamics - Renewal,40,5,1952,Referral,2026-08-08,2026-09-06,Closed Lost,23400.0,0.0,Product Fit,2026-08-26
469,Ember Commerce 31 - New Business,358,3,1960,Organic Search,2026-06-21,2026-12-01,Proposal,166600.0,0.5,,2026-09-16
470,Flint Learning - Renewal,16,13,1967,Referral,2025-03-29,2025-04-16,Closed Lost,14600.0,0.0,Price,2025-04-16
471,Acorn Learning 42 - Expansion,191,9,1971,Paid Search,2024-05-10,2024-06-14,Closed Lost,12600.0,0.0,Competitor,2024-06-13
472,Lumen Cloud - New Business,81,6,1979,Paid Search,2025-02-02,2025-04-02,Closed Lost,31700.0,0.0,No Decision,2025-03-29
473,Helix Media 18 - New Business,357,13,1980,Organic Search,2024-06-12,2024-07-15,Closed Won,25200.0,1.0,,2024-06-12
474,Vela Health 3 - Expansion,524,13,1985,Organic Search,2026-07-02,2026-07-17,Closed Lost,30500.0,0.0,Price,2026-07-02
475,Unity Media 37 - New Business,389,4,1992,Paid Search,2024-09-01,2024-11-01,Closed Lost,39400.0,0.0,Price,2024-11-01
476,Helix Health 86 - New Business,167,6,1993,Referral,2025-07-20,2025-08-20,Closed Won,43500.0,1.0,,2025-07-20
477,Mosaic Analytics - New Business,151,13,1994,Organic Search,2026-04-04,2026-04-23,Closed Lost,6400.0,0.0,No Budget,2026-04-21
478,Mosaic Cloud 5 - Renewal,258,8,2003,Paid Search,2025-12-28,2026-02-06,Closed Won,24700.0,1.0,,2026-01-31
479,Beacon Dynamics - New Business,26,11,2012,Referral,2025-03-27,2025-04-13,Closed Won,3900.0,1.0,,2025-04-12
480,Jasper Freight - New Business,168,10,2013,Partner,2026-07-27,2026-08-19,Closed Lost,18400.0,0.0,Competitor,2026-07-31
481,Quill Cloud 29 - Expansion,494,9,2019,Referral,2024-11-05,2024-12-29,Closed Lost,117600.0,0.0,Price,2024-12-19
482,Ember Health 92 - New Business,268,13,2021,Organic Search,2025-04-06,2025-04-30,Closed Won,4100.0,1.0,,2025-04-28
483,Kite Commerce - Expansion,354,10,2022,Referral,2026-06-15,2026-08-28,Closed Won,9500.0,1.0,,2026-08-27
484,Sable Capital - New Business,86,9,2027,Outbound,2024-12-15,2025-01-11,Closed Won,28600.0,1.0,,2025-01-05
485,Nova Labs - New Business,114,14,2034,Organic Search,2026-09-27,2026-10-17,Qualification,9100.0,0.25,,2026-09-27
486,Quill Cloud - Renewal,107,11,2039,Referral,2025-12-31,2026-02-06,Closed Lost,13000.0,0.0,No Decision,2026-01-27
487,Prism Cloud - New Business,93,8,2045,Referral,2025-06-08,2025-08-01,Closed Lost,9800.0,0.0,Price,2025-07-30
488,Quill Health 73 - New Business,397,12,2051,Referral,2026-08-09,2026-08-26,Closed Lost,12500.0,0.0,Product Fit,2026-08-25
489,Terra Commerce - New Business,182,4,2052,Referral,2025-08-19,2025-11-26,Closed Lost,104000.0,0.0,No Budget,2025-11-26
490,Sable Media - Expansion,161,10,2059,Outbound,2025-11-28,2025-12-26,Closed Lost,10700.0,0.0,Competitor,2025-12-25
491,Prism Cloud 85 - Renewal,468,5,2072,Referral,2026-09-01,2026-11-11,Proposal,34000.0,0.5,,2026-09-30
492,Quill Freight - New Business,206,6,2074,Organic Search,2025-03-27,2025-05-31,Closed Lost,21700.0,0.0,Competitor,2025-05-15
493,Acorn Labs 57 - Expansion,472,6,2078,Organic Search,2025-01-13,2025-03-04,Closed Lost,42500.0,0.0,Timing,2025-02-19
494,Vela Commerce 94 - New Business,320,4,2083,Referral,2024-07-27,2024-09-26,Closed Lost,141000.0,0.0,Price,2024-09-24
495,Ember Cloud 57 - Expansion,584,5,2102,Referral,2024-09-10,2024-11-02,Closed Lost,18600.0,0.0,No Decision,2024-10-30
496,Wren Cloud - New Business,162,2,2103,Referral,2025-07-30,2026-04-22,Closed Lost,40700.0,0.0,Price,2026-03-31
497,Vela Learning 8 - Renewal,308,12,2112,Organic Search,2026-09-18,2026-10-25,Qualification,14700.0,0.25,,2026-09-24
498,Acorn Analytics 27 - Renewal,325,8,2116,Paid Search,2024-07-28,2024-09-22,Closed Lost,31500.0,0.0,No Budget,2024-09-22
499,Terra Cloud 39 - New Business,521,5,2121,Organic Search,2026-09-02,2026-12-05,Discovery,14800.0,0.1,,2026-09-26
500,Onyx Cloud 65 - Expansion,569,6,2123,Partner,2025-05-09,2025-06-09,Closed Won,24800.0,1.0,,2025-05-16
501,Acorn Health - New Business,5,9,2126,Organic Search,2025-09-21,2025-12-01,Closed Lost,8900.0,0.0,Competitor,2025-11-25
502,Unity Labs - Expansion,44,1,2127,Events,2024-06-21,2024-10-09,Closed Lost,113800.0,0.0,No Budget,2024-09-25
503,Delta Freight 49 - New Business,583,12,2129,Referral,2025-01-25,2025-02-09,Closed Won,15900.0,1.0,,2025-01-30
504,Delta Cloud 46 - Expansion,382,14,2130,Outbound,2026-07-15,2026-07-30,Closed Won,7200.0,1.0,,2026-07-25
505,Unity Cloud 22 - New Business,463,11,2133,Events,2026-07-29,2026-08-17,Closed Won,5900.0,1.0,,2026-08-14
506,Delta Analytics 61 - Expansion,156,10,2134,Organic Search,2024-11-30,2024-12-20,Closed Lost,3000.0,0.0,No Decision,2024-12-05
507,Acorn Freight 85 - New Business,550,6,2141,Partner,2024-01-25,2024-04-08,Closed Won,45900.0,1.0,,2024-04-04
508,Delta Cloud - New Business,229,8,2143,Social,2026-06-19,2026-08-15,Closed Lost,69800.0,0.0,No Budget,2026-08-08
509,Ember Commerce - New Business,13,5,2145,Events,2024-06-30,2024-09-09,Closed Lost,26300.0,0.0,No Budget,2024-08-24
510,Terra Freight 83 - Expansion,551,7,2147,Referral,2025-02-16,2025-05-16,Closed Lost,58800.0,0.0,No Decision,2025-05-10
511,Acorn Commerce - Expansion,110,7,2150,Organic Search,2026-08-15,2026-09-29,Closed Lost,32500.0,0.0,Price,2026-09-17
512,Kite Media 92 - Expansion,588,4,2151,Referral,2026-04-14,2026-05-29,Closed Lost,198000.0,0.0,Timing,2026-04-24
513,Unity Learning 28 - Expansion,353,14,2156,Organic Search,2024-12-08,2025-01-10,Closed Lost,5600.0,0.0,Competitor,2025-01-08
514,Lumen Commerce 59 - Renewal,154,9,2161,Organic Search,2026-07-30,2026-09-14,Closed Won,58800.0,1.0,,2026-09-12
515,Mosaic Commerce - Renewal,76,6,2163,Paid Search,2024-11-05,2025-01-12,Closed Won,11500.0,1.0,,2024-12-14
516,Quill Analytics 58 - New Business,212,10,2167,Paid Search,2024-09-20,2024-10-13,Closed Won,13500.0,1.0,,2024-10-06
517,Sable Capital 83 - Expansion,556,13,2173,Events,2025-09-06,2025-09-19,Closed Lost,7200.0,0.0,No Decision,2025-09-17
518,Beacon Freight 23 - New Business,341,8,2176,Partner,2024-02-06,2024-04-17,Closed Lost,53400.0,0.0,Price,2024-04-14
519,Vela Dynamics - Renewal,230,13,2177,Organic Search,2024-02-16,2024-03-09,Closed Lost,2600.0,0.0,Product Fit,2024-03-04
520,Acorn Learning 36 - Expansion,146,9,2181,Events,2025-07-11,2025-09-06,Closed Lost,33400.0,0.0,No Decision,2025-09-06
521,Jasper Freight 56 - Expansion,236,11,2184,Outbound,2024-08-18,2024-08-27,Closed Lost,11000.0,0.0,Competitor,2024-08-26
522,Vela Learning 29 - Expansion,314,4,2188,Organic Search,2024-12-23,2025-04-30,Closed Lost,55500.0,0.0,Timing,2025-04-26
523,Wren Media - New Business,595,7,2189,Referral,2024-06-28,2024-08-29,Closed Won,28300.0,1.0,,2024-08-25
524,Nova Dynamics - New Business,214,14,2194,Outbound,2025-11-29,2025-12-16,Closed Lost,6300.0,0.0,Competitor,2025-12-09
525,Unity Dynamics 62 - New Business,375,5,2204,Referral,2024-02-07,2024-06-01,Closed Lost,31800.0,0.0,Timing,2024-05-30
526,Terra Freight - New Business,232,11,2205,Referral,2026-07-10,2026-08-19,Closed Lost,8400.0,0.0,No Budget,2026-08-15
527,Terra Labs 24 - New Business,578,9,2209,Referral,2026-03-21,2026-05-25,Closed Lost,40700.0,0.0,No Budget,2026-05-24
528,Helix Freight - New Business,334,11,2211,Partner,2026-05-08,2026-05-28,Closed Lost,18100.0,0.0,Competitor,2026-05-28
529,Indigo Labs 70 - New Business,304,5,2212,Outbound,2024-11-20,2025-01-06,Closed Lost,66000.0,0.0,No Budget,2024-12-25
530,Flint Health - Expansion,119,1,2213,Organic Search,2025-08-03,2025-10-17,Closed Lost,240500.0,0.0,Competitor,2025-10-16
531,Rune Media 97 - Expansion,292,1,2214,Referral,2025-08-13,2025-09-23,Closed Lost,145000.0,0.0,No Budget,2025-09-17
532,Lumen Media 4 - Renewal,300,2,2218,Partner,2024-12-20,2025-04-13,Closed Lost,70700.0,0.0,Competitor,2025-04-13
533,Beacon Cloud 19 - Renewal,335,6,2221,Paid Search,2024-10-10,2025-01-12,Closed Lost,16800.0,0.0,No Budget,2025-01-01
534,Cinder Health 48 - New Business,208,3,2230,Outbound,2026-03-20,2026-07-04,Closed Lost,32000.0,0.0,No Budget,2026-07-04
535,Wren Analytics 40 - Renewal,461,7,2235,Referral,2026-02-17,2026-04-14,Closed Won,37000.0,1.0,,2026-03-15
536,Prism Media - New Business,74,1,2244,Referral,2026-01-15,2026-06-10,Closed Lost,242400.0,0.0,Timing,2026-06-10
537,Onyx Capital 60 - New Business,497,14,2246,Paid Search,2024-03-17,2024-04-14,Closed Lost,7600.0,0.0,Competitor,2024-04-06
538,Sable Health 65 - New Business,377,13,2250,Organic Search,2024-03-29,2024-05-20,Closed Lost,6300.0,0.0,Competitor,2024-05-17
539,Indigo Dynamics - Renewal,27,9,2257,Organic Search,2026-01-11,2026-03-25,Closed Lost,42500.0,0.0,Price,2026-03-23
540,Mosaic Commerce 44 - New Business,428,8,2264,Referral,2025-06-18,2025-07-27,Closed Lost,42700.0,0.0,Competitor,2025-07-11
541,Rune Health - Expansion,11,5,2271,Organic Search,2026-06-21,2026-07-19,Closed Lost,20700.0,0.0,Price,2026-07-19
542,Wren Freight 92 - New Business,395,5,2272,Referral,2025-11-03,2026-01-13,Closed Lost,25700.0,0.0,Price,2026-01-07
543,Kite Cloud 22 - New Business,164,12,2277,Referral,2024-03-21,2024-05-04,Closed Lost,10300.0,0.0,Competitor,2024-04-14
544,Delta Learning 96 - Renewal,555,5,2279,Organic Search,2025-03-24,2025-04-17,Closed Lost,23100.0,0.0,No Budget,2025-04-07
545,Terra Media - Expansion,32,11,2281,Organic Search,2025-11-29,2025-12-21,Closed Lost,9900.0,0.0,No Budget,2025-12-01
546,Prism Health 45 - Expansion,340,12,2283,Referral,2025-12-13,2026-01-03,Closed Lost,12800.0,0.0,No Decision,2025-12-16
547,Glacier Media - New Business,563,6,2284,Outbound,2026-02-19,2026-03-30,Closed Lost,18100.0,0.0,Product Fit,2026-03-26
548,Vela Dynamics 97 - New Business,417,12,2285,Organic Search,2026-03-24,2026-04-26,Closed Lost,12600.0,0.0,No Decision,2026-04-25
549,Beacon Media 30 - Renewal,542,12,2292,Organic Search,2026-07-24,2026-09-16,Closed Won,12900.0,1.0,,2026-09-16
550,Vela Learning 95 - Expansion,451,3,2293,Referral,2025-11-26,2026-01-22,Closed Lost,66600.0,0.0,Price,2026-01-03
551,Lumen Labs - Renewal,8,12,2297,Outbound,2024-10-31,2024-12-07,Closed Lost,7100.0,0.0,Competitor,2024-12-04
552,Glacier Cloud 50 - New Business,528,8,2300,Organic Search,2025-10-07,2026-01-03,Closed Lost,54200.0,0.0,No Budget,2025-12-30
553,Quill Media 92 - Renewal,462,14,2305,Organic Search,2025-07-17,2025-09-15,Closed Lost,10300.0,0.0,No Decision,2025-09-15
554,Quill Dynamics 24 - New Business,593,1,2315,Events,2026-07-16,2026-10-18,Proposal,88400.0,0.5,,2026-09-23
555,Unity Learning 28 - New Business,353,13,2316,Referral,2024-02-29,2024-03-25,Closed Lost,4000.0,0.0,Price,2024-03-21
556,Indigo Freight 90 - New Business,493,5,2318,Partner,2024-11-07,2025-01-30,Closed Lost,30700.0,0.0,Price,2025-01-28
557,Quill Labs 15 - Renewal,305,3,2319,Partner,2026-05-31,2026-09-10,Closed Lost,91000.0,0.0,Price,2026-09-04
558,Helix Health 27 - Renewal,364,13,2324,Organic Search,2026-03-26,2026-05-07,Closed Lost,17300.0,0.0,Timing,2026-04-23
559,Beacon Media 30 - New Business,542,12,2335,Referral,2024-09-19,2024-11-02,Closed Lost,7400.0,0.0,Product Fit,2024-10-29
560,Prism Commerce 6 - New Business,544,3,2339,Paid Search,2026-03-31,2026-06-26,Closed Won,49200.0,1.0,,2026-06-14
561,Prism Freight - Expansion,169,11,2340,Paid Search,2025-10-30,2025-11-28,Closed Lost,11700.0,0.0,No Decision,2025-11-28
562,Sable Learning - Expansion,96,6,2344,Organic Search,2024-08-31,2024-10-15,Closed Won,25000.0,1.0,,2024-10-08
563,Rune Labs - Expansion,53,14,2351,Events,2024-12-27,2025-01-20,Closed Lost,2400.0,0.0,Price,2025-01-16
564,Helix Freight 32 - Expansion,566,1,2354,Paid Search,2024-10-15,2025-01-13,Closed Won,99000.0,1.0,,2025-01-07
565,Wren Learning 30 - New Business,290,6,2356,Paid Search,2025-06-04,2025-09-04,Closed Won,27600.0,1.0,,2025-08-22
566,Unity Capital - New Business,399,12,2364,Organic Search,2025-08-06,2025-09-05,Closed Lost,11300.0,0.0,Price,2025-09-02
567,Vela Labs 65 - New Business,387,13,2365,Referral,2025-01-06,2025-01-29,Closed Lost,3400.0,0.0,Price,2025-01-25
568,Jasper Media 4 - Expansion,441,6,2371,Paid Search,2025-06-22,2025-08-24,Closed Won,24700.0,1.0,,2025-08-20
569,Lumen Cloud 51 - New Business,277,11,2372,Organic Search,2026-07-11,2026-08-02,Closed Lost,9000.0,0.0,Price,2026-07-27
570,Cinder Cloud 90 - New Business,327,8,2374,Partner,2025-06-04,2025-07-29,Closed Lost,19900.0,0.0,Competitor,2025-07-29
571,Acorn Commerce 85 - New Business,254,1,2377,Outbound,2024-01-31,2024-06-12,Closed Lost,21100.0,0.0,Price,2024-06-04
572,Helix Media 43 - Expansion,368,14,2379,Events,2026-08-12,2026-08-27,Closed Lost,5700.0,0.0,Timing,2026-08-25
573,Terra Labs - New Business,22,11,2385,Organic Search,2024-11-26,2024-12-29,Closed Lost,4900.0,0.0,Competitor,2024-12-28
574,Helix Health - Renewal,157,9,2390,Organic Search,2026-09-19,2026-11-04,Discovery,33500.0,0.1,,2026-09-19
575,Beacon Cloud 19 - Expansion,335,9,2392,Paid Search,2025-08-14,2025-10-18,Closed Lost,23700.0,0.0,No Budget,2025-10-18
576,Flint Freight - New Business,34,13,2395,Paid Search,2025-03-08,2025-04-08,Closed Lost,11700.0,0.0,No Budget,2025-03-13
577,Onyx Health 19 - New Business,536,5,2404,Paid Search,2024-06-29,2024-08-22,Closed Lost,61500.0,0.0,Price,2024-08-16
578,Cinder Analytics - New Business,210,6,2408,Referral,2025-04-27,2025-06-06,Closed Lost,17100.0,0.0,No Budget,2025-06-06
579,Mosaic Commerce - Renewal,76,7,2416,Organic Search,2025-03-06,2025-06-22,Closed Lost,68300.0,0.0,No Decision,2025-06-14
580,Acorn Commerce 78 - New Business,371,9,2419,Referral,2026-05-22,2026-07-08,Closed Lost,18100.0,0.0,No Decision,2026-07-01
581,Kite Dynamics - New Business,80,5,2437,Referral,2025-06-07,2025-07-16,Closed Lost,22400.0,0.0,Product Fit,2025-07-09
582,Mosaic Analytics 42 - New Business,590,13,2440,Organic Search,2025-03-29,2025-04-17,Closed Won,2400.0,1.0,,2025-04-11
583,Unity Dynamics 18 - Renewal,591,12,2441,Paid Search,2025-08-27,2025-09-20,Closed Lost,8800.0,0.0,Price,2025-09-03
584,Delta Learning - New Business,20,6,2442,Referral,2026-01-06,2026-03-10,Closed Lost,26900.0,0.0,Price,2026-01-28
585,Sable Commerce 94 - Renewal,193,5,2443,Events,2026-02-06,2026-03-28,Closed Lost,29300.0,0.0,Price,2026-03-18
586,Beacon Dynamics 92 - New Business,152,11,2444,Paid Search,2025-11-02,2025-12-31,Closed Lost,8400.0,0.0,Price,2025-12-24
587,Jasper Commerce - New Business,42,13,2463,Organic Search,2026-02-28,2026-03-26,Closed Won,4000.0,1.0,,2026-03-03
588,Prism Freight 37 - Renewal,323,10,2474,Paid Search,2025-04-11,2025-05-29,Closed Lost,8600.0,0.0,Price,2025-05-27
589,Helix Media 43 - Expansion,368,13,2479,Referral,2025-01-12,2025-02-28,Closed Won,13200.0,1.0,,2025-02-21
590,Delta Cloud 46 - New Business,382,14,2491,Organic Search,2024-05-18,2024-07-02,Closed Lost,11400.0,0.0,Product Fit,2024-06-26
591,Nova Analytics - New Business,580,14,2492,Paid Search,2026-05-05,2026-06-01,Closed Lost,7800.0,0.0,No Decision,2026-05-30
592,Helix Labs 76 - Expansion,579,9,2498,Referral,2024-05-29,2024-08-04,Closed Won,83200.0,1.0,,2024-08-04
593,Kite Media - New Business,88,14,2501,Organic Search,2024-07-05,2024-07-28,Closed Lost,8900.0,0.0,Price,2024-07-21
594,Lumen Learning 26 - New Business,558,12,2505,Referral,2024-05-22,2024-06-13,Closed Lost,4600.0,0.0,Price,2024-06-04
595,Kite Labs 85 - Renewal,321,5,2506,Referral,2026-06-20,2026-07-28,Closed Lost,39800.0,0.0,Competitor,2026-07-26
596,Beacon Freight - Expansion,216,6,2508,Events,2026-05-03,2026-07-22,Closed Lost,79300.0,0.0,Competitor,2026-07-14
597,Wren Labs - Renewal,6,1,2512,Organic Search,2026-09-08,2026-12-10,Discovery,59100.0,0.1,,2026-09-08
598,Sable Capital 66 - New Business,115,14,2517,Partner,2024-07-09,2024-07-30,Closed Won,5700.0,1.0,,2024-07-26
599,Quill Dynamics - New Business,381,14,2528,Events,2026-09-26,2026-10-23,Discovery,10700.0,0.1,,2026-09-26
600,Helix Freight 32 - New Business,566,1,2534,Partner,2026-01-20,2026-05-19,Closed Lost,94500.0,0.0,Competitor,2026-05-17
601,Beacon Media 30 - New Business,542,11,2536,Referral,2025-10-27,2025-11-24,Closed Lost,10300.0,0.0,Price,2025-11-22
602,Vela Freight 76 - Expansion,388,14,2539,Outbound,2024-05-25,2024-06-16,Closed Won,7900.0,1.0,,2024-06-08
603,Mosaic Freight 5 - New Business,581,6,2544,Organic Search,2025-07-25,2025-09-08,Closed Lost,8700.0,0.0,Product Fit,2025-09-06
604,Unity Commerce 13 - New Business,476,11,2545,Partner,2025-01-26,2025-02-26,Closed Lost,8900.0,0.0,Price,2025-02-04
605,Glacier Dynamics - New Business,134,8,2546,Partner,2026-09-27,2026-12-25,Discovery,65500.0,0.1,,2026-09-27
606,Kite Health 97 - New Business,491,13,2547,Outbound,2025-03-01,2025-03-30,Closed Lost,9000.0,0.0,Timing,2025-03-23
607,Sable Commerce 28 - New Business,111,12,2548,Organic Search,2026-03-06,2026-05-16,Closed Lost,21400.0,0.0,Price,2026-05-07
608,Delta Capital - Expansion,78,14,2549,Events,2025-09-25,2025-11-09,Closed Lost,8900.0,0.0,No Budget,2025-10-29
609,Indigo Labs 36 - New Business,153,9,2558,Organic Search,2024-03-29,2024-06-23,Closed Lost,60000.0,0.0,No Budget,2024-05-27
610,Quill Learning - Renewal,367,3,2559,Referral,2025-08-31,2025-11-17,Closed Lost,101000.0,0.0,Competitor,2025-11-15
611,Flint Dynamics - New Business,33,7,2572,Events,2025-03-05,2025-04-15,Closed Lost,29400.0,0.0,Product Fit,2025-04-15
612,Terra Freight - Expansion,232,13,2576,Organic Search,2025-11-17,2025-12-25,Closed Lost,5200.0,0.0,No Budget,2025-12-16
613,Delta Cloud 46 - New Business,382,13,2582,Organic Search,2024-11-20,2024-12-12,Closed Lost,15800.0,0.0,Price,2024-12-02
614,Ember Commerce - Expansion,13,6,2589,Events,2025-10-04,2025-11-20,Closed Lost,26200.0,0.0,No Decision,2025-11-05
615,Vela Capital 25 - New Business,159,9,2591,Referral,2025-11-14,2025-12-25,Closed Won,28600.0,1.0,,2025-12-23
616,Acorn Capital 47 - Expansion,147,14,2593,Paid Search,2026-03-18,2026-04-14,Closed Lost,5500.0,0.0,Price,2026-03-20
617,Mosaic Cloud - New Business,4,9,2594,Events,2025-06-12,2025-08-24,Closed Lost,33000.0,0.0,Competitor,2025-08-23
618,Wren Labs 39 - Expansion,46,4,2596,Paid Search,2025-10-18,2026-05-08,Closed Won,117100.0,1.0,,2026-04-27
619,Quill Media 92 - Expansion,462,14,2597,Paid Search,2024-02-07,2024-02-20,Closed Lost,19300.0,0.0,Competitor,2024-02-07
620,Nova Freight 47 - New Business,490,13,2602,Referral,2026-03-11,2026-04-15,Closed Won,8400.0,1.0,,2026-04-04
621,Nova Cloud 95 - New Business,559,3,2603,Events,2025-08-18,2026-01-03,Closed Won,37200.0,1.0,,2025-12-30
622,Sable Media - New Business,161,12,2620,Events,2026-08-13,2026-09-09,Closed Lost,7000.0,0.0,Competitor,2026-09-05
623,Jasper Cloud - New Business,196,10,2626,Referral,2025-04-23,2025-05-28,Closed Lost,15200.0,0.0,Price,2025-05-06
624,Cinder Cloud 95 - New Business,349,11,2636,Organic Search,2024-08-18,2024-08-27,Closed Lost,11900.0,0.0,Price,2024-08-18
625,Acorn Commerce - New Business,110,7,2641,Organic Search,2026-06-09,2026-08-14,Closed Won,47500.0,1.0,,2026-07-31
626,Helix Dynamics 63 - New Business,189,10,2643,Referral,2026-05-17,2026-06-01,Closed Won,7000.0,1.0,,2026-05-24
627,Sable Capital 83 - Expansion,556,12,2645,Paid Search,2025-06-25,2025-07-31,Closed Won,10600.0,1.0,,2025-07-19
628,Indigo Analytics 77 - New Business,233,14,2648,Referral,2025-11-19,2025-12-21,Closed Lost,11100.0,0.0,Price,2025-12-17
629,Helix Commerce 98 - Expansion,418,9,2649,Outbound,2025-05-10,2025-07-28,Closed Won,30500.0,1.0,,2025-07-01
630,Helix Freight 32 - New Business,566,4,2650,Partner,2026-01-11,2026-04-30,Closed Lost,281200.0,0.0,No Budget,2026-04-29
631,Helix Media - New Business,225,12,2658,Outbound,2026-02-28,2026-04-20,Closed Lost,5700.0,0.0,No Decision,2026-04-17
632,Kite Health 97 - New Business,491,12,2668,Organic Search,2026-02-04,2026-03-01,Closed Lost,17100.0,0.0,No Decision,2026-02-28
633,Quill Cloud 29 - New Business,494,7,2672,Social,2025-04-24,2025-07-23,Closed Lost,22400.0,0.0,No Budget,2025-07-13
634,Kite Dynamics - New Business,80,5,2674,Partner,2024-01-29,2024-02-22,Closed Lost,66800.0,0.0,No Decision,2024-02-10
635,Flint Health 13 - Expansion,283,9,2675,Referral,2025-02-07,2025-03-14,Closed Lost,17400.0,0.0,Competitor,2025-02-21
636,Vela Dynamics 24 - New Business,398,12,2680,Paid Search,2025-01-15,2025-02-10,Closed Won,12900.0,1.0,,2025-01-21
637,Mosaic Cloud 5 - New Business,258,5,2686,Referral,2026-02-19,2026-05-11,Closed Lost,21100.0,0.0,Product Fit,2026-04-13
638,Vela Media 55 - New Business,561,14,2694,Paid Search,2025-12-22,2026-01-24,Closed Lost,9000.0,0.0,No Decision,2026-01-21
639,Cinder Commerce - New Business,54,13,2702,Referral,2026-07-09,2026-08-06,Closed Lost,4500.0,0.0,No Budget,2026-07-27
640,Onyx Dynamics - New Business,40,8,2705,Organic Search,2025-02-16,2025-04-08,Closed Won,47100.0,1.0,,2025-03-30
641,Unity Dynamics 62 - New Business,375,5,2707,Organic Search,2025-10-17,2025-12-23,Closed Lost,44800.0,0.0,Price,2025-12-20
642,Indigo Commerce - New Business,166,11,2710,Events,2024-08-27,2024-09-17,Closed Lost,26000.0,0.0,Timing,2024-09-10
643,Flint Media 41 - Expansion,281,7,2714,Referral,2024-09-27,2024-12-23,Closed Lost,29700.0,0.0,Timing,2024-12-12
644,Unity Dynamics - New Business,102,14,2716,Organic Search,2025-06-01,2025-07-01,Closed Won,13900.0,1.0,,2025-06-25
645,Terra Media - New Business,32,14,2723,Events,2024-09-29,2024-11-11,Closed Lost,25100.0,0.0,Timing,2024-11-06
646,Unity Cloud - New Business,409,10,2728,Organic Search,2026-09-15,2026-10-03,Negotiation,4500.0,0.75,,2026-09-30
647,Quill Capital - New Business,529,7,2742,Referral,2024-04-09,2024-06-09,Closed Won,98500.0,1.0,,2024-05-26
648,Quill Capital - New Business,529,5,2752,Outbound,2026-01-06,2026-01-31,Closed Lost,105200.0,0.0,Product Fit,2026-01-30
649,Ember Health - Expansion,89,12,2755,Referral,2024-03-22,2024-04-04,Closed Won,3600.0,1.0,,2024-03-30
650,Nova Media - Expansion,194,10,2757,Organic Search,2026-06-27,2026-07-20,Closed Lost,7800.0,0.0,Product Fit,2026-07-11
651,Prism Commerce 43 - New Business,266,14,2766,Partner,2026-06-12,2026-07-16,Closed Lost,9400.0,0.0,Competitor,2026-07-10
652,Unity Cloud 22 - Expansion,463,12,2770,Partner,2025-03-24,2025-04-19,Closed Won,55200.0,1.0,,2025-04-12
653,Delta Health 14 - New Business,447,6,2773,Events,2025-06-17,2025-07-29,Closed Lost,31200.0,0.0,Timing,2025-07-27
654,Nova Capital 45 - New Business,285,9,2777,Events,2024-09-19,2024-11-12,Closed Won,49100.0,1.0,,2024-10-12
655,Beacon Freight 23 - New Business,341,8,2781,Paid Search,2024-07-08,2024-08-22,Closed Lost,16700.0,0.0,Price,2024-08-15
656,Helix Health 78 - New Business,567,7,2784,Paid Search,2024-01-06,2024-03-15,Closed Lost,24700.0,0.0,Timing,2024-03-11
657,Jasper Cloud - New Business,196,14,2791,Paid Search,2026-05-13,2026-06-01,Closed Lost,16600.0,0.0,No Decision,2026-05-25
658,Kite Health 34 - New Business,469,10,2794,Referral,2025-12-11,2026-01-15,Closed Lost,8100.0,0.0,No Decision,2026-01-11
659,Wren Labs 39 - New Business,46,3,2797,Outbound,2025-09-30,2025-11-16,Closed Lost,121400.0,0.0,No Decision,2025-11-03
660,Quill Freight 96 - Renewal,568,12,2800,Organic Search,2025-12-15,2025-12-31,Closed Won,8100.0,1.0,,2025-12-31
661,Onyx Media - New Business,243,14,2809,Referral,2024-10-26,2024-11-13,Closed Lost,4300.0,0.0,Price,2024-11-13
662,Quill Media 59 - New Business,126,12,2813,Referral,2025-11-25,2025-12-28,Closed Lost,9900.0,0.0,No Decision,2025-12-25
663,Kite Health 34 - New Business,469,13,2816,Organic Search,2025-01-05,2025-02-10,Closed Won,7300.0,1.0,,2025-02-07
664,Vela Dynamics 62 - New Business,269,1,2817,Partner,2025-04-10,2025-06-04,Closed Lost,74500.0,0.0,No Decision,2025-05-31
665,Quill Freight 86 - Renewal,537,3,2819,Organic Search,2026-07-06,2026-12-07,Qualification,227800.0,0.25,,2026-09-29
666,Helix Freight - New Business,334,13,2822,Organic Search,2024-10-15,2024-12-01,Closed Lost,18000.0,0.0,Price,2024-11-27
667,Flint Dynamics - Expansion,33,8,2823,Organic Search,2024-11-23,2025-02-07,Closed Won,28700.0,1.0,,2025-02-06
668,Unity Dynamics 18 - New Business,591,14,2826,Partner,2026-01-15,2026-02-17,Closed Lost,35800.0,0.0,No Budget,2026-02-02
669,Delta Health 68 - New Business,286,14,2837,Partner,2026-02-07,2026-03-11,Closed Lost,5000.0,0.0,Competitor,2026-02-18
670,Acorn Health 64 - New Business,355,4,2840,Outbound,2024-12-01,2025-03-06,Closed Lost,77700.0,0.0,Price,2025-02-21
671,Acorn Health 64 - New Business,355,4,2843,Referral,2025-05-03,2025-08-03,Closed Lost,80100.0,0.0,Competitor,2025-08-03
672,Onyx Cloud 21 - Expansion,501,7,2844,Organic Search,2024-12-20,2025-02-23,Closed Won,56400.0,1.0,,2025-02-16
673,Acorn Learning 93 - New Business,98,12,2847,Paid Search,2025-09-16,2025-11-01,Closed Lost,6100.0,0.0,Competitor,2025-10-28
674,Kite Cloud 69 - Expansion,175,12,2850,Outbound,2025-09-03,2025-10-31,Closed Lost,11200.0,0.0,Competitor,2025-10-09
675,Sable Commerce 94 - New Business,193,6,2854,Social,2025-07-24,2025-08-28,Closed Lost,45500.0,0.0,Competitor,2025-08-25
676,Beacon Health 86 - Expansion,553,10,2856,Referral,2025-09-20,2025-10-08,Closed Won,14700.0,1.0,,2025-09-20
677,Flint Commerce - New Business,443,14,2861,Paid Search,2026-07-31,2026-08-20,Closed Lost,16800.0,0.0,No Budget,2026-08-19
678,Terra Commerce 24 - Renewal,582,12,2863,Referral,2026-04-13,2026-05-09,Closed Won,12600.0,1.0,,2026-04-22
679,Glacier Analytics - Expansion,100,4,2870,Referral,2025-11-12,2026-03-03,Closed Lost,43200.0,0.0,Price,2026-02-15
680,Prism Cloud - New Business,93,9,2871,Outbound,2024-12-27,2025-03-08,Closed Won,43200.0,1.0,,2025-03-08
681,Ember Capital 90 - New Business,295,13,2873,Referral,2026-07-30,2026-08-31,Closed Lost,12800.0,0.0,Price,2026-08-03
682,Terra Capital 6 - Expansion,499,1,2881,Referral,2026-09-24,2026-12-16,Discovery,72000.0,0.1,,2026-09-24
683,Nova Capital 30 - New Business,547,6,2887,Events,2024-06-24,2024-07-29,Closed Lost,54100.0,0.0,No Decision,2024-07-15
684,Mosaic Commerce 42 - Expansion,262,7,2888,Referral,2026-08-02,2026-09-22,Closed Lost,24500.0,0.0,Timing,2026-09-20
685,Beacon Health 86 - Renewal,553,12,2891,Referral,2025-01-26,2025-02-23,Closed Lost,13100.0,0.0,Product Fit,2025-02-12
686,Prism Dynamics 67 - New Business,548,13,2894,Referral,2025-03-18,2025-04-12,Closed Lost,3300.0,0.0,No Budget,2025-03-23
687,Prism Commerce 71 - Expansion,422,9,2904,Paid Search,2026-01-15,2026-02-28,Closed Lost,14900.0,0.0,No Budget,2026-02-24
688,Jasper Commerce - New Business,42,14,2906,Outbound,2025-03-15,2025-04-11,Closed Lost,23100.0,0.0,No Decision,2025-04-05
689,Glacier Commerce 20 - New Business,560,12,2915,Events,2025-09-18,2025-10-21,Closed Lost,4200.0,0.0,Timing,2025-09-24
690,Helix Dynamics - New Business,57,13,2916,Organic Search,2025-11-20,2025-12-22,Closed Lost,34000.0,0.0,Price,2025-12-12
691,Helix Cloud 65 - New Business,504,2,2920,Events,2026-09-10,2027-02-13,Discovery,123000.0,0.1,,2026-09-12
692,Mosaic Dynamics - New Business,180,9,2921,Events,2025-04-04,2025-05-10,Closed Won,34200.0,1.0,,2025-05-01
693,Vela Commerce - Renewal,30,8,2922,Paid Search,2026-01-07,2026-02-22,Closed Won,24600.0,1.0,,2026-02-21
694,Cinder Commerce 62 - New Business,587,8,2923,Paid Search,2026-08-21,2026-10-25,Proposal,20100.0,0.5,,2026-09-28
695,Kite Media 6 - Expansion,427,9,2927,Organic Search,2025-10-23,2025-12-25,Closed Won,56800.0,1.0,,2025-12-22
696,Rune Capital - New Business,68,12,2930,Organic Search,2026-07-20,2026-09-13,Closed Lost,7100.0,0.0,No Budget,2026-09-01
697,Onyx Analytics 12 - New Business,138,7,2931,Partner,2025-06-24,2025-08-22,Closed Lost,25800.0,0.0,Price,2025-08-19
698,Nova Commerce - New Business,173,5,2933,Outbound,2025-05-08,2025-07-16,Closed Lost,13500.0,0.0,Competitor,2025-07-09
699,Delta Cloud 46 - Expansion,382,10,2943,Events,2025-12-20,2026-01-20,Closed Lost,12400.0,0.0,Price,2026-01-15
700,Wren Labs 39 - Renewal,46,2,2944,Paid Search,2025-09-19,2026-01-07,Closed Lost,80100.0,0.0,No Budget,2026-01-03
701,Delta Cloud - New Business,229,7,2951,Events,2026-04-04,2026-05-10,Closed Lost,128500.0,0.0,Competitor,2026-04-15
702,Glacier Dynamics 88 - New Business,431,9,2956,Paid Search,2026-04-14,2026-06-08,Closed Won,9700.0,1.0,,2026-06-07
703,Unity Dynamics 51 - Expansion,562,7,2959,Events,2025-08-31,2025-11-01,Closed Lost,47300.0,0.0,Competitor,2025-10-31
704,Quill Freight 86 - New Business,537,2,2966,Referral,2025-04-16,2025-07-07,Closed Lost,109000.0,0.0,Timing,2025-06-28
705,Wren Analytics 40 - New Business,461,6,2969,Paid Search,2025-11-15,2026-01-01,Closed Won,29900.0,1.0,,2025-12-31
706,Ember Dynamics - New Business,287,1,2971,Outbound,2025-10-12,2025-12-26,Closed Lost,84800.0,0.0,Competitor,2025-12-13
707,Ember Media - New Business,215,10,2974,Paid Search,2025-01-27,2025-02-20,Closed Lost,10100.0,0.0,No Decision,2025-02-17
708,Vela Learning 95 - New Business,451,2,2983,Events,2025-03-19,2026-01-30,Closed Lost,142700.0,0.0,Timing,2026-01-24
709,Acorn Learning 42 - Expansion,191,6,2998,Events,2025-07-14,2025-08-24,Closed Lost,12300.0,0.0,Price,2025-08-20
710,Quill Cloud - Renewal,107,11,3005,Organic Search,2025-07-22,2025-08-23,Closed Lost,5200.0,0.0,No Budget,2025-08-23
711,Glacier Media - New Business,563,7,3009,Organic Search,2026-09-22,2026-11-12,Qualification,10900.0,0.25,,2026-09-30
712,Cinder Health 48 - Renewal,208,2,3010,Organic Search,2026-02-15,2026-06-28,Closed Lost,112600.0,0.0,Timing,2026-06-26
713,Helix Cloud 79 - Expansion,449,11,3013,Organic Search,2026-06-24,2026-08-13,Closed Lost,18500.0,0.0,No Decision,2026-07-30
714,Vela Analytics - New Business,7,3,3027,Organic Search,2025-04-16,2025-07-22,Closed Won,135500.0,1.0,,2025-07-11
715,Terra Capital - New Business,197,1,3030,Events,2024-04-04,2024-06-28,Closed Won,159300.0,1.0,,2024-06-14
716,Kite Labs - New Business,85,10,3035,Partner,2026-07-23,2026-09-02,Closed Lost,4300.0,0.0,Price,2026-08-06
717,Rune Freight 80 - New Business,201,8,3038,Paid Search,2024-11-29,2025-02-07,Closed Won,82300.0,1.0,,2025-02-04
718,Wren Labs 39 - Renewal,46,3,3043,Referral,2025-08-07,2025-12-10,Closed Lost,123100.0,0.0,Product Fit,2025-12-09
719,Terra Media 57 - Renewal,383,10,3044,Referral,2025-10-09,2025-11-02,Closed Won,7500.0,1.0,,2025-10-24
720,Vela Learning 26 - New Business,489,12,3048,Events,2026-08-29,2026-10-14,Proposal,16100.0,0.5,,2026-09-07
721,Lumen Labs - New Business,8,12,3051,Organic Search,2025-09-27,2025-11-11,Closed Lost,10800.0,0.0,No Budget,2025-10-03
722,Nova Capital 45 - New Business,285,5,3052,Paid Search,2026-06-16,2026-08-15,Closed Lost,48600.0,0.0,Timing,2026-07-23
723,Terra Cloud 32 - Renewal,273,10,3056,Outbound,2026-05-03,2026-06-01,Closed Lost,8100.0,0.0,No Budget,2026-05-15
724,Onyx Cloud 65 - New Business,569,8,3059,Outbound,2024-09-25,2024-11-09,Closed Lost,31600.0,0.0,Competitor,2024-10-17
725,Terra Cloud 80 - New Business,67,11,3064,Referral,2026-06-23,2026-07-23,Closed Lost,11400.0,0.0,Price,2026-07-15
726,Flint Analytics 80 - New Business,298,7,3066,Events,2026-03-15,2026-06-02,Closed Lost,41100.0,0.0,Product Fit,2026-05-31
727,Jasper Commerce 50 - Expansion,535,13,3067,Referral,2025-10-30,2025-11-16,Closed Won,4000.0,1.0,,2025-11-06
728,Nova Learning 31 - New Business,248,10,3077,Organic Search,2025-02-17,2025-03-17,Closed Lost,11700.0,0.0,Timing,2025-03-16
729,Cinder Learning - Expansion,223,13,3081,Referral,2026-04-16,2026-05-03,Closed Lost,15700.0,0.0,Price,2026-04-27
730,Vela Dynamics 29 - Renewal,526,3,3083,Organic Search,2025-10-14,2025-12-05,Closed Lost,47900.0,0.0,Competitor,2025-11-18
731,Quill Freight 86 - New Business,537,3,3087,Organic Search,2026-06-05,2026-09-14,Closed Lost,135000.0,0.0,No Decision,2026-08-20
732,Quill Commerce - New Business,294,6,3089,Organic Search,2024-10-29,2025-03-05,Closed Lost,27700.0,0.0,Product Fit,2025-03-03
733,Ember Capital 17 - New Business,541,12,3092,Paid Search,2026-06-15,2026-07-02,Closed Won,16600.0,1.0,,2026-06-26
734,Lumen Freight 3 - Expansion,402,11,3094,Referral,2026-04-20,2026-05-09,Closed Won,13500.0,1.0,,2026-05-01
735,Cinder Media 44 - New Business,484,5,3096,Organic Search,2025-11-06,2025-12-21,Closed Lost,25100.0,0.0,Competitor,2025-11-18
736,Delta Freight - Expansion,120,13,3099,Paid Search,2025-10-31,2025-11-20,Closed Lost,11900.0,0.0,Competitor,2025-11-04
737,Acorn Analytics 27 - New Business,325,5,3109,Events,2025-11-15,2026-01-08,Closed Lost,47200.0,0.0,Price,2026-01-07
738,Unity Dynamics 60 - New Business,421,2,3119,Referral,2024-11-09,2025-05-17,Closed Won,77800.0,1.0,,2025-05-10
739,Prism Commerce 96 - New Business,386,13,3121,Events,2026-09-08,2026-10-30,Qualification,21300.0,0.25,,2026-09-28
740,Nova Labs - Renewal,114,12,3123,Partner,2026-01-24,2026-02-19,Closed Won,9200.0,1.0,,2026-02-04
741,Flint Learning 27 - Renewal,83,8,3127,Paid Search,2024-11-03,2024-12-14,Closed Won,56300.0,1.0,,2024-12-01
742,Beacon Health 72 - New Business,400,9,3130,Referral,2025-09-03,2025-11-02,Closed Won,20200.0,1.0,,2025-10-22
743,Flint Learning 84 - Renewal,487,12,3131,Outbound,2025-04-24,2025-05-21,Closed Lost,16800.0,0.0,No Decision,2025-04-29
744,Unity Media - Expansion,324,12,3132,Paid Search,2026-07-30,2026-08-25,Closed Won,9500.0,1.0,,2026-08-21
745,Lumen Commerce 23 - Expansion,252,8,3148,Paid Search,2024-04-13,2024-05-27,Closed Lost,14200.0,0.0,Competitor,2024-05-23
746,Vela Freight - New Business,280,10,3149,Outbound,2026-07-29,2026-08-22,Closed Won,15200.0,1.0,,2026-08-21
747,Acorn Health - Renewal,5,5,3150,Organic Search,2025-07-11,2025-08-26,Closed Lost,26500.0,0.0,Timing,2025-08-26
748,Quill Labs 49 - Renewal,500,6,3154,Outbound,2024-11-14,2025-01-29,Closed Won,49800.0,1.0,,2025-01-04
749,Wren Media 18 - New Business,600,12,3156,Referral,2024-02-13,2024-02-29,Closed Lost,8800.0,0.0,Price,2024-02-27
750,Flint Commerce - New Business,443,13,3157,Referral,2025-01-08,2025-01-30,Closed Won,6500.0,1.0,,2025-01-19
751,Helix Health 69 - New Business,348,14,3160,Paid Search,2026-01-26,2026-03-21,Closed Won,7300.0,1.0,,2026-03-19
752,Jasper Capital 80 - Renewal,25,5,3168,Social,2026-02-10,2026-03-02,Closed Lost,51900.0,0.0,Price,2026-02-28
753,Acorn Health 64 - Renewal,355,2,3170,Organic Search,2024-06-21,2024-11-11,Closed Lost,105800.0,0.0,Price,2024-11-04
754,Indigo Freight 67 - Expansion,470,10,3176,Organic Search,2026-03-08,2026-03-28,Closed Lost,4200.0,0.0,No Budget,2026-03-28
755,Beacon Media - Renewal,217,1,3177,Referral,2025-09-08,2025-11-01,Closed Won,57500.0,1.0,,2025-11-01
756,Ember Learning 54 - New Business,274,1,3179,Paid Search,2025-08-26,2025-10-15,Closed Won,96000.0,1.0,,2025-10-14
757,Beacon Health 86 - New Business,553,10,3184,Paid Search,2024-07-04,2024-07-18,Closed Won,20600.0,1.0,,2024-07-13
758,Flint Health - Expansion,119,4,3188,Referral,2026-02-11,2026-05-03,Closed Won,153700.0,1.0,,2026-04-29
759,Kite Analytics 94 - Expansion,328,12,3193,Social,2025-05-12,2025-06-09,Closed Lost,9100.0,0.0,No Decision,2025-06-06
760,Nova Media 86 - Expansion,432,14,3198,Referral,2024-08-17,2024-09-10,Closed Won,12100.0,1.0,,2024-09-03
761,Mosaic Commerce 42 - Renewal,262,7,3200,Referral,2024-06-07,2024-08-12,Closed Won,18000.0,1.0,,2024-08-08
762,Prism Dynamics 67 - Expansion,548,12,3202,Outbound,2026-03-28,2026-05-06,Closed Lost,12800.0,0.0,No Budget,2026-04-26
763,Mosaic Dynamics 40 - New Business,485,7,3206,Organic Search,2026-06-26,2026-09-05,Closed Lost,42800.0,0.0,No Budget,2026-08-28
764,Quill Labs 15 - Expansion,305,1,3213,Organic Search,2025-05-06,2025-07-28,Closed Lost,54600.0,0.0,Competitor,2025-07-21
765,Terra Labs 24 - Expansion,578,8,3225,Organic Search,2026-03-17,2026-04-15,Closed Won,69400.0,1.0,,2026-04-14
766,Sable Learning - New Business,96,9,3228,Partner,2024-09-26,2024-11-11,Closed Won,18600.0,1.0,,2024-10-26
767,Mosaic Freight - New Business,37,8,3230,Paid Search,2024-11-05,2024-12-18,Closed Lost,15700.0,0.0,Product Fit,2024-12-04
768,Flint Media 87 - Renewal,503,10,3231,Partner,2026-07-26,2026-08-11,Closed Won,11200.0,1.0,,2026-07-26
769,Indigo Commerce 82 - New Business,179,2,3238,Referral,2026-03-03,2026-07-16,Closed Won,106900.0,1.0,,2026-06-26
770,Jasper Cloud 4 - Expansion,410,11,3239,Paid Search,2025-05-08,2025-05-16,Closed Lost,5700.0,0.0,No Decision,2025-05-08
771,Acorn Freight 85 - Expansion,550,7,3248,Events,2026-06-05,2026-08-25,Closed Lost,19200.0,0.0,Competitor,2026-08-02
772,Indigo Labs 36 - New Business,153,7,3251,Partner,2025-12-31,2026-02-27,Closed Won,36500.0,1.0,,2026-02-25
773,Nova Freight 47 - New Business,490,14,3252,Social,2024-04-21,2024-05-22,Closed Lost,5000.0,0.0,Price,2024-04-30
774,Prism Cloud - Renewal,93,6,3253,Outbound,2024-10-09,2024-11-23,Closed Lost,51100.0,0.0,Product Fit,2024-11-15
775,Prism Health 64 - New Business,237,14,3258,Organic Search,2024-04-16,2024-05-01,Closed Lost,8400.0,0.0,No Budget,2024-04-20
776,Mosaic Media - Expansion,90,13,3262,Paid Search,2026-01-19,2026-02-28,Closed Won,8000.0,1.0,,2026-02-27
777,Mosaic Commerce - New Business,76,5,3263,Outbound,2025-03-13,2025-05-01,Closed Lost,18100.0,0.0,No Decision,2025-04-28
778,Flint Labs - New Business,41,6,3265,Outbound,2024-01-18,2024-04-03,Closed Won,24100.0,1.0,,2024-04-03
779,Vela Media 55 - New Business,561,14,3269,Outbound,2026-09-20,2026-10-08,Proposal,11400.0,0.5,,2026-09-26
780,Prism Labs - New Business,59,5,3276,Organic Search,2024-10-02,2024-12-07,Closed Lost,40700.0,0.0,No Budget,2024-12-06
781,Ember Health - Renewal,89,13,3281,Events,2026-02-13,2026-02-28,Closed Lost,6900.0,0.0,Price,2026-02-13
782,Kite Health 34 - New Business,469,11,3286,Events,2025-08-31,2025-09-30,Closed Lost,3500.0,0.0,No Budget,2025-09-27
783,Wren Learning 35 - New Business,75,11,3289,Events,2026-08-26,2026-09-20,Closed Won,10000.0,1.0,,2026-09-18
784,Rune Commerce - New Business,224,14,3300,Partner,2024-09-25,2024-10-11,Closed Won,16700.0,1.0,,2024-10-06
785,Mosaic Analytics 42 - New Business,590,14,3303,Organic Search,2026-01-27,2026-03-06,Closed Lost,9100.0,0.0,No Budget,2026-02-28
786,Indigo Analytics 30 - Expansion,319,5,3306,Partner,2025-01-10,2025-02-23,Closed Lost,27700.0,0.0,Competitor,2025-02-07
787,Cinder Health - New Business,204,13,3309,Organic Search,2024-01-07,2024-01-31,Closed Lost,15100.0,0.0,Competitor,2024-01-23
788,Glacier Cloud 50 - New Business,528,7,3315,Referral,2026-07-12,2026-09-09,Closed Lost,22500.0,0.0,Competitor,2026-09-05
789,Delta Dynamics - New Business,513,10,3316,Organic Search,2024-04-18,2024-05-19,Closed Lost,6600.0,0.0,Competitor,2024-05-17
790,Ember Analytics - Expansion,264,9,3325,Paid Search,2024-12-30,2025-01-21,Closed Lost,35100.0,0.0,Price,2024-12-30
791,Acorn Learning - New Business,24,6,3331,Events,2025-02-21,2025-03-21,Closed Won,17500.0,1.0,,2025-03-07
792,Rune Health - New Business,11,6,3342,Organic Search,2024-12-17,2025-01-18,Closed Lost,61300.0,0.0,Competitor,2025-01-10
793,Nova Capital 15 - New Business,251,8,3343,Referral,2025-04-16,2025-07-07,Closed Lost,36400.0,0.0,Product Fit,2025-06-16
794,Ember Commerce 31 - Renewal,358,2,3346,Organic Search,2026-06-09,2026-09-14,Closed Lost,135800.0,0.0,Competitor,2026-09-14
795,Terra Commerce 24 - New Business,582,11,3347,Referral,2025-02-09,2025-03-13,Closed Lost,7600.0,0.0,No Budget,2025-02-20
796,Wren Learning 35 - New Business,75,10,3349,Organic Search,2024-11-04,2024-12-08,Closed Lost,8700.0,0.0,Timing,2024-12-08
797,Wren Capital - New Business,188,13,3355,Referral,2026-07-17,2026-07-31,Closed Lost,22000.0,0.0,Timing,2026-07-26
798,Sable Capital - New Business,86,6,3356,Outbound,2025-10-24,2025-12-14,Closed Won,23500.0,1.0,,2025-12-13
799,Jasper Cloud - New Business,196,13,3358,Organic Search,2025-01-13,2025-02-15,Closed Won,12100.0,1.0,,2025-02-11
800,Indigo Freight 67 - Expansion,470,10,3360,Events,2026-08-20,2026-09-16,Closed Won,8000.0,1.0,,2026-09-13
801,Quill Cloud 29 - Renewal,494,9,3361,Referral,2025-12-15,2026-03-30,Closed Won,30700.0,1.0,,2026-03-29
802,Ember Capital 17 - Expansion,541,10,3363,Referral,2025-07-17,2025-08-06,Closed Lost,16600.0,0.0,Competitor,2025-07-18
803,Wren Freight - Renewal,365,6,3365,Referral,2025-06-18,2025-07-30,Closed Lost,28900.0,0.0,Timing,2025-07-20
804,Terra Media - Expansion,32,13,3374,Outbound,2025-10-21,2025-11-27,Closed Lost,1500.0,0.0,Price,2025-11-26
805,Mosaic Commerce 81 - Renewal,575,3,3376,Partner,2024-07-24,2024-10-23,Closed Lost,193500.0,0.0,No Budget,2024-10-21
806,Mosaic Learning 85 - Expansion,543,5,3377,Outbound,2024-11-07,2025-01-03,Closed Lost,34100.0,0.0,No Decision,2024-12-31
807,Sable Analytics - Expansion,480,14,3386,Paid Search,2024-07-20,2024-08-09,Closed Lost,13400.0,0.0,Product Fit,2024-08-03
808,Delta Analytics 61 - Expansion,156,10,3388,Paid Search,2026-03-07,2026-03-19,Closed Lost,6800.0,0.0,Price,2026-03-09
809,Acorn Dynamics - Expansion,55,9,3390,Outbound,2024-06-20,2024-08-23,Closed Lost,11900.0,0.0,Price,2024-08-19
810,Mosaic Labs 47 - New Business,565,6,3394,Organic Search,2026-07-17,2026-10-09,Negotiation,15400.0,0.75,,2026-09-25
811,Acorn Health 37 - New Business,525,13,3398,Organic Search,2025-02-19,2025-03-23,Closed Lost,7200.0,0.0,Competitor,2025-03-19
812,Beacon Labs - New Business,184,7,3399,Organic Search,2025-07-21,2025-09-22,Closed Won,37500.0,1.0,,2025-09-21
813,Ember Cloud - Expansion,302,14,3400,Referral,2026-08-21,2026-09-17,Closed Lost,6000.0,0.0,Price,2026-09-11
814,Flint Media - New Business,160,6,3402,Referral,2026-05-24,2026-08-15,Closed Won,33600.0,1.0,,2026-08-08
815,Helix Health - New Business,157,7,3404,Social,2026-04-21,2026-06-26,Closed Won,35800.0,1.0,,2026-06-19
816,Onyx Labs 37 - New Business,372,12,3410,Organic Search,2025-06-25,2025-07-15,Closed Lost,8600.0,0.0,Product Fit,2025-06-25
817,Cinder Media 44 - New Business,484,7,3418,Events,2024-11-25,2025-01-23,Closed Lost,69400.0,0.0,Price,2025-01-16
818,Indigo Labs 36 - New Business,153,6,3425,Organic Search,2025-07-02,2025-09-13,Closed Lost,38900.0,0.0,Competitor,2025-09-13
819,Prism Commerce 6 - New Business,544,3,3428,Outbound,2026-06-09,2026-08-12,Closed Won,98000.0,1.0,,2026-08-09
820,Sable Health 65 - Renewal,377,13,3437,Partner,2024-07-17,2024-08-06,Closed Lost,13200.0,0.0,Price,2024-08-05
821,Terra Freight 83 - New Business,551,5,3446,Referral,2025-07-04,2025-10-02,Closed Lost,31700.0,0.0,No Decision,2025-08-30
822,Unity Commerce 35 - New Business,345,7,3449,Paid Search,2026-02-23,2026-03-21,Closed Won,61800.0,1.0,,2026-03-07
823,Wren Dynamics - Expansion,84,13,3462,Organic Search,2026-05-08,2026-05-30,Closed Lost,3800.0,0.0,No Budget,2026-05-08
824,Flint Health - Expansion,119,3,3471,Paid Search,2024-08-29,2024-12-09,Closed Lost,211800.0,0.0,Price,2024-12-09
825,Kite Labs - Expansion,85,13,3473,Organic Search,2025-07-16,2025-08-09,Closed Won,17300.0,1.0,,2025-07-25
826,Terra Commerce 24 - Expansion,582,12,3476,Organic Search,2025-01-25,2025-02-18,Closed Won,11200.0,1.0,,2025-02-11
827,Indigo Freight 67 - Expansion,470,12,3477,Paid Search,2025-02-09,2025-03-12,Closed Lost,11800.0,0.0,Timing,2025-03-11
828,Prism Health 45 - Expansion,340,10,3478,Organic Search,2024-08-17,2024-09-18,Closed Lost,6600.0,0.0,Competitor,2024-09-11
829,Delta Learning 87 - New Business,347,12,3482,Organic Search,2026-02-09,2026-03-10,Closed Won,11400.0,1.0,,2026-03-06
830,Terra Capital 11 - New Business,263,5,3490,Partner,2026-07-31,2026-08-18,Closed Lost,88700.0,0.0,Price,2026-08-15
831,Jasper Commerce 50 - Expansion,535,10,3492,Organic Search,2024-08-04,2024-09-06,Closed Won,7100.0,1.0,,2024-09-02
832,Nova Cloud 95 - New Business,559,3,3495,Referral,2024-09-14,2024-12-18,Closed Won,105200.0,1.0,,2024-12-13
833,Sable Freight - Renewal,129,9,3497,Paid Search,2026-02-04,2026-04-14,Closed Lost,45800.0,0.0,Price,2026-04-08
834,Helix Freight 32 - New Business,566,4,3500,Paid Search,2025-12-21,2026-04-12,Closed Won,88700.0,1.0,,2026-04-11
835,Vela Labs 8 - Renewal,227,11,3502,Events,2025-11-29,2026-01-01,Closed Won,6800.0,1.0,,2025-12-26
836,Flint Learning - Renewal,16,10,3504,Organic Search,2025-10-08,2025-10-31,Closed Lost,14200.0,0.0,No Decision,2025-10-30
837,Mosaic Dynamics 40 - Renewal,485,8,3511,Paid Search,2024-12-01,2025-01-28,Closed Lost,16600.0,0.0,No Budget,2025-01-24
838,Terra Capital 6 - New Business,499,2,3525,Referral,2025-02-21,2025-05-13,Closed Lost,52700.0,0.0,Product Fit,2025-05-04
839,Indigo Labs 83 - New Business,87,13,3530,Organic Search,2025-08-01,2025-10-10,Closed Lost,9600.0,0.0,Competitor,2025-09-29
840,Acorn Labs 24 - New Business,516,12,3532,Outbound,2025-02-12,2025-03-31,Closed Lost,22400.0,0.0,Product Fit,2025-03-20
841,Terra Cloud 29 - Renewal,384,1,3538,Referral,2025-02-19,2025-05-02,Closed Lost,453600.0,0.0,No Decision,2025-04-27
842,Prism Health 45 - New Business,340,12,3540,Paid Search,2024-08-17,2024-09-17,Closed Won,11900.0,1.0,,2024-09-12
843,Helix Labs 76 - Expansion,579,7,3543,Organic Search,2025-02-04,2025-05-06,Closed Lost,21900.0,0.0,Competitor,2025-04-22
844,Acorn Dynamics - New Business,55,5,3546,Organic Search,2025-03-10,2025-05-22,Closed Won,20300.0,1.0,,2025-05-20
845,Sable Commerce - Renewal,73,5,3547,Organic Search,2024-07-02,2024-09-06,Closed Lost,16900.0,0.0,Price,2024-09-01
846,Wren Analytics 40 - New Business,461,9,3548,Paid Search,2024-12-25,2025-03-10,Closed Won,70000.0,1.0,,2025-03-06
847,Vela Learning 29 - New Business,314,2,3559,Organic Search,2025-02-01,2025-03-16,Closed Lost,74800.0,0.0,Price,2025-03-12
848,Helix Capital 11 - New Business,253,7,3573,Organic Search,2024-03-11,2024-05-01,Closed Lost,16100.0,0.0,Price,2024-04-10
849,Cinder Commerce 29 - Expansion,475,12,3574,Paid Search,2024-10-31,2024-12-14,Closed Lost,5200.0,0.0,No Budget,2024-12-08
850,Vela Media - Renewal,337,5,3579,Social,2024-12-14,2025-03-18,Closed Lost,23000.0,0.0,Price,2025-03-05
851,Mosaic Learning 85 - New Business,543,5,3580,Organic Search,2025-04-16,2025-09-05,Closed Lost,21300.0,0.0,Price,2025-08-30
852,Sable Analytics - New Business,480,11,3585,Referral,2025-12-23,2026-01-16,Closed Lost,6900.0,0.0,Product Fit,2026-01-10
853,Sable Health 65 - New Business,377,13,3588,Referral,2025-02-22,2025-03-16,Closed Lost,5600.0,0.0,Price,2025-03-12
854,Beacon Cloud - New Business,60,7,3595,Referral,2026-06-26,2026-07-26,Closed Lost,28200.0,0.0,Timing,2026-07-10
855,Unity Commerce - New Business,336,13,3599,Outbound,2024-04-19,2024-05-13,Closed Lost,13700.0,0.0,Price,2024-05-06
856,Sable Learning 98 - New Business,190,12,3605,Paid Search,2026-06-17,2026-07-15,Closed Lost,4200.0,0.0,Price,2026-07-11
857,Flint Health - Renewal,119,1,3614,Partner,2025-05-05,2025-10-01,Closed Lost,161100.0,0.0,No Decision,2025-09-19
858,Wren Cloud - Renewal,162,3,3616,Referral,2026-02-19,2026-06-03,Closed Lost,102600.0,0.0,Price,2026-05-06
859,Cinder Freight - New Business,19,2,3618,Events,2025-07-21,2025-10-04,Closed Lost,135000.0,0.0,Price,2025-10-04
860,Mosaic Cloud 84 - New Business,23,10,3620,Paid Search,2026-04-13,2026-05-03,Closed Lost,8400.0,0.0,No Decision,2026-04-14
861,Cinder Freight 26 - New Business,278,7,3621,Partner,2025-11-11,2025-12-14,Closed Won,21300.0,1.0,,2025-12-13
862,Nova Learning 31 - New Business,248,11,3623,Referral,2026-07-12,2026-08-04,Closed Lost,16900.0,0.0,Competitor,2026-08-04
863,Cinder Cloud 95 - Renewal,349,10,3630,Organic Search,2026-05-01,2026-05-20,Closed Lost,7700.0,0.0,No Budget,2026-05-05
864,Delta Media - Expansion,425,3,3633,Events,2026-09-03,2026-12-16,Discovery,129300.0,0.1,,2026-09-29
865,Mosaic Labs 35 - Renewal,306,14,3654,Referral,2025-04-05,2025-05-28,Closed Lost,7400.0,0.0,No Budget,2025-05-05
866,Delta Learning 96 - New Business,555,6,3656,Paid Search,2024-07-14,2024-09-08,Closed Won,43000.0,1.0,,2024-09-07
867,Helix Labs 39 - Renewal,390,5,3667,Paid Search,2026-09-02,2026-10-09,Negotiation,28600.0,0.75,,2026-09-29
868,Quill Labs 49 - New Business,500,6,3672,Paid Search,2024-08-03,2024-09-17,Closed Lost,17200.0,0.0,No Budget,2024-09-09
869,Kite Capital 30 - New Business,572,14,3678,Outbound,2025-09-14,2025-10-02,Closed Lost,8400.0,0.0,Price,2025-10-02
870,Onyx Health 18 - Expansion,552,2,3682,Organic Search,2026-07-18,2026-11-22,Proposal,79700.0,0.5,,2026-09-24
871,Onyx Freight - Renewal,101,14,3683,Organic Search,2026-03-02,2026-04-25,Closed Lost,10500.0,0.0,No Decision,2026-04-25
872,Glacier Analytics 93 - New Business,466,2,3692,Referral,2025-10-25,2026-01-12,Closed Lost,94600.0,0.0,Timing,2026-01-11
873,Unity Dynamics 49 - New Business,573,9,3693,Referral,2025-05-01,2025-09-08,Closed Won,42500.0,1.0,,2025-09-04
874,Beacon Labs 3 - Expansion,464,13,3694,Events,2026-09-25,2026-11-05,Discovery,6200.0,0.1,,2026-09-25
875,Flint Media 87 - Expansion,503,12,3719,Outbound,2026-03-16,2026-04-01,Closed Lost,1800.0,0.0,No Budget,2026-03-26
876,Mosaic Media 94 - New Business,599,4,3720,Paid Search,2025-03-27,2025-08-14,Closed Lost,105200.0,0.0,Price,2025-07-28
877,Ember Commerce 4 - Renewal,69,9,3722,Outbound,2024-10-18,2024-12-14,Closed Lost,15100.0,0.0,No Decision,2024-12-05
878,Jasper Analytics - New Business,18,8,3723,Events,2026-03-31,2026-06-11,Closed Lost,34200.0,0.0,Price,2026-05-27
879,Glacier Capital 97 - New Business,376,11,3730,Events,2025-08-26,2025-09-10,Closed Lost,9600.0,0.0,No Budget,2025-09-08
880,Delta Analytics - New Business,2,4,3734,Paid Search,2025-06-05,2025-09-09,Closed Lost,83700.0,0.0,No Decision,2025-09-01
881,Onyx Freight - New Business,101,11,3738,Events,2024-10-17,2024-11-03,Closed Lost,12300.0,0.0,No Decision,2024-10-26
882,Vela Learning - New Business,275,11,3741,Referral,2024-12-30,2025-02-03,Closed Won,10500.0,1.0,,2025-01-18
883,Flint Dynamics 58 - New Business,374,9,3743,Referral,2026-09-04,2026-11-12,Qualification,30900.0,0.25,,2026-09-22
884,Beacon Commerce 70 - New Business,405,5,3745,Events,2024-08-10,2024-11-08,Closed Lost,64700.0,0.0,No Budget,2024-11-07
885,Beacon Media - Renewal,217,4,3748,Social,2025-04-10,2025-08-17,Closed Lost,28300.0,0.0,Price,2025-08-10
886,Wren Labs 39 - Expansion,46,4,3751,Organic Search,2024-07-09,2024-11-02,Closed Lost,96300.0,0.0,Competitor,2024-10-21
887,Kite Capital - New Business,117,1,3752,Organic Search,2025-07-31,2025-10-17,Closed Lost,76800.0,0.0,No Budget,2025-10-12
888,Indigo Analytics 77 - New Business,233,11,3758,Events,2025-11-25,2025-12-15,Closed Lost,6200.0,0.0,Competitor,2025-12-06
889,Glacier Labs 65 - Expansion,557,14,3764,Events,2025-03-21,2025-04-21,Closed Lost,8600.0,0.0,Competitor,2025-04-02
890,Indigo Labs 83 - Renewal,87,10,3768,Organic Search,2025-10-15,2025-11-04,Closed Won,5200.0,1.0,,2025-11-02
891,Acorn Labs 24 - New Business,516,10,3783,Referral,2026-06-10,2026-07-21,Closed Lost,11700.0,0.0,Price,2026-07-18
892,Quill Analytics 58 - Expansion,212,11,3794,Events,2025-01-26,2025-02-23,Closed Lost,13900.0,0.0,Price,2025-02-23
893,Delta Learning - Renewal,20,9,3796,Partner,2026-02-27,2026-06-02,Closed Lost,31100.0,0.0,Competitor,2026-05-29
894,Ember Analytics 43 - Expansion,453,11,3798,Outbound,2025-05-28,2025-07-08,Closed Lost,8500.0,0.0,Timing,2025-06-18
895,Beacon Labs - New Business,184,9,3802,Referral,2024-07-21,2024-10-01,Closed Won,48500.0,1.0,,2024-09-28
896,Helix Health 69 - Expansion,348,14,3804,Outbound,2025-08-28,2025-10-06,Closed Lost,7200.0,0.0,Competitor,2025-09-22
897,Vela Labs 8 - Renewal,227,14,3810,Paid Search,2025-06-28,2025-07-27,Closed Lost,9400.0,0.0,Price,2025-07-11
898,Rune Labs - Renewal,53,11,3812,Outbound,2026-02-05,2026-03-01,Closed Lost,8600.0,0.0,No Decision,2026-02-28
899,Helix Labs 76 - Renewal,579,9,3814,Outbound,2025-09-14,2025-10-09,Closed Lost,16200.0,0.0,Timing,2025-10-03
900,Delta Analytics - Renewal,2,3,3816,Partner,2024-09-05,2025-01-07,Closed Lost,105200.0,0.0,Product Fit,2024-12-27
901,Onyx Labs - Renewal,346,2,3818,Organic Search,2025-02-05,2025-07-20,Closed Lost,175200.0,0.0,Product Fit,2025-07-17
902,Delta Health 15 - New Business,495,7,3820,Organic Search,2026-03-30,2026-06-14,Closed Lost,17900.0,0.0,Timing,2026-06-01
903,Quill Health 73 - New Business,397,11,3826,Referral,2026-09-09,2026-10-30,Qualification,7600.0,0.25,,2026-09-30
904,Sable Analytics - New Business,480,11,3832,Partner,2025-06-01,2025-07-15,Closed Lost,11600.0,0.0,Price,2025-07-08
905,Ember Freight 26 - Renewal,411,3,3836,Partner,2025-09-15,2025-12-10,Closed Won,30700.0,1.0,,2025-12-05
906,Unity Learning 78 - New Business,380,12,3837,Referral,2024-12-23,2025-01-30,Closed Lost,8600.0,0.0,No Budget,2025-01-19
907,Jasper Media - New Business,256,10,3853,Organic Search,2026-03-12,2026-04-30,Closed Won,9900.0,1.0,,2026-04-30
908,Nova Capital 45 - New Business,285,7,3866,Organic Search,2026-05-17,2026-07-11,Closed Lost,43200.0,0.0,No Budget,2026-07-05
909,Mosaic Dynamics - New Business,180,5,3874,Organic Search,2026-04-15,2026-06-12,Closed Lost,19700.0,0.0,Price,2026-06-06
910,Indigo Learning 57 - Expansion,540,8,3876,Organic Search,2026-06-15,2026-07-31,Closed Won,19200.0,1.0,,2026-07-24
911,Onyx Analytics 76 - New Business,531,12,3877,Referral,2024-07-24,2024-08-13,Closed Lost,10500.0,0.0,Product Fit,2024-08-05
912,Wren Dynamics 87 - New Business,404,6,3881,Organic Search,2025-04-05,2025-06-12,Closed Won,33700.0,1.0,,2025-06-09
913,Nova Capital 15 - Renewal,251,5,3887,Organic Search,2024-09-08,2024-10-22,Closed Lost,82800.0,0.0,Price,2024-10-03
914,Kite Media 45 - Renewal,265,14,3889,Paid Search,2025-03-21,2025-04-10,Closed Lost,18800.0,0.0,Competitor,2025-03-21
915,Sable Media 77 - New Business,467,12,3890,Events,2025-08-05,2025-09-14,Closed Lost,12400.0,0.0,Price,2025-09-02
917,Helix Media 43 - New Business,368,13,3899,Referral,2026-06-10,2026-07-12,Closed Lost,7300.0,0.0,Price,2026-07-02
918,Cinder Media - Expansion,49,10,3902,Referral,2026-06-14,2026-06-30,Closed Lost,16500.0,0.0,Competitor,2026-06-30
919,Glacier Capital - New Business,155,9,3903,Events,2024-03-11,2024-04-21,Closed Lost,44500.0,0.0,No Decision,2024-04-21
920,Flint Cloud - New Business,116,8,3910,Organic Search,2026-09-29,2026-11-24,Discovery,10900.0,0.1,,2026-09-29
921,Vela Freight 51 - New Business,282,13,3911,Outbound,2026-06-20,2026-07-10,Closed Lost,4100.0,0.0,Timing,2026-07-10
922,Mosaic Commerce 81 - Expansion,575,3,3916,Paid Search,2025-07-18,2025-10-25,Closed Lost,89100.0,0.0,Product Fit,2025-10-25
923,Nova Media - New Business,194,11,3917,Referral,2026-09-03,2026-09-27,Closed Lost,5400.0,0.0,Timing,2026-09-18
924,Unity Freight - Expansion,474,5,3921,Referral,2026-08-02,2026-08-25,Closed Lost,12500.0,0.0,No Decision,2026-08-08
925,Onyx Freight 27 - Expansion,393,14,3936,Paid Search,2025-04-17,2025-05-09,Closed Lost,22200.0,0.0,Timing,2025-04-24
926,Wren Cloud 27 - Expansion,471,11,3938,Referral,2024-04-12,2024-05-17,Closed Won,7400.0,1.0,,2024-05-02
927,Kite Learning - Expansion,123,14,3939,Paid Search,2025-07-31,2025-08-20,Closed Lost,11000.0,0.0,Timing,2025-08-16
928,Vela Health 68 - New Business,436,1,3941,Partner,2025-02-11,2025-06-02,Closed Lost,76000.0,0.0,Competitor,2025-04-29
929,Delta Labs - New Business,539,6,3943,Organic Search,2026-09-06,2026-11-28,Discovery,33500.0,0.1,,2026-09-27
930,Kite Labs - New Business,85,10,3947,Organic Search,2025-02-21,2025-03-19,Closed Lost,15900.0,0.0,Price,2025-03-15
931,Rune Analytics - New Business,329,14,3948,Organic Search,2025-09-06,2025-09-29,Closed Lost,7700.0,0.0,Competitor,2025-09-06
932,Cinder Capital 52 - New Business,520,10,3963,Paid Search,2025-05-02,2025-06-23,Closed Lost,15700.0,0.0,Price,2025-06-20
933,Ember Analytics - New Business,264,5,3966,Social,2024-03-20,2024-05-27,Closed Lost,73800.0,0.0,No Budget,2024-03-22
934,Lumen Freight 82 - Expansion,442,8,3970,Referral,2025-12-05,2026-01-13,Closed Lost,16500.0,0.0,Competitor,2026-01-13
935,Ember Analytics 43 - Expansion,453,11,3975,Social,2026-03-09,2026-04-02,Closed Won,11900.0,1.0,,2026-04-01
936,Delta Media - New Business,425,3,3981,Partner,2024-03-14,2024-06-06,Closed Lost,257200.0,0.0,No Budget,2024-06-02
937,Jasper Learning 36 - Expansion,17,6,3982,Events,2025-03-04,2025-04-11,Closed Won,116300.0,1.0,,2025-04-05
938,Indigo Labs 41 - Renewal,139,10,3990,Paid Search,2026-06-24,2026-07-12,Closed Won,31100.0,1.0,,2026-07-09
939,Helix Commerce 48 - Renewal,339,13,3994,Outbound,2024-11-22,2024-12-08,Closed Lost,21800.0,0.0,Price,2024-11-30
940,Lumen Media - New Business,15,9,3996,Referral,2026-03-19,2026-05-16,Closed Won,18500.0,1.0,,2026-05-02
941,Quill Cloud - Renewal,107,10,4001,Partner,2025-08-19,2025-10-19,Closed Won,5700.0,1.0,,2025-10-13
942,Sable Commerce 28 - Expansion,111,14,4004,Outbound,2025-05-07,2025-06-26,Closed Lost,11000.0,0.0,Price,2025-06-10
943,Cinder Media - Expansion,49,14,4005,Organic Search,2024-03-23,2024-05-09,Closed Won,7300.0,1.0,,2024-05-07
944,Indigo Labs 70 - Expansion,304,6,4006,Events,2026-02-07,2026-03-30,Closed Lost,21400.0,0.0,Price,2026-03-21
945,Sable Freight - Renewal,129,5,4020,Organic Search,2024-11-02,2025-01-13,Closed Lost,57400.0,0.0,Competitor,2025-01-07
946,Beacon Labs 3 - New Business,464,11,4021,Events,2024-09-16,2024-10-06,Closed Lost,22700.0,0.0,Product Fit,2024-09-18
947,Jasper Commerce - New Business,42,10,4026,Organic Search,2025-08-25,2025-09-25,Closed Lost,5800.0,0.0,Competitor,2025-09-23
948,Sable Capital - New Business,86,9,4029,Outbound,2025-11-05,2026-03-18,Closed Lost,44800.0,0.0,No Budget,2026-03-05
949,Prism Dynamics - New Business,163,5,4031,Paid Search,2026-03-07,2026-05-17,Closed Lost,33800.0,0.0,Competitor,2026-05-12
950,Terra Labs 94 - Renewal,450,10,4035,Partner,2025-11-30,2026-01-07,Closed Won,6600.0,1.0,,2026-01-06
951,Cinder Freight 53 - New Business,195,10,4037,Partner,2024-04-27,2024-05-25,Closed Lost,3900.0,0.0,Price,2024-05-25
952,Prism Learning - New Business,92,6,4046,Paid Search,2026-01-01,2026-03-01,Closed Won,25400.0,1.0,,2026-02-27
953,Wren Analytics 35 - Expansion,412,11,4048,Social,2026-01-27,2026-02-23,Closed Won,18800.0,1.0,,2026-02-22
954,Rune Media 97 - Expansion,292,4,4054,Organic Search,2025-10-14,2026-02-11,Closed Lost,37600.0,0.0,No Budget,2026-02-10
955,Glacier Cloud 50 - New Business,528,7,4060,Outbound,2024-09-22,2024-11-16,Closed Lost,55800.0,0.0,No Decision,2024-11-02
956,Delta Health 68 - New Business,286,10,4061,Paid Search,2025-10-03,2025-10-31,Closed Lost,12100.0,0.0,Price,2025-10-22
957,Helix Media 18 - New Business,357,12,4066,Organic Search,2024-10-04,2024-12-19,Closed Lost,9100.0,0.0,Product Fit,2024-12-15
958,Unity Health 4 - New Business,435,7,4076,Referral,2025-02-19,2025-03-23,Closed Lost,8200.0,0.0,No Decision,2025-03-20
959,Terra Learning 78 - Renewal,213,14,4078,Referral,2026-01-26,2026-02-14,Closed Lost,6800.0,0.0,Price,2026-02-03
960,Indigo Learning - New Business,426,14,4079,Referral,2025-05-23,2025-07-02,Closed Lost,8000.0,0.0,Timing,2025-06-11
961,Flint Health 41 - New Business,457,12,4082,Paid Search,2025-08-04,2025-08-26,Closed Lost,12000.0,0.0,No Budget,2025-08-17
962,Rune Capital - New Business,68,13,4083,Partner,2024-12-16,2025-01-07,Closed Lost,24400.0,0.0,No Decision,2024-12-16
963,Vela Capital 25 - Expansion,159,8,4094,Referral,2025-10-02,2025-12-03,Closed Won,29200.0,1.0,,2025-11-30
964,Prism Freight - Expansion,169,13,4095,Outbound,2025-05-01,2025-06-02,Closed Won,8000.0,1.0,,2025-05-23
965,Mosaic Labs - New Business,211,7,4109,Paid Search,2026-05-10,2026-06-17,Closed Lost,21500.0,0.0,Price,2026-05-26
966,Flint Health - Renewal,119,1,4110,Organic Search,2025-07-15,2025-10-17,Closed Lost,234500.0,0.0,Competitor,2025-10-15
967,Onyx Dynamics 83 - New Business,303,2,4115,Paid Search,2025-04-27,2025-06-28,Closed Won,180300.0,1.0,,2025-06-26
968,Kite Cloud - Expansion,28,13,4118,Referral,2024-12-08,2025-01-21,Closed Lost,7900.0,0.0,Competitor,2025-01-07
969,Rune Freight 78 - Renewal,401,5,4119,Outbound,2024-10-11,2024-12-29,Closed Lost,27700.0,0.0,Competitor,2024-12-28
970,Indigo Analytics 36 - Expansion,359,7,4122,Outbound,2025-05-15,2025-06-24,Closed Won,25300.0,1.0,,2025-06-16
971,Flint Cloud - Expansion,116,5,4124,Paid Search,2025-10-01,2025-12-18,Closed Lost,38100.0,0.0,No Budget,2025-12-08
972,Kite Media - New Business,88,13,4135,Organic Search,2025-09-19,2025-10-06,Closed Lost,6000.0,0.0,Competitor,2025-09-29
973,Quill Media 59 - Renewal,126,13,4136,Partner,2025-10-31,2025-11-29,Closed Won,10300.0,1.0,,2025-11-29
974,Delta Cloud - Expansion,229,6,4145,Referral,2025-10-04,2025-12-01,Closed Lost,51600.0,0.0,No Budget,2025-11-21
975,Unity Cloud - Expansion,409,14,4148,Events,2025-03-04,2025-03-24,Closed Lost,13800.0,0.0,Price,2025-03-07
976,Kite Media 6 - Renewal,427,9,4159,Paid Search,2024-10-12,2024-12-05,Closed Lost,31600.0,0.0,Timing,2024-11-29
977,Nova Media 50 - New Business,299,8,4161,Paid Search,2026-08-27,2026-10-30,Proposal,12800.0,0.5,,2026-09-29
978,Terra Cloud 80 - New Business,67,12,4164,Organic Search,2025-02-24,2025-03-19,Closed Lost,5600.0,0.0,Price,2025-03-05
979,Beacon Learning 81 - Renewal,518,13,4165,Organic Search,2025-12-14,2026-02-18,Closed Lost,16500.0,0.0,Price,2026-02-17
980,Unity Media 37 - Expansion,389,2,4168,Organic Search,2026-03-28,2026-06-11,Closed Lost,153100.0,0.0,No Budget,2026-05-27
981,Jasper Labs - Expansion,257,10,4178,Referral,2024-10-14,2024-11-23,Closed Lost,12300.0,0.0,No Budget,2024-11-23
982,Ember Media - Expansion,215,13,4181,Organic Search,2024-06-24,2024-07-14,Closed Won,9400.0,1.0,,2024-07-14
983,Nova Learning 85 - New Business,459,5,4193,Paid Search,2026-03-04,2026-05-01,Closed Lost,83300.0,0.0,Competitor,2026-05-01
984,Ember Freight 58 - Expansion,150,12,4194,Paid Search,2026-06-25,2026-07-29,Closed Won,6500.0,1.0,,2026-07-27
985,Kite Commerce 54 - New Business,455,14,4200,Organic Search,2024-02-04,2024-03-01,Closed Lost,4300.0,0.0,No Budget,2024-02-20
986,Ember Media 36 - New Business,437,4,4204,Events,2026-05-05,2026-07-11,Closed Lost,88000.0,0.0,No Budget,2026-06-15
987,Indigo Freight - New Business,279,9,4207,Organic Search,2026-02-08,2026-03-23,Closed Lost,41900.0,0.0,No Decision,2026-03-19
988,Onyx Cloud 21 - Renewal,501,6,4222,Paid Search,2025-06-12,2025-08-08,Closed Lost,18200.0,0.0,Price,2025-07-16
989,Acorn Health - New Business,5,7,4223,Paid Search,2025-12-13,2026-01-22,Closed Won,52500.0,1.0,,2026-01-22
990,Cinder Analytics 63 - New Business,532,12,4225,Outbound,2025-03-10,2025-05-15,Closed Lost,5000.0,0.0,No Decision,2025-04-18
991,Beacon Dynamics - New Business,26,13,4233,Events,2026-09-04,2026-09-22,Closed Lost,9300.0,0.0,Product Fit,2026-09-15
992,Beacon Cloud - Expansion,60,7,4239,Partner,2026-05-18,2026-07-12,Closed Won,15900.0,1.0,,2026-07-12
993,Jasper Capital 89 - New Business,200,13,4243,Partner,2024-07-07,2024-08-16,Closed Won,7000.0,1.0,,2024-08-10
994,Beacon Dynamics 92 - Renewal,152,14,4245,Outbound,2024-11-03,2024-11-14,Closed Lost,5800.0,0.0,Price,2024-11-03
995,Beacon Commerce - New Business,202,10,4256,Referral,2025-04-16,2025-05-15,Closed Lost,6900.0,0.0,No Decision,2025-05-05
996,Kite Dynamics 50 - Expansion,333,10,4269,Organic Search,2025-10-09,2025-10-28,Closed Lost,10700.0,0.0,Timing,2025-10-21
997,Rune Labs 8 - New Business,446,13,4277,Paid Search,2026-07-22,2026-08-16,Closed Lost,21900.0,0.0,Price,2026-08-01
998,Acorn Capital 47 - New Business,147,14,4280,Outbound,2025-11-28,2025-12-22,Closed Lost,14900.0,0.0,Price,2025-12-13
999,Acorn Commerce - Renewal,110,8,4296,Events,2026-02-24,2026-04-26,Closed Lost,30800.0,0.0,Timing,2026-04-24
1000,Mosaic Dynamics - New Business,180,6,4299,Paid Search,2025-09-25,2025-11-14,Closed Lost,68900.0,0.0,Competitor,2025-11-14
1001,Unity Analytics 48 - New Business,440,14,4301,Organic Search,2024-11-24,2024-12-31,Closed Lost,19900.0,0.0,Price,2024-12-23
1002,Sable Media 77 - New Business,467,14,4305,Outbound,2025-09-05,2025-10-24,Closed Lost,3400.0,0.0,No Budget,2025-10-15
1003,Cinder Cloud - New Business,209,11,4311,Partner,2026-01-04,2026-01-23,Closed Lost,15800.0,0.0,Competitor,2026-01-07
1004,Ember Freight 16 - Expansion,128,7,4312,Partner,2026-06-03,2026-07-11,Closed Lost,32500.0,0.0,No Decision,2026-06-06
1005,Indigo Analytics 77 - Renewal,233,14,4320,Events,2026-01-28,2026-02-17,Closed Lost,11500.0,0.0,Price,2026-02-17
1006,Rune Capital - Renewal,68,14,4324,Partner,2025-10-30,2025-12-15,Closed Won,6300.0,1.0,,2025-11-27
1007,Helix Health 27 - Expansion,364,13,4325,Referral,2026-05-23,2026-06-07,Closed Lost,6000.0,0.0,Competitor,2026-05-25
1008,Helix Capital - New Business,135,4,4331,Organic Search,2024-05-03,2024-07-11,Closed Lost,62400.0,0.0,Price,2024-07-11
1009,Rune Commerce - New Business,224,10,4332,Outbound,2025-09-15,2025-11-17,Closed Lost,5800.0,0.0,Timing,2025-11-12
1010,Sable Commerce - Renewal,73,6,4333,Partner,2026-05-13,2026-06-14,Closed Lost,101900.0,0.0,Price,2026-05-30
1011,Ember Commerce - New Business,13,6,4334,Referral,2024-07-26,2024-09-04,Closed Lost,5300.0,0.0,Competitor,2024-08-14
1012,Indigo Freight - New Business,279,5,4336,Paid Search,2025-03-27,2025-05-16,Closed Lost,14500.0,0.0,Competitor,2025-04-24
1013,Vela Learning - Renewal,275,11,4340,Events,2026-04-29,2026-05-17,Closed Lost,7100.0,0.0,No Budget,2026-05-13
1014,Acorn Health 37 - New Business,525,11,4341,Paid Search,2024-08-07,2024-08-29,Closed Lost,4700.0,0.0,Price,2024-08-23
1015,Cinder Health 48 - Renewal,208,4,4344,Paid Search,2026-01-30,2026-04-13,Closed Won,49500.0,1.0,,2026-04-12
1016,Wren Cloud 4 - Expansion,186,13,4358,Referral,2024-11-10,2024-12-03,Closed Won,11100.0,1.0,,2024-12-01
1017,Helix Freight - New Business,334,13,4365,Paid Search,2026-06-27,2026-07-25,Closed Lost,7000.0,0.0,Competitor,2026-07-13
1018,Terra Capital 58 - Expansion,240,7,4372,Paid Search,2024-09-23,2024-11-19,Closed Lost,24700.0,0.0,No Decision,2024-11-13
1019,Helix Labs 76 - Renewal,579,6,4374,Paid Search,2024-01-16,2024-03-12,Closed Lost,30600.0,0.0,No Decision,2024-02-26
1020,Jasper Freight - Expansion,168,12,4375,Organic Search,2025-02-11,2025-03-07,Closed Won,8000.0,1.0,,2025-03-04
1021,Rune Learning 16 - New Business,492,12,4376,Paid Search,2025-09-16,2025-10-03,Closed Lost,8100.0,0.0,Price,2025-09-25
1022,Glacier Freight - New Business,297,12,4377,Referral,2025-03-22,2025-04-10,Closed Won,17000.0,1.0,,2025-03-31
1023,Unity Analytics - New Business,218,10,4379,Referral,2025-11-24,2026-02-08,Closed Lost,6500.0,0.0,Competitor,2026-01-30
1024,Quill Labs 49 - New Business,500,5,4385,Events,2026-05-01,2026-07-14,Closed Lost,22600.0,0.0,Competitor,2026-07-05
1025,Unity Labs - New Business,44,3,4387,Organic Search,2026-08-23,2027-01-12,Qualification,90300.0,0.25,,2026-09-28
1026,Terra Labs 70 - Expansion,228,8,4393,Referral,2026-09-03,2026-11-10,Discovery,33600.0,0.1,,2026-09-20
1027,Sable Capital - New Business,86,7,4396,Paid Search,2024-11-06,2025-01-02,Closed Lost,20700.0,0.0,No Decision,2024-12-24
1028,Flint Labs 26 - Expansion,508,3,4398,Organic Search,2024-06-28,2024-10-15,Closed Lost,158200.0,0.0,Timing,2024-08-28
1029,Vela Capital 77 - New Business,318,10,4400,Partner,2024-11-22,2024-12-28,Closed Won,5800.0,1.0,,2024-12-27
1030,Delta Freight 75 - New Business,343,1,4401,Paid Search,2025-10-01,2025-11-18,Closed Won,56100.0,1.0,,2025-11-14
1031,Sable Analytics - Renewal,480,12,4419,Partner,2026-02-23,2026-03-20,Closed Lost,4900.0,0.0,No Budget,2026-03-19
1032,Onyx Freight 27 - New Business,393,13,4421,Events,2025-03-09,2025-03-23,Closed Lost,28600.0,0.0,Product Fit,2025-03-23
1033,Kite Cloud 22 - New Business,164,14,4422,Events,2025-08-22,2025-09-15,Closed Lost,6800.0,0.0,No Budget,2025-08-31
1034,Quill Freight 96 - Expansion,568,14,4426,Events,2026-03-20,2026-04-19,Closed Won,6300.0,1.0,,2026-04-14
1035,Onyx Dynamics 83 - Renewal,303,3,4427,Organic Search,2026-04-23,2026-12-10,Proposal,81100.0,0.5,,2026-09-27
1036,Prism Media - New Business,74,1,4431,Partner,2024-07-30,2024-10-18,Closed Won,68700.0,1.0,,2024-09-20
1037,Flint Media 57 - Renewal,363,7,4436,Organic Search,2026-06-16,2026-07-28,Closed Lost,51200.0,0.0,Timing,2026-07-26
1038,Quill Freight 96 - Renewal,568,14,4440,Organic Search,2024-09-29,2024-10-19,Closed Lost,5800.0,0.0,Price,2024-10-18
1039,Jasper Health 14 - Expansion,392,7,4442,Outbound,2024-09-01,2024-11-23,Closed Lost,45600.0,0.0,No Budget,2024-11-22
1040,Ember Capital 53 - Expansion,366,6,4443,Partner,2025-05-12,2025-06-28,Closed Won,38900.0,1.0,,2025-06-24
1041,Indigo Commerce 46 - Expansion,592,12,4445,Paid Search,2024-08-25,2024-09-22,Closed Won,15700.0,1.0,,2024-08-25
1042,Prism Labs 96 - New Business,522,8,4446,Organic Search,2026-05-05,2026-07-07,Closed Won,59200.0,1.0,,2026-06-03
1043,Acorn Health 64 - New Business,355,3,4454,Organic Search,2025-05-23,2025-07-01,Closed Won,87800.0,1.0,,2025-07-01
1044,Onyx Analytics 76 - Expansion,531,11,4457,Organic Search,2024-05-06,2024-05-26,Closed Lost,45700.0,0.0,No Budget,2024-05-23
1045,Ember Freight 58 - New Business,150,12,4462,Organic Search,2024-08-24,2024-09-13,Closed Lost,6900.0,0.0,Price,2024-09-02
1046,Kite Health 97 - New Business,491,11,4466,Organic Search,2026-02-11,2026-03-19,Closed Lost,3900.0,0.0,Price,2026-03-10
1047,Helix Freight 32 - Renewal,566,2,4475,Partner,2025-08-12,2026-01-06,Closed Lost,89500.0,0.0,Price,2025-12-26
1048,Onyx Analytics 76 - Renewal,531,14,4476,Paid Search,2026-06-20,2026-07-04,Closed Lost,3200.0,0.0,Timing,2026-06-23
1049,Delta Freight - Expansion,120,10,4477,Organic Search,2024-02-01,2024-02-27,Closed Lost,6100.0,0.0,No Decision,2024-02-20
1050,Kite Analytics 94 - New Business,328,14,4478,Referral,2024-12-14,2025-01-03,Closed Lost,12800.0,0.0,Product Fit,2024-12-29
1051,Wren Cloud 30 - New Business,507,12,4480,Organic Search,2025-12-23,2026-02-04,Closed Lost,14300.0,0.0,Timing,2026-01-28
1052,Cinder Freight 53 - New Business,195,12,4481,Referral,2024-11-25,2025-01-02,Closed Lost,10300.0,0.0,Product Fit,2024-12-30
1053,Kite Media 45 - New Business,265,13,4484,Partner,2024-10-01,2024-11-15,Closed Lost,4000.0,0.0,No Budget,2024-11-14
1054,Onyx Capital 60 - Renewal,497,11,4485,Paid Search,2024-01-27,2024-02-18,Closed Lost,12000.0,0.0,No Budget,2024-02-08
1055,Wren Capital 24 - Expansion,483,12,4486,Social,2026-01-29,2026-02-22,Closed Lost,59500.0,0.0,Timing,2026-02-13
1056,Nova Cloud - Expansion,460,8,4487,Outbound,2025-01-23,2025-03-17,Closed Lost,26800.0,0.0,Competitor,2025-03-06
1057,Acorn Dynamics 23 - New Business,103,11,4494,Events,2025-11-12,2025-11-30,Closed Lost,12500.0,0.0,Price,2025-11-24
1058,Cinder Capital - New Business,315,11,4495,Referral,2025-03-04,2025-04-09,Closed Lost,11600.0,0.0,Competitor,2025-03-22
1059,Acorn Health 64 - New Business,355,3,4496,Outbound,2024-07-15,2024-10-15,Closed Lost,76800.0,0.0,Price,2024-10-02
1060,Beacon Cloud 5 - Expansion,177,6,4497,Outbound,2025-07-03,2025-08-29,Closed Lost,50600.0,0.0,Timing,2025-07-30
1061,Ember Capital 90 - New Business,295,10,4499,Social,2024-11-26,2024-12-27,Closed Won,8800.0,1.0,,2024-12-15
1062,Lumen Commerce - New Business,56,6,4505,Paid Search,2026-09-28,2026-12-15,Discovery,48400.0,0.1,,2026-09-28
1063,Vela Dynamics 24 - Expansion,398,14,4506,Referral,2026-06-21,2026-07-03,Closed Won,7200.0,1.0,,2026-07-03
1064,Acorn Health - Expansion,5,7,4511,Partner,2024-05-02,2024-07-16,Closed Lost,41700.0,0.0,Price,2024-07-07
1065,Delta Learning 62 - New Business,70,14,4513,Events,2025-04-12,2025-05-11,Closed Won,9200.0,1.0,,2025-05-11
1066,Indigo Cloud - New Business,586,14,4515,Outbound,2025-11-29,2025-12-28,Closed Lost,7800.0,0.0,Competitor,2025-12-20
1067,Unity Learning - Renewal,131,14,4518,Paid Search,2025-08-25,2025-09-19,Closed Lost,9800.0,0.0,Product Fit,2025-09-13
1068,Quill Cloud 29 - New Business,494,8,4526,Paid Search,2025-02-02,2025-03-10,Closed Lost,42500.0,0.0,Competitor,2025-02-27
1069,Cinder Learning - New Business,223,13,4533,Referral,2025-06-23,2025-07-14,Closed Lost,11400.0,0.0,No Budget,2025-06-28
1070,Indigo Analytics 77 - New Business,233,10,4535,Events,2026-05-16,2026-06-07,Closed Won,5900.0,1.0,,2026-06-01
1071,Wren Learning 30 - New Business,290,6,4538,Organic Search,2026-06-04,2026-11-19,Negotiation,58200.0,0.75,,2026-09-25
1072,Ember Dynamics - New Business,287,4,4550,Organic Search,2024-02-04,2024-06-24,Closed Lost,259100.0,0.0,Timing,2024-06-23
1073,Sable Health 65 - New Business,377,13,4551,Organic Search,2026-03-25,2026-04-07,Closed Lost,6300.0,0.0,No Decision,2026-04-02
1074,Lumen Commerce 23 - New Business,252,5,4553,Partner,2026-04-14,2026-06-11,Closed Lost,100800.0,0.0,No Decision,2026-05-30
1075,Beacon Health 72 - New Business,400,6,4554,Outbound,2026-02-15,2026-03-30,Closed Won,59600.0,1.0,,2026-03-23
1076,Mosaic Cloud - New Business,4,5,4555,Events,2024-12-02,2025-01-13,Closed Lost,48300.0,0.0,No Decision,2024-12-31
1077,Helix Health 86 - New Business,167,7,4562,Organic Search,2024-10-24,2024-12-12,Closed Won,21500.0,1.0,,2024-11-27
1078,Flint Media 41 - New Business,281,8,4582,Referral,2024-08-13,2024-09-20,Closed Won,31100.0,1.0,,2024-09-13
1079,Acorn Learning 93 - New Business,98,11,4585,Outbound,2026-03-16,2026-04-23,Closed Won,15000.0,1.0,,2026-04-09
1080,Unity Learning 78 - New Business,380,10,4587,Organic Search,2026-07-21,2026-08-15,Closed Lost,9100.0,0.0,No Budget,2026-07-28
1081,Delta Analytics 61 - New Business,156,12,4589,Organic Search,2025-06-14,2025-07-08,Closed Lost,9200.0,0.0,No Decision,2025-07-08
1082,Cinder Health - Expansion,204,13,4602,Events,2026-07-29,2026-08-11,Closed Lost,32200.0,0.0,Competitor,2026-08-08
1083,Rune Labs 8 - New Business,446,14,4603,Organic Search,2024-12-19,2025-01-24,Closed Lost,16800.0,0.0,Product Fit,2025-01-23
1084,Delta Learning 58 - Renewal,276,12,4606,Referral,2026-01-22,2026-02-19,Closed Won,7100.0,1.0,,2026-02-03
1085,Acorn Learning 36 - New Business,146,8,4609,Paid Search,2025-02-07,2025-05-01,Closed Lost,41800.0,0.0,No Decision,2025-05-01
1086,Wren Labs 39 - Expansion,46,3,4613,Organic Search,2024-11-27,2025-02-26,Closed Lost,127100.0,0.0,Product Fit,2025-02-08
1087,Vela Dynamics - Expansion,230,11,4614,Referral,2024-11-22,2024-12-14,Closed Lost,14400.0,0.0,No Budget,2024-11-29
1088,Jasper Freight 68 - New Business,172,9,4615,Organic Search,2024-06-22,2024-08-29,Closed Won,28300.0,1.0,,2024-08-27
1089,Jasper Freight 68 - New Business,172,5,4617,Referral,2025-10-24,2025-12-16,Closed Lost,33400.0,0.0,No Decision,2025-12-14
1090,Mosaic Dynamics 40 - New Business,485,9,4624,Organic Search,2025-01-20,2025-03-03,Closed Won,18500.0,1.0,,2025-03-03
1091,Sable Health 65 - New Business,377,13,4626,Outbound,2025-05-30,2025-06-29,Closed Won,10800.0,1.0,,2025-06-22
1092,Beacon Commerce - New Business,202,11,4627,Organic Search,2024-06-05,2024-06-27,Closed Lost,11200.0,0.0,No Budget,2024-06-23
1093,Ember Cloud - New Business,302,14,4632,Referral,2025-10-21,2025-11-03,Closed Lost,21400.0,0.0,Price,2025-10-21
1094,Rune Learning - Expansion,465,10,4635,Referral,2024-12-21,2025-03-06,Closed Won,7600.0,1.0,,2025-02-14
1095,Cinder Capital 52 - New Business,520,11,4640,Partner,2026-03-05,2026-03-29,Closed Lost,9300.0,0.0,No Decision,2026-03-29
1096,Indigo Analytics 77 - Expansion,233,10,4641,Referral,2026-03-22,2026-05-19,Closed Lost,4300.0,0.0,Price,2026-04-29
1097,Delta Learning 62 - Expansion,70,14,4651,Paid Search,2026-09-08,2026-10-26,Proposal,10200.0,0.5,,2026-09-18
1098,Kite Analytics - New Business,222,6,4654,Referral,2024-05-31,2024-07-04,Closed Won,48700.0,1.0,,2024-06-29
1099,Mosaic Media 61 - New Business,473,14,4655,Outbound,2025-11-15,2026-01-01,Closed Lost,13400.0,0.0,Competitor,2025-12-27
1100,Vela Health - New Business,43,12,4658,Organic Search,2025-06-13,2025-07-14,Closed Lost,3800.0,0.0,No Decision,2025-07-13
1101,Flint Learning 27 - Expansion,83,6,4660,Referral,2026-04-13,2026-06-03,Closed Won,53800.0,1.0,,2026-05-21
1102,Terra Cloud 29 - New Business,384,1,4663,Organic Search,2025-10-24,2025-12-30,Closed Lost,77800.0,0.0,Competitor,2025-12-20
1103,Nova Learning 20 - New Business,125,4,4668,Organic Search,2026-07-26,2026-10-15,Negotiation,50400.0,0.75,,2026-09-20
1104,Rune Media 26 - Renewal,178,10,4670,Paid Search,2026-03-05,2026-03-19,Closed Lost,7200.0,0.0,No Decision,2026-03-12
1105,Sable Learning 98 - Expansion,190,13,4683,Paid Search,2026-04-07,2026-05-21,Closed Lost,10400.0,0.0,Product Fit,2026-04-26
1106,Delta Freight 75 - New Business,343,2,4693,Organic Search,2024-11-15,2025-01-05,Closed Won,336100.0,1.0,,2025-01-04
1107,Glacier Learning - New Business,181,13,4696,Social,2025-08-09,2025-09-08,Closed Lost,6700.0,0.0,Price,2025-09-05
1108,Indigo Capital - Expansion,145,10,4702,Partner,2026-05-26,2026-06-25,Closed Lost,14800.0,0.0,Price,2026-06-21
1109,Helix Labs 39 - New Business,390,5,4703,Outbound,2024-04-14,2024-06-02,Closed Lost,47800.0,0.0,Price,2024-06-01
1110,Prism Cloud 12 - New Business,414,7,4704,Organic Search,2026-03-28,2026-04-21,Closed Won,21900.0,1.0,,2026-04-16
1111,Mosaic Analytics 20 - New Business,310,10,4706,Organic Search,2026-02-16,2026-03-20,Closed Lost,30000.0,0.0,Price,2026-02-26
1112,Wren Cloud 30 - New Business,507,12,4708,Paid Search,2026-06-18,2026-08-29,Closed Lost,8500.0,0.0,No Budget,2026-08-23
1113,Indigo Commerce 82 - New Business,179,3,4709,Outbound,2026-05-06,2026-08-14,Closed Lost,344000.0,0.0,No Budget,2026-07-26
1114,Quill Capital - New Business,529,6,4713,Referral,2025-03-06,2025-04-28,Closed Lost,34300.0,0.0,Price,2025-04-13
1115,Lumen Freight 12 - Expansion,307,14,4715,Referral,2025-03-30,2025-04-22,Closed Lost,3400.0,0.0,Timing,2025-04-08
1116,Cinder Cloud 95 - New Business,349,11,4728,Organic Search,2026-03-12,2026-04-06,Closed Won,9100.0,1.0,,2026-04-03
1117,Vela Learning 26 - New Business,489,12,4731,Organic Search,2026-05-11,2026-06-08,Closed Lost,7400.0,0.0,Timing,2026-06-06
1118,Acorn Learning 93 - New Business,98,13,4732,Referral,2026-06-29,2026-07-29,Closed Lost,11100.0,0.0,Price,2026-07-08
1119,Terra Cloud 29 - Expansion,384,1,4733,Partner,2024-08-28,2024-12-17,Closed Won,49700.0,1.0,,2024-12-15
1120,Glacier Learning 75 - New Business,342,13,4735,Organic Search,2025-06-21,2025-07-30,Closed Lost,10200.0,0.0,Price,2025-07-30
1121,Sable Labs 22 - New Business,82,9,4740,Partner,2024-12-12,2025-01-11,Closed Won,41900.0,1.0,,2025-01-10
1122,Quill Labs - Expansion,144,13,4743,Referral,2025-11-25,2025-12-22,Closed Lost,6300.0,0.0,Product Fit,2025-12-20
1123,Terra Commerce 92 - Renewal,245,7,4747,Organic Search,2026-01-26,2026-03-21,Closed Lost,25600.0,0.0,Price,2026-03-09
1124,Rune Capital - Expansion,68,12,4749,Referral,2024-01-24,2024-02-16,Closed Won,12300.0,1.0,,2024-01-24
1125,Terra Analytics 95 - Expansion,291,14,4751,Organic Search,2025-06-07,2025-07-05,Closed Lost,16300.0,0.0,Competitor,2025-07-03
1126,Helix Health - New Business,157,6,4755,Social,2026-05-25,2026-07-20,Closed Lost,79900.0,0.0,No Decision,2026-07-08
1127,Unity Dynamics 8 - Expansion,170,14,4757,Partner,2026-08-17,2026-10-04,Proposal,11700.0,0.5,,2026-09-27
1128,Acorn Labs 91 - New Business,369,7,4758,Partner,2025-10-02,2026-01-22,Closed Lost,26400.0,0.0,Price,2025-12-24
1129,Terra Labs 94 - Renewal,450,14,4760,Referral,2026-05-09,2026-06-25,Closed Won,8800.0,1.0,,2026-06-10
1130,Cinder Freight 26 - Renewal,278,7,4770,Paid Search,2024-12-04,2025-02-06,Closed Lost,58800.0,0.0,No Budget,2025-01-31
1131,Flint Health 13 - Renewal,283,9,4775,Referral,2024-10-03,2024-11-06,Closed Won,14200.0,1.0,,2024-11-05
1132,Mosaic Dynamics 37 - Expansion,242,8,4780,Organic Search,2026-09-19,2026-11-05,Discovery,73000.0,0.1,,2026-09-19
1133,Glacier Labs - New Business,142,10,4781,Organic Search,2026-04-16,2026-05-14,Closed Lost,6700.0,0.0,Price,2026-05-12
1134,Lumen Commerce 59 - Expansion,154,9,4791,Outbound,2026-06-21,2026-09-17,Closed Won,34100.0,1.0,,2026-09-16
1135,Onyx Health 19 - Expansion,536,6,4793,Partner,2024-12-30,2025-02-09,Closed Won,35100.0,1.0,,2025-02-07
1136,Wren Learning 35 - Expansion,75,13,4794,Outbound,2026-07-14,2026-09-07,Closed Won,8100.0,1.0,,2026-09-03
1137,Acorn Learning 36 - Expansion,146,9,4795,Organic Search,2025-04-10,2025-06-08,Closed Won,56700.0,1.0,,2025-06-07
1138,Nova Labs 94 - New Business,434,4,4797,Outbound,2024-08-06,2024-10-03,Closed Lost,40700.0,0.0,Price,2024-09-29
1139,Quill Capital - New Business,529,9,4798,Events,2025-08-10,2025-10-27,Closed Lost,25000.0,0.0,No Budget,2025-10-18
1140,Cinder Labs - Expansion,165,5,4800,Organic Search,2026-06-09,2026-07-11,Closed Lost,12400.0,0.0,Price,2026-07-10
1141,Jasper Media 4 - New Business,441,6,4809,Paid Search,2024-09-17,2024-11-08,Closed Lost,27300.0,0.0,No Budget,2024-11-05
1142,Cinder Cloud 90 - Expansion,327,5,4817,Organic Search,2025-08-12,2025-11-20,Closed Lost,25800.0,0.0,Product Fit,2025-11-18
1143,Sable Learning - Renewal,96,7,4824,Referral,2025-05-06,2025-06-12,Closed Lost,18300.0,0.0,Competitor,2025-05-22
1144,Kite Labs 67 - Expansion,148,10,4825,Outbound,2024-07-05,2024-07-26,Closed Lost,6200.0,0.0,Price,2024-07-05
1145,Quill Analytics - New Business,113,13,4830,Outbound,2026-07-31,2026-09-20,Closed Won,5100.0,1.0,,2026-09-16
1146,Mosaic Media - Renewal,90,12,4834,Organic Search,2024-11-29,2025-01-09,Closed Lost,9400.0,0.0,Price,2024-12-18
1147,Beacon Dynamics 92 - Renewal,152,12,4835,Partner,2025-02-16,2025-03-20,Closed Lost,7700.0,0.0,Competitor,2025-03-18
1148,Kite Commerce - Expansion,354,10,4841,Organic Search,2025-01-31,2025-03-26,Closed Lost,11700.0,0.0,Price,2025-03-22
1149,Quill Labs 59 - New Business,192,3,4842,Referral,2026-03-28,2026-09-04,Closed Lost,68000.0,0.0,Price,2026-09-04
1150,Helix Health 27 - Renewal,364,12,4843,Organic Search,2025-09-29,2025-10-17,Closed Lost,10000.0,0.0,Timing,2025-10-17
1151,Kite Labs 85 - New Business,321,8,4849,Referral,2026-05-03,2026-07-17,Closed Won,83100.0,1.0,,2026-07-16
1152,Onyx Cloud 67 - New Business,488,6,4853,Events,2025-11-16,2026-01-11,Closed Lost,13700.0,0.0,Competitor,2026-01-02
1153,Nova Health - New Business,136,13,4861,Organic Search,2025-10-03,2025-10-29,Closed Won,11000.0,1.0,,2025-10-28
1154,Prism Health 45 - New Business,340,12,4865,Paid Search,2026-01-01,2026-02-06,Closed Won,10000.0,1.0,,2026-01-23
1155,Vela Learning 26 - Renewal,489,13,4868,Referral,2025-12-07,2025-12-26,Closed Lost,4700.0,0.0,Competitor,2025-12-23
1156,Sable Dynamics - New Business,378,11,4873,Events,2025-06-04,2025-10-19,Closed Lost,4000.0,0.0,No Decision,2025-10-10
1157,Helix Labs 39 - New Business,390,6,4876,Events,2026-07-24,2026-09-15,Closed Lost,32000.0,0.0,Competitor,2026-09-15
1158,Indigo Labs 70 - New Business,304,5,4878,Referral,2024-11-21,2024-12-13,Closed Won,20700.0,1.0,,2024-11-21
1159,Kite Cloud 22 - New Business,164,14,4880,Paid Search,2026-04-14,2026-05-02,Closed Won,7900.0,1.0,,2026-05-01
1160,Terra Analytics - New Business,133,11,4885,Referral,2024-07-15,2024-08-22,Closed Lost,12300.0,0.0,No Decision,2024-07-24
1161,Glacier Learning - Expansion,181,11,4888,Outbound,2025-08-04,2025-09-26,Closed Won,10100.0,1.0,,2025-09-25
1162,Cinder Health - New Business,204,11,4889,Paid Search,2025-12-11,2026-01-06,Closed Lost,8200.0,0.0,No Budget,2025-12-20
1163,Jasper Dynamics - New Business,183,12,4892,Organic Search,2025-10-03,2025-10-30,Closed Lost,13200.0,0.0,No Budget,2025-10-03
1164,Glacier Capital 97 - New Business,376,10,4893,Paid Search,2025-01-17,2025-02-02,Closed Lost,9000.0,0.0,No Budget,2025-01-25
1165,Cinder Commerce 31 - New Business,391,10,4898,Partner,2026-03-12,2026-04-15,Closed Lost,7100.0,0.0,Competitor,2026-04-07
1166,Mosaic Commerce 44 - Expansion,428,7,4900,Referral,2024-10-18,2024-12-29,Closed Lost,47000.0,0.0,Price,2024-12-25
1167,Ember Cloud 94 - New Business,309,6,4907,Referral,2024-06-29,2024-08-17,Closed Won,45800.0,1.0,,2024-08-16
1168,Kite Capital 18 - Expansion,413,13,4908,Referral,2026-03-26,2026-04-14,Closed Won,19800.0,1.0,,2026-03-26
1169,Nova Learning 20 - New Business,125,4,4911,Organic Search,2026-07-10,2026-10-03,Negotiation,78300.0,0.75,,2026-09-03
1170,Rune Media 26 - New Business,178,11,4913,Organic Search,2026-04-02,2026-04-15,Closed Won,16200.0,1.0,,2026-04-12
1171,Kite Learning - New Business,123,10,4916,Paid Search,2024-07-14,2024-08-22,Closed Won,16400.0,1.0,,2024-08-05
1172,Ember Freight - New Business,64,1,4917,Organic Search,2024-09-17,2024-12-22,Closed Won,66900.0,1.0,,2024-12-22
1173,Onyx Labs - New Business,346,4,4928,Referral,2026-06-20,2026-09-28,Closed Won,94100.0,1.0,,2026-09-06
1174,Delta Health 14 - New Business,447,5,4942,Referral,2026-04-25,2026-06-16,Closed Lost,35600.0,0.0,Timing,2026-06-11
1175,Indigo Labs 36 - New Business,153,9,4943,Organic Search,2024-03-27,2024-04-25,Closed Lost,21400.0,0.0,No Decision,2024-04-22
1176,Flint Media 87 - New Business,503,12,4945,Paid Search,2026-02-06,2026-02-27,Closed Won,5100.0,1.0,,2026-02-21
1177,Nova Learning 20 - New Business,125,1,4950,Referral,2025-03-18,2025-09-08,Closed Lost,65000.0,0.0,Price,2025-09-05
1178,Kite Commerce 45 - New Business,356,10,4952,Referral,2025-07-24,2025-08-16,Closed Lost,24500.0,0.0,Price,2025-08-16
1179,Terra Labs 24 - Renewal,578,5,4953,Referral,2026-09-23,2026-11-12,Qualification,40800.0,0.25,,2026-09-26
1180,Terra Cloud - New Business,39,13,4963,Organic Search,2024-06-07,2024-07-04,Closed Won,13100.0,1.0,,2024-06-26
1181,Acorn Analytics 27 - Expansion,325,5,4964,Events,2025-05-05,2025-07-25,Closed Lost,15800.0,0.0,No Budget,2025-07-19
1182,Onyx Dynamics 75 - Expansion,438,11,4967,Organic Search,2025-01-16,2025-01-31,Closed Lost,4500.0,0.0,No Budget,2025-01-29
1183,Prism Commerce 6 - New Business,544,4,4968,Organic Search,2026-09-24,2026-12-23,Discovery,150400.0,0.1,,2026-09-24
1184,Beacon Cloud 5 - New Business,177,9,4973,Organic Search,2025-08-01,2025-10-14,Closed Lost,99900.0,0.0,Competitor,2025-09-30
1185,Terra Cloud 39 - Expansion,521,7,4976,Organic Search,2024-12-13,2025-04-03,Closed Lost,23000.0,0.0,No Decision,2025-03-22
1186,Ember Freight 58 - Renewal,150,13,4978,Events,2025-10-22,2025-11-29,Closed Won,5400.0,1.0,,2025-11-26
1187,Rune Freight 78 - New Business,401,7,4979,Partner,2026-09-17,2026-11-26,Qualification,45500.0,0.25,,2026-09-29
1188,Jasper Learning 72 - New Business,509,9,4980,Partner,2025-09-07,2025-11-06,Closed Lost,86800.0,0.0,No Decision,2025-11-06
1189,Cinder Cloud - Renewal,209,14,4993,Paid Search,2026-01-23,2026-02-08,Closed Won,2400.0,1.0,,2026-02-08
1190,Kite Cloud 22 - New Business,164,11,4999,Outbound,2026-01-14,2026-02-01,Closed Lost,6800.0,0.0,No Decision,2026-01-27
1191,Quill Analytics - New Business,113,13,5000,Partner,2025-08-29,2025-10-02,Closed Won,14000.0,1.0,,2025-10-01
1192,Onyx Cloud - New Business,51,12,5005,Events,2026-05-25,2026-06-13,Closed Lost,7800.0,0.0,Competitor,2026-06-09
1193,Glacier Freight - Expansion,297,13,5006,Social,2026-07-23,2026-09-10,Closed Lost,3900.0,0.0,Competitor,2026-08-31
1194,Unity Health - Renewal,104,12,5013,Organic Search,2025-12-19,2026-01-08,Closed Lost,15100.0,0.0,No Budget,2026-01-07
1195,Delta Health 68 - New Business,286,14,5014,Referral,2026-02-24,2026-04-08,Closed Lost,12700.0,0.0,No Decision,2026-03-05
1196,Beacon Media - New Business,217,2,5024,Paid Search,2025-11-23,2026-02-19,Closed Lost,120300.0,0.0,No Budget,2026-02-15
1197,Helix Cloud - New Business,231,3,5025,Paid Search,2026-04-02,2026-06-17,Closed Won,51900.0,1.0,,2026-06-06
1198,Jasper Labs 26 - New Business,261,14,5045,Referral,2026-03-03,2026-05-01,Closed Lost,12400.0,0.0,Competitor,2026-04-11
1199,Acorn Commerce 85 - Renewal,254,1,5050,Referral,2026-01-24,2026-04-26,Closed Won,67500.0,1.0,,2026-04-25
1200,Mosaic Commerce 44 - New Business,428,7,5054,Referral,2024-06-13,2024-09-09,Closed Won,64400.0,1.0,,2024-08-31
1201,Wren Dynamics 70 - New Business,289,11,5062,Outbound,2025-12-11,2026-01-16,Closed Lost,8100.0,0.0,Product Fit,2025-12-26
1202,Acorn Labs 24 - Renewal,516,11,5068,Partner,2026-04-10,2026-04-25,Closed Won,2700.0,1.0,,2026-04-11
1203,Quill Dynamics - New Business,381,10,5069,Paid Search,2025-09-14,2025-10-24,Closed Lost,8200.0,0.0,Product Fit,2025-10-13
1204,Beacon Capital 50 - New Business,506,8,5070,Organic Search,2026-04-28,2026-07-06,Closed Lost,36100.0,0.0,Product Fit,2026-06-20
1205,Vela Health - Renewal,43,14,5074,Paid Search,2025-10-28,2025-11-26,Closed Lost,3800.0,0.0,Competitor,2025-11-15
1206,Lumen Dynamics - New Business,284,1,5075,Events,2024-11-01,2025-01-13,Closed Lost,88900.0,0.0,Price,2025-01-13
1207,Kite Media 45 - New Business,265,10,5099,Paid Search,2025-06-01,2025-06-18,Closed Lost,8700.0,0.0,Timing,2025-06-10
1208,Delta Health 15 - Expansion,495,9,5100,Referral,2026-08-30,2026-12-05,Discovery,50300.0,0.1,,2026-09-15
1209,Delta Learning 58 - Expansion,276,11,5107,Organic Search,2025-12-18,2026-02-01,Closed Lost,10800.0,0.0,Price,2026-01-30
1210,Flint Health 41 - New Business,457,13,5111,Organic Search,2026-07-15,2026-08-09,Closed Won,5000.0,1.0,,2026-08-02
1211,Beacon Capital 50 - New Business,506,7,5112,Paid Search,2025-12-07,2026-01-29,Closed Lost,23600.0,0.0,Competitor,2026-01-27
1212,Onyx Analytics 27 - New Business,207,9,5116,Organic Search,2025-04-03,2025-05-10,Closed Won,26100.0,1.0,,2025-05-04
1213,Cinder Commerce 29 - Expansion,475,14,5120,Organic Search,2024-11-04,2024-12-02,Closed Won,6200.0,1.0,,2024-12-01
1214,Wren Capital - New Business,188,10,5130,Partner,2025-07-06,2025-08-04,Closed Won,9700.0,1.0,,2025-07-26
1215,Onyx Capital 96 - Expansion,416,7,5133,Outbound,2025-04-25,2025-06-08,Closed Won,22200.0,1.0,,2025-05-11
1216,Ember Analytics - New Business,264,5,5138,Social,2026-03-06,2026-05-01,Closed Lost,35200.0,0.0,No Decision,2026-05-01
1217,Quill Media 59 - Expansion,126,10,5141,Paid Search,2025-05-24,2025-06-15,Closed Lost,4100.0,0.0,Competitor,2025-05-29
1218,Beacon Media - New Business,217,2,5146,Events,2026-06-07,2026-10-06,Negotiation,59800.0,0.75,,2026-09-30
1219,Delta Analytics - Renewal,2,3,5147,Paid Search,2025-05-21,2025-07-19,Closed Lost,61200.0,0.0,Price,2025-07-19
1220,Prism Health - Renewal,36,12,5150,Referral,2026-03-24,2026-04-10,Closed Won,6300.0,1.0,,2026-04-04
1221,Unity Commerce 35 - New Business,345,8,5156,Organic Search,2025-06-15,2025-07-14,Closed Won,68400.0,1.0,,2025-07-10
1222,Flint Learning 84 - New Business,487,12,5157,Paid Search,2025-04-29,2025-06-29,Closed Lost,11700.0,0.0,No Budget,2025-06-10
1223,Unity Media 96 - Expansion,534,12,5161,Organic Search,2026-05-06,2026-05-23,Closed Lost,5300.0,0.0,No Budget,2026-05-17
1224,Vela Capital 25 - New Business,159,7,5168,Organic Search,2025-12-12,2026-03-04,Closed Lost,16400.0,0.0,No Decision,2026-02-03
1225,Acorn Analytics - Expansion,312,5,5181,Outbound,2026-05-10,2026-09-08,Closed Won,17900.0,1.0,,2026-09-02
1226,Onyx Health 91 - New Business,185,4,5182,Referral,2026-04-23,2026-08-29,Closed Won,129500.0,1.0,,2026-08-10
1227,Jasper Media 4 - New Business,441,5,5184,Referral,2024-10-07,2024-12-30,Closed Lost,42500.0,0.0,Price,2024-12-18
1228,Cinder Health 10 - Expansion,250,5,5185,Referral,2026-01-21,2026-03-28,Closed Lost,7900.0,0.0,No Decision,2026-03-19
1229,Wren Cloud - New Business,162,2,5193,Organic Search,2024-05-13,2024-09-03,Closed Lost,217300.0,0.0,Price,2024-08-28
1230,Flint Health 41 - New Business,457,13,5196,Paid Search,2024-05-14,2024-06-12,Closed Lost,15000.0,0.0,Price,2024-06-12
1231,Prism Cloud 6 - New Business,527,11,5197,Referral,2026-03-26,2026-04-17,Closed Lost,25300.0,0.0,No Decision,2026-04-06
1232,Quill Analytics - New Business,113,11,5198,Outbound,2024-12-07,2025-01-09,Closed Lost,8800.0,0.0,Product Fit,2025-01-04
1233,Wren Dynamics - Expansion,84,10,5199,Referral,2025-06-04,2025-06-28,Closed Lost,4800.0,0.0,Competitor,2025-06-17
1234,Helix Dynamics 63 - New Business,189,12,5200,Organic Search,2024-03-30,2024-04-24,Closed Lost,6000.0,0.0,Product Fit,2024-04-19
1235,Sable Labs - New Business,29,5,5203,Paid Search,2025-06-24,2025-08-14,Closed Lost,32000.0,0.0,Competitor,2025-08-09
1236,Indigo Analytics 81 - Expansion,482,8,5205,Partner,2026-08-22,2026-11-06,Proposal,45800.0,0.5,,2026-09-28
1237,Quill Dynamics - New Business,381,13,5210,Outbound,2025-12-07,2026-01-04,Closed Won,9800.0,1.0,,2026-01-01
1238,Quill Media 76 - Expansion,585,5,5211,Referral,2025-09-09,2025-10-12,Closed Lost,30100.0,0.0,Competitor,2025-09-26
1239,Mosaic Media - New Business,90,13,5217,Referral,2026-08-26,2026-09-17,Closed Won,3500.0,1.0,,2026-09-16
1240,Prism Labs 96 - New Business,522,5,5219,Organic Search,2026-02-17,2026-04-10,Closed Lost,22400.0,0.0,Price,2026-04-08
1241,Rune Health 38 - Renewal,121,13,5224,Events,2025-03-30,2025-05-20,Closed Lost,4100.0,0.0,No Budget,2025-04-24
1242,Jasper Media 87 - New Business,433,10,5226,Organic Search,2026-03-14,2026-04-05,Closed Won,7300.0,1.0,,2026-04-04
1243,Cinder Labs - Renewal,165,5,5233,Outbound,2026-06-22,2026-09-14,Closed Lost,47000.0,0.0,Competitor,2026-09-04
1244,Flint Media 41 - Renewal,281,7,5237,Organic Search,2026-04-09,2026-06-06,Closed Lost,16100.0,0.0,Timing,2026-05-30
1245,Helix Health 27 - New Business,364,11,5238,Events,2026-01-04,2026-01-24,Closed Won,8700.0,1.0,,2026-01-18
1246,Wren Health - Expansion,576,5,5240,Organic Search,2026-03-20,2026-05-18,Closed Won,42300.0,1.0,,2026-05-15
1247,Vela Capital - New Business,65,9,5241,Events,2025-07-27,2025-10-12,Closed Lost,40800.0,0.0,No Decision,2025-10-03
1248,Vela Cloud - Expansion,77,6,5243,Referral,2026-05-22,2026-08-06,Closed Won,63800.0,1.0,,2026-08-06
1249,Ember Freight 16 - New Business,128,6,5244,Paid Search,2025-06-13,2025-08-03,Closed Won,36200.0,1.0,,2025-07-15
1250,Beacon Cloud 45 - Expansion,362,11,5252,Outbound,2025-09-17,2025-10-11,Closed Lost,11700.0,0.0,Competitor,2025-10-11
1251,Flint Commerce - New Business,443,13,5253,Organic Search,2024-12-07,2025-01-06,Closed Won,9200.0,1.0,,2024-12-18
1252,Cinder Commerce 62 - New Business,587,6,5254,Referral,2026-04-06,2026-06-07,Closed Lost,61300.0,0.0,Price,2026-05-25
1253,Cinder Freight - New Business,19,3,5260,Referral,2026-09-18,2027-02-02,Discovery,28400.0,0.1,,2026-09-18
1254,Onyx Labs - New Business,346,4,5261,Referral,2026-03-02,2026-04-25,Closed Lost,130600.0,0.0,No Budget,2026-04-14
1255,Ember Cloud 57 - Expansion,584,6,5264,Organic Search,2025-01-31,2025-03-13,Closed Lost,85300.0,0.0,Competitor,2025-03-11
1256,Unity Capital - New Business,399,11,5269,Outbound,2026-05-23,2026-06-12,Closed Lost,5500.0,0.0,No Budget,2026-06-12
1257,Cinder Health 10 - New Business,250,6,5272,Organic Search,2026-02-16,2026-04-25,Closed Lost,45500.0,0.0,Price,2026-04-16
1258,Beacon Capital 50 - New Business,506,8,5285,Referral,2026-09-22,2026-12-01,Discovery,35800.0,0.1,,2026-09-22
1259,Delta Health 14 - Expansion,447,7,5290,Referral,2026-05-21,2026-07-09,Closed Lost,41200.0,0.0,Competitor,2026-06-17
1260,Wren Dynamics - New Business,84,13,5291,Referral,2024-06-10,2024-07-30,Closed Lost,8400.0,0.0,No Budget,2024-07-20
1261,Nova Health - New Business,136,12,5292,Referral,2025-06-24,2025-07-16,Closed Won,11700.0,1.0,,2025-07-13
1262,Flint Dynamics 58 - Renewal,374,7,5293,Outbound,2026-04-22,2026-06-26,Closed Won,18300.0,1.0,,2026-06-25
1263,Cinder Freight 69 - Renewal,149,9,5297,Referral,2024-09-03,2024-09-26,Closed Won,14600.0,1.0,,2024-09-03
1264,Mosaic Dynamics 37 - New Business,242,7,5305,Events,2025-10-13,2025-12-01,Closed Won,34300.0,1.0,,2025-11-19
1265,Acorn Commerce - Renewal,110,8,5308,Referral,2024-03-01,2024-05-17,Closed Lost,13000.0,0.0,Price,2024-04-30
1266,Terra Analytics - New Business,133,13,5310,Referral,2025-06-15,2025-07-08,Closed Won,8600.0,1.0,,2025-06-19
1267,Vela Freight 51 - New Business,282,11,5317,Paid Search,2024-06-01,2024-06-29,Closed Lost,10700.0,0.0,Product Fit,2024-06-29
1268,Jasper Labs - Expansion,257,14,5318,Referral,2025-10-13,2025-11-08,Closed Lost,8900.0,0.0,Timing,2025-10-25
1269,Kite Health - New Business,352,11,5319,Paid Search,2024-09-14,2024-10-09,Closed Lost,13300.0,0.0,Competitor,2024-10-05
1270,Wren Cloud 4 - New Business,186,13,5321,Referral,2026-09-11,2026-10-18,Proposal,4100.0,0.5,,2026-09-11
1271,Nova Learning 31 - Expansion,248,11,5328,Organic Search,2025-07-11,2025-08-04,Closed Won,8200.0,1.0,,2025-07-11
1272,Delta Learning 87 - Expansion,347,12,5331,Partner,2024-08-01,2024-09-06,Closed Lost,6300.0,0.0,No Decision,2024-08-25
1273,Indigo Health 78 - New Business,594,13,5335,Organic Search,2026-03-28,2026-04-10,Closed Lost,4400.0,0.0,No Decision,2026-03-31
1274,Mosaic Commerce 42 - New Business,262,7,5336,Partner,2026-06-14,2026-09-08,Closed Won,44800.0,1.0,,2026-08-29
1275,Jasper Capital 89 - Renewal,200,13,5337,Referral,2025-10-12,2025-11-21,Closed Won,10600.0,1.0,,2025-11-07
1276,Delta Learning - New Business,20,8,5343,Events,2024-08-27,2024-10-14,Closed Won,31700.0,1.0,,2024-09-18
1277,Helix Media 18 - New Business,357,13,5345,Partner,2026-01-14,2026-02-19,Closed Lost,4200.0,0.0,No Budget,2026-02-18
1278,Terra Freight 23 - New Business,429,13,5352,Organic Search,2025-05-13,2025-07-02,Closed Won,8800.0,1.0,,2025-06-16
1279,Vela Dynamics - New Business,230,12,5354,Paid Search,2026-03-24,2026-04-14,Closed Lost,8700.0,0.0,Price,2026-04-07
1280,Acorn Labs 82 - Expansion,288,13,5367,Events,2024-09-12,2024-10-11,Closed Lost,6100.0,0.0,Price,2024-10-07
1281,Nova Learning 20 - New Business,125,4,5377,Outbound,2025-11-21,2026-02-04,Closed Lost,136100.0,0.0,No Decision,2025-12-24
1282,Nova Commerce - New Business,173,7,5378,Social,2025-04-16,2025-05-21,Closed Won,25500.0,1.0,,2025-05-21
1283,Helix Media 43 - New Business,368,11,5381,Organic Search,2025-12-02,2025-12-25,Closed Won,4500.0,1.0,,2025-12-21
1284,Onyx Dynamics 83 - Renewal,303,4,5390,Organic Search,2024-11-02,2025-03-25,Closed Lost,136800.0,0.0,No Decision,2025-03-17
1285,Onyx Freight 27 - New Business,393,12,5395,Partner,2026-04-28,2026-05-24,Closed Lost,6400.0,0.0,No Budget,2026-05-24
1286,Kite Labs 67 - Expansion,148,10,5404,Referral,2025-11-16,2025-12-30,Closed Won,4500.0,1.0,,2025-12-16
1287,Onyx Health 75 - New Business,271,4,5407,Referral,2024-04-30,2024-08-08,Closed Lost,127500.0,0.0,Competitor,2024-08-03
1288,Acorn Labs 91 - New Business,369,8,5413,Referral,2026-06-20,2026-07-13,Closed Lost,56000.0,0.0,Price,2026-07-03
1289,Kite Labs - Renewal,85,10,5416,Partner,2024-08-12,2024-09-05,Closed Lost,7900.0,0.0,No Decision,2024-08-20
1290,Glacier Dynamics 34 - New Business,519,6,5418,Organic Search,2025-12-14,2026-02-24,Closed Lost,96000.0,0.0,Price,2026-02-14
1291,Vela Capital - New Business,65,6,5426,Organic Search,2024-04-24,2024-06-25,Closed Lost,27900.0,0.0,No Budget,2024-06-14
1292,Jasper Health - New Business,21,8,5429,Organic Search,2024-07-12,2024-10-25,Closed Won,29400.0,1.0,,2024-10-14
1293,Beacon Commerce 70 - New Business,405,5,5433,Outbound,2026-08-28,2026-09-22,Closed Lost,25600.0,0.0,Timing,2026-09-20
1294,Prism Commerce 43 - New Business,266,13,5439,Partner,2026-09-02,2026-09-22,Closed Lost,5200.0,0.0,Price,2026-09-02
1295,Unity Dynamics 8 - New Business,170,10,5440,Outbound,2024-09-30,2024-10-16,Closed Lost,11000.0,0.0,Price,2024-10-16
1296,Delta Media 21 - Renewal,454,11,5452,Partner,2026-09-14,2026-12-16,Discovery,2700.0,0.1,,2026-09-14
1297,Ember Dynamics - New Business,287,3,5453,Events,2026-01-27,2026-05-12,Closed Lost,74500.0,0.0,No Decision,2026-05-04
1298,Onyx Capital - New Business,373,14,5454,Outbound,2024-12-17,2025-01-05,Closed Lost,13800.0,0.0,Product Fit,2025-01-03
1299,Onyx Cloud - Expansion,51,12,5457,Referral,2024-06-06,2024-07-19,Closed Won,10700.0,1.0,,2024-06-15
1300,Acorn Commerce 78 - New Business,371,8,5458,Referral,2025-08-02,2025-09-22,Closed Lost,43500.0,0.0,Price,2025-09-17
1301,Indigo Learning 57 - New Business,540,9,5459,Partner,2026-02-13,2026-04-22,Closed Lost,31400.0,0.0,No Decision,2026-04-10
1302,Kite Capital 30 - New Business,572,11,5468,Referral,2025-09-11,2025-10-16,Closed Lost,9300.0,0.0,Competitor,2025-10-11
1303,Jasper Commerce - Expansion,42,12,5472,Organic Search,2026-01-23,2026-02-16,Closed Lost,7400.0,0.0,Price,2026-02-11
1304,Beacon Media 30 - New Business,542,13,5479,Organic Search,2025-07-01,2025-08-15,Closed Lost,11300.0,0.0,Price,2025-08-14
1305,Wren Analytics 40 - New Business,461,6,5485,Organic Search,2025-01-24,2025-03-28,Closed Won,40800.0,1.0,,2025-03-05
1306,Rune Learning 16 - Renewal,492,10,5489,Events,2025-04-27,2025-05-30,Closed Lost,9800.0,0.0,No Decision,2025-05-12
1307,Helix Capital 11 - Expansion,253,7,5499,Events,2024-05-31,2024-08-29,Closed Lost,20000.0,0.0,No Decision,2024-08-16
1308,Acorn Labs 91 - Renewal,369,8,5501,Paid Search,2026-07-01,2026-08-19,Closed Lost,53400.0,0.0,No Budget,2026-08-11
1309,Onyx Dynamics 83 - New Business,303,2,5503,Paid Search,2025-08-22,2025-11-30,Closed Lost,108700.0,0.0,Price,2025-11-25
1310,Jasper Capital 89 - Expansion,200,14,5504,Paid Search,2026-07-29,2026-08-20,Closed Won,6200.0,1.0,,2026-08-16
1311,Prism Learning 3 - New Business,481,11,5505,Referral,2024-03-17,2024-03-31,Closed Lost,6700.0,0.0,Timing,2024-03-17
1312,Vela Cloud - Renewal,77,5,5509,Referral,2025-05-04,2025-06-20,Closed Lost,19500.0,0.0,No Decision,2025-06-05
1313,Wren Capital - Renewal,188,14,5514,Referral,2025-07-08,2025-08-12,Closed Lost,8200.0,0.0,Competitor,2025-08-09
1314,Onyx Cloud 82 - Renewal,554,13,5516,Paid Search,2025-09-28,2025-11-05,Closed Lost,18800.0,0.0,No Decision,2025-10-15
1315,Wren Media 18 - Renewal,600,14,5520,Organic Search,2026-02-17,2026-04-10,Closed Lost,4600.0,0.0,Competitor,2026-04-09
1316,Quill Freight 86 - Renewal,537,4,5524,Organic Search,2025-04-27,2025-07-08,Closed Lost,79400.0,0.0,Timing,2025-06-21
1317,Vela Learning 95 - New Business,451,3,5530,Referral,2024-12-16,2025-03-29,Closed Lost,159100.0,0.0,No Budget,2025-02-11
1318,Cinder Media - New Business,49,11,5531,Referral,2026-07-30,2026-08-23,Closed Lost,3800.0,0.0,Competitor,2026-08-06
1319,Terra Capital 11 - Expansion,263,7,5537,Paid Search,2025-01-11,2025-03-16,Closed Lost,30700.0,0.0,No Budget,2025-03-15
1320,Terra Learning - Expansion,99,4,5540,Outbound,2025-07-08,2025-11-10,Closed Lost,61400.0,0.0,Price,2025-11-07
1321,Delta Media 4 - New Business,430,13,5543,Outbound,2026-02-17,2026-03-11,Closed Lost,25000.0,0.0,Price,2026-03-05
1322,Vela Health 3 - New Business,524,12,5546,Partner,2025-09-21,2025-10-23,Closed Lost,17300.0,0.0,Price,2025-10-16
1323,Lumen Dynamics 61 - New Business,313,14,5550,Partner,2026-08-05,2026-09-04,Closed Won,15100.0,1.0,,2026-08-29
1324,Mosaic Freight 5 - Renewal,581,7,5553,Partner,2024-07-04,2024-08-16,Closed Won,22700.0,1.0,,2024-08-10
1325,Vela Dynamics 62 - New Business,269,3,5558,Outbound,2025-10-09,2026-01-12,Closed Lost,197700.0,0.0,Competitor,2025-12-27
1326,Quill Dynamics 17 - New Business,510,11,5560,Referral,2025-01-13,2025-02-11,Closed Lost,4500.0,0.0,Competitor,2025-02-11
1327,Helix Labs 76 - Renewal,579,9,5561,Outbound,2026-08-27,2026-11-21,Qualification,14700.0,0.25,,2026-09-15
1328,Ember Analytics - New Business,264,8,5563,Partner,2024-07-30,2024-09-30,Closed Lost,14900.0,0.0,Competitor,2024-09-14
1329,Vela Learning 95 - New Business,451,1,5564,Paid Search,2026-07-08,2027-01-08,Qualification,182800.0,0.25,,2026-09-28
1330,Indigo Labs 83 - New Business,87,11,5568,Referral,2025-02-12,2025-03-13,Closed Won,9900.0,1.0,,2025-03-10
1331,Cinder Cloud 95 - New Business,349,10,5569,Referral,2026-09-14,2026-10-08,Negotiation,4200.0,0.75,,2026-09-26
1332,Kite Health 97 - Expansion,491,11,5581,Referral,2026-06-16,2026-07-12,Closed Won,13800.0,1.0,,2026-06-28
1333,Indigo Commerce - New Business,166,11,5588,Social,2025-03-16,2025-04-07,Closed Lost,2800.0,0.0,No Decision,2025-03-16
1334,Delta Capital 15 - New Business,445,4,5589,Paid Search,2024-07-16,2024-12-27,Closed Lost,182300.0,0.0,No Decision,2024-12-27
1335,Indigo Labs 70 - New Business,304,7,5590,Partner,2025-02-02,2025-03-01,Closed Lost,30500.0,0.0,No Budget,2025-02-27
1336,Rune Labs 94 - New Business,205,13,5594,Referral,2025-08-13,2025-09-15,Closed Lost,7000.0,0.0,Competitor,2025-09-05
1337,Ember Capital - Renewal,234,9,5595,Events,2026-07-06,2026-09-26,Closed Won,47000.0,1.0,,2026-09-19
1338,Lumen Media 4 - New Business,300,1,5596,Referral,2026-06-20,2027-01-23,Discovery,104100.0,0.1,,2026-09-07
1339,Unity Health - New Business,104,11,5602,Social,2024-12-05,2025-01-11,Closed Lost,17400.0,0.0,Timing,2025-01-10
1340,Delta Media 21 - Renewal,454,11,5603,Outbound,2024-03-22,2024-04-13,Closed Lost,6400.0,0.0,No Budget,2024-04-11
1341,Kite Media 92 - Expansion,588,4,5630,Paid Search,2025-12-13,2026-03-07,Closed Lost,112200.0,0.0,Price,2026-02-25
1342,Wren Analytics - Renewal,143,8,5638,Organic Search,2026-06-26,2026-08-31,Closed Lost,9400.0,0.0,No Budget,2026-08-29
1343,Kite Labs 88 - New Business,517,12,5641,Events,2026-08-16,2026-09-16,Closed Won,2400.0,1.0,,2026-09-14
1344,Rune Learning 76 - New Business,574,5,5646,Social,2024-10-06,2024-11-11,Closed Won,27200.0,1.0,,2024-11-05
1345,Unity Learning - New Business,131,11,5649,Partner,2024-09-27,2024-10-14,Closed Lost,9100.0,0.0,Product Fit,2024-10-14
1346,Jasper Cloud 4 - New Business,410,12,5650,Organic Search,2025-01-18,2025-02-05,Closed Lost,8100.0,0.0,Timing,2025-01-31
1347,Flint Learning 27 - Renewal,83,5,5653,Events,2026-07-25,2026-10-07,Proposal,13400.0,0.5,,2026-09-27
1348,Sable Capital 41 - New Business,444,9,5661,Partner,2026-08-26,2026-10-01,Negotiation,18700.0,0.75,,2026-09-25
1349,Kite Capital 18 - Renewal,413,11,5663,Paid Search,2024-12-30,2025-01-17,Closed Lost,4900.0,0.0,Competitor,2025-01-17
1350,Cinder Commerce - Renewal,54,14,5667,Organic Search,2024-04-28,2024-06-04,Closed Won,7600.0,1.0,,2024-05-25
1351,Vela Dynamics - Expansion,230,11,5672,Paid Search,2024-07-27,2024-08-17,Closed Lost,16700.0,0.0,Price,2024-08-10
1352,Acorn Analytics 27 - Renewal,325,9,5673,Events,2025-12-23,2026-02-16,Closed Lost,15700.0,0.0,Price,2026-02-06
1353,Helix Commerce 48 - Renewal,339,11,5676,Paid Search,2026-02-14,2026-03-15,Closed Lost,18500.0,0.0,Timing,2026-02-17
1354,Prism Commerce 6 - New Business,544,1,5678,Referral,2024-05-03,2024-08-04,Closed Won,97300.0,1.0,,2024-08-03
1355,Kite Labs 67 - Expansion,148,10,5679,Events,2025-10-25,2025-11-25,Closed Lost,9000.0,0.0,Timing,2025-11-24
1356,Delta Media - New Business,425,1,5688,Paid Search,2025-04-16,2025-08-11,Closed Lost,79100.0,0.0,Price,2025-08-03
1357,Indigo Commerce 46 - New Business,592,10,5689,Organic Search,2024-12-28,2025-01-07,Closed Lost,19900.0,0.0,Timing,2025-01-05
1358,Quill Media 59 - New Business,126,14,5691,Outbound,2024-10-23,2024-11-16,Closed Lost,10300.0,0.0,No Decision,2024-10-27
1359,Unity Cloud - New Business,409,11,5692,Organic Search,2024-07-08,2024-08-06,Closed Lost,13400.0,0.0,No Budget,2024-07-30
1360,Wren Freight - Renewal,365,9,5695,Partner,2024-10-18,2024-11-27,Closed Lost,23600.0,0.0,Product Fit,2024-11-26
1361,Indigo Analytics 3 - Renewal,596,12,5699,Events,2026-09-10,2026-10-07,Proposal,7000.0,0.5,,2026-09-20
1362,Indigo Capital - New Business,145,10,5700,Organic Search,2024-10-28,2024-11-26,Closed Lost,4100.0,0.0,Price,2024-11-13
1363,Cinder Freight 26 - New Business,278,5,5702,Organic Search,2025-10-28,2026-01-17,Closed Lost,55900.0,0.0,Product Fit,2026-01-04
1364,Prism Commerce 43 - Expansion,266,10,5705,Events,2025-04-30,2025-06-02,Closed Lost,13100.0,0.0,Price,2025-04-30
1365,Cinder Freight 26 - Renewal,278,9,5707,Organic Search,2026-03-17,2026-04-28,Closed Won,66900.0,1.0,,2026-04-20
1366,Helix Dynamics - Expansion,57,10,5708,Events,2025-12-26,2026-01-23,Closed Lost,10000.0,0.0,No Budget,2026-01-11
1367,Kite Media 45 - Expansion,265,10,5710,Referral,2026-03-14,2026-04-06,Closed Lost,8900.0,0.0,Price,2026-04-03
1368,Onyx Commerce - Expansion,47,13,5716,Partner,2025-04-13,2025-05-03,Closed Won,12600.0,1.0,,2025-04-24
1369,Unity Media 37 - New Business,389,2,5721,Events,2025-12-25,2026-11-13,Negotiation,190800.0,0.75,,2026-09-26
1370,Beacon Dynamics 92 - Expansion,152,13,5723,Outbound,2026-08-17,2026-09-28,Closed Won,8500.0,1.0,,2026-09-20
1371,Sable Labs - Renewal,29,8,5725,Referral,2026-05-07,2026-06-27,Closed Lost,60400.0,0.0,No Budget,2026-05-27
1372,Onyx Freight 27 - New Business,393,10,5726,Organic Search,2026-05-23,2026-06-27,Closed Won,10800.0,1.0,,2026-06-05
1373,Glacier Dynamics 43 - Expansion,546,14,5732,Social,2026-09-09,2026-09-28,Closed Lost,9200.0,0.0,Price,2026-09-17
1374,Beacon Media - Expansion,217,2,5741,Referral,2026-01-15,2026-04-02,Closed Won,92300.0,1.0,,2026-03-31
1375,Nova Health - Renewal,136,10,5742,Organic Search,2025-01-19,2025-02-22,Closed Lost,9700.0,0.0,No Decision,2025-02-19
1376,Jasper Capital 52 - Renewal,379,2,5743,Outbound,2024-08-21,2024-12-04,Closed Lost,94900.0,0.0,No Budget,2024-11-25
1377,Cinder Health 10 - New Business,250,6,5749,Organic Search,2025-04-10,2025-06-10,Closed Lost,55500.0,0.0,No Budget,2025-06-01
1378,Acorn Health 64 - Renewal,355,4,5750,Referral,2025-09-07,2025-11-10,Closed Lost,151700.0,0.0,Competitor,2025-11-05
1379,Indigo Health 78 - New Business,594,11,5752,Paid Search,2026-02-07,2026-03-04,Closed Lost,15200.0,0.0,No Decision,2026-02-14
1380,Vela Learning 29 - New Business,314,1,5754,Outbound,2026-02-20,2026-04-07,Closed Lost,52800.0,0.0,No Decision,2026-04-07
1381,Kite Learning - New Business,123,13,5757,Referral,2026-04-05,2026-05-16,Closed Lost,17900.0,0.0,Timing,2026-05-11
1382,Glacier Dynamics 43 - New Business,546,14,5758,Referral,2025-05-04,2025-06-01,Closed Won,14800.0,1.0,,2025-05-22
1383,Acorn Capital 47 - Expansion,147,10,5762,Outbound,2024-03-02,2024-04-11,Closed Lost,26500.0,0.0,Timing,2024-03-06
1384,Onyx Freight 27 - New Business,393,14,5767,Partner,2025-04-09,2025-05-17,Closed Lost,9600.0,0.0,No Budget,2025-05-03
1385,Cinder Health 48 - New Business,208,1,5770,Organic Search,2024-07-13,2024-10-08,Closed Lost,86300.0,0.0,No Decision,2024-09-16
1386,Kite Capital - Renewal,117,4,5771,Events,2026-07-07,2026-09-20,Closed Won,89700.0,1.0,,2026-09-12
1387,Beacon Freight 15 - New Business,496,14,5775,Organic Search,2025-09-19,2025-10-07,Closed Won,10200.0,1.0,,2025-10-04
1388,Prism Commerce 96 - Renewal,386,11,5781,Referral,2024-04-16,2024-05-04,Closed Lost,8600.0,0.0,Competitor,2024-05-03
1389,Unity Learning 28 - New Business,353,10,5782,Events,2026-06-27,2026-08-12,Closed Lost,18200.0,0.0,Competitor,2026-08-06
1390,Unity Dynamics - Renewal,102,10,5786,Organic Search,2026-08-30,2026-10-01,Negotiation,17500.0,0.75,,2026-09-30
1391,Flint Health - Renewal,119,3,5787,Organic Search,2025-01-26,2025-06-14,Closed Won,101100.0,1.0,,2025-06-11
1392,Kite Health 97 - New Business,491,12,5788,Events,2025-11-30,2025-12-19,Closed Lost,15800.0,0.0,Price,2025-12-18
1393,Acorn Learning 93 - Expansion,98,10,5789,Partner,2026-03-23,2026-04-09,Closed Won,14800.0,1.0,,2026-04-08
1394,Prism Cloud 12 - New Business,414,5,5793,Organic Search,2024-10-29,2024-12-31,Closed Lost,16700.0,0.0,Competitor,2024-12-20
1395,Jasper Learning 72 - Renewal,509,8,5795,Organic Search,2026-09-25,2026-11-17,Discovery,22200.0,0.1,,2026-09-25
1396,Indigo Health 78 - Renewal,594,12,5797,Referral,2024-07-16,2024-08-09,Closed Lost,22800.0,0.0,No Budget,2024-07-18
1397,Prism Freight 37 - Expansion,323,11,5804,Events,2026-08-26,2026-10-04,Negotiation,6400.0,0.75,,2026-08-31
1398,Terra Capital 11 - New Business,263,9,5807,Organic Search,2026-04-15,2026-05-31,Closed Won,15300.0,1.0,,2026-05-18
1399,Kite Health 97 - Expansion,491,12,5809,Events,2026-07-01,2026-07-19,Closed Lost,15000.0,0.0,Price,2026-07-08
1400,Mosaic Media 61 - Expansion,473,14,5810,Outbound,2026-03-11,2026-04-04,Closed Lost,14700.0,0.0,Timing,2026-03-24
1401,Kite Labs - Expansion,85,10,5819,Organic Search,2024-11-21,2024-12-11,Closed Lost,2500.0,0.0,Price,2024-12-10
1402,Nova Learning 20 - Renewal,125,2,5822,Outbound,2025-12-28,2026-07-17,Closed Lost,169200.0,0.0,Competitor,2026-06-30
1403,Cinder Commerce 62 - Renewal,587,8,5829,Paid Search,2024-06-12,2024-08-25,Closed Lost,66300.0,0.0,No Decision,2024-08-24
1404,Beacon Learning 81 - Renewal,518,11,5830,Paid Search,2025-05-27,2025-06-25,Closed Lost,6300.0,0.0,Competitor,2025-06-13
1405,Indigo Capital 15 - New Business,293,13,5837,Outbound,2025-03-26,2025-04-26,Closed Lost,11400.0,0.0,Price,2025-04-26
1406,Wren Labs 39 - New Business,46,4,5843,Referral,2025-06-10,2025-10-06,Closed Lost,108700.0,0.0,Price,2025-10-02
1407,Nova Cloud 95 - Renewal,559,4,5847,Referral,2025-03-18,2025-04-25,Closed Won,70100.0,1.0,,2025-04-25
1408,Lumen Freight 82 - Renewal,442,8,5852,Organic Search,2026-08-13,2026-09-11,Closed Lost,44500.0,0.0,Competitor,2026-09-07
1409,Onyx Dynamics - New Business,40,6,5853,Organic Search,2026-01-07,2026-03-03,Closed Lost,34400.0,0.0,Competitor,2026-02-09
1410,Acorn Health - New Business,5,6,5856,Partner,2025-03-03,2025-04-17,Closed Won,17300.0,1.0,,2025-04-05
1411,Glacier Freight - Expansion,297,13,5861,Partner,2025-01-18,2025-02-05,Closed Lost,4800.0,0.0,Product Fit,2025-02-01
1412,Unity Media 96 - Expansion,534,13,5864,Organic Search,2026-04-20,2026-05-20,Closed Lost,7300.0,0.0,Competitor,2026-05-06
1413,Acorn Dynamics - New Business,55,5,5865,Organic Search,2025-12-15,2026-04-21,Closed Lost,27200.0,0.0,Competitor,2026-04-14
1414,Quill Dynamics 17 - New Business,510,13,5866,Organic Search,2026-08-01,2026-08-24,Closed Lost,10600.0,0.0,Price,2026-08-20
1415,Kite Labs 88 - New Business,517,14,5872,Organic Search,2026-02-28,2026-04-09,Closed Lost,22800.0,0.0,No Decision,2026-03-30
1416,Vela Freight 76 - New Business,388,12,5874,Partner,2026-04-12,2026-05-01,Closed Lost,7300.0,0.0,Price,2026-04-28
1417,Mosaic Commerce - New Business,76,7,5881,Events,2026-05-01,2026-07-31,Closed Lost,26600.0,0.0,Price,2026-07-25
1418,Unity Learning 28 - New Business,353,10,5883,Organic Search,2024-08-12,2024-09-26,Closed Lost,4300.0,0.0,Competitor,2024-09-25
1419,Sable Capital - New Business,86,7,5887,Partner,2026-03-01,2026-04-26,Closed Won,44900.0,1.0,,2026-04-25
1420,Delta Analytics - Expansion,2,3,5892,Paid Search,2026-04-25,2026-07-25,Closed Lost,87900.0,0.0,Price,2026-07-23
1421,Kite Cloud 23 - Renewal,244,11,5896,Organic Search,2024-09-24,2024-10-24,Closed Lost,27400.0,0.0,Price,2024-10-11
1422,Wren Cloud 30 - New Business,507,14,5897,Partner,2024-12-06,2024-12-18,Closed Lost,5000.0,0.0,Timing,2024-12-15
1423,Beacon Cloud 45 - Expansion,362,13,5901,Organic Search,2025-11-29,2026-01-24,Closed Lost,15300.0,0.0,No Decision,2026-01-18
1424,Quill Media 76 - New Business,585,5,5903,Referral,2024-01-21,2024-02-24,Closed Lost,8600.0,0.0,Price,2024-02-17
1425,Jasper Media - Renewal,256,10,5908,Referral,2026-06-23,2026-07-29,Closed Lost,6100.0,0.0,No Decision,2026-07-21
1426,Nova Analytics - Expansion,580,14,5920,Referral,2024-05-24,2024-06-11,Closed Lost,12200.0,0.0,No Decision,2024-06-11
1427,Lumen Commerce 23 - Expansion,252,6,5928,Paid Search,2026-02-07,2026-03-29,Closed Lost,30400.0,0.0,Competitor,2026-03-29
1428,Indigo Freight 90 - Renewal,493,6,5929,Events,2026-09-04,2026-09-27,Closed Lost,21800.0,0.0,Price,2026-09-13
1429,Helix Commerce 48 - Expansion,339,11,5931,Organic Search,2025-04-13,2025-05-07,Closed Won,5300.0,1.0,,2025-05-05
1430,Flint Labs - Expansion,41,5,5932,Events,2026-04-20,2026-06-24,Closed Lost,24600.0,0.0,Price,2026-06-17
1431,Lumen Cloud - New Business,81,7,5936,Events,2024-12-16,2025-02-22,Closed Lost,37000.0,0.0,No Budget,2025-02-16
1432,Acorn Commerce - Expansion,110,6,5943,Organic Search,2025-08-12,2025-10-31,Closed Lost,23500.0,0.0,Price,2025-10-15
1433,Beacon Labs 3 - Expansion,464,12,5944,Events,2024-08-22,2024-09-11,Closed Lost,42700.0,0.0,Competitor,2024-09-01
1434,Prism Cloud 51 - New Business,486,5,5952,Outbound,2026-08-02,2026-12-06,Proposal,21900.0,0.5,,2026-09-21
1435,Lumen Labs - New Business,8,14,5957,Outbound,2025-02-10,2025-02-24,Closed Won,8500.0,1.0,,2025-02-24
1436,Glacier Learning - New Business,181,13,5958,Outbound,2026-08-05,2026-08-24,Closed Lost,7800.0,0.0,No Budget,2026-08-16
1437,Glacier Capital - New Business,155,8,5959,Organic Search,2026-08-19,2026-12-16,Qualification,66500.0,0.25,,2026-09-27
1438,Cinder Cloud 90 - New Business,327,9,5964,Organic Search,2026-07-08,2026-08-27,Closed Lost,42300.0,0.0,Competitor,2026-07-18
1439,Unity Analytics 48 - New Business,440,13,5966,Paid Search,2025-04-26,2025-05-14,Closed Won,16800.0,1.0,,2025-05-14
1440,Indigo Health 58 - New Business,361,11,5968,Referral,2026-08-13,2026-09-06,Closed Lost,17800.0,0.0,Timing,2026-08-29
1441,Mosaic Dynamics 40 - Renewal,485,5,5972,Organic Search,2025-09-04,2025-10-24,Closed Lost,24400.0,0.0,Product Fit,2025-10-12
1442,Vela Learning 8 - New Business,308,10,5974,Organic Search,2026-09-09,2026-09-27,Closed Lost,5700.0,0.0,No Decision,2026-09-24
1443,Nova Capital 30 - Renewal,547,6,5978,Organic Search,2026-03-03,2026-04-03,Closed Lost,32600.0,0.0,Price,2026-03-29
1444,Flint Health 41 - Expansion,457,13,5983,Organic Search,2025-08-23,2025-09-10,Closed Lost,7900.0,0.0,Price,2025-08-23
1445,Mosaic Analytics - Renewal,151,13,5984,Organic Search,2024-05-05,2024-05-22,Closed Lost,6300.0,0.0,No Decision,2024-05-15
1446,Prism Health 64 - New Business,237,14,5986,Organic Search,2025-03-25,2025-04-14,Closed Won,7800.0,1.0,,2025-03-25
1447,Vela Freight - Renewal,280,13,5988,Organic Search,2024-12-24,2025-02-04,Closed Lost,4400.0,0.0,Competitor,2025-02-01
1448,Quill Health - Expansion,66,13,5990,Organic Search,2024-05-04,2024-06-11,Closed Lost,17400.0,0.0,No Decision,2024-06-11
1449,Kite Capital - New Business,117,3,5995,Organic Search,2025-04-06,2025-06-20,Closed Won,251800.0,1.0,,2025-06-01
1450,Unity Learning - Renewal,131,12,6006,Organic Search,2025-08-25,2025-09-24,Closed Won,5900.0,1.0,,2025-09-19
1451,Vela Learning 29 - Renewal,314,4,6007,Paid Search,2025-09-22,2025-11-21,Closed Lost,63500.0,0.0,No Decision,2025-11-17
1452,Onyx Capital 96 - New Business,416,8,6011,Partner,2025-04-09,2025-05-09,Closed Lost,81800.0,0.0,Timing,2025-05-08
1453,Quill Analytics 58 - New Business,212,10,6016,Paid Search,2024-12-14,2025-01-13,Closed Lost,29200.0,0.0,Competitor,2025-01-12
1454,Ember Learning - New Business,112,9,6028,Events,2025-01-19,2025-04-08,Closed Lost,100000.0,0.0,No Decision,2025-04-04
1455,Ember Capital 53 - New Business,366,7,6034,Referral,2026-07-14,2026-09-14,Closed Lost,33000.0,0.0,No Decision,2026-09-12
1456,Vela Freight 76 - New Business,388,10,6043,Partner,2025-02-10,2025-03-07,Closed Lost,5300.0,0.0,Price,2025-03-03
1457,Vela Capital 25 - New Business,159,7,6051,Social,2026-04-22,2026-06-07,Closed Lost,52200.0,0.0,Timing,2026-05-26
1458,Terra Labs 94 - New Business,450,12,6054,Organic Search,2025-07-27,2025-08-11,Closed Won,16500.0,1.0,,2025-07-31
1459,Glacier Capital - New Business,155,6,6057,Events,2025-05-20,2025-07-07,Closed Lost,38500.0,0.0,No Budget,2025-07-04
1460,Prism Cloud 56 - Expansion,203,6,6061,Referral,2024-05-28,2024-08-16,Closed Lost,46400.0,0.0,Price,2024-08-15
1461,Unity Health - Renewal,104,10,6065,Organic Search,2024-07-03,2024-08-06,Closed Lost,10400.0,0.0,Price,2024-07-31
1462,Indigo Freight - New Business,279,6,6066,Paid Search,2024-10-02,2024-12-04,Closed Lost,46300.0,0.0,Product Fit,2024-12-03
1463,Ember Commerce - Renewal,13,8,6068,Referral,2026-05-05,2026-07-03,Closed Won,24400.0,1.0,,2026-06-28
1464,Beacon Learning - New Business,408,9,6069,Paid Search,2025-12-22,2026-03-20,Closed Lost,20600.0,0.0,Product Fit,2026-03-16
1465,Mosaic Media 75 - Renewal,322,6,6070,Organic Search,2026-01-05,2026-03-22,Closed Won,68700.0,1.0,,2026-03-13
1466,Kite Cloud - Expansion,28,11,6073,Events,2024-04-12,2024-04-27,Closed Lost,6300.0,0.0,No Budget,2024-04-23
1467,Glacier Media - New Business,563,7,6079,Paid Search,2025-07-06,2025-09-12,Closed Lost,20300.0,0.0,No Decision,2025-08-17
1468,Flint Labs - New Business,41,7,6085,Organic Search,2025-08-17,2025-10-20,Closed Won,23300.0,1.0,,2025-10-06
1469,Kite Media - New Business,88,11,6087,Organic Search,2025-12-30,2026-01-30,Closed Lost,21300.0,0.0,Competitor,2026-01-14
1470,Nova Cloud - New Business,460,6,6093,Organic Search,2026-03-21,2026-06-14,Closed Lost,61500.0,0.0,Competitor,2026-06-01
1471,Terra Capital 6 - New Business,499,3,6097,Organic Search,2025-12-19,2026-02-27,Closed Lost,46700.0,0.0,Product Fit,2026-02-19
1472,Nova Capital 30 - Expansion,547,7,6098,Outbound,2024-03-28,2024-05-15,Closed Lost,25300.0,0.0,No Budget,2024-04-15
1473,Prism Cloud 51 - Expansion,486,7,6099,Organic Search,2025-04-01,2025-05-09,Closed Won,15900.0,1.0,,2025-05-06
1474,Mosaic Learning 85 - Expansion,543,5,6102,Referral,2025-03-09,2025-05-10,Closed Lost,68700.0,0.0,No Decision,2025-05-09
1475,Terra Capital 6 - Expansion,499,2,6103,Referral,2026-06-05,2026-11-09,Proposal,37600.0,0.5,,2026-09-29
1476,Indigo Health 58 - New Business,361,10,6106,Referral,2025-10-06,2025-10-31,Closed Won,8200.0,1.0,,2025-10-30
1477,Delta Freight 75 - New Business,343,3,6111,Partner,2025-08-20,2025-10-27,Closed Lost,150900.0,0.0,Timing,2025-10-16
1478,Beacon Dynamics 92 - New Business,152,10,6112,Partner,2025-01-14,2025-02-06,Closed Won,4400.0,1.0,,2025-02-02
1479,Jasper Learning 13 - New Business,246,8,6113,Organic Search,2026-01-26,2026-04-01,Closed Lost,42300.0,0.0,Price,2026-03-29
1480,Cinder Cloud - Expansion,209,12,6119,Organic Search,2025-10-17,2025-11-08,Closed Won,15400.0,1.0,,2025-10-30
1481,Rune Health - New Business,11,6,6120,Outbound,2025-01-17,2025-04-03,Closed Lost,95900.0,0.0,Competitor,2025-04-02
1482,Acorn Labs 82 - New Business,288,10,6127,Referral,2025-10-03,2025-10-27,Closed Lost,9000.0,0.0,No Budget,2025-10-03
1483,Kite Media 92 - New Business,588,3,6133,Events,2026-08-22,2026-12-07,Qualification,213200.0,0.25,,2026-09-29
1484,Onyx Capital - Expansion,373,11,6136,Organic Search,2025-05-12,2025-06-12,Closed Lost,6700.0,0.0,No Budget,2025-05-28
1485,Ember Capital 25 - Renewal,350,14,6145,Organic Search,2025-07-29,2025-08-22,Closed Lost,11300.0,0.0,Timing,2025-08-16
1486,Kite Cloud - Expansion,28,11,6152,Paid Search,2024-12-03,2024-12-21,Closed Won,6600.0,1.0,,2024-12-15
1487,Mosaic Labs 35 - New Business,306,12,6155,Organic Search,2024-10-16,2024-11-10,Closed Lost,3800.0,0.0,Price,2024-10-30
1488,Indigo Health 78 - New Business,594,10,6157,Partner,2026-08-31,2026-10-21,Negotiation,3900.0,0.75,,2026-08-31
1489,Terra Learning - New Business,99,1,6163,Paid Search,2024-10-04,2025-02-08,Closed Lost,127900.0,0.0,Competitor,2025-01-04
1490,Unity Media - New Business,324,11,6164,Events,2024-07-30,2024-09-20,Closed Lost,9400.0,0.0,Competitor,2024-09-06
1491,Nova Commerce - New Business,173,6,6165,Events,2026-07-31,2026-09-06,Closed Won,28800.0,1.0,,2026-09-06
1492,Wren Analytics 35 - New Business,412,10,6173,Outbound,2024-07-14,2024-08-01,Closed Lost,22900.0,0.0,Competitor,2024-07-31
1493,Nova Health - New Business,136,14,6174,Organic Search,2026-07-08,2026-07-29,Closed Lost,7500.0,0.0,Competitor,2026-07-25
1494,Flint Analytics 80 - Renewal,298,8,6189,Organic Search,2024-08-13,2024-10-18,Closed Lost,17100.0,0.0,Price,2024-10-11
1495,Vela Health 3 - New Business,524,13,6196,Organic Search,2026-06-04,2026-07-06,Closed Lost,9900.0,0.0,Price,2026-06-29
1496,Nova Freight 47 - New Business,490,13,6206,Referral,2024-02-21,2024-03-13,Closed Won,7200.0,1.0,,2024-03-10
1497,Nova Learning 20 - Expansion,125,1,6211,Referral,2025-07-12,2025-09-12,Closed Lost,45200.0,0.0,Price,2025-08-30
1498,Delta Analytics - Expansion,2,4,6212,Organic Search,2024-09-21,2024-11-01,Closed Lost,216400.0,0.0,Competitor,2024-10-30
1499,Delta Freight - Expansion,120,14,6220,Paid Search,2025-04-09,2025-04-30,Closed Lost,4500.0,0.0,No Budget,2025-04-29
1500,Ember Commerce 31 - Expansion,358,2,6224,Organic Search,2026-03-18,2026-08-15,Closed Won,96200.0,1.0,,2026-08-15
1501,Flint Labs 26 - New Business,508,3,6227,Outbound,2025-12-02,2026-03-03,Closed Lost,50100.0,0.0,No Budget,2026-02-17
1502,Helix Capital 45 - Expansion,219,11,6233,Partner,2024-12-11,2025-01-02,Closed Lost,8700.0,0.0,Competitor,2024-12-26
1503,Cinder Media 8 - New Business,105,11,6241,Referral,2025-01-03,2025-01-19,Closed Lost,7200.0,0.0,No Decision,2025-01-03
1504,Prism Dynamics 17 - New Business,176,3,6251,Outbound,2024-08-26,2025-01-01,Closed Lost,106900.0,0.0,No Budget,2024-12-17
1505,Lumen Freight 12 - New Business,307,13,6253,Referral,2026-06-08,2026-07-21,Closed Won,9400.0,1.0,,2026-07-11
1506,Indigo Commerce 82 - New Business,179,3,6254,Organic Search,2026-07-15,2026-11-29,Proposal,43400.0,0.5,,2026-09-25
1507,Terra Freight 83 - New Business,551,9,6256,Partner,2024-10-03,2024-12-09,Closed Lost,114300.0,0.0,Price,2024-12-06
1508,Nova Learning 85 - New Business,459,6,6260,Paid Search,2024-08-18,2024-09-09,Closed Won,28100.0,1.0,,2024-08-25
1509,Acorn Dynamics 23 - New Business,103,12,6261,Referral,2025-11-09,2025-11-27,Closed Lost,8200.0,0.0,Product Fit,2025-11-09
1510,Ember Analytics - New Business,264,8,6267,Referral,2026-09-16,2026-11-28,Discovery,23100.0,0.1,,2026-09-16
1511,Acorn Labs 57 - Expansion,472,7,6270,Social,2024-07-20,2024-10-05,Closed Lost,46500.0,0.0,No Decision,2024-10-01
1512,Helix Commerce 48 - New Business,339,12,6273,Partner,2024-12-04,2024-12-31,Closed Won,8800.0,1.0,,2024-12-28
1513,Helix Capital - Renewal,135,3,6274,Organic Search,2026-05-10,2026-07-12,Closed Lost,24700.0,0.0,No Budget,2026-07-12
1514,Wren Learning 30 - New Business,290,6,6276,Events,2026-04-11,2026-06-12,Closed Lost,35300.0,0.0,Price,2026-05-16
1515,Quill Health - New Business,66,12,6278,Events,2024-08-12,2024-09-22,Closed Lost,8400.0,0.0,Price,2024-09-19
1516,Mosaic Learning - New Business,259,13,6282,Organic Search,2026-02-18,2026-05-01,Closed Won,9500.0,1.0,,2026-04-10
1517,Unity Dynamics 19 - Expansion,505,4,6284,Organic Search,2026-04-07,2026-06-05,Closed Won,214000.0,1.0,,2026-05-29
1518,Unity Dynamics 8 - Renewal,170,14,6291,Referral,2025-09-27,2025-10-17,Closed Lost,14100.0,0.0,Competitor,2025-10-15
1519,Kite Commerce 54 - Renewal,455,14,6299,Organic Search,2024-06-08,2024-06-30,Closed Won,5700.0,1.0,,2024-06-08
1520,Wren Dynamics 87 - Renewal,404,6,6300,Paid Search,2024-05-23,2024-06-13,Closed Lost,36200.0,0.0,Competitor,2024-06-01
1521,Wren Learning 30 - New Business,290,9,6311,Paid Search,2024-10-08,2024-11-30,Closed Won,41500.0,1.0,,2024-10-12
1522,Mosaic Analytics - New Business,151,13,6312,Social,2025-10-10,2025-11-01,Closed Lost,5700.0,0.0,Product Fit,2025-10-25
1523,Vela Health 3 - Expansion,524,12,6314,Referral,2026-07-30,2026-08-29,Closed Lost,18100.0,0.0,Price,2026-07-30
1524,Prism Cloud 85 - New Business,468,8,6315,Organic Search,2026-03-23,2026-04-27,Closed Won,54300.0,1.0,,2026-03-28
1525,Quill Freight 86 - New Business,537,3,6319,Events,2026-06-09,2026-08-28,Closed Lost,92700.0,0.0,Price,2026-08-28
1526,Onyx Labs 37 - New Business,372,11,6328,Referral,2024-02-17,2024-04-04,Closed Lost,17500.0,0.0,No Decision,2024-03-28
1527,Helix Capital 11 - New Business,253,6,6329,Events,2025-06-02,2025-07-21,Closed Lost,37200.0,0.0,Price,2025-07-17
1528,Ember Freight 16 - New Business,128,5,6332,Outbound,2025-07-27,2025-09-05,Closed Won,21100.0,1.0,,2025-09-01
1529,Prism Commerce 96 - Expansion,386,13,6335,Outbound,2025-05-01,2025-05-22,Closed Lost,8400.0,0.0,No Budget,2025-05-18
1530,Helix Health 27 - New Business,364,13,6338,Organic Search,2025-09-03,2025-10-09,Closed Lost,12900.0,0.0,No Budget,2025-09-18
1531,Terra Freight 83 - Expansion,551,7,6340,Events,2025-01-13,2025-02-23,Closed Lost,43600.0,0.0,Competitor,2025-02-17
1532,Helix Freight 32 - Expansion,566,3,6341,Organic Search,2026-04-15,2026-08-26,Closed Lost,122000.0,0.0,Competitor,2026-08-22
1533,Jasper Labs 6 - New Business,406,1,6343,Referral,2026-01-01,2026-03-09,Closed Won,36000.0,1.0,,2026-03-03
1534,Vela Learning 8 - New Business,308,13,6347,Events,2024-09-17,2024-10-05,Closed Lost,8800.0,0.0,Price,2024-09-17
1535,Glacier Freight - New Business,297,10,6348,Outbound,2026-09-07,2026-10-12,Proposal,8600.0,0.5,,2026-09-19
1536,Prism Dynamics 67 - Expansion,548,14,6354,Partner,2025-08-27,2025-09-18,Closed Won,7800.0,1.0,,2025-09-08
1537,Mosaic Cloud - New Business,4,7,6355,Organic Search,2025-09-29,2025-12-05,Closed Lost,30100.0,0.0,No Decision,2025-12-01
1538,Unity Labs 68 - New Business,394,2,6357,Referral,2026-07-27,2027-02-03,Qualification,108900.0,0.25,,2026-09-15
1539,Helix Capital 11 - Expansion,253,7,6359,Partner,2025-07-04,2025-09-02,Closed Lost,112000.0,0.0,Price,2025-08-24
1540,Lumen Dynamics 61 - Renewal,313,11,6363,Organic Search,2026-02-03,2026-03-04,Closed Lost,5400.0,0.0,No Decision,2026-02-12
1541,Vela Dynamics 24 - New Business,398,10,6367,Social,2025-05-28,2025-07-03,Closed Lost,8300.0,0.0,Competitor,2025-06-30
1542,Unity Health - Expansion,104,10,6375,Partner,2025-03-16,2025-04-20,Closed Lost,12200.0,0.0,Price,2025-04-12
1543,Terra Learning 78 - Expansion,213,13,6384,Organic Search,2025-06-25,2025-07-05,Closed Lost,16900.0,0.0,No Decision,2025-06-30
1544,Beacon Labs - Expansion,184,8,6385,Partner,2026-06-03,2026-07-14,Closed Lost,13700.0,0.0,Price,2026-06-03
1545,Terra Cloud 29 - Expansion,384,2,6387,Referral,2025-03-20,2025-06-06,Closed Lost,54700.0,0.0,No Budget,2025-06-03
1546,Rune Health 38 - Renewal,121,13,6399,Organic Search,2025-02-03,2025-03-12,Closed Won,5200.0,1.0,,2025-02-26
1547,Rune Health 38 - Expansion,121,11,6400,Referral,2026-02-20,2026-03-22,Closed Lost,12600.0,0.0,No Budget,2026-03-22
1548,Mosaic Labs - Renewal,211,6,6406,Paid Search,2024-10-02,2024-11-17,Closed Won,25100.0,1.0,,2024-11-13
1549,Lumen Commerce 59 - Renewal,154,9,6411,Events,2025-02-15,2025-04-14,Closed Lost,20600.0,0.0,Price,2025-04-13
1550,Prism Commerce 4 - New Business,317,3,6412,Organic Search,2026-03-12,2026-07-01,Closed Lost,55500.0,0.0,Price,2026-06-21
1551,Ember Freight 26 - Expansion,411,3,6413,Social,2024-05-02,2024-06-18,Closed Lost,86700.0,0.0,Competitor,2024-06-01
1552,Jasper Commerce 55 - Expansion,370,7,6415,Outbound,2025-11-02,2026-01-01,Closed Won,11000.0,1.0,,2025-12-29
1553,Beacon Media - New Business,217,3,6428,Partner,2025-03-02,2025-08-14,Closed Lost,45100.0,0.0,No Budget,2025-06-28
1554,Prism Freight 37 - New Business,323,10,6429,Organic Search,2026-01-06,2026-01-22,Closed Won,10500.0,1.0,,2026-01-22
1555,Glacier Learning 75 - New Business,342,14,6430,Outbound,2025-10-06,2025-10-24,Closed Lost,7100.0,0.0,Price,2025-10-15
1556,Helix Cloud - Expansion,231,4,6438,Events,2026-04-18,2026-09-27,Closed Lost,118600.0,0.0,No Decision,2026-09-11
1557,Beacon Labs 3 - New Business,464,14,6444,Referral,2026-04-10,2026-04-26,Closed Lost,2700.0,0.0,Timing,2026-04-18
1558,Lumen Commerce - Expansion,56,7,6455,Organic Search,2026-07-22,2026-09-02,Closed Lost,39300.0,0.0,No Budget,2026-08-09
1559,Mosaic Cloud - New Business,4,7,6456,Paid Search,2024-10-05,2024-11-21,Closed Lost,16300.0,0.0,Price,2024-11-21
1560,Vela Freight - Renewal,280,14,6457,Referral,2024-07-16,2024-07-30,Closed Lost,14300.0,0.0,Competitor,2024-07-29
1561,Indigo Analytics 30 - New Business,319,9,6458,Partner,2024-03-27,2024-05-03,Closed Lost,17500.0,0.0,Competitor,2024-05-01
1562,Beacon Labs 3 - New Business,464,12,6461,Referral,2025-06-09,2025-06-25,Closed Lost,8400.0,0.0,Price,2025-06-18
1563,Indigo Analytics 3 - Expansion,596,13,6471,Referral,2026-01-25,2026-03-23,Closed Lost,9000.0,0.0,Price,2026-03-10
1564,Terra Cloud 32 - New Business,273,14,6475,Referral,2024-05-21,2024-06-15,Closed Lost,7700.0,0.0,Timing,2024-06-15
1565,Prism Commerce - Renewal,38,1,6476,Events,2025-09-06,2026-01-07,Closed Won,113100.0,1.0,,2025-12-30
1566,Wren Capital - New Business,188,11,6479,Organic Search,2024-06-29,2024-08-05,Closed Lost,8500.0,0.0,Product Fit,2024-07-09
1567,Terra Capital 6 - Expansion,499,2,6480,Referral,2025-09-08,2025-10-31,Closed Won,53100.0,1.0,,2025-10-15
1568,Terra Media 32 - New Business,512,14,6481,Events,2024-12-14,2025-01-05,Closed Won,14700.0,1.0,,2024-12-21
1569,Glacier Health - Renewal,514,11,6484,Events,2025-06-25,2025-07-26,Closed Lost,5000.0,0.0,No Budget,2025-07-24
1570,Delta Capital 15 - New Business,445,4,6486,Organic Search,2026-09-22,2026-12-26,Discovery,80500.0,0.1,,2026-09-22
1571,Delta Cloud 46 - Expansion,382,11,6495,Organic Search,2024-03-24,2024-06-08,Closed Lost,4300.0,0.0,Competitor,2024-05-19
1572,Vela Commerce - New Business,30,8,6497,Events,2025-03-27,2025-06-02,Closed Lost,145500.0,0.0,Timing,2025-05-28
1573,Beacon Cloud 13 - New Business,187,7,6498,Organic Search,2024-05-03,2024-07-06,Closed Lost,59400.0,0.0,No Decision,2024-06-13
1574,Indigo Labs 41 - Expansion,139,11,6501,Organic Search,2025-08-30,2025-09-30,Closed Lost,12400.0,0.0,Timing,2025-09-18
1575,Sable Media - New Business,161,10,6503,Partner,2025-02-18,2025-03-18,Closed Lost,6400.0,0.0,Timing,2025-03-15
1576,Wren Learning 38 - Renewal,72,4,6505,Outbound,2026-05-26,2026-07-27,Closed Lost,138800.0,0.0,No Decision,2026-07-27
1577,Glacier Health - Expansion,514,13,6513,Referral,2024-08-11,2024-09-18,Closed Won,14000.0,1.0,,2024-09-10
1578,Rune Health 61 - Renewal,344,14,6515,Organic Search,2024-11-08,2024-11-30,Closed Lost,13900.0,0.0,Product Fit,2024-11-30
1579,Cinder Health 46 - New Business,564,14,6525,Social,2024-01-31,2024-04-16,Closed Lost,5100.0,0.0,Competitor,2024-04-16
1580,Delta Learning 62 - New Business,70,13,6533,Paid Search,2024-08-01,2024-08-17,Closed Lost,5300.0,0.0,Price,2024-08-07
1581,Nova Media 50 - Renewal,299,5,6537,Organic Search,2025-11-10,2026-01-12,Closed Won,45500.0,1.0,,2026-01-10
1582,Jasper Freight 33 - Renewal,530,12,6539,Paid Search,2026-04-29,2026-05-30,Closed Lost,11600.0,0.0,Timing,2026-04-29
1583,Glacier Capital - New Business,155,5,6542,Organic Search,2025-06-16,2025-07-22,Closed Lost,27400.0,0.0,Price,2025-06-16
1584,Kite Commerce 45 - New Business,356,12,6545,Outbound,2025-03-31,2025-04-24,Closed Lost,8000.0,0.0,Timing,2025-04-24
1585,Rune Health - New Business,11,7,6549,Paid Search,2026-09-21,2026-11-09,Qualification,29100.0,0.25,,2026-09-21
1586,Nova Labs 94 - New Business,434,3,6560,Partner,2025-01-21,2025-03-02,Closed Won,104700.0,1.0,,2025-02-16
1587,Ember Capital 25 - New Business,350,14,6561,Organic Search,2024-11-16,2024-12-02,Closed Lost,8600.0,0.0,No Budget,2024-11-23
1588,Helix Commerce - New Business,14,12,6564,Outbound,2025-01-13,2025-01-31,Closed Won,15500.0,1.0,,2025-01-13
1589,Acorn Learning 93 - New Business,98,11,6565,Paid Search,2025-10-23,2025-11-26,Closed Lost,13200.0,0.0,Price,2025-11-21
1590,Ember Learning - Renewal,112,7,6571,Referral,2025-01-21,2025-04-09,Closed Won,5600.0,1.0,,2025-03-28
1591,Vela Learning 95 - New Business,451,4,6580,Paid Search,2026-08-26,2027-01-25,Discovery,74500.0,0.1,,2026-08-31
1592,Acorn Labs 60 - Renewal,94,3,6581,Paid Search,2025-11-14,2026-02-11,Closed Lost,174100.0,0.0,Timing,2026-02-06
1593,Acorn Learning 36 - New Business,146,6,6592,Organic Search,2025-02-04,2025-03-15,Closed Lost,72500.0,0.0,Price,2025-03-14
1594,Mosaic Freight 5 - Expansion,581,7,6593,Referral,2025-04-26,2025-06-13,Closed Lost,15900.0,0.0,Timing,2025-06-04
1595,Cinder Capital - New Business,315,10,6601,Events,2026-03-16,2026-04-04,Closed Won,6600.0,1.0,,2026-03-16
1596,Unity Commerce - New Business,336,14,6609,Referral,2026-08-14,2026-09-09,Closed Lost,16600.0,0.0,No Budget,2026-09-08
1597,Kite Capital - New Business,117,3,6613,Paid Search,2025-10-08,2026-01-09,Closed Lost,120300.0,0.0,Price,2026-01-04
1598,Jasper Commerce 50 - New Business,535,12,6616,Organic Search,2025-05-17,2025-06-22,Closed Lost,8400.0,0.0,No Budget,2025-05-21
1599,Quill Media 76 - New Business,585,7,6620,Partner,2024-12-18,2025-02-19,Closed Lost,17200.0,0.0,Product Fit,2025-02-15
1600,Jasper Capital - New Business,10,6,6622,Events,2026-04-15,2026-05-11,Closed Lost,43000.0,0.0,No Budget,2026-05-09
1601,Onyx Health 75 - Renewal,271,3,6626,Outbound,2025-08-08,2025-10-16,Closed Lost,140100.0,0.0,Price,2025-10-10
1602,Mosaic Commerce 44 - Expansion,428,7,6629,Organic Search,2026-09-24,2027-01-09,Discovery,102700.0,0.1,,2026-09-25
1603,Indigo Labs 47 - New Business,132,10,6630,Paid Search,2026-02-21,2026-03-04,Closed Lost,4400.0,0.0,No Budget,2026-02-21
1604,Mosaic Analytics 20 - New Business,310,13,6637,Organic Search,2025-12-08,2026-01-01,Closed Won,3600.0,1.0,,2025-12-18
1605,Nova Media 50 - Expansion,299,9,6638,Social,2025-06-22,2025-07-20,Closed Lost,21200.0,0.0,Competitor,2025-06-27
1606,Beacon Health - New Business,331,1,6642,Events,2025-07-31,2025-10-30,Closed Lost,76800.0,0.0,No Budget,2025-10-27
1607,Quill Cloud - New Business,107,14,6649,Paid Search,2026-05-18,2026-06-01,Closed Won,10000.0,1.0,,2026-05-29
1608,Rune Freight 80 - Renewal,201,5,6650,Referral,2025-02-04,2025-03-27,Closed Won,20600.0,1.0,,2025-03-26
1609,Kite Capital 30 - Renewal,572,10,6657,Events,2025-06-25,2025-07-31,Closed Won,10100.0,1.0,,2025-07-30
1610,Glacier Learning - Expansion,181,13,6659,Organic Search,2024-11-05,2024-12-08,Closed Won,6100.0,1.0,,2024-12-06
1611,Cinder Health 10 - New Business,250,6,6669,Referral,2025-07-31,2025-09-17,Closed Lost,28200.0,0.0,Timing,2025-09-10
1612,Lumen Dynamics 61 - New Business,313,13,6676,Organic Search,2024-12-08,2025-01-09,Closed Lost,8700.0,0.0,No Decision,2025-01-06
1613,Quill Media 76 - Expansion,585,7,6677,Referral,2025-08-13,2025-11-03,Closed Won,51100.0,1.0,,2025-10-30
1614,Unity Cloud - New Business,409,12,6682,Events,2025-11-01,2025-11-19,Closed Won,27500.0,1.0,,2025-11-11
1615,Nova Learning - New Business,122,5,6688,Paid Search,2025-06-18,2025-08-07,Closed Lost,38000.0,0.0,Timing,2025-08-03
1616,Unity Dynamics - Expansion,102,12,6689,Organic Search,2024-11-17,2024-12-21,Closed Lost,3500.0,0.0,Timing,2024-12-02
1617,Mosaic Learning - Expansion,259,14,6695,Organic Search,2024-06-08,2024-08-13,Closed Lost,4600.0,0.0,Competitor,2024-08-10
1618,Ember Learning - Expansion,112,7,6697,Outbound,2024-09-09,2024-10-17,Closed Won,22100.0,1.0,,2024-10-17
1619,Cinder Freight - Expansion,19,2,6703,Referral,2025-05-15,2025-12-06,Closed Lost,200400.0,0.0,Competitor,2025-11-08
1620,Helix Health 27 - New Business,364,10,6708,Partner,2026-06-21,2026-07-07,Closed Lost,7100.0,0.0,Product Fit,2026-07-06
1621,Quill Labs 49 - New Business,500,7,6709,Referral,2026-07-19,2026-09-27,Closed Lost,65500.0,0.0,Price,2026-09-26
1622,Flint Media 87 - Renewal,503,11,6722,Referral,2026-04-27,2026-05-23,Closed Lost,8700.0,0.0,Timing,2026-05-21
1623,Kite Commerce - Expansion,354,10,6734,Organic Search,2025-07-22,2025-08-13,Closed Lost,6200.0,0.0,Price,2025-08-10
1624,Kite Cloud 69 - New Business,175,12,6736,Organic Search,2025-01-08,2025-02-04,Closed Lost,11700.0,0.0,Price,2025-01-19
1625,Kite Labs - Renewal,85,14,6737,Outbound,2025-06-24,2025-07-20,Closed Won,7100.0,1.0,,2025-07-19
1626,Flint Analytics - New Business,12,14,6743,Events,2026-08-27,2026-10-20,Negotiation,3100.0,0.75,,2026-09-17
1627,Ember Media - Expansion,215,11,6744,Paid Search,2026-09-21,2026-10-31,Discovery,13200.0,0.1,,2026-09-21
1628,Indigo Analytics 36 - New Business,359,8,6750,Referral,2025-10-23,2025-12-22,Closed Lost,10300.0,0.0,Timing,2025-12-15
1629,Beacon Analytics 51 - Expansion,423,5,6751,Organic Search,2024-11-25,2025-02-05,Closed Won,40200.0,1.0,,2025-01-26
1630,Delta Learning 62 - New Business,70,12,6755,Outbound,2024-04-26,2024-05-15,Closed Lost,10300.0,0.0,Price,2024-05-09
1631,Vela Health - Expansion,43,11,6756,Outbound,2025-06-06,2025-06-30,Closed Lost,12900.0,0.0,Competitor,2025-06-16
1632,Prism Commerce 6 - New Business,544,3,6758,Paid Search,2026-03-08,2026-06-11,Closed Lost,52100.0,0.0,Competitor,2026-06-09
1633,Mosaic Commerce 81 - Expansion,575,1,6761,Partner,2024-04-11,2024-09-01,Closed Lost,42100.0,0.0,Timing,2024-08-27
1634,Helix Capital 11 - New Business,253,5,6774,Outbound,2026-06-26,2026-07-31,Closed Lost,35900.0,0.0,Competitor,2026-07-10
1635,Beacon Learning - New Business,408,9,6788,Referral,2026-01-22,2026-03-26,Closed Lost,23100.0,0.0,Competitor,2026-03-11
1636,Flint Learning 84 - Expansion,487,12,6800,Outbound,2026-06-01,2026-06-30,Closed Lost,9800.0,0.0,No Decision,2026-06-26
1637,Ember Freight 58 - New Business,150,11,6809,Paid Search,2025-10-06,2025-12-06,Closed Lost,7900.0,0.0,Timing,2025-11-29
1638,Rune Health 61 - Expansion,344,12,6811,Referral,2024-10-08,2024-11-06,Closed Lost,18500.0,0.0,No Decision,2024-11-04
1639,Nova Freight - Expansion,106,12,6819,Organic Search,2025-06-26,2025-07-16,Closed Lost,7700.0,0.0,No Decision,2025-07-04
1640,Rune Dynamics - Renewal,523,14,6821,Referral,2026-09-16,2026-09-28,Closed Lost,17700.0,0.0,Competitor,2026-09-27
1641,Indigo Commerce 82 - Expansion,179,4,6835,Partner,2025-02-20,2025-04-26,Closed Lost,39100.0,0.0,Timing,2025-03-30
1642,Indigo Freight - New Business,279,7,6837,Paid Search,2024-09-03,2024-10-24,Closed Won,31700.0,1.0,,2024-10-18
1643,Wren Freight - New Business,365,5,6855,Outbound,2026-09-12,2026-10-14,Qualification,12100.0,0.25,,2026-09-14
1644,Indigo Labs 70 - New Business,304,9,6859,Paid Search,2024-12-13,2025-03-28,Closed Won,65400.0,1.0,,2025-03-27
1645,Prism Dynamics - Expansion,163,7,6863,Paid Search,2024-04-13,2024-05-05,Closed Lost,14600.0,0.0,No Budget,2024-04-13
1646,Acorn Capital - New Business,79,10,6871,Organic Search,2026-08-03,2026-08-23,Closed Lost,9500.0,0.0,No Decision,2026-08-21
1647,Cinder Health 46 - New Business,564,14,6883,Organic Search,2026-03-17,2026-05-01,Closed Won,9500.0,1.0,,2026-04-30
1648,Terra Capital 6 - Expansion,499,3,6885,Partner,2026-09-15,2027-06-14,Discovery,107300.0,0.1,,2026-09-15
1649,Helix Commerce - New Business,14,10,6887,Referral,2025-11-12,2025-11-30,Closed Lost,5300.0,0.0,Competitor,2025-11-28
1650,Glacier Commerce - New Business,124,6,6888,Referral,2024-07-23,2024-09-29,Closed Won,41900.0,1.0,,2024-09-18
1651,Acorn Learning 93 - Renewal,98,13,6892,Partner,2024-04-18,2024-05-26,Closed Won,12700.0,1.0,,2024-05-25
1652,Vela Capital 25 - New Business,159,7,6914,Referral,2026-03-31,2026-05-13,Closed Lost,60000.0,0.0,Competitor,2026-05-09
1653,Onyx Analytics 76 - New Business,531,14,6925,Organic Search,2026-08-19,2026-09-05,Closed Lost,18500.0,0.0,Competitor,2026-09-04
1654,Indigo Labs 47 - New Business,132,12,6927,Partner,2026-07-09,2026-07-30,Closed Lost,6200.0,0.0,Competitor,2026-07-24
1655,Unity Commerce 13 - Expansion,476,11,6930,Organic Search,2026-01-18,2026-02-23,Closed Lost,19300.0,0.0,Price,2026-02-16
1656,Kite Labs 85 - New Business,321,9,6932,Outbound,2026-02-13,2026-04-02,Closed Won,24800.0,1.0,,2026-04-02
1657,Kite Health - Expansion,352,10,6934,Partner,2026-05-16,2026-06-26,Closed Lost,16100.0,0.0,No Decision,2026-06-17
1658,Sable Health 65 - New Business,377,10,6936,Organic Search,2025-09-07,2025-10-21,Closed Lost,22500.0,0.0,Competitor,2025-10-18
1659,Vela Dynamics 24 - New Business,398,10,6943,Events,2025-06-11,2025-07-21,Closed Lost,4800.0,0.0,Competitor,2025-06-24
1660,Mosaic Dynamics 37 - New Business,242,8,6945,Outbound,2026-01-01,2026-02-17,Closed Lost,51100.0,0.0,Product Fit,2026-02-15
1661,Mosaic Commerce 85 - New Business,199,5,6959,Events,2025-06-17,2025-07-30,Closed Lost,21300.0,0.0,No Budget,2025-07-25
1662,Quill Freight 86 - New Business,537,1,6962,Referral,2024-06-07,2024-08-05,Closed Won,84400.0,1.0,,2024-08-04
1663,Vela Commerce - Expansion,30,6,6963,Paid Search,2025-07-25,2025-08-29,Closed Won,24600.0,1.0,,2025-08-11
1664,Indigo Health 78 - Expansion,594,10,6964,Partner,2024-11-28,2024-12-13,Closed Lost,14900.0,0.0,No Budget,2024-12-03
1665,Cinder Freight 69 - New Business,149,9,6965,Organic Search,2025-04-18,2025-05-28,Closed Won,40100.0,1.0,,2025-05-24
1666,Unity Dynamics 19 - New Business,505,2,6966,Events,2026-01-30,2026-03-21,Closed Lost,97700.0,0.0,Competitor,2026-03-17
1667,Sable Freight - New Business,129,8,6968,Partner,2024-08-27,2024-11-08,Closed Won,31800.0,1.0,,2024-11-03
1668,Delta Health 68 - New Business,286,10,6972,Paid Search,2024-08-23,2024-10-02,Closed Won,11800.0,1.0,,2024-09-26
1669,Onyx Freight - New Business,101,10,6974,Events,2025-02-18,2025-03-20,Closed Lost,19800.0,0.0,No Decision,2025-03-20
1670,Vela Learning 8 - New Business,308,13,6982,Partner,2024-09-28,2024-10-26,Closed Won,7800.0,1.0,,2024-10-16
1671,Lumen Freight - Expansion,272,6,6999,Referral,2026-06-09,2026-08-16,Closed Won,78400.0,1.0,,2026-08-16
1672,Prism Cloud - New Business,93,8,7000,Organic Search,2025-10-09,2025-11-21,Closed Won,13800.0,1.0,,2025-11-18
1673,Cinder Capital 52 - New Business,520,11,7001,Referral,2026-09-15,2026-10-02,Negotiation,6700.0,0.75,,2026-09-20
1674,Mosaic Labs 35 - New Business,306,11,7012,Organic Search,2026-01-11,2026-03-01,Closed Lost,7900.0,0.0,Competitor,2026-02-26
1675,Vela Learning 95 - New Business,451,4,7023,Outbound,2025-10-12,2026-03-09,Closed Lost,73500.0,0.0,No Decision,2026-03-03
1676,Ember Health - New Business,89,12,7026,Events,2026-01-28,2026-02-08,Closed Lost,14500.0,0.0,No Budget,2026-02-08
1677,Beacon Capital - Expansion,260,9,7028,Events,2025-10-22,2026-01-08,Closed Won,13200.0,1.0,,2026-01-02
1678,Prism Learning - Renewal,92,8,7032,Paid Search,2025-07-10,2025-08-22,Closed Lost,28300.0,0.0,No Budget,2025-08-21
1679,Jasper Capital 80 - New Business,25,6,7041,Outbound,2026-08-24,2026-09-19,Closed Lost,54900.0,0.0,Competitor,2026-08-24
1680,Indigo Labs - New Business,48,8,7042,Referral,2025-12-21,2026-02-27,Closed Lost,21100.0,0.0,Product Fit,2026-02-26
1681,Helix Capital 11 - New Business,253,9,7044,Paid Search,2026-04-27,2026-06-19,Closed Won,35400.0,1.0,,2026-06-07
1682,Mosaic Cloud 5 - New Business,258,9,7045,Paid Search,2025-08-08,2025-11-17,Closed Lost,28400.0,0.0,Competitor,2025-11-10
1683,Onyx Dynamics 75 - Expansion,438,14,7046,Paid Search,2026-01-30,2026-02-21,Closed Lost,12300.0,0.0,Timing,2026-02-19
1684,Quill Freight 86 - New Business,537,1,7050,Paid Search,2025-04-11,2025-07-07,Closed Won,31400.0,1.0,,2025-07-03
1685,Acorn Labs 57 - Renewal,472,5,7054,Organic Search,2026-01-22,2026-04-14,Closed Lost,12500.0,0.0,No Decision,2026-04-06
1686,Acorn Learning 42 - New Business,191,8,7055,Referral,2025-07-13,2025-10-01,Closed Won,39600.0,1.0,,2025-09-25
1687,Helix Capital - Expansion,135,2,7061,Paid Search,2026-09-26,2026-11-22,Qualification,94700.0,0.25,,2026-09-28
1688,Prism Freight - Expansion,169,11,7062,Organic Search,2026-05-05,2026-05-28,Closed Lost,11000.0,0.0,Timing,2026-05-28
1689,Nova Learning 89 - New Business,130,4,7063,Referral,2024-03-06,2024-05-21,Closed Lost,57400.0,0.0,Competitor,2024-05-03
1690,Helix Capital 11 - Expansion,253,7,7065,Organic Search,2026-03-06,2026-05-01,Closed Lost,23800.0,0.0,Competitor,2026-04-29
1691,Vela Labs - New Business,127,12,7066,Organic Search,2026-04-05,2026-04-28,Closed Lost,4700.0,0.0,Timing,2026-04-27
1692,Helix Cloud 79 - Renewal,449,13,7068,Outbound,2025-12-21,2026-01-26,Closed Lost,12300.0,0.0,Competitor,2026-01-21
1693,Wren Cloud 30 - New Business,507,12,7075,Referral,2025-09-18,2025-10-26,Closed Lost,27300.0,0.0,Competitor,2025-10-24
1694,Terra Labs 70 - New Business,228,7,7083,Referral,2024-11-15,2024-12-27,Closed Lost,112400.0,0.0,Price,2024-12-26
1695,Lumen Freight 12 - Expansion,307,13,7085,Organic Search,2025-03-19,2025-04-19,Closed Won,4200.0,1.0,,2025-04-18
1696,Jasper Freight - New Business,168,10,7092,Paid Search,2025-06-21,2025-07-18,Closed Lost,25400.0,0.0,Product Fit,2025-07-17
1697,Jasper Media - New Business,256,11,7094,Partner,2026-03-24,2026-04-10,Closed Lost,2800.0,0.0,Price,2026-04-07
1698,Ember Analytics 43 - Renewal,453,11,7096,Organic Search,2024-09-27,2024-10-17,Closed Lost,10800.0,0.0,Price,2024-09-27
1699,Acorn Dynamics 23 - Expansion,103,12,7098,Outbound,2024-07-20,2024-08-11,Closed Lost,7900.0,0.0,Price,2024-08-10
1700,Helix Labs 81 - New Business,570,14,7099,Partner,2024-12-23,2025-01-24,Closed Lost,8400.0,0.0,Timing,2025-01-05
1701,Kite Media 6 - New Business,427,5,7105,Paid Search,2025-07-08,2025-08-28,Closed Won,24800.0,1.0,,2025-08-22
1702,Jasper Cloud 4 - New Business,410,11,7112,Organic Search,2024-10-30,2024-12-05,Closed Lost,8800.0,0.0,No Budget,2024-12-05
1703,Delta Analytics - Expansion,2,3,7118,Referral,2025-05-06,2025-07-02,Closed Lost,92600.0,0.0,Price,2025-06-21
1704,Prism Dynamics - New Business,163,8,7129,Organic Search,2025-12-25,2026-01-31,Closed Won,43300.0,1.0,,2026-01-29
1705,Prism Health - New Business,36,13,7130,Outbound,2024-12-03,2024-12-31,Closed Lost,11600.0,0.0,No Decision,2024-12-22
1706,Cinder Freight - Renewal,19,4,7132,Paid Search,2026-01-18,2026-05-27,Closed Lost,96000.0,0.0,Competitor,2026-05-17
1707,Kite Cloud 22 - New Business,164,13,7139,Events,2024-06-05,2024-06-28,Closed Lost,18900.0,0.0,Timing,2024-06-15
1708,Ember Analytics - Expansion,264,7,7141,Events,2026-07-12,2026-10-16,Negotiation,17500.0,0.75,,2026-09-29
1709,Ember Media - New Business,215,10,7146,Events,2024-09-25,2024-10-14,Closed Lost,10500.0,0.0,Competitor,2024-09-26
1710,Beacon Cloud 45 - Expansion,362,11,7168,Partner,2026-06-15,2026-07-21,Closed Lost,9800.0,0.0,Price,2026-07-04
1711,Vela Dynamics 29 - Expansion,526,1,7171,Events,2024-09-28,2024-12-04,Closed Won,141300.0,1.0,,2024-11-14
1712,Quill Labs 93 - New Business,158,3,7173,Referral,2026-03-18,2026-06-29,Closed Lost,234300.0,0.0,Timing,2026-06-27
1713,Delta Freight 49 - Expansion,583,13,7176,Paid Search,2024-07-21,2024-08-18,Closed Won,3900.0,1.0,,2024-08-05
1714,Helix Capital - New Business,135,2,7177,Outbound,2026-09-26,2026-12-30,Qualification,66100.0,0.25,,2026-09-26
1715,Helix Cloud - New Business,231,2,7178,Organic Search,2025-10-29,2026-03-01,Closed Won,160800.0,1.0,,2026-02-10
1716,Nova Media 86 - New Business,432,12,7182,Events,2026-09-23,2026-10-10,Proposal,11100.0,0.5,,2026-09-26
1717,Sable Commerce - Renewal,73,5,7183,Paid Search,2024-05-29,2024-08-11,Closed Lost,44800.0,0.0,Price,2024-08-01
1718,Beacon Media - New Business,217,3,7185,Social,2026-05-11,2026-08-06,Closed Lost,72100.0,0.0,No Budget,2026-07-20
1719,Unity Dynamics 60 - New Business,421,3,7187,Organic Search,2026-04-27,2026-11-08,Negotiation,144300.0,0.75,,2026-09-22
1720,Rune Health - New Business,11,8,7189,Organic Search,2025-04-02,2025-06-07,Closed Won,55600.0,1.0,,2025-06-05
1721,Onyx Analytics - Renewal,52,10,7195,Partner,2024-08-20,2024-09-24,Closed Lost,6500.0,0.0,Price,2024-09-20
1722,Beacon Dynamics - Renewal,26,13,7197,Organic Search,2025-06-04,2025-06-19,Closed Won,15800.0,1.0,,2025-06-18
1723,Flint Dynamics 58 - Expansion,374,7,7198,Events,2024-08-19,2024-11-10,Closed Lost,36900.0,0.0,Product Fit,2024-11-07
1724,Quill Freight - Renewal,206,9,7203,Partner,2026-04-08,2026-06-08,Closed Lost,31800.0,0.0,Timing,2026-06-01
1725,Vela Learning 8 - New Business,308,14,7204,Organic Search,2025-09-06,2025-10-20,Closed Lost,17300.0,0.0,No Budget,2025-10-19
1726,Vela Learning 20 - Expansion,545,10,7205,Referral,2024-09-10,2024-10-26,Closed Lost,21300.0,0.0,Price,2024-10-18
1727,Ember Labs - Renewal,235,11,7207,Events,2026-05-12,2026-06-17,Closed Lost,16900.0,0.0,No Budget,2026-06-14
1728,Lumen Cloud 62 - New Business,415,8,7211,Organic Search,2024-03-19,2024-05-01,Closed Lost,22300.0,0.0,Product Fit,2024-04-28
1729,Quill Media 59 - Expansion,126,12,7215,Outbound,2024-10-02,2024-10-19,Closed Won,17200.0,1.0,,2024-10-17
1730,Wren Dynamics - New Business,84,11,7218,Organic Search,2025-02-19,2025-03-18,Closed Won,12300.0,1.0,,2025-03-18
1731,Unity Learning - New Business,131,14,7226,Social,2024-09-29,2024-11-01,Closed Lost,13700.0,0.0,No Budget,2024-10-04
1732,Wren Dynamics 87 - Renewal,404,7,7235,Outbound,2026-06-17,2026-08-24,Closed Lost,17600.0,0.0,Competitor,2026-08-24
1733,Indigo Labs 70 - New Business,304,9,7237,Referral,2024-03-11,2024-05-04,Closed Lost,20500.0,0.0,No Budget,2024-05-02
1734,Indigo Labs 70 - New Business,304,7,7241,Organic Search,2024-05-02,2024-07-24,Closed Lost,90400.0,0.0,No Decision,2024-07-24
1735,Cinder Dynamics - New Business,385,10,7247,Paid Search,2025-01-19,2025-02-18,Closed Won,12500.0,1.0,,2025-02-07
1736,Mosaic Labs 83 - New Business,477,10,7251,Social,2026-01-11,2026-01-25,Closed Lost,13900.0,0.0,Product Fit,2026-01-16
1737,Prism Cloud 56 - Expansion,203,8,7257,Events,2025-05-04,2025-07-03,Closed Won,44100.0,1.0,,2025-06-19
1738,Quill Labs 93 - New Business,158,3,7259,Organic Search,2025-04-21,2025-06-28,Closed Won,150800.0,1.0,,2025-06-24
1739,Flint Analytics 80 - New Business,298,9,7267,Organic Search,2026-07-05,2026-10-29,Negotiation,48000.0,0.75,,2026-09-24
1740,Glacier Labs 65 - Expansion,557,14,7271,Partner,2024-07-19,2024-08-11,Closed Lost,12500.0,0.0,Price,2024-07-26
1741,Prism Learning 3 - New Business,481,13,7277,Organic Search,2024-05-29,2024-07-04,Closed Lost,23900.0,0.0,Competitor,2024-06-30
1742,Onyx Cloud 85 - Expansion,419,12,7286,Paid Search,2025-10-17,2025-11-08,Closed Won,2100.0,1.0,,2025-10-19
1743,Indigo Labs - New Business,48,5,7289,Referral,2025-09-16,2025-10-10,Closed Lost,76600.0,0.0,Price,2025-10-09
1744,Indigo Learning - New Business,426,12,7292,Paid Search,2025-02-17,2025-04-30,Closed Won,8300.0,1.0,,2025-04-23
1745,Nova Analytics - New Business,580,12,7296,Organic Search,2025-11-04,2025-11-18,Closed Lost,11000.0,0.0,Price,2025-11-18
1746,Terra Capital 11 - Expansion,263,9,7302,Organic Search,2025-02-01,2025-04-03,Closed Won,44500.0,1.0,,2025-03-29
1747,Cinder Health 10 - New Business,250,5,7303,Organic Search,2024-09-27,2024-11-27,Closed Lost,64700.0,0.0,No Budget,2024-11-23
1748,Wren Dynamics - New Business,84,10,7308,Paid Search,2024-06-02,2024-06-20,Closed Lost,13600.0,0.0,Competitor,2024-06-02
1749,Onyx Cloud 67 - New Business,488,7,7323,Organic Search,2024-06-05,2024-07-12,Closed Lost,21700.0,0.0,Price,2024-07-09
1750,Lumen Freight - New Business,272,7,7328,Partner,2025-08-05,2025-11-01,Closed Won,35400.0,1.0,,2025-11-01
1751,Delta Capital - New Business,78,13,7330,Organic Search,2025-02-12,2025-03-15,Closed Won,10700.0,1.0,,2025-02-19
1752,Wren Dynamics 87 - New Business,404,8,7341,Events,2024-12-12,2025-02-07,Closed Lost,45500.0,0.0,Competitor,2024-12-24
1753,Ember Media - Renewal,215,12,7345,Organic Search,2026-03-12,2026-04-09,Closed Lost,28400.0,0.0,Timing,2026-04-07
1754,Delta Freight 75 - Expansion,343,3,7347,Events,2026-06-16,2026-10-29,Negotiation,89000.0,0.75,,2026-09-03
1755,Unity Analytics 84 - Expansion,226,12,7359,Events,2024-12-14,2024-12-29,Closed Lost,7400.0,0.0,Price,2024-12-28
1756,Indigo Labs 36 - New Business,153,5,7361,Referral,2024-07-10,2024-08-26,Closed Lost,25700.0,0.0,No Budget,2024-08-15
1757,Flint Learning - New Business,16,13,7368,Social,2026-05-11,2026-06-05,Closed Lost,6800.0,0.0,Price,2026-05-12
1758,Nova Analytics - Expansion,580,14,7374,Referral,2026-06-20,2026-07-09,Closed Lost,4200.0,0.0,No Decision,2026-06-20
1759,Indigo Commerce - Expansion,166,10,7380,Organic Search,2025-01-29,2025-02-14,Closed Lost,23200.0,0.0,Product Fit,2025-01-29
1760,Prism Learning - New Business,92,5,7385,Paid Search,2025-11-27,2026-01-08,Closed Lost,23000.0,0.0,Competitor,2026-01-02
1761,Delta Cloud - New Business,229,6,7388,Organic Search,2026-07-08,2026-09-21,Closed Lost,23900.0,0.0,Competitor,2026-08-25
1762,Kite Analytics - New Business,222,8,7390,Organic Search,2025-07-12,2025-09-21,Closed Won,11100.0,1.0,,2025-09-16
1763,Terra Media - New Business,32,11,7392,Referral,2024-02-14,2024-04-10,Closed Lost,1700.0,0.0,Competitor,2024-04-10
1764,Ember Freight 26 - Renewal,411,2,7400,Organic Search,2026-02-22,2026-05-31,Closed Won,180400.0,1.0,,2026-05-21
1765,Cinder Health 52 - Renewal,502,13,7401,Events,2025-01-28,2025-03-11,Closed Lost,9000.0,0.0,No Budget,2025-03-04
1766,Jasper Learning 36 - Renewal,17,8,7413,Organic Search,2026-06-01,2026-07-26,Closed Lost,20200.0,0.0,No Budget,2026-07-21
1767,Quill Freight 86 - Expansion,537,3,7416,Partner,2025-04-14,2025-07-20,Closed Lost,75900.0,0.0,Product Fit,2025-07-14
1768,Glacier Labs 65 - Renewal,557,12,7417,Organic Search,2026-08-06,2026-09-10,Closed Lost,12300.0,0.0,No Budget,2026-09-03
1769,Flint Media - New Business,160,7,7418,Partner,2025-12-02,2026-01-07,Closed Won,92000.0,1.0,,2026-01-03
1770,Helix Health 69 - Expansion,348,12,7422,Referral,2026-09-09,2026-10-07,Negotiation,17400.0,0.75,,2026-09-22
1771,Unity Learning 28 - Expansion,353,14,7428,Organic Search,2026-08-08,2026-08-31,Closed Won,30300.0,1.0,,2026-08-28
1772,Wren Dynamics 70 - Expansion,289,12,7429,Referral,2024-08-31,2024-09-17,Closed Lost,9100.0,0.0,Timing,2024-09-15
1773,Acorn Labs 91 - New Business,369,5,7432,Referral,2025-07-19,2025-09-03,Closed Lost,191400.0,0.0,Competitor,2025-08-17
1774,Quill Media 59 - New Business,126,12,7434,Events,2024-10-22,2024-11-24,Closed Won,35900.0,1.0,,2024-11-09
1775,Beacon Media 30 - Expansion,542,12,7440,Social,2025-06-27,2025-07-18,Closed Lost,9000.0,0.0,Competitor,2025-07-17
1776,Cinder Learning - New Business,223,13,7452,Organic Search,2025-01-19,2025-02-15,Closed Lost,7300.0,0.0,Competitor,2025-02-04
1777,Delta Freight 75 - New Business,343,3,7458,Organic Search,2024-09-01,2024-11-17,Closed Won,82600.0,1.0,,2024-10-24
1778,Flint Health 13 - New Business,283,9,7462,Social,2026-05-09,2026-08-08,Closed Lost,52400.0,0.0,No Decision,2026-08-05
1779,Acorn Labs 57 - Expansion,472,9,7468,Partner,2025-02-23,2025-04-06,Closed Lost,13400.0,0.0,Timing,2025-03-20
1780,Jasper Freight - Expansion,168,11,7469,Paid Search,2026-02-07,2026-02-26,Closed Lost,27700.0,0.0,Timing,2026-02-07
1781,Indigo Freight - Renewal,279,6,7471,Partner,2026-08-05,2026-09-11,Closed Won,53500.0,1.0,,2026-09-10
1782,Vela Media 55 - New Business,561,11,7473,Organic Search,2026-01-22,2026-02-09,Closed Lost,7000.0,0.0,No Decision,2026-02-07
1783,Onyx Cloud 65 - Expansion,569,6,7476,Outbound,2025-02-21,2025-05-10,Closed Won,52400.0,1.0,,2025-05-01
1784,Nova Labs - Renewal,114,14,7484,Outbound,2025-04-29,2025-05-22,Closed Lost,5600.0,0.0,Competitor,2025-05-09
1785,Vela Labs 8 - New Business,227,11,7485,Referral,2025-08-23,2025-09-15,Closed Lost,12300.0,0.0,No Budget,2025-09-10
1786,Glacier Learning 75 - Expansion,342,10,7486,Organic Search,2025-01-29,2025-02-28,Closed Lost,7000.0,0.0,Timing,2025-02-27
1787,Indigo Freight - Expansion,279,8,7487,Events,2026-06-04,2026-09-06,Closed Lost,18300.0,0.0,No Budget,2026-09-04
1788,Rune Capital - Renewal,68,14,7490,Outbound,2024-02-28,2024-03-27,Closed Won,15600.0,1.0,,2024-03-27
1789,Quill Media 92 - Expansion,462,12,7503,Outbound,2024-10-20,2024-11-22,Closed Lost,13500.0,0.0,Product Fit,2024-10-26
1790,Unity Analytics 84 - New Business,226,14,7510,Organic Search,2025-05-14,2025-05-26,Closed Lost,8300.0,0.0,Price,2025-05-19
1791,Quill Commerce - New Business,294,8,7511,Organic Search,2026-06-30,2026-08-26,Closed Won,80000.0,1.0,,2026-08-07
1792,Delta Learning 87 - Expansion,347,12,7513,Referral,2024-05-05,2024-06-02,Closed Won,7300.0,1.0,,2024-05-27
1793,Unity Labs - New Business,44,1,7523,Partner,2026-01-13,2026-03-22,Closed Won,73000.0,1.0,,2026-03-22
1794,Ember Cloud 57 - New Business,584,5,7530,Referral,2025-03-19,2025-05-22,Closed Won,42200.0,1.0,,2025-05-20
1795,Helix Media 43 - Renewal,368,11,7534,Paid Search,2025-11-30,2026-01-16,Closed Lost,3800.0,0.0,Competitor,2026-01-10
1796,Onyx Dynamics - Expansion,40,7,7537,Outbound,2026-02-14,2026-03-24,Closed Won,42900.0,1.0,,2026-03-15
1797,Prism Dynamics 67 - New Business,548,14,7538,Partner,2024-04-23,2024-05-30,Closed Won,6900.0,1.0,,2024-05-30
1798,Mosaic Cloud - New Business,4,6,7545,Events,2026-06-30,2026-08-27,Closed Lost,50000.0,0.0,Competitor,2026-08-24
1799,Helix Cloud 65 - New Business,504,3,7546,Referral,2026-02-17,2026-06-12,Closed Lost,130500.0,0.0,Timing,2026-06-11
1800,Rune Commerce - New Business,224,13,7547,Referral,2025-11-04,2025-11-29,Closed Lost,7400.0,0.0,No Decision,2025-11-29
1801,Vela Learning 29 - New Business,314,4,7550,Organic Search,2025-08-29,2025-11-13,Closed Lost,48000.0,0.0,No Budget,2025-10-27
1802,Unity Learning 78 - New Business,380,12,7551,Events,2024-12-28,2025-02-07,Closed Lost,3700.0,0.0,Competitor,2025-01-28
1803,Onyx Labs - Expansion,346,3,7553,Events,2025-06-06,2025-09-21,Closed Lost,135700.0,0.0,Timing,2025-09-11
1804,Ember Learning - Renewal,112,8,7558,Referral,2024-10-31,2025-01-21,Closed Lost,27400.0,0.0,Timing,2025-01-16
1805,Acorn Analytics 27 - Expansion,325,5,7559,Partner,2026-01-26,2026-03-11,Closed Lost,13600.0,0.0,Timing,2026-03-07
1806,Wren Learning 30 - Expansion,290,8,7561,Organic Search,2026-05-22,2026-08-16,Closed Lost,25000.0,0.0,Product Fit,2026-08-06
1807,Vela Commerce 94 - Expansion,320,4,7562,Organic Search,2024-07-26,2024-11-22,Closed Lost,114900.0,0.0,Competitor,2024-11-14
1808,Rune Learning 76 - New Business,574,8,7566,Organic Search,2026-09-20,2026-10-17,Qualification,43600.0,0.25,,2026-09-20
1809,Quill Cloud 29 - New Business,494,8,7572,Referral,2025-02-08,2025-04-13,Closed Lost,99500.0,0.0,Price,2025-04-08
1810,Mosaic Commerce 44 - Renewal,428,6,7576,Paid Search,2026-06-04,2026-08-14,Closed Lost,24000.0,0.0,Price,2026-08-10
1811,Delta Labs - New Business,539,6,7578,Referral,2026-09-16,2026-10-19,Discovery,37000.0,0.1,,2026-09-21
1812,Nova Learning 20 - Expansion,125,1,7582,Referral,2026-05-02,2026-07-10,Closed Lost,36700.0,0.0,No Decision,2026-07-04
1813,Jasper Commerce 55 - New Business,370,8,7588,Referral,2025-11-07,2025-12-17,Closed Lost,42400.0,0.0,Timing,2025-12-17
1814,Mosaic Commerce 42 - New Business,262,7,7590,Referral,2025-07-25,2025-10-30,Closed Lost,13800.0,0.0,Competitor,2025-10-17
1815,Quill Capital - Expansion,529,8,7592,Partner,2024-07-30,2024-09-27,Closed Lost,19000.0,0.0,Price,2024-09-06
1816,Ember Learning 54 - Renewal,274,1,7600,Partner,2025-07-29,2025-10-08,Closed Won,99500.0,1.0,,2025-10-06
1817,Mosaic Media 75 - New Business,322,7,7601,Paid Search,2026-02-08,2026-04-06,Closed Lost,18600.0,0.0,No Budget,2026-04-02
1818,Unity Dynamics 8 - New Business,170,12,7606,Organic Search,2025-05-18,2025-06-17,Closed Won,6000.0,1.0,,2025-06-17
1819,Nova Freight 47 - Expansion,490,12,7615,Partner,2026-05-21,2026-06-01,Closed Won,9000.0,1.0,,2026-05-21
1820,Terra Commerce - New Business,182,2,7619,Organic Search,2026-01-19,2026-05-14,Closed Lost,57200.0,0.0,Price,2026-04-11
1821,Mosaic Dynamics 37 - Renewal,242,9,7624,Paid Search,2024-11-29,2025-02-04,Closed Lost,49900.0,0.0,Competitor,2025-01-13
1822,Indigo Analytics 30 - Expansion,319,5,7627,Referral,2024-04-26,2024-07-25,Closed Won,33300.0,1.0,,2024-07-19
1823,Indigo Analytics 30 - Renewal,319,7,7628,Organic Search,2026-09-08,2026-10-02,Negotiation,30600.0,0.75,,2026-09-26
1824,Ember Capital 25 - Expansion,350,13,7635,Partner,2024-12-06,2025-01-11,Closed Lost,15800.0,0.0,No Budget,2025-01-04
1825,Mosaic Labs - New Business,211,8,7642,Organic Search,2026-07-09,2026-08-24,Closed Lost,13800.0,0.0,No Budget,2026-08-19
1826,Acorn Learning 93 - Renewal,98,11,7645,Organic Search,2025-11-10,2025-12-08,Closed Lost,4700.0,0.0,Price,2025-11-17
1827,Sable Labs - New Business,29,8,7648,Paid Search,2025-09-08,2026-01-04,Closed Lost,65100.0,0.0,Competitor,2025-12-11
1828,Delta Freight 75 - New Business,343,2,7651,Partner,2024-06-29,2024-09-14,Closed Won,77200.0,1.0,,2024-09-04
1829,Flint Labs - Expansion,41,8,7660,Events,2026-07-31,2026-09-09,Closed Won,31700.0,1.0,,2026-09-05
1830,Acorn Labs 82 - Renewal,288,10,7670,Events,2025-05-21,2025-06-16,Closed Won,8400.0,1.0,,2025-06-12
1831,Rune Freight 78 - New Business,401,6,7672,Partner,2025-06-12,2025-08-21,Closed Won,51500.0,1.0,,2025-08-21
1832,Terra Cloud 32 - New Business,273,12,7673,Referral,2024-07-01,2024-08-09,Closed Lost,7500.0,0.0,Timing,2024-07-30
1833,Flint Dynamics 58 - Expansion,374,5,7674,Partner,2024-03-08,2024-05-17,Closed Won,32900.0,1.0,,2024-05-03
1834,Kite Media - New Business,88,11,7693,Outbound,2025-12-01,2025-12-30,Closed Won,4800.0,1.0,,2025-12-01
1835,Wren Learning 30 - New Business,290,9,7700,Paid Search,2024-10-24,2024-12-12,Closed Won,45900.0,1.0,,2024-12-05
1836,Cinder Health 48 - Expansion,208,1,7702,Referral,2025-12-18,2026-02-07,Closed Lost,74800.0,0.0,No Decision,2026-01-22
1837,Onyx Commerce - New Business,47,10,7705,Paid Search,2024-05-31,2024-06-19,Closed Lost,6300.0,0.0,No Decision,2024-06-16
1838,Unity Learning 78 - New Business,380,14,7707,Referral,2024-08-21,2024-09-14,Closed Lost,8100.0,0.0,Competitor,2024-09-13
1839,Ember Capital 25 - Expansion,350,13,7708,Organic Search,2026-04-06,2026-05-08,Closed Won,5700.0,1.0,,2026-05-04
1840,Cinder Health 10 - New Business,250,8,7711,Partner,2024-11-29,2024-12-27,Closed Won,40500.0,1.0,,2024-12-26
1841,Helix Health 69 - New Business,348,10,7713,Partner,2025-08-13,2025-09-04,Closed Lost,12600.0,0.0,Competitor,2025-08-13
1842,Quill Labs 93 - Expansion,158,4,7717,Referral,2024-01-21,2024-05-28,Closed Lost,129100.0,0.0,Timing,2024-05-26
1843,Kite Labs 88 - New Business,517,10,7720,Organic Search,2025-12-11,2026-01-29,Closed Lost,5500.0,0.0,Timing,2026-01-15
1844,Delta Health 14 - Renewal,447,9,7723,Referral,2025-06-21,2025-08-13,Closed Lost,18300.0,0.0,No Budget,2025-08-05
1845,Cinder Commerce 30 - New Business,311,13,7726,Partner,2025-03-31,2025-04-18,Closed Won,8800.0,1.0,,2025-04-13
1846,Lumen Capital - Expansion,3,1,7737,Referral,2026-07-05,2026-10-13,Negotiation,156000.0,0.75,,2026-09-14
1847,Flint Learning 84 - Renewal,487,13,7738,Referral,2026-09-03,2026-09-13,Closed Won,8700.0,1.0,,2026-09-03
1848,Ember Analytics 43 - Renewal,453,14,7744,Organic Search,2024-03-26,2024-04-29,Closed Won,16700.0,1.0,,2024-04-08
1849,Unity Cloud 22 - New Business,463,10,7757,Outbound,2025-09-06,2025-10-26,Closed Lost,19300.0,0.0,No Decision,2025-10-08
1850,Acorn Capital - New Business,79,13,7759,Events,2026-02-24,2026-03-26,Closed Lost,12900.0,0.0,No Decision,2026-03-25
1851,Mosaic Media 11 - New Business,255,13,7760,Outbound,2026-03-01,2026-04-09,Closed Lost,10300.0,0.0,Competitor,2026-04-08
1852,Vela Capital 77 - New Business,318,10,7761,Outbound,2024-08-31,2024-09-16,Closed Won,5000.0,1.0,,2024-09-09
1853,Onyx Cloud 65 - Expansion,569,6,7764,Organic Search,2025-02-15,2025-05-06,Closed Won,36800.0,1.0,,2025-04-10
1854,Nova Media 50 - Expansion,299,6,7766,Outbound,2024-09-24,2024-12-18,Closed Lost,28100.0,0.0,No Budget,2024-11-11
1855,Helix Labs - New Business,221,1,7773,Paid Search,2025-07-14,2025-09-30,Closed Lost,85500.0,0.0,Price,2025-08-24
1856,Quill Cloud 29 - New Business,494,7,7784,Organic Search,2025-07-09,2025-10-02,Closed Lost,61700.0,0.0,Competitor,2025-10-02
1857,Ember Media 36 - Renewal,437,1,7785,Partner,2025-07-08,2025-10-04,Closed Won,80700.0,1.0,,2025-09-26
1858,Beacon Dynamics 92 - New Business,152,14,7793,Organic Search,2025-06-15,2025-06-27,Closed Lost,8600.0,0.0,Timing,2025-06-15
1859,Kite Health - New Business,352,13,7804,Referral,2024-07-02,2024-08-24,Closed Won,11800.0,1.0,,2024-08-18
1860,Ember Analytics 43 - New Business,453,10,7809,Referral,2024-02-20,2024-04-15,Closed Won,6700.0,1.0,,2024-04-08
1861,Cinder Capital - Expansion,315,13,7811,Partner,2025-05-28,2025-07-14,Closed Won,9700.0,1.0,,2025-07-12
1862,Sable Commerce 94 - New Business,193,6,7812,Organic Search,2026-07-03,2026-08-11,Closed Lost,54100.0,0.0,Price,2026-08-10
1863,Prism Learning - New Business,92,8,7817,Events,2026-06-07,2026-07-28,Closed Won,52900.0,1.0,,2026-07-27
1864,Kite Commerce 45 - Renewal,356,10,7821,Paid Search,2025-10-12,2025-11-19,Closed Lost,2000.0,0.0,No Decision,2025-11-08
1865,Ember Dynamics - New Business,287,1,7824,Paid Search,2025-09-11,2025-12-22,Closed Won,158000.0,1.0,,2025-12-20
1866,Flint Dynamics - Expansion,33,5,7828,Organic Search,2024-01-12,2024-03-07,Closed Lost,39000.0,0.0,Price,2024-02-22
1867,Kite Labs 39 - New Business,296,5,7832,Referral,2026-09-17,2026-12-05,Discovery,34900.0,0.1,,2026-09-17
1868,Quill Media 59 - Renewal,126,12,7839,Referral,2025-08-27,2025-10-11,Closed Lost,11000.0,0.0,Competitor,2025-09-24
1869,Quill Freight 96 - Renewal,568,12,7840,Paid Search,2026-07-20,2026-08-19,Closed Lost,7100.0,0.0,Competitor,2026-08-19
1870,Wren Labs 39 - New Business,46,4,7843,Outbound,2026-03-21,2026-06-08,Closed Lost,66700.0,0.0,Price,2026-06-01
1871,Prism Learning 3 - Expansion,481,11,7854,Paid Search,2025-09-14,2025-11-03,Closed Lost,19600.0,0.0,Price,2025-11-02
1872,Mosaic Dynamics - New Business,180,7,7855,Events,2026-08-17,2026-09-20,Closed Lost,38000.0,0.0,No Decision,2026-08-17
1873,Ember Capital 17 - New Business,541,10,7861,Paid Search,2026-06-16,2026-07-12,Closed Lost,5800.0,0.0,Price,2026-07-09
1874,Mosaic Commerce 81 - Expansion,575,2,7863,Organic Search,2025-01-31,2025-04-13,Closed Lost,123800.0,0.0,Competitor,2025-04-12
1875,Flint Analytics 93 - Renewal,424,8,7868,Outbound,2026-07-23,2026-08-26,Closed Lost,40800.0,0.0,Competitor,2026-08-24
1876,Indigo Learning 57 - New Business,540,5,7869,Partner,2026-04-19,2026-07-20,Closed Lost,40700.0,0.0,No Decision,2026-07-14
1877,Cinder Cloud - Expansion,209,13,7872,Referral,2024-02-05,2024-03-11,Closed Won,17900.0,1.0,,2024-02-25
1878,Quill Learning - New Business,367,4,7877,Organic Search,2026-01-04,2026-03-26,Closed Lost,76000.0,0.0,No Budget,2026-03-13
1879,Vela Freight 51 - New Business,282,13,7882,Outbound,2025-07-07,2025-08-14,Closed Won,12500.0,1.0,,2025-08-08
1880,Jasper Capital 80 - New Business,25,8,7883,Events,2024-08-07,2024-10-18,Closed Won,53700.0,1.0,,2024-10-18
1881,Unity Commerce 35 - New Business,345,9,7893,Referral,2024-08-17,2024-09-15,Closed Won,15300.0,1.0,,2024-09-14
1882,Vela Learning 26 - New Business,489,12,7896,Organic Search,2025-07-06,2025-08-03,Closed Lost,7300.0,0.0,Timing,2025-08-02
1883,Quill Cloud 29 - New Business,494,6,7899,Referral,2024-04-15,2024-06-11,Closed Won,29900.0,1.0,,2024-06-11
1884,Jasper Learning - New Business,1,6,7910,Events,2025-10-13,2025-11-27,Closed Lost,21600.0,0.0,Competitor,2025-11-25
1885,Ember Capital 53 - New Business,366,7,7919,Organic Search,2025-07-27,2025-09-06,Closed Won,50300.0,1.0,,2025-09-06
1886,Unity Dynamics 19 - Expansion,505,4,7926,Organic Search,2026-09-26,2026-12-17,Discovery,60900.0,0.1,,2026-09-26
1887,Indigo Labs - New Business,48,6,7937,Organic Search,2026-05-31,2026-08-11,Closed Won,26300.0,1.0,,2026-08-07
1888,Lumen Freight 12 - New Business,307,12,7941,Organic Search,2024-07-19,2024-09-04,Closed Won,3600.0,1.0,,2024-08-25
1889,Kite Capital - New Business,117,4,7959,Organic Search,2026-09-19,2027-01-04,Discovery,163500.0,0.1,,2026-09-23
1890,Jasper Labs 26 - Renewal,261,10,7962,Organic Search,2024-06-29,2024-07-18,Closed Lost,9600.0,0.0,Timing,2024-06-29
1891,Kite Capital - Renewal,117,3,7963,Referral,2025-02-12,2025-05-30,Closed Lost,44100.0,0.0,Timing,2025-05-30
1892,Onyx Analytics 76 - New Business,531,12,7979,Social,2025-08-25,2025-09-16,Closed Lost,5800.0,0.0,Price,2025-08-28
1893,Ember Cloud 57 - New Business,584,6,7980,Referral,2025-08-25,2025-10-30,Closed Won,24500.0,1.0,,2025-10-28
1894,Sable Learning 98 - New Business,190,14,7985,Organic Search,2025-09-08,2025-09-19,Closed Lost,20700.0,0.0,Price,2025-09-18
1895,Beacon Cloud 45 - New Business,362,12,7990,Paid Search,2026-04-06,2026-05-26,Closed Lost,7000.0,0.0,Competitor,2026-05-20
1896,Helix Capital 72 - Expansion,571,14,7992,Referral,2026-04-23,2026-05-18,Closed Won,5000.0,1.0,,2026-04-23
1897,Helix Media 43 - New Business,368,13,7998,Paid Search,2025-04-13,2025-05-18,Closed Won,14000.0,1.0,,2025-05-17
1898,Vela Capital - Expansion,65,9,8010,Organic Search,2026-07-22,2026-09-12,Closed Lost,24900.0,0.0,Price,2026-08-24
1899,Acorn Learning 93 - New Business,98,10,8012,Paid Search,2024-04-01,2024-05-16,Closed Lost,8800.0,0.0,Price,2024-04-26
1900,Mosaic Media - New Business,90,13,8023,Organic Search,2025-09-13,2025-10-28,Closed Lost,25600.0,0.0,Timing,2025-10-19
1901,Unity Commerce 13 - New Business,476,14,8030,Referral,2024-09-14,2024-10-08,Closed Lost,14100.0,0.0,Timing,2024-09-26
1902,Indigo Learning 57 - New Business,540,5,8035,Social,2025-12-23,2026-01-25,Closed Lost,35000.0,0.0,Timing,2026-01-18
1903,Quill Cloud 29 - New Business,494,9,8036,Organic Search,2026-05-31,2026-07-15,Closed Lost,34300.0,0.0,Price,2026-07-14
1904,Wren Cloud 27 - Renewal,471,11,8037,Referral,2024-09-30,2024-10-20,Closed Lost,17500.0,0.0,No Decision,2024-10-15
1905,Ember Health 18 - New Business,511,11,8038,Referral,2025-11-03,2025-12-09,Closed Won,12500.0,1.0,,2025-11-14
1906,Indigo Capital - New Business,145,10,8039,Organic Search,2024-11-29,2024-12-21,Closed Lost,14800.0,0.0,Product Fit,2024-12-16
1907,Mosaic Labs 47 - New Business,565,9,8041,Referral,2026-03-15,2026-05-06,Closed Lost,25100.0,0.0,Competitor,2026-05-06
1908,Acorn Labs 57 - Renewal,472,7,8043,Partner,2026-09-02,2026-09-26,Closed Won,24200.0,1.0,,2026-09-25
1909,Wren Cloud 27 - Expansion,471,14,8045,Referral,2025-12-09,2025-12-29,Closed Won,5800.0,1.0,,2025-12-27
1910,Jasper Health 51 - New Business,109,13,8051,Referral,2026-07-21,2026-08-28,Closed Lost,8800.0,0.0,Price,2026-08-28
1911,Lumen Labs - Expansion,8,13,8060,Organic Search,2026-07-17,2026-09-23,Closed Won,12800.0,1.0,,2026-08-24
1912,Jasper Commerce 55 - New Business,370,8,8061,Outbound,2025-11-29,2026-01-25,Closed Lost,23900.0,0.0,Competitor,2026-01-14
1913,Rune Dynamics - New Business,523,11,8064,Referral,2026-04-13,2026-05-20,Closed Lost,8000.0,0.0,Price,2026-05-17
1914,Indigo Learning - Expansion,426,13,8068,Organic Search,2025-12-15,2026-01-15,Closed Lost,20000.0,0.0,Product Fit,2026-01-08
1915,Kite Capital 30 - Expansion,572,13,8069,Paid Search,2025-08-26,2025-09-12,Closed Lost,8300.0,0.0,Product Fit,2025-08-26
1916,Flint Media 41 - Expansion,281,5,8070,Organic Search,2026-02-27,2026-04-22,Closed Won,27000.0,1.0,,2026-04-20
1917,Nova Media 86 - New Business,432,13,8077,Organic Search,2025-08-30,2025-09-29,Closed Lost,4200.0,0.0,Price,2025-09-26
1918,Sable Media 77 - Expansion,467,14,8079,Social,2025-07-30,2025-08-24,Closed Lost,8600.0,0.0,Competitor,2025-08-23
1919,Kite Analytics 94 - Expansion,328,11,8082,Outbound,2024-06-19,2024-07-10,Closed Lost,5900.0,0.0,No Decision,2024-07-09
1920,Quill Labs - New Business,144,13,8083,Referral,2026-02-15,2026-03-14,Closed Lost,5200.0,0.0,Price,2026-03-11
1921,Beacon Dynamics - New Business,26,14,8085,Referral,2024-03-14,2024-04-28,Closed Won,13300.0,1.0,,2024-04-24
1922,Prism Labs 43 - New Business,498,4,8090,Paid Search,2024-12-07,2025-06-09,Closed Lost,95700.0,0.0,No Decision,2025-05-22
1923,Nova Media - Expansion,194,12,8091,Referral,2025-04-06,2025-05-01,Closed Won,8800.0,1.0,,2025-04-29
1924,Lumen Commerce 59 - Renewal,154,7,8092,Outbound,2025-02-04,2025-03-12,Closed Won,9500.0,1.0,,2025-02-20
1925,Acorn Labs 91 - New Business,369,5,8097,Events,2025-06-09,2025-07-16,Closed Lost,49600.0,0.0,Price,2025-06-30
1926,Helix Health 27 - New Business,364,12,8099,Referral,2025-12-02,2025-12-21,Closed Lost,6300.0,0.0,Competitor,2025-12-16
1927,Prism Commerce 96 - Renewal,386,12,8107,Partner,2026-04-21,2026-05-16,Closed Lost,13300.0,0.0,Price,2026-05-01
1928,Cinder Health 52 - New Business,502,11,8108,Referral,2026-07-28,2026-08-24,Closed Lost,12100.0,0.0,No Budget,2026-07-28
1929,Ember Cloud 57 - New Business,584,9,8118,Events,2025-08-06,2025-10-02,Closed Lost,25200.0,0.0,No Budget,2025-09-16
1930,Rune Capital - New Business,68,12,8120,Organic Search,2026-01-29,2026-03-03,Closed Lost,8100.0,0.0,Product Fit,2026-01-29
1931,Onyx Dynamics 83 - New Business,303,2,8123,Paid Search,2025-07-23,2025-09-18,Closed Won,120500.0,1.0,,2025-08-25
1932,Helix Media 15 - Renewal,239,14,8124,Events,2026-07-18,2026-08-14,Closed Lost,4200.0,0.0,Price,2026-08-13
1933,Nova Learning 31 - Renewal,248,13,8129,Outbound,2024-12-14,2025-01-09,Closed Won,16400.0,1.0,,2024-12-14
1934,Indigo Health - New Business,330,12,8138,Partner,2026-01-13,2026-02-08,Closed Lost,3300.0,0.0,Price,2026-01-29
1935,Kite Commerce - Expansion,354,12,8139,Outbound,2026-06-08,2026-07-15,Closed Lost,9400.0,0.0,Product Fit,2026-07-05
1936,Prism Cloud 51 - New Business,486,5,8141,Referral,2026-05-25,2026-06-22,Closed Lost,28600.0,0.0,Product Fit,2026-06-20
1937,Delta Learning 87 - Expansion,347,10,8143,Organic Search,2025-07-29,2025-09-04,Closed Won,5000.0,1.0,,2025-08-23
1938,Indigo Labs 70 - New Business,304,5,8146,Organic Search,2024-07-14,2024-09-06,Closed Lost,76100.0,0.0,Price,2024-08-30
1939,Onyx Freight 27 - New Business,393,13,8147,Partner,2024-05-15,2024-06-28,Closed Lost,12300.0,0.0,No Budget,2024-06-22
1940,Unity Media 37 - New Business,389,4,8151,Events,2024-10-09,2024-12-19,Closed Lost,86000.0,0.0,Timing,2024-12-13
1941,Vela Analytics 64 - New Business,95,2,8172,Referral,2024-07-26,2024-09-30,Closed Lost,182900.0,0.0,Price,2024-09-29
1942,Quill Media 76 - Expansion,585,8,8181,Referral,2024-03-15,2024-05-25,Closed Lost,21500.0,0.0,No Decision,2024-05-16
1943,Mosaic Analytics - New Business,151,11,8182,Paid Search,2025-04-04,2025-05-07,Closed Lost,6100.0,0.0,Price,2025-05-05
1944,Unity Analytics - New Business,218,12,8189,Outbound,2024-01-20,2024-03-10,Closed Won,29900.0,1.0,,2024-03-09
1945,Terra Media 32 - New Business,512,12,8190,Events,2026-06-30,2026-08-10,Closed Lost,4200.0,0.0,No Budget,2026-08-06
1946,Indigo Commerce 46 - New Business,592,14,8191,Organic Search,2025-08-01,2025-08-29,Closed Lost,5400.0,0.0,Timing,2025-08-18
1947,Unity Commerce 13 - New Business,476,10,8192,Outbound,2025-04-22,2025-05-19,Closed Won,2900.0,1.0,,2025-05-07
1948,Helix Commerce - New Business,14,11,8193,Organic Search,2026-04-26,2026-05-14,Closed Won,6500.0,1.0,,2026-05-06
