OpportunityKey,Stage,EnteredDate,StageOrder
1,Discovery,2026-01-22,1
1,Closed Lost,2026-02-21,6
2,Discovery,2025-07-24,1
2,Qualification,2025-09-04,2
2,Closed Lost,2025-09-20,6
3,Discovery,2024-11-16,1
3,Qualification,2024-12-24,2
3,Closed Lost,2025-01-12,6
4,Discovery,2024-12-11,1
4,Closed Lost,2025-01-03,6
5,Discovery,2025-01-24,1
5,Qualification,2025-02-01,2
5,Proposal,2025-02-11,3
5,Negotiation,2025-03-02,4
5,Closed Won,2025-04-17,5
6,Discovery,2024-08-30,1
6,Qualification,2024-08-31,2
6,Proposal,2024-09-10,3
6,Negotiation,2024-09-30,4
6,Closed Won,2024-10-11,5
7,Discovery,2024-11-03,1
7,Closed Lost,2025-01-04,6
8,Discovery,2026-03-06,1
8,Qualification,2026-03-12,2
8,Proposal,2026-03-23,3
8,Negotiation,2026-03-26,4
8,Closed Won,2026-03-30,5
9,Discovery,2026-08-31,1
9,Qualification,2026-09-17,2
10,Discovery,2025-02-05,1
10,Closed Lost,2025-03-01,6
11,Discovery,2024-03-31,1
11,Qualification,2024-05-01,2
11,Closed Lost,2024-08-10,6
12,Discovery,2025-12-23,1
12,Qualification,2026-01-03,2
12,Proposal,2026-02-06,3
12,Negotiation,2026-02-10,4
12,Closed Lost,2026-05-04,6
13,Discovery,2026-06-15,1
13,Qualification,2026-06-26,2
13,Proposal,2026-09-08,3
13,Closed Lost,2026-09-15,6
14,Discovery,2025-08-09,1
14,Closed Lost,2025-09-25,6
15,Discovery,2026-07-13,1
15,Qualification,2026-08-24,2
15,Proposal,2026-09-03,3
16,Discovery,2024-09-26,1
16,Closed Lost,2024-12-04,6
17,Discovery,2026-08-30,1
17,Qualification,2026-09-08,2
17,Proposal,2026-09-11,3
17,Negotiation,2026-09-13,4
18,Discovery,2024-12-31,1
18,Qualification,2025-02-09,2
18,Proposal,2025-02-14,3
18,Negotiation,2025-02-22,4
18,Closed Lost,2025-03-13,6
19,Discovery,2024-09-27,1
19,Qualification,2024-10-06,2
19,Proposal,2024-10-13,3
19,Closed Lost,2024-10-19,6
20,Discovery,2026-04-12,1
20,Qualification,2026-04-13,2
20,Proposal,2026-04-17,3
20,Negotiation,2026-04-19,4
20,Closed Won,2026-05-06,5
21,Discovery,2024-02-22,1
21,Qualification,2024-03-16,2
21,Proposal,2024-04-10,3
21,Negotiation,2024-08-18,4
21,Closed Won,2024-09-26,5
22,Discovery,2025-06-17,1
22,Qualification,2025-08-10,2
22,Closed Lost,2025-08-29,6
23,Discovery,2024-10-02,1
23,Qualification,2024-10-08,2
23,Proposal,2024-10-24,3
23,Negotiation,2024-11-08,4
23,Closed Won,2024-11-18,5
24,Discovery,2024-02-12,1
24,Qualification,2024-02-13,2
24,Proposal,2024-02-26,3
24,Closed Lost,2024-03-05,6
25,Discovery,2025-11-23,1
25,Closed Lost,2026-01-27,6
26,Discovery,2026-04-07,1
26,Qualification,2026-04-23,2
26,Proposal,2026-05-10,3
26,Closed Lost,2026-05-11,6
27,Discovery,2024-10-28,1
27,Qualification,2024-11-16,2
27,Closed Lost,2024-11-28,6
28,Discovery,2025-05-13,1
28,Qualification,2025-06-05,2
28,Proposal,2025-06-20,3
28,Negotiation,2025-07-04,4
28,Closed Won,2025-07-08,5
29,Discovery,2026-07-10,1
29,Closed Lost,2026-08-12,6
30,Discovery,2024-04-18,1
30,Qualification,2024-04-28,2
30,Proposal,2024-06-15,3
30,Closed Lost,2024-06-28,6
31,Discovery,2025-01-12,1
31,Closed Lost,2025-03-08,6
32,Discovery,2024-12-01,1
32,Qualification,2024-12-23,2
32,Proposal,2025-01-02,3
32,Closed Lost,2025-01-29,6
33,Discovery,2026-08-10,1
33,Qualification,2026-08-10,2
33,Proposal,2026-08-13,3
33,Negotiation,2026-08-25,4
33,Closed Won,2026-08-30,5
34,Discovery,2025-10-07,1
34,Qualification,2025-10-07,2
34,Proposal,2025-10-18,3
34,Negotiation,2025-10-24,4
34,Closed Won,2025-10-27,5
35,Discovery,2026-05-11,1
35,Qualification,2026-06-16,2
35,Closed Lost,2026-07-24,6
36,Discovery,2026-08-19,1
36,Qualification,2026-08-22,2
36,Proposal,2026-08-29,3
36,Negotiation,2026-09-06,4
37,Discovery,2025-08-03,1
37,Qualification,2025-08-21,2
37,Proposal,2025-08-24,3
37,Negotiation,2025-09-06,4
37,Closed Won,2025-09-09,5
38,Discovery,2025-10-18,1
38,Closed Lost,2026-01-20,6
39,Discovery,2025-05-02,1
39,Qualification,2025-05-05,2
39,Proposal,2025-05-07,3
39,Negotiation,2025-05-15,4
39,Closed Won,2025-05-18,5
40,Discovery,2024-11-20,1
40,Qualification,2024-11-25,2
40,Proposal,2024-11-29,3
40,Negotiation,2024-12-05,4
40,Closed Won,2024-12-07,5
41,Discovery,2024-06-18,1
41,Qualification,2024-07-20,2
41,Proposal,2024-08-27,3
41,Negotiation,2024-09-01,4
41,Closed Won,2024-09-02,5
42,Discovery,2024-06-01,1
42,Qualification,2024-06-06,2
42,Proposal,2024-06-16,3
42,Negotiation,2024-06-27,4
42,Closed Won,2024-07-07,5
43,Discovery,2026-02-23,1
43,Qualification,2026-02-23,2
43,Proposal,2026-03-09,3
43,Negotiation,2026-03-21,4
43,Closed Won,2026-03-23,5
44,Discovery,2026-01-07,1
44,Qualification,2026-01-07,2
44,Closed Lost,2026-03-03,6
45,Discovery,2026-05-19,1
45,Qualification,2026-05-21,2
45,Proposal,2026-06-21,3
45,Negotiation,2026-07-02,4
45,Closed Won,2026-07-22,5
46,Discovery,2026-02-03,1
46,Qualification,2026-02-06,2
46,Proposal,2026-03-22,3
46,Closed Lost,2026-04-25,6
47,Discovery,2026-05-19,1
47,Qualification,2026-05-20,2
47,Proposal,2026-05-23,3
47,Negotiation,2026-05-28,4
47,Closed Lost,2026-05-31,6
48,Discovery,2025-07-15,1
48,Qualification,2025-07-24,2
48,Proposal,2025-07-25,3
48,Negotiation,2025-08-07,4
48,Closed Won,2025-08-11,5
49,Discovery,2026-02-15,1
49,Qualification,2026-03-05,2
49,Proposal,2026-03-25,3
49,Negotiation,2026-04-04,4
49,Closed Won,2026-04-16,5
50,Discovery,2025-05-27,1
50,Qualification,2025-05-31,2
50,Closed Lost,2025-06-25,6
51,Discovery,2026-03-19,1
51,Qualification,2026-04-24,2
51,Closed Lost,2026-05-05,6
52,Discovery,2026-07-28,1
52,Qualification,2026-08-09,2
52,Proposal,2026-09-04,3
53,Discovery,2024-06-25,1
53,Qualification,2024-07-14,2
53,Closed Lost,2024-08-03,6
54,Discovery,2025-11-08,1
54,Qualification,2025-11-09,2
54,Proposal,2025-11-13,3
54,Negotiation,2025-11-14,4
54,Closed Won,2025-11-30,5
55,Discovery,2025-04-13,1
55,Qualification,2025-04-26,2
55,Proposal,2025-04-29,3
55,Negotiation,2025-05-01,4
55,Closed Won,2025-05-02,5
56,Discovery,2024-04-30,1
56,Closed Lost,2024-05-22,6
57,Discovery,2025-08-20,1
57,Qualification,2025-08-24,2
57,Proposal,2025-08-27,3
57,Negotiation,2025-08-27,4
57,Closed Won,2025-09-18,5
58,Discovery,2024-05-11,1
58,Qualification,2024-06-06,2
58,Closed Lost,2024-06-21,6
59,Discovery,2024-09-09,1
59,Qualification,2024-09-25,2
59,Closed Lost,2024-10-02,6
60,Discovery,2025-10-06,1
60,Qualification,2025-11-05,2
60,Closed Lost,2025-11-06,6
61,Discovery,2024-06-25,1
61,Qualification,2024-06-25,2
61,Closed Lost,2024-07-19,6
62,Discovery,2026-06-26,1
62,Qualification,2026-07-08,2
62,Proposal,2026-07-27,3
62,Negotiation,2026-08-13,4
62,Closed Lost,2026-08-14,6
63,Discovery,2024-03-19,1
63,Closed Lost,2024-05-24,6
64,Discovery,2026-07-12,1
64,Qualification,2026-08-20,2
64,Proposal,2026-08-20,3
65,Discovery,2026-02-23,1
65,Qualification,2026-05-02,2
65,Proposal,2026-05-14,3
65,Negotiation,2026-06-13,4
65,Closed Won,2026-06-30,5
66,Discovery,2026-04-18,1
66,Qualification,2026-04-20,2
66,Proposal,2026-05-01,3
66,Closed Lost,2026-05-07,6
67,Discovery,2024-04-04,1
67,Qualification,2024-05-03,2
67,Proposal,2024-05-10,3
67,Closed Lost,2024-05-17,6
68,Discovery,2025-03-23,1
68,Closed Lost,2025-05-24,6
69,Discovery,2025-04-02,1
69,Qualification,2025-04-04,2
69,Closed Lost,2025-05-23,6
70,Discovery,2026-08-25,1
70,Qualification,2026-08-30,2
70,Proposal,2026-09-07,3
70,Negotiation,2026-09-09,4
70,Closed Won,2026-09-22,5
71,Discovery,2025-11-14,1
71,Closed Lost,2026-01-13,6
72,Discovery,2025-10-02,1
72,Closed Lost,2025-11-03,6
73,Discovery,2026-02-11,1
73,Qualification,2026-02-27,2
73,Proposal,2026-03-05,3
73,Negotiation,2026-03-13,4
73,Closed Won,2026-03-27,5
74,Discovery,2024-02-20,1
74,Qualification,2024-02-25,2
74,Closed Lost,2024-03-11,6
75,Discovery,2024-04-06,1
75,Closed Lost,2024-05-28,6
76,Discovery,2025-10-20,1
76,Qualification,2025-10-30,2
76,Closed Lost,2025-11-17,6
77,Discovery,2025-07-28,1
77,Qualification,2025-08-10,2
77,Proposal,2025-08-12,3
77,Closed Lost,2025-09-14,6
78,Discovery,2026-05-15,1
78,Qualification,2026-05-15,2
78,Proposal,2026-05-24,3
78,Negotiation,2026-07-02,4
78,Closed Won,2026-08-11,5
79,Discovery,2025-03-23,1
79,Closed Lost,2025-04-24,6
80,Discovery,2025-09-28,1
80,Qualification,2025-10-16,2
80,Proposal,2025-10-17,3
80,Negotiation,2025-10-21,4
80,Closed Lost,2025-11-05,6
81,Discovery,2026-01-14,1
81,Qualification,2026-01-18,2
81,Closed Lost,2026-02-09,6
82,Discovery,2024-11-14,1
82,Qualification,2024-11-19,2
82,Proposal,2024-11-20,3
82,Negotiation,2024-12-09,4
82,Closed Won,2024-12-13,5
83,Discovery,2025-04-29,1
83,Qualification,2025-05-22,2
83,Proposal,2025-05-27,3
83,Negotiation,2025-05-27,4
83,Closed Lost,2025-05-29,6
84,Discovery,2026-06-28,1
84,Qualification,2026-07-12,2
84,Proposal,2026-07-13,3
84,Negotiation,2026-07-15,4
84,Closed Won,2026-07-23,5
85,Discovery,2024-07-22,1
85,Qualification,2024-07-27,2
85,Proposal,2024-07-29,3
85,Negotiation,2024-08-14,4
85,Closed Lost,2024-08-19,6
86,Discovery,2026-02-27,1
86,Qualification,2026-03-17,2
86,Proposal,2026-03-18,3
86,Closed Lost,2026-03-27,6
87,Discovery,2026-07-17,1
87,Qualification,2026-07-24,2
87,Proposal,2026-07-30,3
87,Negotiation,2026-08-20,4
87,Closed Won,2026-08-21,5
88,Discovery,2025-04-01,1
88,Qualification,2025-04-09,2
88,Proposal,2025-04-22,3
88,Negotiation,2025-05-21,4
88,Closed Won,2025-05-30,5
89,Discovery,2025-03-20,1
89,Qualification,2025-04-06,2
89,Closed Lost,2025-04-07,6
90,Discovery,2025-08-11,1
90,Qualification,2025-08-12,2
90,Closed Lost,2025-09-21,6
91,Discovery,2026-05-20,1
91,Closed Lost,2026-07-19,6
92,Discovery,2026-06-06,1
92,Qualification,2026-06-20,2
92,Proposal,2026-07-02,3
92,Negotiation,2026-07-13,4
92,Closed Won,2026-09-01,5
93,Discovery,2025-08-06,1
93,Qualification,2025-08-18,2
93,Proposal,2025-09-09,3
93,Negotiation,2025-09-19,4
93,Closed Lost,2025-09-20,6
94,Discovery,2024-09-20,1
94,Closed Lost,2024-11-14,6
95,Discovery,2024-02-06,1
95,Closed Lost,2024-03-17,6
96,Discovery,2024-10-03,1
96,Qualification,2024-11-27,2
96,Closed Lost,2024-12-01,6
97,Discovery,2026-01-06,1
97,Qualification,2026-01-09,2
97,Proposal,2026-02-04,3
97,Negotiation,2026-02-05,4
97,Closed Lost,2026-02-18,6
98,Discovery,2025-07-19,1
98,Qualification,2025-07-24,2
98,Proposal,2025-08-05,3
98,Closed Lost,2025-08-19,6
99,Discovery,2025-08-28,1
99,Qualification,2025-09-08,2
99,Proposal,2025-09-13,3
99,Negotiation,2025-09-27,4
99,Closed Won,2025-10-03,5
100,Discovery,2026-02-04,1
100,Qualification,2026-03-20,2
100,Closed Lost,2026-04-06,6
101,Discovery,2025-07-05,1
101,Qualification,2025-07-09,2
101,Closed Lost,2025-10-24,6
102,Discovery,2025-05-25,1
102,Qualification,2025-05-25,2
102,Proposal,2025-05-29,3
102,Negotiation,2025-06-01,4
102,Closed Lost,2025-06-11,6
103,Discovery,2026-08-03,1
103,Qualification,2026-08-20,2
103,Proposal,2026-08-24,3
103,Negotiation,2026-08-26,4
103,Closed Won,2026-09-09,5
104,Discovery,2026-03-05,1
104,Qualification,2026-04-07,2
104,Proposal,2026-04-07,3
104,Negotiation,2026-04-19,4
104,Closed Won,2026-04-27,5
105,Discovery,2025-01-15,1
105,Qualification,2025-02-12,2
105,Proposal,2025-03-31,3
105,Closed Lost,2025-04-30,6
106,Discovery,2025-07-11,1
106,Qualification,2025-07-16,2
106,Proposal,2025-07-24,3
106,Closed Lost,2025-08-11,6
107,Discovery,2024-09-06,1
107,Qualification,2024-09-12,2
107,Proposal,2024-10-16,3
107,Negotiation,2024-11-04,4
107,Closed Won,2024-11-13,5
108,Discovery,2026-01-19,1
108,Closed Lost,2026-02-25,6
109,Discovery,2024-03-21,1
109,Closed Lost,2024-06-18,6
110,Discovery,2025-09-27,1
110,Closed Lost,2025-10-28,6
111,Discovery,2025-02-09,1
111,Qualification,2025-02-27,2
111,Closed Lost,2025-03-12,6
112,Discovery,2024-07-25,1
112,Qualification,2024-07-28,2
112,Proposal,2024-09-02,3
112,Negotiation,2024-09-18,4
112,Closed Won,2024-10-29,5
113,Discovery,2025-03-21,1
113,Qualification,2025-03-26,2
113,Closed Lost,2025-04-21,6
114,Discovery,2025-12-31,1
114,Qualification,2026-01-04,2
114,Proposal,2026-01-27,3
114,Negotiation,2026-02-12,4
114,Closed Won,2026-02-17,5
115,Discovery,2024-02-17,1
115,Closed Lost,2024-03-20,6
116,Discovery,2025-09-29,1
116,Qualification,2025-11-16,2
116,Proposal,2025-11-19,3
116,Closed Lost,2025-12-05,6
117,Discovery,2024-08-18,1
117,Qualification,2024-08-23,2
117,Proposal,2024-08-29,3
117,Closed Lost,2024-10-01,6
118,Discovery,2024-07-30,1
118,Qualification,2024-09-15,2
118,Closed Lost,2024-09-17,6
119,Discovery,2025-12-04,1
119,Qualification,2025-12-05,2
119,Closed Lost,2025-12-29,6
120,Discovery,2026-07-02,1
120,Closed Lost,2026-09-22,6
121,Discovery,2025-10-16,1
121,Qualification,2025-11-02,2
121,Proposal,2025-11-18,3
121,Negotiation,2025-12-02,4
121,Closed Won,2025-12-10,5
122,Discovery,2024-12-22,1
122,Closed Lost,2025-02-23,6
123,Discovery,2024-11-13,1
123,Qualification,2024-11-24,2
123,Proposal,2025-02-19,3
123,Negotiation,2025-03-20,4
123,Closed Won,2025-04-15,5
124,Discovery,2026-07-19,1
124,Qualification,2026-08-09,2
124,Proposal,2026-08-26,3
124,Negotiation,2026-08-26,4
124,Closed Won,2026-08-27,5
125,Discovery,2025-12-27,1
125,Qualification,2025-12-30,2
125,Proposal,2026-01-20,3
125,Closed Lost,2026-01-31,6
126,Discovery,2026-04-21,1
126,Qualification,2026-04-23,2
126,Proposal,2026-05-03,3
126,Negotiation,2026-05-04,4
126,Closed Won,2026-05-06,5
127,Discovery,2024-07-05,1
127,Closed Lost,2024-07-27,6
128,Discovery,2025-12-21,1
128,Qualification,2025-12-23,2
128,Proposal,2025-12-31,3
128,Negotiation,2026-01-03,4
128,Closed Won,2026-01-23,5
129,Discovery,2024-07-14,1
129,Closed Lost,2024-08-16,6
130,Discovery,2026-09-02,1
131,Discovery,2026-05-18,1
131,Qualification,2026-05-25,2
131,Proposal,2026-05-31,3
131,Negotiation,2026-06-02,4
131,Closed Lost,2026-06-13,6
132,Discovery,2024-04-11,1
132,Closed Lost,2024-05-19,6
133,Discovery,2026-03-25,1
133,Qualification,2026-04-05,2
133,Proposal,2026-04-12,3
133,Negotiation,2026-04-26,4
133,Closed Won,2026-05-03,5
134,Discovery,2025-04-12,1
134,Qualification,2025-05-04,2
134,Proposal,2025-05-09,3
134,Closed Lost,2025-05-12,6
135,Discovery,2024-03-06,1
135,Qualification,2024-03-10,2
135,Proposal,2024-03-22,3
135,Negotiation,2024-04-04,4
135,Closed Won,2024-04-07,5
136,Discovery,2026-04-27,1
136,Qualification,2026-05-05,2
136,Proposal,2026-05-14,3
136,Negotiation,2026-05-20,4
136,Closed Won,2026-05-23,5
137,Discovery,2026-08-30,1
137,Qualification,2026-08-31,2
137,Proposal,2026-09-10,3
137,Negotiation,2026-09-11,4
137,Closed Lost,2026-09-23,6
138,Discovery,2025-09-16,1
138,Closed Lost,2026-01-14,6
139,Discovery,2025-03-29,1
139,Qualification,2025-04-02,2
139,Proposal,2025-04-17,3
139,Negotiation,2025-05-02,4
139,Closed Lost,2025-05-05,6
140,Discovery,2026-09-20,1
141,Discovery,2024-05-06,1
141,Qualification,2024-05-30,2
141,Proposal,2024-06-01,3
141,Negotiation,2024-07-07,4
141,Closed Lost,2024-07-09,6
142,Discovery,2024-08-19,1
142,Qualification,2024-08-20,2
142,Proposal,2024-08-21,3
142,Negotiation,2024-09-13,4
142,Closed Won,2024-09-14,5
143,Discovery,2025-01-31,1
143,Qualification,2025-02-19,2
143,Closed Lost,2025-03-20,6
144,Discovery,2025-02-20,1
144,Qualification,2025-03-22,2
144,Closed Lost,2025-05-01,6
145,Discovery,2025-12-13,1
145,Qualification,2025-12-29,2
145,Proposal,2026-01-06,3
145,Negotiation,2026-01-10,4
145,Closed Won,2026-01-28,5
146,Discovery,2024-09-30,1
146,Closed Lost,2024-12-04,6
147,Discovery,2025-01-04,1
147,Qualification,2025-01-08,2
147,Proposal,2025-01-24,3
147,Closed Lost,2025-01-30,6
148,Discovery,2025-06-02,1
148,Qualification,2025-06-11,2
148,Proposal,2025-06-24,3
148,Negotiation,2025-07-29,4
148,Closed Won,2025-08-05,5
149,Discovery,2025-11-27,1
149,Qualification,2025-12-16,2
149,Proposal,2026-01-27,3
149,Closed Lost,2026-02-13,6
150,Discovery,2025-12-10,1
150,Qualification,2025-12-11,2
150,Proposal,2025-12-17,3
150,Negotiation,2026-01-08,4
150,Closed Lost,2026-01-20,6
151,Discovery,2024-03-21,1
151,Qualification,2024-04-16,2
151,Proposal,2024-04-28,3
151,Negotiation,2024-06-21,4
151,Closed Lost,2024-07-05,6
152,Discovery,2024-04-07,1
152,Qualification,2024-04-18,2
152,Proposal,2024-05-21,3
152,Negotiation,2024-07-08,4
152,Closed Won,2024-07-28,5
153,Discovery,2024-07-31,1
153,Closed Lost,2024-11-20,6
154,Discovery,2026-07-09,1
154,Closed Lost,2026-08-20,6
155,Discovery,2026-09-09,1
156,Discovery,2024-07-21,1
156,Closed Lost,2024-09-03,6
157,Discovery,2025-12-31,1
157,Qualification,2026-01-02,2
157,Proposal,2026-01-02,3
157,Closed Lost,2026-01-22,6
158,Discovery,2026-03-07,1
158,Closed Lost,2026-04-23,6
159,Discovery,2025-01-04,1
159,Qualification,2025-01-23,2
159,Proposal,2025-02-06,3
159,Negotiation,2025-02-08,4
159,Closed Won,2025-02-13,5
160,Discovery,2026-09-24,1
161,Discovery,2025-05-01,1
161,Qualification,2025-06-23,2
161,Proposal,2025-07-06,3
161,Closed Lost,2025-08-13,6
162,Discovery,2025-09-01,1
162,Qualification,2025-09-08,2
162,Closed Lost,2025-09-23,6
163,Discovery,2025-12-27,1
163,Qualification,2026-01-25,2
163,Proposal,2026-01-26,3
163,Negotiation,2026-02-01,4
163,Closed Lost,2026-02-05,6
164,Discovery,2024-09-16,1
164,Qualification,2024-09-16,2
164,Proposal,2024-09-29,3
164,Negotiation,2024-10-03,4
164,Closed Won,2024-10-11,5
165,Discovery,2026-01-22,1
165,Qualification,2026-01-26,2
165,Proposal,2026-02-20,3
165,Closed Lost,2026-04-20,6
166,Discovery,2026-09-14,1
166,Qualification,2026-09-15,2
167,Discovery,2026-09-15,1
168,Discovery,2025-02-28,1
168,Qualification,2025-03-12,2
168,Proposal,2025-03-21,3
168,Negotiation,2025-03-26,4
168,Closed Lost,2025-04-16,6
169,Discovery,2025-07-05,1
169,Closed Lost,2025-07-24,6
170,Discovery,2025-11-11,1
170,Qualification,2025-12-26,2
170,Closed Lost,2025-12-28,6
171,Discovery,2026-05-19,1
171,Qualification,2026-05-21,2
171,Proposal,2026-07-10,3
171,Closed Lost,2026-07-15,6
172,Discovery,2024-07-18,1
172,Qualification,2024-07-18,2
172,Closed Lost,2024-08-20,6
173,Discovery,2026-01-19,1
173,Qualification,2026-04-16,2
173,Proposal,2026-04-17,3
173,Negotiation,2026-04-17,4
173,Closed Won,2026-04-30,5
174,Discovery,2025-02-14,1
174,Qualification,2025-02-26,2
174,Proposal,2025-03-16,3
174,Negotiation,2025-03-19,4
174,Closed Won,2025-04-02,5
175,Discovery,2025-11-05,1
175,Qualification,2025-11-23,2
175,Closed Lost,2025-12-16,6
176,Discovery,2024-01-27,1
176,Qualification,2024-02-15,2
176,Closed Lost,2024-02-29,6
177,Discovery,2025-12-13,1
177,Qualification,2025-12-22,2
177,Proposal,2026-01-19,3
177,Negotiation,2026-01-27,4
177,Closed Won,2026-02-08,5
178,Discovery,2025-08-11,1
178,Closed Lost,2025-11-02,6
179,Discovery,2025-05-15,1
179,Qualification,2025-06-01,2
179,Proposal,2025-07-04,3
179,Closed Lost,2025-07-19,6
180,Discovery,2026-07-20,1
180,Qualification,2026-07-20,2
180,Proposal,2026-07-27,3
180,Negotiation,2026-08-01,4
180,Closed Won,2026-08-08,5
181,Discovery,2026-08-25,1
181,Closed Lost,2026-09-14,6
182,Discovery,2024-03-29,1
182,Qualification,2024-04-22,2
182,Closed Lost,2024-05-19,6
183,Discovery,2025-04-22,1
183,Closed Lost,2025-05-30,6
184,Discovery,2026-01-17,1
184,Qualification,2026-02-08,2
184,Proposal,2026-02-09,3
184,Closed Lost,2026-02-16,6
185,Discovery,2026-06-28,1
185,Qualification,2026-07-01,2
185,Proposal,2026-07-15,3
185,Negotiation,2026-07-19,4
185,Closed Won,2026-07-30,5
186,Discovery,2026-08-10,1
186,Qualification,2026-09-18,2
186,Proposal,2026-09-26,3
187,Discovery,2026-05-07,1
187,Qualification,2026-05-08,2
187,Proposal,2026-05-13,3
187,Closed Lost,2026-05-28,6
188,Discovery,2024-04-12,1
188,Qualification,2024-04-14,2
188,Closed Lost,2024-05-14,6
189,Discovery,2026-01-29,1
189,Qualification,2026-01-31,2
189,Proposal,2026-02-22,3
189,Closed Lost,2026-03-09,6
190,Discovery,2024-08-31,1
190,Qualification,2024-08-31,2
190,Closed Lost,2024-09-13,6
191,Discovery,2026-02-27,1
191,Qualification,2026-03-16,2
191,Proposal,2026-03-19,3
191,Closed Lost,2026-03-26,6
192,Discovery,2024-08-20,1
192,Qualification,2024-08-30,2
192,Closed Lost,2024-10-21,6
193,Discovery,2026-09-02,1
193,Qualification,2026-09-14,2
194,Discovery,2025-12-12,1
194,Qualification,2025-12-16,2
194,Proposal,2025-12-17,3
194,Negotiation,2026-01-02,4
194,Closed Won,2026-01-07,5
195,Discovery,2026-01-28,1
195,Qualification,2026-02-02,2
195,Closed Lost,2026-02-21,6
196,Discovery,2025-08-14,1
196,Qualification,2025-08-20,2
196,Proposal,2025-09-04,3
196,Negotiation,2025-09-17,4
196,Closed Won,2025-10-14,5
197,Discovery,2025-03-08,1
197,Closed Lost,2025-05-31,6
198,Discovery,2026-07-10,1
198,Qualification,2026-07-19,2
198,Proposal,2026-08-12,3
198,Closed Lost,2026-08-18,6
199,Discovery,2025-06-10,1
199,Qualification,2025-06-20,2
199,Closed Lost,2025-06-30,6
200,Discovery,2025-10-12,1
200,Qualification,2025-12-02,2
200,Proposal,2025-12-08,3
200,Closed Lost,2025-12-09,6
201,Discovery,2026-05-21,1
201,Qualification,2026-06-01,2
201,Proposal,2026-06-12,3
201,Negotiation,2026-06-24,4
201,Closed Lost,2026-06-29,6
202,Discovery,2026-05-14,1
202,Qualification,2026-05-24,2
202,Closed Lost,2026-06-19,6
203,Discovery,2025-05-17,1
203,Qualification,2025-06-07,2
203,Proposal,2025-06-07,3
203,Negotiation,2025-06-08,4
203,Closed Won,2025-06-13,5
204,Discovery,2025-05-26,1
204,Qualification,2025-06-14,2
204,Proposal,2025-06-16,3
204,Negotiation,2025-06-27,4
204,Closed Won,2025-07-04,5
205,Discovery,2026-04-30,1
205,Closed Lost,2026-06-29,6
206,Discovery,2025-09-18,1
206,Qualification,2025-10-13,2
206,Proposal,2025-10-21,3
206,Negotiation,2025-10-26,4
206,Closed Lost,2025-11-01,6
207,Discovery,2024-11-26,1
207,Qualification,2024-12-11,2
207,Closed Lost,2024-12-18,6
208,Discovery,2026-08-04,1
208,Qualification,2026-08-21,2
208,Proposal,2026-08-25,3
208,Closed Lost,2026-09-01,6
209,Discovery,2026-08-08,1
209,Qualification,2026-08-29,2
209,Proposal,2026-09-09,3
210,Discovery,2025-12-12,1
210,Closed Lost,2026-03-04,6
211,Discovery,2026-02-08,1
211,Qualification,2026-02-09,2
211,Proposal,2026-02-16,3
211,Negotiation,2026-02-21,4
211,Closed Won,2026-02-27,5
212,Discovery,2024-03-04,1
212,Qualification,2024-04-01,2
212,Proposal,2024-04-03,3
212,Negotiation,2024-04-04,4
212,Closed Won,2024-05-09,5
213,Discovery,2024-03-06,1
213,Qualification,2024-03-15,2
213,Proposal,2024-03-28,3
213,Negotiation,2024-04-17,4
213,Closed Won,2024-04-19,5
214,Discovery,2024-07-05,1
214,Qualification,2024-07-10,2
214,Proposal,2024-07-25,3
214,Negotiation,2024-08-02,4
214,Closed Won,2024-09-02,5
215,Discovery,2025-08-03,1
215,Qualification,2025-08-17,2
215,Proposal,2025-08-30,3
215,Closed Lost,2025-09-03,6
216,Discovery,2025-11-25,1
216,Qualification,2025-11-27,2
216,Proposal,2025-12-07,3
216,Negotiation,2025-12-10,4
216,Closed Lost,2025-12-18,6
217,Discovery,2026-08-19,1
217,Closed Lost,2026-09-09,6
218,Discovery,2026-06-06,1
218,Qualification,2026-07-18,2
218,Proposal,2026-07-24,3
218,Negotiation,2026-08-05,4
219,Discovery,2024-09-28,1
219,Qualification,2024-10-02,2
219,Proposal,2024-10-06,3
219,Negotiation,2024-10-06,4
219,Closed Lost,2024-10-07,6
220,Discovery,2025-09-08,1
220,Closed Lost,2025-09-27,6
221,Discovery,2025-09-16,1
221,Qualification,2025-09-17,2
221,Closed Lost,2025-10-15,6
222,Discovery,2026-07-11,1
222,Qualification,2026-08-27,2
223,Discovery,2025-08-04,1
223,Qualification,2025-08-07,2
223,Proposal,2025-08-19,3
223,Negotiation,2025-09-04,4
223,Closed Won,2025-09-05,5
224,Discovery,2026-03-12,1
224,Qualification,2026-03-19,2
224,Closed Lost,2026-03-31,6
225,Discovery,2025-02-17,1
225,Qualification,2025-06-22,2
225,Proposal,2025-06-23,3
225,Closed Lost,2025-06-30,6
226,Discovery,2025-01-03,1
226,Qualification,2025-01-22,2
226,Proposal,2025-01-24,3
226,Negotiation,2025-01-25,4
226,Closed Lost,2025-01-27,6
227,Discovery,2026-02-01,1
227,Qualification,2026-02-10,2
227,Closed Lost,2026-04-11,6
228,Discovery,2024-06-09,1
228,Closed Lost,2024-07-17,6
229,Discovery,2025-08-27,1
229,Qualification,2025-09-09,2
229,Closed Lost,2025-09-27,6
230,Discovery,2026-03-24,1
230,Closed Lost,2026-05-07,6
231,Discovery,2026-09-22,1
232,Discovery,2025-08-29,1
232,Qualification,2025-08-30,2
232,Proposal,2025-09-01,3
232,Negotiation,2025-09-10,4
232,Closed Won,2025-09-22,5
233,Discovery,2025-11-11,1
233,Qualification,2025-11-12,2
233,Proposal,2025-11-17,3
233,Negotiation,2025-11-28,4
233,Closed Won,2025-11-30,5
234,Discovery,2024-05-18,1
234,Qualification,2024-06-19,2
234,Proposal,2024-07-12,3
234,Negotiation,2024-07-21,4
234,Closed Won,2024-07-23,5
235,Discovery,2024-07-03,1
235,Qualification,2024-07-19,2
235,Proposal,2024-07-30,3
235,Closed Lost,2024-09-04,6
236,Discovery,2024-06-13,1
236,Qualification,2024-08-29,2
236,Proposal,2024-09-25,3
236,Negotiation,2024-10-09,4
236,Closed Won,2024-10-22,5
237,Discovery,2024-07-01,1
237,Qualification,2024-07-08,2
237,Proposal,2024-08-26,3
237,Closed Lost,2024-08-30,6
238,Discovery,2025-06-03,1
238,Closed Lost,2025-06-17,6
239,Discovery,2025-12-16,1
239,Qualification,2025-12-19,2
239,Closed Lost,2026-02-01,6
240,Discovery,2026-06-28,1
240,Qualification,2026-06-28,2
240,Proposal,2026-07-13,3
240,Negotiation,2026-07-20,4
240,Closed Won,2026-07-21,5
241,Discovery,2026-02-05,1
241,Qualification,2026-03-03,2
241,Proposal,2026-03-09,3
241,Closed Lost,2026-03-11,6
242,Discovery,2026-06-28,1
242,Qualification,2026-07-05,2
242,Proposal,2026-07-09,3
242,Negotiation,2026-07-19,4
242,Closed Lost,2026-07-20,6
243,Discovery,2025-09-04,1
243,Qualification,2025-09-06,2
243,Proposal,2025-09-21,3
243,Negotiation,2025-09-25,4
243,Closed Won,2025-11-11,5
244,Discovery,2026-02-04,1
244,Qualification,2026-02-15,2
244,Proposal,2026-03-07,3
244,Negotiation,2026-03-21,4
244,Closed Won,2026-03-23,5
245,Discovery,2026-06-26,1
245,Qualification,2026-07-01,2
245,Proposal,2026-08-14,3
245,Negotiation,2026-08-24,4
245,Closed Won,2026-09-19,5
246,Discovery,2025-10-11,1
246,Closed Lost,2025-10-30,6
247,Discovery,2026-02-19,1
247,Qualification,2026-04-06,2
247,Proposal,2026-05-16,3
247,Closed Lost,2026-07-04,6
248,Discovery,2025-12-30,1
248,Closed Lost,2026-03-05,6
249,Discovery,2025-03-18,1
249,Closed Lost,2025-05-14,6
250,Discovery,2026-06-29,1
250,Qualification,2026-07-02,2
250,Closed Lost,2026-08-21,6
251,Discovery,2025-07-26,1
251,Qualification,2025-08-04,2
251,Proposal,2025-08-06,3
251,Negotiation,2025-08-17,4
251,Closed Lost,2025-08-21,6
252,Discovery,2025-02-14,1
252,Qualification,2025-02-25,2
252,Proposal,2025-03-06,3
252,Closed Lost,2025-03-08,6
253,Discovery,2026-08-18,1
253,Qualification,2026-09-11,2
253,Proposal,2026-09-16,3
254,Discovery,2024-07-21,1
254,Qualification,2024-08-04,2
254,Proposal,2024-08-04,3
254,Negotiation,2024-08-04,4
254,Closed Won,2024-08-18,5
255,Discovery,2026-03-31,1
255,Qualification,2026-04-16,2
255,Proposal,2026-04-29,3
255,Closed Lost,2026-06-08,6
256,Discovery,2026-04-05,1
256,Qualification,2026-04-17,2
256,Proposal,2026-04-27,3
256,Negotiation,2026-05-08,4
256,Closed Won,2026-05-11,5
257,Discovery,2026-09-01,1
257,Qualification,2026-09-10,2
257,Proposal,2026-09-22,3
258,Discovery,2025-01-26,1
258,Qualification,2025-01-27,2
258,Proposal,2025-03-02,3
258,Negotiation,2025-03-05,4
258,Closed Lost,2025-06-20,6
259,Discovery,2025-07-12,1
259,Qualification,2025-07-18,2
259,Closed Lost,2025-08-01,6
260,Discovery,2026-01-26,1
260,Qualification,2026-01-29,2
260,Proposal,2026-04-10,3
260,Closed Lost,2026-04-11,6
261,Discovery,2024-06-14,1
261,Closed Lost,2024-07-11,6
262,Discovery,2026-04-11,1
262,Qualification,2026-04-27,2
262,Closed Lost,2026-05-20,6
263,Discovery,2024-11-24,1
263,Qualification,2024-11-29,2
263,Closed Lost,2025-01-20,6
264,Discovery,2025-04-14,1
264,Qualification,2025-05-05,2
264,Proposal,2025-05-09,3
264,Negotiation,2025-05-23,4
264,Closed Won,2025-05-30,5
265,Discovery,2024-05-02,1
265,Closed Lost,2024-06-02,6
266,Discovery,2024-04-29,1
266,Qualification,2024-05-03,2
266,Closed Lost,2024-05-21,6
267,Discovery,2026-07-25,1
267,Qualification,2026-07-31,2
267,Proposal,2026-08-01,3
267,Closed Lost,2026-08-15,6
268,Discovery,2025-09-11,1
268,Closed Lost,2025-11-02,6
269,Discovery,2026-07-20,1
269,Qualification,2026-07-23,2
269,Proposal,2026-07-31,3
269,Negotiation,2026-08-09,4
269,Closed Won,2026-08-23,5
270,Discovery,2026-02-19,1
270,Qualification,2026-03-14,2
270,Closed Lost,2026-04-15,6
271,Discovery,2025-02-17,1
271,Qualification,2025-03-18,2
271,Proposal,2025-03-24,3
271,Negotiation,2025-04-16,4
271,Closed Won,2025-04-18,5
272,Discovery,2024-09-17,1
272,Closed Lost,2024-12-24,6
273,Discovery,2026-03-20,1
273,Qualification,2026-04-25,2
273,Closed Lost,2026-07-25,6
274,Discovery,2025-08-11,1
274,Qualification,2025-08-29,2
274,Proposal,2025-09-20,3
274,Closed Lost,2025-09-26,6
275,Discovery,2025-01-20,1
275,Closed Lost,2025-02-15,6
276,Discovery,2024-07-11,1
276,Qualification,2024-07-14,2
276,Closed Lost,2024-08-09,6
277,Discovery,2025-12-09,1
277,Qualification,2025-12-15,2
277,Proposal,2026-03-01,3
277,Negotiation,2026-03-12,4
277,Closed Lost,2026-03-20,6
278,Discovery,2025-08-31,1
278,Qualification,2025-09-08,2
278,Proposal,2025-09-12,3
278,Closed Lost,2025-09-14,6
279,Discovery,2024-05-21,1
279,Closed Lost,2024-07-07,6
280,Discovery,2024-11-03,1
280,Closed Lost,2024-11-15,6
281,Discovery,2024-11-04,1
281,Closed Lost,2024-12-10,6
282,Discovery,2024-10-25,1
282,Qualification,2024-11-13,2
282,Proposal,2024-11-14,3
282,Negotiation,2024-12-02,4
282,Closed Won,2024-12-19,5
283,Discovery,2026-03-03,1
283,Qualification,2026-03-05,2
283,Proposal,2026-03-24,3
283,Negotiation,2026-03-24,4
283,Closed Won,2026-03-25,5
284,Discovery,2025-12-26,1
284,Qualification,2026-01-11,2
284,Closed Lost,2026-02-25,6
285,Discovery,2025-09-12,1
285,Qualification,2025-10-14,2
285,Closed Lost,2025-10-16,6
286,Discovery,2026-08-30,1
286,Closed Lost,2026-09-18,6
287,Discovery,2026-08-02,1
287,Closed Lost,2026-09-06,6
288,Discovery,2025-11-18,1
288,Qualification,2025-12-30,2
288,Proposal,2026-01-04,3
288,Closed Lost,2026-01-07,6
289,Discovery,2026-06-19,1
289,Qualification,2026-06-24,2
289,Closed Lost,2026-07-29,6
290,Discovery,2024-05-05,1
290,Qualification,2024-05-10,2
290,Closed Lost,2024-08-07,6
291,Discovery,2024-05-14,1
291,Closed Lost,2024-06-07,6
292,Discovery,2026-06-21,1
292,Qualification,2026-07-09,2
292,Proposal,2026-07-10,3
292,Closed Lost,2026-07-14,6
293,Discovery,2025-03-14,1
293,Qualification,2025-04-06,2
293,Proposal,2025-04-06,3
293,Closed Lost,2025-04-29,6
294,Discovery,2024-05-18,1
294,Qualification,2024-06-16,2
294,Proposal,2024-07-28,3
294,Negotiation,2024-09-07,4
294,Closed Lost,2024-09-16,6
295,Discovery,2025-07-25,1
295,Qualification,2025-07-31,2
295,Proposal,2025-08-30,3
295,Negotiation,2025-09-03,4
295,Closed Won,2025-09-08,5
296,Discovery,2024-12-15,1
296,Qualification,2024-12-19,2
296,Closed Lost,2024-12-30,6
297,Discovery,2025-07-19,1
297,Qualification,2025-07-21,2
297,Proposal,2025-08-22,3
297,Closed Lost,2025-08-23,6
298,Discovery,2026-07-19,1
298,Qualification,2026-08-05,2
299,Discovery,2025-06-23,1
299,Qualification,2025-06-23,2
299,Proposal,2025-06-29,3
299,Closed Lost,2025-09-16,6
300,Discovery,2026-08-31,1
300,Qualification,2026-09-13,2
300,Proposal,2026-09-28,3
301,Discovery,2026-06-09,1
301,Qualification,2026-06-12,2
301,Proposal,2026-07-04,3
301,Negotiation,2026-07-07,4
301,Closed Won,2026-07-18,5
302,Discovery,2025-04-22,1
302,Closed Lost,2025-05-30,6
303,Discovery,2024-12-21,1
303,Qualification,2024-12-24,2
303,Proposal,2025-01-19,3
303,Negotiation,2025-01-21,4
303,Closed Won,2025-01-23,5
304,Discovery,2025-03-19,1
304,Qualification,2025-03-22,2
304,Closed Lost,2025-04-10,6
305,Discovery,2024-04-11,1
305,Qualification,2024-05-06,2
305,Proposal,2024-05-09,3
305,Negotiation,2024-05-12,4
305,Closed Won,2024-05-16,5
306,Discovery,2025-10-31,1
306,Qualification,2025-11-10,2
306,Proposal,2025-11-16,3
306,Negotiation,2025-11-30,4
306,Closed Won,2025-12-08,5
307,Discovery,2025-07-16,1
307,Closed Lost,2025-08-22,6
308,Discovery,2025-05-23,1
308,Closed Lost,2025-06-29,6
309,Discovery,2026-05-08,1
309,Qualification,2026-06-09,2
309,Proposal,2026-07-04,3
309,Closed Lost,2026-08-01,6
310,Discovery,2025-08-03,1
310,Qualification,2025-08-15,2
310,Closed Lost,2025-08-19,6
311,Discovery,2026-04-25,1
311,Qualification,2026-05-21,2
311,Closed Lost,2026-06-02,6
312,Discovery,2024-08-13,1
312,Qualification,2024-08-14,2
312,Proposal,2024-09-24,3
312,Closed Lost,2024-10-31,6
313,Discovery,2025-11-22,1
313,Qualification,2025-12-18,2
313,Closed Lost,2025-12-22,6
314,Discovery,2026-09-10,1
314,Qualification,2026-09-12,2
314,Proposal,2026-09-18,3
315,Discovery,2026-09-06,1
315,Qualification,2026-09-11,2
315,Proposal,2026-09-16,3
316,Discovery,2025-02-04,1
316,Qualification,2025-02-14,2
316,Proposal,2025-02-26,3
316,Closed Lost,2025-03-10,6
318,Discovery,2025-01-14,1
318,Qualification,2025-01-29,2
318,Proposal,2025-02-23,3
318,Closed Lost,2025-02-28,6
319,Discovery,2025-09-09,1
319,Qualification,2025-10-06,2
319,Proposal,2025-11-24,3
319,Negotiation,2026-01-14,4
319,Closed Won,2026-01-30,5
320,Discovery,2024-10-05,1
320,Qualification,2024-11-06,2
320,Proposal,2024-11-09,3
320,Negotiation,2024-11-29,4
320,Closed Won,2024-12-05,5
321,Discovery,2026-04-13,1
321,Closed Lost,2026-07-13,6
322,Discovery,2025-02-22,1
322,Qualification,2025-02-23,2
322,Proposal,2025-04-02,3
322,Negotiation,2025-05-06,4
322,Closed Won,2025-05-08,5
323,Discovery,2024-12-21,1
323,Qualification,2025-04-30,2
323,Closed Lost,2025-07-27,6
324,Discovery,2026-09-24,1
325,Discovery,2024-11-29,1
325,Qualification,2025-01-01,2
325,Closed Lost,2025-01-05,6
326,Discovery,2025-09-08,1
326,Qualification,2025-09-08,2
326,Proposal,2025-09-18,3
326,Negotiation,2025-09-18,4
326,Closed Lost,2025-09-30,6
327,Discovery,2025-10-01,1
327,Qualification,2025-10-10,2
327,Closed Lost,2025-11-13,6
328,Discovery,2026-06-03,1
328,Qualification,2026-06-28,2
328,Proposal,2026-07-11,3
328,Negotiation,2026-08-13,4
328,Closed Lost,2026-09-08,6
329,Discovery,2025-07-25,1
329,Qualification,2025-08-18,2
329,Closed Lost,2025-09-22,6
330,Discovery,2024-12-27,1
330,Closed Lost,2025-02-17,6
331,Discovery,2024-12-13,1
331,Qualification,2024-12-24,2
331,Closed Lost,2025-01-08,6
332,Discovery,2024-02-10,1
332,Closed Lost,2024-03-08,6
333,Discovery,2024-09-09,1
333,Closed Lost,2024-11-15,6
334,Discovery,2026-03-23,1
334,Closed Lost,2026-05-24,6
335,Discovery,2024-11-24,1
335,Qualification,2024-11-27,2
335,Proposal,2024-11-29,3
335,Closed Lost,2025-01-12,6
336,Discovery,2024-02-11,1
336,Qualification,2024-02-12,2
336,Proposal,2024-02-19,3
336,Closed Lost,2024-02-24,6
337,Discovery,2026-05-02,1
337,Closed Lost,2026-05-24,6
338,Discovery,2024-03-01,1
338,Qualification,2024-04-05,2
338,Closed Lost,2024-04-12,6
339,Discovery,2026-03-14,1
339,Qualification,2026-03-15,2
339,Proposal,2026-03-17,3
339,Negotiation,2026-03-22,4
339,Closed Won,2026-04-03,5
340,Discovery,2025-05-31,1
340,Qualification,2025-06-10,2
340,Proposal,2025-06-14,3
340,Closed Lost,2025-06-28,6
341,Discovery,2026-09-25,1
342,Discovery,2025-11-26,1
342,Qualification,2025-11-29,2
342,Proposal,2025-12-02,3
342,Negotiation,2025-12-08,4
342,Closed Won,2025-12-22,5
343,Discovery,2024-08-03,1
343,Qualification,2024-08-24,2
343,Closed Lost,2024-09-08,6
344,Discovery,2026-05-26,1
344,Qualification,2026-05-26,2
344,Proposal,2026-06-08,3
344,Negotiation,2026-06-19,4
344,Closed Lost,2026-06-23,6
345,Discovery,2025-04-08,1
345,Qualification,2025-05-11,2
345,Closed Lost,2025-05-14,6
346,Discovery,2026-09-27,1
347,Discovery,2025-10-02,1
347,Qualification,2025-10-03,2
347,Closed Lost,2025-12-11,6
348,Discovery,2026-05-05,1
348,Closed Lost,2026-05-27,6
349,Discovery,2026-07-07,1
349,Qualification,2026-07-16,2
349,Proposal,2026-09-07,3
350,Discovery,2025-05-14,1
350,Qualification,2025-07-09,2
350,Proposal,2025-07-10,3
350,Closed Lost,2025-08-12,6
351,Discovery,2024-05-08,1
351,Qualification,2024-05-08,2
351,Proposal,2024-06-20,3
351,Negotiation,2024-06-21,4
351,Closed Won,2024-07-15,5
352,Discovery,2024-05-05,1
352,Qualification,2024-05-07,2
352,Proposal,2024-06-03,3
352,Negotiation,2024-06-15,4
352,Closed Won,2024-07-12,5
353,Discovery,2024-07-04,1
353,Qualification,2024-07-11,2
353,Proposal,2024-07-15,3
353,Negotiation,2024-10-20,4
353,Closed Won,2024-11-06,5
355,Discovery,2024-09-04,1
355,Qualification,2024-10-01,2
355,Proposal,2024-10-08,3
355,Negotiation,2025-01-24,4
355,Closed Won,2025-01-28,5
356,Discovery,2025-09-07,1
356,Qualification,2025-10-07,2
356,Proposal,2025-10-20,3
356,Negotiation,2025-11-08,4
356,Closed Won,2025-11-30,5
357,Discovery,2025-07-07,1
357,Qualification,2025-07-13,2
357,Closed Lost,2025-09-10,6
358,Discovery,2025-01-12,1
358,Closed Lost,2025-03-13,6
359,Discovery,2024-05-21,1
359,Qualification,2024-06-11,2
359,Proposal,2024-06-12,3
359,Negotiation,2024-08-21,4
359,Closed Lost,2024-09-04,6
360,Discovery,2025-09-09,1
360,Qualification,2025-09-09,2
360,Proposal,2025-09-13,3
360,Negotiation,2025-09-22,4
360,Closed Won,2025-09-24,5
361,Discovery,2025-12-02,1
361,Qualification,2025-12-03,2
361,Proposal,2025-12-04,3
361,Negotiation,2025-12-13,4
361,Closed Won,2025-12-15,5
362,Discovery,2026-08-23,1
362,Qualification,2026-08-24,2
363,Discovery,2026-04-04,1
363,Qualification,2026-04-30,2
363,Proposal,2026-06-05,3
363,Closed Lost,2026-06-12,6
364,Discovery,2025-11-27,1
364,Closed Lost,2026-01-22,6
365,Discovery,2024-09-30,1
365,Qualification,2024-10-01,2
365,Proposal,2024-11-13,3
365,Negotiation,2024-12-10,4
365,Closed Lost,2025-01-18,6
366,Discovery,2025-07-03,1
366,Qualification,2025-07-08,2
366,Proposal,2025-07-20,3
366,Closed Lost,2025-08-01,6
367,Discovery,2026-02-15,1
367,Qualification,2026-03-09,2
367,Closed Lost,2026-03-22,6
368,Discovery,2025-07-13,1
368,Qualification,2025-10-12,2
368,Closed Lost,2025-11-12,6
369,Discovery,2024-05-21,1
369,Qualification,2024-05-23,2
369,Proposal,2024-06-06,3
369,Negotiation,2024-06-14,4
369,Closed Won,2024-06-21,5
370,Discovery,2025-07-16,1
370,Qualification,2025-08-01,2
370,Proposal,2025-08-05,3
370,Negotiation,2025-10-23,4
370,Closed Won,2025-11-24,5
371,Discovery,2025-06-15,1
371,Closed Lost,2025-09-24,6
372,Discovery,2025-11-27,1
372,Qualification,2025-11-30,2
372,Proposal,2025-12-30,3
372,Closed Lost,2026-01-04,6
373,Discovery,2026-07-10,1
373,Qualification,2026-07-11,2
373,Proposal,2026-07-15,3
373,Closed Lost,2026-07-31,6
374,Discovery,2025-04-04,1
374,Qualification,2025-04-25,2
374,Closed Lost,2025-04-30,6
375,Discovery,2026-01-07,1
375,Closed Lost,2026-03-09,6
376,Discovery,2025-02-28,1
376,Qualification,2025-03-02,2
376,Closed Lost,2025-04-12,6
377,Discovery,2024-04-13,1
377,Qualification,2024-04-25,2
377,Closed Lost,2024-04-29,6
378,Discovery,2025-12-11,1
378,Qualification,2025-12-17,2
378,Proposal,2025-12-17,3
378,Negotiation,2026-01-17,4
378,Closed Lost,2026-01-22,6
379,Discovery,2025-12-26,1
379,Qualification,2025-12-27,2
379,Proposal,2025-12-31,3
379,Closed Lost,2026-01-18,6
380,Discovery,2026-08-16,1
380,Qualification,2026-08-28,2
381,Discovery,2024-06-11,1
381,Qualification,2024-07-15,2
381,Closed Lost,2024-07-16,6
382,Discovery,2024-12-27,1
382,Qualification,2025-01-11,2
382,Proposal,2025-02-17,3
382,Closed Lost,2025-03-16,6
383,Discovery,2026-03-05,1
383,Qualification,2026-03-22,2
383,Proposal,2026-04-06,3
383,Closed Lost,2026-04-08,6
384,Discovery,2026-06-23,1
384,Qualification,2026-06-26,2
384,Proposal,2026-07-04,3
384,Negotiation,2026-07-05,4
384,Closed Lost,2026-07-14,6
385,Discovery,2026-09-21,1
386,Discovery,2025-02-24,1
386,Qualification,2025-03-10,2
386,Proposal,2025-03-26,3
386,Negotiation,2025-04-08,4
386,Closed Won,2025-04-16,5
387,Discovery,2025-03-27,1
387,Qualification,2025-04-06,2
387,Proposal,2025-05-05,3
387,Closed Lost,2025-05-25,6
388,Discovery,2026-09-25,1
388,Qualification,2026-09-25,2
389,Discovery,2026-05-29,1
389,Qualification,2026-05-30,2
389,Proposal,2026-06-02,3
389,Closed Lost,2026-07-07,6
390,Discovery,2026-08-06,1
390,Closed Lost,2026-08-26,6
391,Discovery,2026-06-10,1
391,Qualification,2026-06-11,2
391,Closed Lost,2026-07-10,6
392,Discovery,2024-02-06,1
392,Qualification,2024-03-04,2
392,Proposal,2024-03-13,3
392,Negotiation,2024-04-29,4
392,Closed Lost,2024-05-09,6
393,Discovery,2026-04-05,1
393,Qualification,2026-05-12,2
393,Proposal,2026-05-18,3
393,Closed Lost,2026-06-21,6
394,Discovery,2026-06-18,1
394,Qualification,2026-06-27,2
394,Proposal,2026-07-21,3
394,Negotiation,2026-07-23,4
394,Closed Won,2026-07-26,5
395,Discovery,2026-07-27,1
395,Closed Lost,2026-09-21,6
396,Discovery,2026-01-06,1
396,Qualification,2026-01-11,2
396,Proposal,2026-01-12,3
396,Negotiation,2026-01-17,4
396,Closed Won,2026-01-23,5
397,Discovery,2026-05-08,1
397,Closed Lost,2026-06-27,6
398,Discovery,2024-11-14,1
398,Qualification,2024-11-21,2
398,Proposal,2024-12-14,3
398,Negotiation,2025-02-19,4
398,Closed Won,2025-03-02,5
399,Discovery,2026-07-05,1
399,Closed Lost,2026-07-27,6
400,Discovery,2024-05-08,1
400,Qualification,2024-05-27,2
400,Proposal,2024-06-12,3
400,Negotiation,2024-06-15,4
400,Closed Won,2024-07-07,5
401,Discovery,2024-12-12,1
401,Qualification,2024-12-13,2
401,Proposal,2024-12-13,3
401,Negotiation,2024-12-20,4
401,Closed Won,2024-12-31,5
402,Discovery,2024-03-30,1
402,Qualification,2024-04-07,2
402,Proposal,2024-04-23,3
402,Closed Lost,2024-04-30,6
403,Discovery,2026-04-01,1
403,Qualification,2026-04-04,2
403,Proposal,2026-04-20,3
403,Negotiation,2026-05-04,4
403,Closed Lost,2026-05-24,6
404,Discovery,2025-07-23,1
404,Closed Lost,2025-08-26,6
405,Discovery,2025-09-26,1
405,Qualification,2025-10-14,2
405,Proposal,2025-10-23,3
405,Negotiation,2025-10-25,4
405,Closed Won,2025-10-28,5
406,Discovery,2024-09-09,1
406,Closed Lost,2024-09-27,6
407,Discovery,2025-04-14,1
407,Closed Lost,2025-05-29,6
408,Discovery,2025-03-08,1
408,Closed Lost,2025-09-03,6
409,Discovery,2024-08-10,1
409,Qualification,2024-08-24,2
409,Closed Lost,2024-08-25,6
410,Discovery,2026-05-15,1
410,Closed Lost,2026-06-10,6
411,Discovery,2024-12-24,1
411,Qualification,2025-01-13,2
411,Proposal,2025-02-18,3
411,Closed Lost,2025-02-23,6
412,Discovery,2024-08-20,1
412,Qualification,2024-08-25,2
412,Proposal,2024-08-29,3
412,Negotiation,2024-09-01,4
412,Closed Won,2024-09-14,5
413,Discovery,2025-06-09,1
413,Qualification,2025-06-26,2
413,Proposal,2025-06-28,3
413,Negotiation,2025-07-16,4
413,Closed Won,2025-07-21,5
414,Discovery,2025-12-05,1
414,Qualification,2025-12-27,2
414,Closed Lost,2026-01-11,6
415,Discovery,2025-03-22,1
415,Qualification,2025-04-09,2
415,Closed Lost,2025-04-30,6
416,Discovery,2025-11-16,1
416,Closed Lost,2026-01-04,6
417,Discovery,2024-09-24,1
417,Closed Lost,2024-12-14,6
418,Discovery,2024-05-03,1
418,Qualification,2024-05-06,2
418,Proposal,2024-05-27,3
418,Negotiation,2024-07-05,4
418,Closed Won,2024-07-14,5
419,Discovery,2024-11-10,1
419,Qualification,2024-11-15,2
419,Proposal,2024-11-22,3
419,Negotiation,2024-12-12,4
419,Closed Won,2024-12-31,5
420,Discovery,2026-09-09,1
420,Qualification,2026-09-14,2
420,Proposal,2026-09-24,3
421,Discovery,2026-09-25,1
422,Discovery,2024-04-25,1
422,Qualification,2024-05-10,2
422,Proposal,2024-05-18,3
422,Closed Lost,2024-05-27,6
423,Discovery,2025-12-08,1
423,Qualification,2025-12-09,2
423,Proposal,2025-12-10,3
423,Negotiation,2026-01-08,4
423,Closed Won,2026-01-14,5
424,Discovery,2025-10-05,1
424,Qualification,2025-10-08,2
424,Proposal,2025-10-27,3
424,Negotiation,2025-11-17,4
424,Closed Lost,2025-11-20,6
425,Discovery,2024-10-22,1
425,Qualification,2024-11-01,2
425,Closed Lost,2024-11-05,6
426,Discovery,2025-04-27,1
426,Qualification,2025-05-27,2
426,Proposal,2025-06-02,3
426,Negotiation,2025-07-17,4
426,Closed Won,2025-08-24,5
427,Discovery,2024-11-17,1
427,Closed Lost,2024-12-06,6
428,Discovery,2025-09-17,1
428,Qualification,2025-09-29,2
428,Proposal,2025-10-29,3
428,Negotiation,2025-12-23,4
428,Closed Won,2025-12-26,5
429,Discovery,2025-10-31,1
429,Closed Lost,2025-11-26,6
430,Discovery,2025-07-16,1
430,Qualification,2025-07-31,2
430,Proposal,2025-08-21,3
430,Negotiation,2025-08-24,4
430,Closed Won,2025-10-06,5
431,Discovery,2026-07-16,1
431,Qualification,2026-08-14,2
431,Proposal,2026-08-23,3
432,Discovery,2025-08-01,1
432,Closed Lost,2025-09-30,6
433,Discovery,2026-04-24,1
433,Qualification,2026-04-28,2
433,Closed Lost,2026-06-14,6
434,Discovery,2024-12-04,1
434,Qualification,2025-01-04,2
434,Proposal,2025-01-04,3
434,Negotiation,2025-01-17,4
434,Closed Lost,2025-02-26,6
435,Discovery,2026-05-17,1
435,Qualification,2026-05-25,2
435,Closed Lost,2026-07-06,6
436,Discovery,2024-03-15,1
436,Qualification,2024-03-17,2
436,Proposal,2024-04-07,3
436,Closed Lost,2024-04-13,6
437,Discovery,2024-09-25,1
437,Closed Lost,2024-12-17,6
438,Discovery,2025-07-21,1
438,Qualification,2025-07-25,2
438,Proposal,2025-07-27,3
438,Negotiation,2025-07-29,4
438,Closed Won,2025-08-15,5
439,Discovery,2025-07-26,1
439,Qualification,2025-08-19,2
439,Proposal,2025-08-29,3
439,Closed Lost,2025-09-15,6
440,Discovery,2025-02-05,1
440,Closed Lost,2025-06-04,6
441,Discovery,2025-07-19,1
441,Closed Lost,2025-08-13,6
442,Discovery,2024-02-07,1
442,Qualification,2024-02-18,2
442,Proposal,2024-03-12,3
442,Closed Lost,2024-03-24,6
443,Discovery,2025-08-26,1
443,Qualification,2025-08-31,2
443,Closed Lost,2025-10-11,6
444,Discovery,2024-03-04,1
444,Closed Lost,2024-03-30,6
445,Discovery,2026-02-26,1
445,Closed Lost,2026-06-15,6
446,Discovery,2024-10-24,1
446,Closed Lost,2024-11-28,6
447,Discovery,2025-12-01,1
447,Qualification,2025-12-20,2
447,Proposal,2026-01-13,3
447,Negotiation,2026-01-23,4
447,Closed Won,2026-01-25,5
448,Discovery,2026-03-07,1
448,Closed Lost,2026-06-22,6
449,Discovery,2024-03-07,1
449,Qualification,2024-04-04,2
449,Proposal,2024-05-26,3
449,Closed Lost,2024-06-27,6
450,Discovery,2026-02-20,1
450,Closed Lost,2026-05-08,6
451,Discovery,2026-03-23,1
451,Qualification,2026-04-21,2
451,Closed Lost,2026-05-27,6
452,Discovery,2024-05-30,1
452,Qualification,2024-08-17,2
452,Closed Lost,2024-08-23,6
453,Discovery,2024-11-15,1
453,Closed Lost,2024-12-19,6
454,Discovery,2026-08-27,1
454,Qualification,2026-09-04,2
454,Proposal,2026-09-04,3
454,Negotiation,2026-09-08,4
454,Closed Won,2026-09-09,5
455,Discovery,2025-10-31,1
455,Qualification,2025-11-14,2
455,Closed Lost,2025-11-20,6
456,Discovery,2025-05-07,1
456,Qualification,2025-05-27,2
456,Proposal,2025-06-19,3
456,Negotiation,2025-06-24,4
456,Closed Won,2025-08-29,5
457,Discovery,2026-03-09,1
457,Qualification,2026-03-17,2
457,Proposal,2026-04-29,3
457,Closed Lost,2026-06-02,6
458,Discovery,2026-03-07,1
458,Qualification,2026-03-21,2
458,Proposal,2026-04-11,3
458,Closed Lost,2026-05-16,6
459,Discovery,2025-05-15,1
459,Qualification,2025-05-18,2
459,Proposal,2025-05-24,3
459,Negotiation,2025-06-01,4
459,Closed Lost,2025-06-05,6
460,Discovery,2026-01-20,1
460,Qualification,2026-02-05,2
460,Closed Lost,2026-07-06,6
461,Discovery,2024-06-23,1
461,Closed Lost,2024-07-11,6
462,Discovery,2025-01-21,1
462,Qualification,2025-02-02,2
462,Proposal,2025-04-20,3
462,Negotiation,2025-05-06,4
462,Closed Lost,2025-05-26,6
463,Discovery,2024-04-20,1
463,Qualification,2024-04-25,2
463,Proposal,2024-05-01,3
463,Negotiation,2024-05-02,4
463,Closed Won,2024-05-15,5
464,Discovery,2025-09-20,1
464,Qualification,2025-09-26,2
464,Proposal,2025-10-17,3
464,Negotiation,2025-10-19,4
464,Closed Won,2025-12-02,5
465,Discovery,2025-12-15,1
465,Qualification,2025-12-26,2
465,Proposal,2025-12-27,3
465,Negotiation,2026-01-20,4
465,Closed Won,2026-01-31,5
466,Discovery,2024-07-11,1
466,Qualification,2024-09-17,2
466,Proposal,2024-10-13,3
466,Negotiation,2024-10-19,4
466,Closed Won,2024-10-31,5
467,Discovery,2025-12-13,1
467,Qualification,2026-01-23,2
467,Proposal,2026-01-25,3
467,Negotiation,2026-01-29,4
467,Closed Lost,2026-02-16,6
468,Discovery,2026-08-08,1
468,Qualification,2026-08-09,2
468,Proposal,2026-08-16,3
468,Closed Lost,2026-09-06,6
469,Discovery,2026-06-21,1
469,Qualification,2026-09-07,2
469,Proposal,2026-09-09,3
470,Discovery,2025-03-29,1
470,Closed Lost,2025-04-16,6
471,Discovery,2024-05-10,1
471,Closed Lost,2024-06-14,6
472,Discovery,2025-02-02,1
472,Qualification,2025-02-19,2
472,Proposal,2025-03-17,3
472,Closed Lost,2025-04-02,6
473,Discovery,2024-06-12,1
473,Qualification,2024-06-19,2
473,Proposal,2024-06-27,3
473,Negotiation,2024-06-30,4
473,Closed Won,2024-07-15,5
474,Discovery,2026-07-02,1
474,Closed Lost,2026-07-17,6
475,Discovery,2024-09-01,1
475,Qualification,2024-10-29,2
475,Closed Lost,2024-11-01,6
476,Discovery,2025-07-20,1
476,Qualification,2025-07-25,2
476,Proposal,2025-08-06,3
476,Negotiation,2025-08-07,4
476,Closed Won,2025-08-20,5
477,Discovery,2026-04-04,1
477,Qualification,2026-04-09,2
477,Proposal,2026-04-14,3
477,Negotiation,2026-04-17,4
477,Closed Lost,2026-04-23,6
478,Discovery,2025-12-28,1
478,Qualification,2025-12-29,2
478,Proposal,2026-01-18,3
478,Negotiation,2026-01-21,4
478,Closed Won,2026-02-06,5
479,Discovery,2025-03-27,1
479,Qualification,2025-03-30,2
479,Proposal,2025-04-04,3
479,Negotiation,2025-04-06,4
479,Closed Won,2025-04-13,5
480,Discovery,2026-07-27,1
480,Qualification,2026-07-30,2
480,Proposal,2026-08-04,3
480,Negotiation,2026-08-08,4
480,Closed Lost,2026-08-19,6
481,Discovery,2024-11-05,1
481,Qualification,2024-11-21,2
481,Proposal,2024-11-25,3
481,Negotiation,2024-12-20,4
481,Closed Lost,2024-12-29,6
482,Discovery,2025-04-06,1
482,Qualification,2025-04-10,2
482,Proposal,2025-04-13,3
482,Negotiation,2025-04-15,4
482,Closed Won,2025-04-30,5
483,Discovery,2026-06-15,1
483,Qualification,2026-06-18,2
483,Proposal,2026-08-20,3
483,Negotiation,2026-08-27,4
483,Closed Won,2026-08-28,5
484,Discovery,2024-12-15,1
484,Qualification,2024-12-21,2
484,Proposal,2024-12-29,3
484,Negotiation,2025-01-02,4
484,Closed Won,2025-01-11,5
485,Discovery,2026-09-27,1
485,Qualification,2026-09-29,2
486,Discovery,2025-12-31,1
486,Qualification,2026-01-10,2
486,Closed Lost,2026-02-06,6
487,Discovery,2025-06-08,1
487,Qualification,2025-07-09,2
487,Closed Lost,2025-08-01,6
488,Discovery,2026-08-09,1
488,Qualification,2026-08-14,2
488,Proposal,2026-08-18,3
488,Negotiation,2026-08-23,4
488,Closed Lost,2026-08-26,6
489,Discovery,2025-08-19,1
489,Qualification,2025-11-01,2
489,Closed Lost,2025-11-26,6
490,Discovery,2025-11-28,1
490,Qualification,2025-11-29,2
490,Proposal,2025-12-20,3
490,Closed Lost,2025-12-26,6
491,Discovery,2026-09-01,1
491,Qualification,2026-09-16,2
491,Proposal,2026-09-18,3
492,Discovery,2025-03-27,1
492,Qualification,2025-04-17,2
492,Proposal,2025-05-06,3
492,Negotiation,2025-05-17,4
492,Closed Lost,2025-05-31,6
493,Discovery,2025-01-13,1
493,Closed Lost,2025-03-04,6
494,Discovery,2024-07-27,1
494,Closed Lost,2024-09-26,6
495,Discovery,2024-09-10,1
495,Closed Lost,2024-11-02,6
496,Discovery,2025-07-30,1
496,Closed Lost,2026-04-22,6
497,Discovery,2026-09-18,1
497,Qualification,2026-09-19,2
498,Discovery,2024-07-28,1
498,Closed Lost,2024-09-22,6
499,Discovery,2026-09-02,1
500,Discovery,2025-05-09,1
500,Qualification,2025-05-12,2
500,Proposal,2025-05-24,3
500,Negotiation,2025-05-30,4
500,Closed Won,2025-06-09,5
501,Discovery,2025-09-21,1
501,Closed Lost,2025-12-01,6
502,Discovery,2024-06-21,1
502,Closed Lost,2024-10-09,6
503,Discovery,2025-01-25,1
503,Qualification,2025-01-27,2
503,Proposal,2025-01-27,3
503,Negotiation,2025-01-28,4
503,Closed Won,2025-02-09,5
504,Discovery,2026-07-15,1
504,Qualification,2026-07-15,2
504,Proposal,2026-07-26,3
504,Negotiation,2026-07-27,4
504,Closed Won,2026-07-30,5
505,Discovery,2026-07-29,1
505,Qualification,2026-08-08,2
505,Proposal,2026-08-08,3
505,Negotiation,2026-08-10,4
505,Closed Won,2026-08-17,5
506,Discovery,2024-11-30,1
506,Qualification,2024-12-11,2
506,Proposal,2024-12-12,3
506,Closed Lost,2024-12-20,6
507,Discovery,2024-01-25,1
507,Qualification,2024-02-16,2
507,Proposal,2024-02-19,3
507,Negotiation,2024-02-28,4
507,Closed Won,2024-04-08,5
508,Discovery,2026-06-19,1
508,Closed Lost,2026-08-15,6
509,Discovery,2024-06-30,1
509,Closed Lost,2024-09-09,6
510,Discovery,2025-02-16,1
510,Qualification,2025-04-28,2
510,Proposal,2025-05-13,3
510,Closed Lost,2025-05-16,6
511,Discovery,2026-08-15,1
511,Qualification,2026-08-15,2
511,Closed Lost,2026-09-29,6
512,Discovery,2026-04-14,1
512,Closed Lost,2026-05-29,6
513,Discovery,2024-12-08,1
513,Qualification,2024-12-12,2
513,Proposal,2025-01-03,3
513,Negotiation,2025-01-07,4
513,Closed Lost,2025-01-10,6
514,Discovery,2026-07-30,1
514,Qualification,2026-08-21,2
514,Proposal,2026-08-23,3
514,Negotiation,2026-08-28,4
514,Closed Won,2026-09-14,5
515,Discovery,2024-11-05,1
515,Qualification,2024-11-10,2
515,Proposal,2024-11-19,3
515,Negotiation,2024-12-03,4
515,Closed Won,2025-01-12,5
516,Discovery,2024-09-20,1
516,Qualification,2024-09-30,2
516,Proposal,2024-10-05,3
516,Negotiation,2024-10-08,4
516,Closed Won,2024-10-13,5
517,Discovery,2025-09-06,1
517,Qualification,2025-09-17,2
517,Closed Lost,2025-09-19,6
518,Discovery,2024-02-06,1
518,Qualification,2024-02-22,2
518,Proposal,2024-04-02,3
518,Closed Lost,2024-04-17,6
519,Discovery,2024-02-16,1
519,Qualification,2024-02-16,2
519,Closed Lost,2024-03-09,6
520,Discovery,2025-07-11,1
520,Qualification,2025-08-20,2
520,Closed Lost,2025-09-06,6
521,Discovery,2024-08-18,1
521,Qualification,2024-08-21,2
521,Proposal,2024-08-21,3
521,Closed Lost,2024-08-27,6
522,Discovery,2024-12-23,1
522,Qualification,2025-01-13,2
522,Proposal,2025-04-28,3
522,Closed Lost,2025-04-30,6
523,Discovery,2024-06-28,1
523,Qualification,2024-07-25,2
523,Proposal,2024-08-09,3
523,Negotiation,2024-08-20,4
523,Closed Won,2024-08-29,5
524,Discovery,2025-11-29,1
524,Qualification,2025-12-06,2
524,Closed Lost,2025-12-16,6
525,Discovery,2024-02-07,1
525,Qualification,2024-02-23,2
525,Proposal,2024-03-18,3
525,Closed Lost,2024-06-01,6
526,Discovery,2026-07-10,1
526,Qualification,2026-08-04,2
526,Closed Lost,2026-08-19,6
527,Discovery,2026-03-21,1
527,Qualification,2026-05-06,2
527,Closed Lost,2026-05-25,6
528,Discovery,2026-05-08,1
528,Qualification,2026-05-17,2
528,Proposal,2026-05-26,3
528,Closed Lost,2026-05-28,6
529,Discovery,2024-11-20,1
529,Qualification,2024-12-25,2
529,Closed Lost,2025-01-06,6
530,Discovery,2025-08-03,1
530,Qualification,2025-09-11,2
530,Proposal,2025-09-14,3
530,Negotiation,2025-09-18,4
530,Closed Lost,2025-10-17,6
531,Discovery,2025-08-13,1
531,Qualification,2025-08-17,2
531,Closed Lost,2025-09-23,6
532,Discovery,2024-12-20,1
532,Closed Lost,2025-04-13,6
533,Discovery,2024-10-10,1
533,Qualification,2024-12-20,2
533,Closed Lost,2025-01-12,6
534,Discovery,2026-03-20,1
534,Closed Lost,2026-07-04,6
535,Discovery,2026-02-17,1
535,Qualification,2026-02-26,2
535,Proposal,2026-03-21,3
535,Negotiation,2026-04-11,4
535,Closed Won,2026-04-14,5
536,Discovery,2026-01-15,1
536,Closed Lost,2026-06-10,6
537,Discovery,2024-03-17,1
537,Qualification,2024-03-22,2
537,Proposal,2024-03-23,3
537,Closed Lost,2024-04-14,6
538,Discovery,2024-03-29,1
538,Closed Lost,2024-05-20,6
539,Discovery,2026-01-11,1
539,Qualification,2026-03-22,2
539,Closed Lost,2026-03-25,6
540,Discovery,2025-06-18,1
540,Qualification,2025-07-16,2
540,Closed Lost,2025-07-27,6
541,Discovery,2026-06-21,1
541,Qualification,2026-07-03,2
541,Proposal,2026-07-11,3
541,Negotiation,2026-07-16,4
541,Closed Lost,2026-07-19,6
542,Discovery,2025-11-03,1
542,Qualification,2025-12-06,2
542,Proposal,2025-12-25,3
542,Negotiation,2026-01-06,4
542,Closed Lost,2026-01-13,6
543,Discovery,2024-03-21,1
543,Qualification,2024-03-25,2
543,Closed Lost,2024-05-04,6
544,Discovery,2025-03-24,1
544,Qualification,2025-04-03,2
544,Proposal,2025-04-05,3
544,Closed Lost,2025-04-17,6
545,Discovery,2025-11-29,1
545,Qualification,2025-12-08,2
545,Proposal,2025-12-08,3
545,Negotiation,2025-12-20,4
545,Closed Lost,2025-12-21,6
546,Discovery,2025-12-13,1
546,Qualification,2025-12-28,2
546,Proposal,2026-01-01,3
546,Closed Lost,2026-01-03,6
547,Discovery,2026-02-19,1
547,Qualification,2026-02-22,2
547,Proposal,2026-03-12,3
547,Negotiation,2026-03-14,4
547,Closed Lost,2026-03-30,6
548,Discovery,2026-03-24,1
548,Qualification,2026-03-30,2
548,Proposal,2026-04-03,3
548,Negotiation,2026-04-13,4
548,Closed Lost,2026-04-26,6
549,Discovery,2026-07-24,1
549,Qualification,2026-07-26,2
549,Proposal,2026-07-27,3
549,Negotiation,2026-08-09,4
549,Closed Won,2026-09-16,5
550,Discovery,2025-11-26,1
550,Qualification,2025-12-10,2
550,Closed Lost,2026-01-22,6
551,Discovery,2024-10-31,1
551,Qualification,2024-11-20,2
551,Proposal,2024-11-27,3
551,Closed Lost,2024-12-07,6
552,Discovery,2025-10-07,1
552,Closed Lost,2026-01-03,6
553,Discovery,2025-07-17,1
553,Qualification,2025-08-03,2
553,Proposal,2025-09-11,3
553,Closed Lost,2025-09-15,6
554,Discovery,2026-07-16,1
554,Qualification,2026-08-10,2
554,Proposal,2026-08-13,3
555,Discovery,2024-02-29,1
555,Qualification,2024-03-03,2
555,Proposal,2024-03-05,3
555,Negotiation,2024-03-19,4
555,Closed Lost,2024-03-25,6
556,Discovery,2024-11-07,1
556,Closed Lost,2025-01-30,6
557,Discovery,2026-05-31,1
557,Qualification,2026-08-13,2
557,Closed Lost,2026-09-10,6
558,Discovery,2026-03-26,1
558,Qualification,2026-04-08,2
558,Closed Lost,2026-05-07,6
559,Discovery,2024-09-19,1
559,Qualification,2024-10-03,2
559,Closed Lost,2024-11-02,6
560,Discovery,2026-03-31,1
560,Qualification,2026-06-06,2
560,Proposal,2026-06-10,3
560,Negotiation,2026-06-12,4
560,Closed Won,2026-06-26,5
561,Discovery,2025-10-30,1
561,Qualification,2025-11-21,2
561,Closed Lost,2025-11-28,6
562,Discovery,2024-08-31,1
562,Qualification,2024-10-07,2
562,Proposal,2024-10-10,3
562,Negotiation,2024-10-13,4
562,Closed Won,2024-10-15,5
563,Discovery,2024-12-27,1
563,Qualification,2024-12-27,2
563,Proposal,2025-01-11,3
563,Negotiation,2025-01-16,4
563,Closed Lost,2025-01-20,6
564,Discovery,2024-10-15,1
564,Qualification,2024-10-29,2
564,Proposal,2024-11-27,3
564,Negotiation,2024-11-29,4
564,Closed Won,2025-01-13,5
565,Discovery,2025-06-04,1
565,Qualification,2025-06-10,2
565,Proposal,2025-08-15,3
565,Negotiation,2025-08-18,4
565,Closed Won,2025-09-04,5
566,Discovery,2025-08-06,1
566,Qualification,2025-09-02,2
566,Closed Lost,2025-09-05,6
567,Discovery,2025-01-06,1
567,Qualification,2025-01-07,2
567,Closed Lost,2025-01-29,6
568,Discovery,2025-06-22,1
568,Qualification,2025-07-08,2
568,Proposal,2025-07-14,3
568,Negotiation,2025-08-19,4
568,Closed Won,2025-08-24,5
569,Discovery,2026-07-11,1
569,Qualification,2026-07-24,2
569,Closed Lost,2026-08-02,6
570,Discovery,2025-06-04,1
570,Qualification,2025-07-14,2
570,Closed Lost,2025-07-29,6
571,Discovery,2024-01-31,1
571,Closed Lost,2024-06-12,6
572,Discovery,2026-08-12,1
572,Qualification,2026-08-14,2
572,Closed Lost,2026-08-27,6
573,Discovery,2024-11-26,1
573,Qualification,2024-12-24,2
573,Closed Lost,2024-12-29,6
574,Discovery,2026-09-19,1
575,Discovery,2025-08-14,1
575,Qualification,2025-09-08,2
575,Closed Lost,2025-10-18,6
576,Discovery,2025-03-08,1
576,Qualification,2025-03-19,2
576,Proposal,2025-03-23,3
576,Negotiation,2025-04-02,4
576,Closed Lost,2025-04-08,6
577,Discovery,2024-06-29,1
577,Qualification,2024-08-01,2
577,Closed Lost,2024-08-22,6
578,Discovery,2025-04-27,1
578,Qualification,2025-06-03,2
578,Closed Lost,2025-06-06,6
579,Discovery,2025-03-06,1
579,Closed Lost,2025-06-22,6
580,Discovery,2026-05-22,1
580,Qualification,2026-06-23,2
580,Closed Lost,2026-07-08,6
581,Discovery,2025-06-07,1
581,Qualification,2025-06-20,2
581,Proposal,2025-07-09,3
581,Closed Lost,2025-07-16,6
582,Discovery,2025-03-29,1
582,Qualification,2025-04-03,2
582,Proposal,2025-04-09,3
582,Negotiation,2025-04-14,4
582,Closed Won,2025-04-17,5
583,Discovery,2025-08-27,1
583,Qualification,2025-08-27,2
583,Closed Lost,2025-09-20,6
584,Discovery,2026-01-06,1
584,Qualification,2026-01-06,2
584,Proposal,2026-02-01,3
584,Closed Lost,2026-03-10,6
585,Discovery,2026-02-06,1
585,Qualification,2026-02-27,2
585,Proposal,2026-02-28,3
585,Negotiation,2026-03-07,4
585,Closed Lost,2026-03-28,6
586,Discovery,2025-11-02,1
586,Closed Lost,2025-12-31,6
587,Discovery,2026-02-28,1
587,Qualification,2026-03-07,2
587,Proposal,2026-03-11,3
587,Negotiation,2026-03-20,4
587,Closed Won,2026-03-26,5
588,Discovery,2025-04-11,1
588,Qualification,2025-04-13,2
588,Proposal,2025-04-19,3
588,Closed Lost,2025-05-29,6
589,Discovery,2025-01-12,1
589,Qualification,2025-02-05,2
589,Proposal,2025-02-23,3
589,Negotiation,2025-02-24,4
589,Closed Won,2025-02-28,5
590,Discovery,2024-05-18,1
590,Closed Lost,2024-07-02,6
591,Discovery,2026-05-05,1
591,Qualification,2026-05-08,2
591,Proposal,2026-05-22,3
591,Negotiation,2026-05-27,4
591,Closed Lost,2026-06-01,6
592,Discovery,2024-05-29,1
592,Qualification,2024-06-16,2
592,Proposal,2024-07-04,3
592,Negotiation,2024-07-06,4
592,Closed Won,2024-08-04,5
593,Discovery,2024-07-05,1
593,Qualification,2024-07-08,2
593,Closed Lost,2024-07-28,6
594,Discovery,2024-05-22,1
594,Qualification,2024-05-22,2
594,Proposal,2024-05-27,3
594,Negotiation,2024-06-06,4
594,Closed Lost,2024-06-13,6
595,Discovery,2026-06-20,1
595,Closed Lost,2026-07-28,6
596,Discovery,2026-05-03,1
596,Qualification,2026-06-10,2
596,Closed Lost,2026-07-22,6
597,Discovery,2026-09-08,1
598,Discovery,2024-07-09,1
598,Qualification,2024-07-14,2
598,Proposal,2024-07-20,3
598,Negotiation,2024-07-27,4
598,Closed Won,2024-07-30,5
599,Discovery,2026-09-26,1
600,Discovery,2026-01-20,1
600,Qualification,2026-04-04,2
600,Proposal,2026-04-08,3
600,Negotiation,2026-04-17,4
600,Closed Lost,2026-05-19,6
601,Discovery,2025-10-27,1
601,Qualification,2025-11-11,2
601,Closed Lost,2025-11-24,6
602,Discovery,2024-05-25,1
602,Qualification,2024-05-25,2
602,Proposal,2024-06-07,3
602,Negotiation,2024-06-08,4
602,Closed Won,2024-06-16,5
603,Discovery,2025-07-25,1
603,Qualification,2025-09-07,2
603,Closed Lost,2025-09-08,6
604,Discovery,2025-01-26,1
604,Qualification,2025-02-11,2
604,Proposal,2025-02-18,3
604,Negotiation,2025-02-22,4
604,Closed Lost,2025-02-26,6
605,Discovery,2026-09-27,1
606,Discovery,2025-03-01,1
606,Qualification,2025-03-28,2
606,Closed Lost,2025-03-30,6
607,Discovery,2026-03-06,1
607,Qualification,2026-03-13,2
607,Proposal,2026-04-17,3
607,Negotiation,2026-04-26,4
607,Closed Lost,2026-05-16,6
608,Discovery,2025-09-25,1
608,Closed Lost,2025-11-09,6
609,Discovery,2024-03-29,1
609,Closed Lost,2024-06-23,6
610,Discovery,2025-08-31,1
610,Closed Lost,2025-11-17,6
611,Discovery,2025-03-05,1
611,Closed Lost,2025-04-15,6
612,Discovery,2025-11-17,1
612,Closed Lost,2025-12-25,6
613,Discovery,2024-11-20,1
613,Closed Lost,2024-12-12,6
614,Discovery,2025-10-04,1
614,Closed Lost,2025-11-20,6
615,Discovery,2025-11-14,1
615,Qualification,2025-12-01,2
615,Proposal,2025-12-13,3
615,Negotiation,2025-12-20,4
615,Closed Won,2025-12-25,5
616,Discovery,2026-03-18,1
616,Qualification,2026-03-19,2
616,Proposal,2026-04-04,3
616,Closed Lost,2026-04-14,6
617,Discovery,2025-06-12,1
617,Qualification,2025-06-29,2
617,Proposal,2025-07-18,3
617,Negotiation,2025-07-26,4
617,Closed Lost,2025-08-24,6
618,Discovery,2025-10-18,1
618,Qualification,2025-12-01,2
618,Proposal,2025-12-12,3
618,Negotiation,2026-03-14,4
618,Closed Won,2026-05-08,5
619,Discovery,2024-02-07,1
619,Qualification,2024-02-11,2
619,Proposal,2024-02-19,3
619,Closed Lost,2024-02-20,6
620,Discovery,2026-03-11,1
620,Qualification,2026-03-12,2
620,Proposal,2026-04-05,3
620,Negotiation,2026-04-07,4
620,Closed Won,2026-04-15,5
621,Discovery,2025-08-18,1
621,Qualification,2025-09-29,2
621,Proposal,2025-11-15,3
621,Negotiation,2025-11-29,4
621,Closed Won,2026-01-03,5
622,Discovery,2026-08-13,1
622,Qualification,2026-08-15,2
622,Closed Lost,2026-09-09,6
623,Discovery,2025-04-23,1
623,Closed Lost,2025-05-28,6
624,Discovery,2024-08-18,1
624,Closed Lost,2024-08-27,6
625,Discovery,2026-06-09,1
625,Qualification,2026-07-10,2
625,Proposal,2026-07-12,3
625,Negotiation,2026-07-21,4
625,Closed Won,2026-08-14,5
626,Discovery,2026-05-17,1
626,Qualification,2026-05-22,2
626,Proposal,2026-05-23,3
626,Negotiation,2026-05-24,4
626,Closed Won,2026-06-01,5
627,Discovery,2025-06-25,1
627,Qualification,2025-06-28,2
627,Proposal,2025-07-20,3
627,Negotiation,2025-07-22,4
627,Closed Won,2025-07-31,5
628,Discovery,2025-11-19,1
628,Qualification,2025-11-21,2
628,Proposal,2025-11-28,3
628,Closed Lost,2025-12-21,6
629,Discovery,2025-05-10,1
629,Qualification,2025-06-07,2
629,Proposal,2025-06-23,3
629,Negotiation,2025-07-24,4
629,Closed Won,2025-07-28,5
630,Discovery,2026-01-11,1
630,Closed Lost,2026-04-30,6
631,Discovery,2026-02-28,1
631,Closed Lost,2026-04-20,6
632,Discovery,2026-02-04,1
632,Closed Lost,2026-03-01,6
633,Discovery,2025-04-24,1
633,Closed Lost,2025-07-23,6
634,Discovery,2024-01-29,1
634,Closed Lost,2024-02-22,6
635,Discovery,2025-02-07,1
635,Closed Lost,2025-03-14,6
636,Discovery,2025-01-15,1
636,Qualification,2025-01-18,2
636,Proposal,2025-02-04,3
636,Negotiation,2025-02-09,4
636,Closed Won,2025-02-10,5
637,Discovery,2026-02-19,1
637,Qualification,2026-02-21,2
637,Proposal,2026-04-03,3
637,Negotiation,2026-04-25,4
637,Closed Lost,2026-05-11,6
638,Discovery,2025-12-22,1
638,Closed Lost,2026-01-24,6
639,Discovery,2026-07-09,1
639,Qualification,2026-08-01,2
639,Closed Lost,2026-08-06,6
640,Discovery,2025-02-16,1
640,Qualification,2025-02-25,2
640,Proposal,2025-03-19,3
640,Negotiation,2025-04-04,4
640,Closed Won,2025-04-08,5
641,Discovery,2025-10-17,1
641,Qualification,2025-10-19,2
641,Proposal,2025-10-22,3
641,Closed Lost,2025-12-23,6
642,Discovery,2024-08-27,1
642,Qualification,2024-09-01,2
642,Closed Lost,2024-09-17,6
643,Discovery,2024-09-27,1
643,Qualification,2024-11-07,2
643,Proposal,2024-12-19,3
643,Closed Lost,2024-12-23,6
644,Discovery,2025-06-01,1
644,Qualification,2025-06-01,2
644,Proposal,2025-06-09,3
644,Negotiation,2025-06-21,4
644,Closed Won,2025-07-01,5
645,Discovery,2024-09-29,1
645,Closed Lost,2024-11-11,6
646,Discovery,2026-09-15,1
646,Qualification,2026-09-16,2
646,Proposal,2026-09-20,3
646,Negotiation,2026-09-22,4
647,Discovery,2024-04-09,1
647,Qualification,2024-04-18,2
647,Proposal,2024-05-01,3
647,Negotiation,2024-05-14,4
647,Closed Won,2024-06-09,5
648,Discovery,2026-01-06,1
648,Qualification,2026-01-18,2
648,Closed Lost,2026-01-31,6
649,Discovery,2024-03-22,1
649,Qualification,2024-03-25,2
649,Proposal,2024-03-27,3
649,Negotiation,2024-03-29,4
649,Closed Won,2024-04-04,5
650,Discovery,2026-06-27,1
650,Qualification,2026-07-15,2
650,Closed Lost,2026-07-20,6
651,Discovery,2026-06-12,1
651,Qualification,2026-06-20,2
651,Proposal,2026-07-02,3
651,Negotiation,2026-07-11,4
651,Closed Lost,2026-07-16,6
652,Discovery,2025-03-24,1
652,Qualification,2025-03-24,2
652,Proposal,2025-04-09,3
652,Negotiation,2025-04-18,4
652,Closed Won,2025-04-19,5
653,Discovery,2025-06-17,1
653,Qualification,2025-07-11,2
653,Closed Lost,2025-07-29,6
654,Discovery,2024-09-19,1
654,Qualification,2024-10-06,2
654,Proposal,2024-10-10,3
654,Negotiation,2024-10-13,4
654,Closed Won,2024-11-12,5
655,Discovery,2024-07-08,1
655,Qualification,2024-07-09,2
655,Proposal,2024-08-10,3
655,Negotiation,2024-08-20,4
655,Closed Lost,2024-08-22,6
656,Discovery,2024-01-06,1
656,Closed Lost,2024-03-15,6
657,Discovery,2026-05-13,1
657,Qualification,2026-05-28,2
657,Closed Lost,2026-06-01,6
658,Discovery,2025-12-11,1
658,Qualification,2025-12-27,2
658,Closed Lost,2026-01-15,6
659,Discovery,2025-09-30,1
659,Qualification,2025-10-04,2
659,Closed Lost,2025-11-16,6
660,Discovery,2025-12-15,1
660,Qualification,2025-12-16,2
660,Proposal,2025-12-19,3
660,Negotiation,2025-12-21,4
660,Closed Won,2025-12-31,5
661,Discovery,2024-10-26,1
661,Qualification,2024-11-03,2
661,Proposal,2024-11-10,3
661,Closed Lost,2024-11-13,6
662,Discovery,2025-11-25,1
662,Qualification,2025-12-20,2
662,Closed Lost,2025-12-28,6
663,Discovery,2025-01-05,1
663,Qualification,2025-01-27,2
663,Proposal,2025-01-28,3
663,Negotiation,2025-02-06,4
663,Closed Won,2025-02-10,5
664,Discovery,2025-04-10,1
664,Qualification,2025-05-17,2
664,Closed Lost,2025-06-04,6
665,Discovery,2026-07-06,1
665,Qualification,2026-07-15,2
666,Discovery,2024-10-15,1
666,Closed Lost,2024-12-01,6
667,Discovery,2024-11-23,1
667,Qualification,2024-12-11,2
667,Proposal,2025-01-23,3
667,Negotiation,2025-02-05,4
667,Closed Won,2025-02-07,5
668,Discovery,2026-01-15,1
668,Qualification,2026-01-31,2
668,Proposal,2026-02-07,3
668,Negotiation,2026-02-13,4
668,Closed Lost,2026-02-17,6
669,Discovery,2026-02-07,1
669,Qualification,2026-02-17,2
669,Proposal,2026-03-07,3
669,Negotiation,2026-03-09,4
669,Closed Lost,2026-03-11,6
670,Discovery,2024-12-01,1
670,Qualification,2024-12-17,2
670,Proposal,2025-01-13,3
670,Negotiation,2025-01-16,4
670,Closed Lost,2025-03-06,6
671,Discovery,2025-05-03,1
671,Qualification,2025-06-25,2
671,Proposal,2025-07-22,3
671,Closed Lost,2025-08-03,6
672,Discovery,2024-12-20,1
672,Qualification,2025-01-28,2
672,Proposal,2025-02-01,3
672,Negotiation,2025-02-01,4
672,Closed Won,2025-02-23,5
673,Discovery,2025-09-16,1
673,Qualification,2025-09-22,2
673,Proposal,2025-09-26,3
673,Negotiation,2025-10-23,4
673,Closed Lost,2025-11-01,6
674,Discovery,2025-09-03,1
674,Qualification,2025-09-03,2
674,Closed Lost,2025-10-31,6
675,Discovery,2025-07-24,1
675,Qualification,2025-07-28,2
675,Closed Lost,2025-08-28,6
676,Discovery,2025-09-20,1
676,Qualification,2025-09-20,2
676,Proposal,2025-09-21,3
676,Negotiation,2025-09-22,4
676,Closed Won,2025-10-08,5
677,Discovery,2026-07-31,1
677,Qualification,2026-08-08,2
677,Proposal,2026-08-09,3
677,Negotiation,2026-08-17,4
677,Closed Lost,2026-08-20,6
678,Discovery,2026-04-13,1
678,Qualification,2026-04-23,2
678,Proposal,2026-05-02,3
678,Negotiation,2026-05-03,4
678,Closed Won,2026-05-09,5
679,Discovery,2025-11-12,1
679,Closed Lost,2026-03-03,6
680,Discovery,2024-12-27,1
680,Qualification,2025-01-05,2
680,Proposal,2025-01-10,3
680,Negotiation,2025-03-05,4
680,Closed Won,2025-03-08,5
681,Discovery,2026-07-30,1
681,Closed Lost,2026-08-31,6
682,Discovery,2026-09-24,1
683,Discovery,2024-06-24,1
683,Closed Lost,2024-07-29,6
684,Discovery,2026-08-02,1
684,Closed Lost,2026-09-22,6
685,Discovery,2025-01-26,1
685,Qualification,2025-02-12,2
685,Proposal,2025-02-14,3
685,Closed Lost,2025-02-23,6
686,Discovery,2025-03-18,1
686,Closed Lost,2025-04-12,6
687,Discovery,2026-01-15,1
687,Qualification,2026-02-25,2
687,Closed Lost,2026-02-28,6
688,Discovery,2025-03-15,1
688,Qualification,2025-04-08,2
688,Closed Lost,2025-04-11,6
689,Discovery,2025-09-18,1
689,Qualification,2025-09-30,2
689,Proposal,2025-10-06,3
689,Closed Lost,2025-10-21,6
690,Discovery,2025-11-20,1
690,Qualification,2025-11-25,2
690,Proposal,2025-12-19,3
690,Closed Lost,2025-12-22,6
691,Discovery,2026-09-10,1
692,Discovery,2025-04-04,1
692,Qualification,2025-04-05,2
692,Proposal,2025-04-12,3
692,Negotiation,2025-04-28,4
692,Closed Won,2025-05-10,5
693,Discovery,2026-01-07,1
693,Qualification,2026-02-16,2
693,Proposal,2026-02-16,3
693,Negotiation,2026-02-18,4
693,Closed Won,2026-02-22,5
694,Discovery,2026-08-21,1
694,Qualification,2026-08-30,2
694,Proposal,2026-09-24,3
695,Discovery,2025-10-23,1
695,Qualification,2025-10-28,2
695,Proposal,2025-11-14,3
695,Negotiation,2025-11-17,4
695,Closed Won,2025-12-25,5
696,Discovery,2026-07-20,1
696,Qualification,2026-09-08,2
696,Closed Lost,2026-09-13,6
697,Discovery,2025-06-24,1
697,Closed Lost,2025-08-22,6
698,Discovery,2025-05-08,1
698,Qualification,2025-06-06,2
698,Closed Lost,2025-07-16,6
699,Discovery,2025-12-20,1
699,Qualification,2026-01-08,2
699,Proposal,2026-01-12,3
699,Negotiation,2026-01-14,4
699,Closed Lost,2026-01-20,6
700,Discovery,2025-09-19,1
700,Qualification,2025-11-13,2
700,Proposal,2025-12-26,3
700,Closed Lost,2026-01-07,6
701,Discovery,2026-04-04,1
701,Qualification,2026-04-22,2
701,Closed Lost,2026-05-10,6
702,Discovery,2026-04-14,1
702,Qualification,2026-04-27,2
702,Proposal,2026-05-14,3
702,Negotiation,2026-05-17,4
702,Closed Won,2026-06-08,5
703,Discovery,2025-08-31,1
703,Closed Lost,2025-11-01,6
704,Discovery,2025-04-16,1
704,Qualification,2025-04-26,2
704,Proposal,2025-04-26,3
704,Negotiation,2025-05-31,4
704,Closed Lost,2025-07-07,6
705,Discovery,2025-11-15,1
705,Qualification,2025-12-04,2
705,Proposal,2025-12-19,3
705,Negotiation,2025-12-26,4
705,Closed Won,2026-01-01,5
706,Discovery,2025-10-12,1
706,Closed Lost,2025-12-26,6
707,Discovery,2025-01-27,1
707,Qualification,2025-02-08,2
707,Closed Lost,2025-02-20,6
708,Discovery,2025-03-19,1
708,Qualification,2025-12-28,2
708,Closed Lost,2026-01-30,6
709,Discovery,2025-07-14,1
709,Qualification,2025-08-11,2
709,Proposal,2025-08-11,3
709,Negotiation,2025-08-16,4
709,Closed Lost,2025-08-24,6
710,Discovery,2025-07-22,1
710,Qualification,2025-08-08,2
710,Closed Lost,2025-08-23,6
711,Discovery,2026-09-22,1
711,Qualification,2026-09-27,2
712,Discovery,2026-02-15,1
712,Qualification,2026-05-12,2
712,Closed Lost,2026-06-28,6
713,Discovery,2026-06-24,1
713,Qualification,2026-07-28,2
713,Closed Lost,2026-08-13,6
714,Discovery,2025-04-16,1
714,Qualification,2025-04-28,2
714,Proposal,2025-05-03,3
714,Negotiation,2025-07-18,4
714,Closed Won,2025-07-22,5
715,Discovery,2024-04-04,1
715,Qualification,2024-04-10,2
715,Proposal,2024-05-01,3
715,Negotiation,2024-06-22,4
715,Closed Won,2024-06-28,5
716,Discovery,2026-07-23,1
716,Qualification,2026-08-07,2
716,Proposal,2026-08-12,3
716,Closed Lost,2026-09-02,6
717,Discovery,2024-11-29,1
717,Qualification,2024-12-04,2
717,Proposal,2024-12-22,3
717,Negotiation,2024-12-28,4
717,Closed Won,2025-02-07,5
718,Discovery,2025-08-07,1
718,Qualification,2025-09-18,2
718,Closed Lost,2025-12-10,6
719,Discovery,2025-10-09,1
719,Qualification,2025-10-09,2
719,Proposal,2025-10-19,3
719,Negotiation,2025-10-29,4
719,Closed Won,2025-11-02,5
720,Discovery,2026-08-29,1
720,Qualification,2026-08-30,2
720,Proposal,2026-09-02,3
721,Discovery,2025-09-27,1
721,Qualification,2025-10-15,2
721,Proposal,2025-10-31,3
721,Closed Lost,2025-11-11,6
722,Discovery,2026-06-16,1
722,Closed Lost,2026-08-15,6
723,Discovery,2026-05-03,1
723,Closed Lost,2026-06-01,6
724,Discovery,2024-09-25,1
724,Closed Lost,2024-11-09,6
725,Discovery,2026-06-23,1
725,Qualification,2026-07-05,2
725,Proposal,2026-07-10,3
725,Closed Lost,2026-07-23,6
726,Discovery,2026-03-15,1
726,Qualification,2026-03-15,2
726,Proposal,2026-05-05,3
726,Closed Lost,2026-06-02,6
727,Discovery,2025-10-30,1
727,Qualification,2025-11-03,2
727,Proposal,2025-11-09,3
727,Negotiation,2025-11-09,4
727,Closed Won,2025-11-16,5
728,Discovery,2025-02-17,1
728,Closed Lost,2025-03-17,6
729,Discovery,2026-04-16,1
729,Closed Lost,2026-05-03,6
730,Discovery,2025-10-14,1
730,Closed Lost,2025-12-05,6
731,Discovery,2026-06-05,1
731,Closed Lost,2026-09-14,6
732,Discovery,2024-10-29,1
732,Qualification,2024-12-07,2
732,Closed Lost,2025-03-05,6
733,Discovery,2026-06-15,1
733,Qualification,2026-06-17,2
733,Proposal,2026-06-23,3
733,Negotiation,2026-06-24,4
733,Closed Won,2026-07-02,5
734,Discovery,2026-04-20,1
734,Qualification,2026-04-22,2
734,Proposal,2026-04-24,3
734,Negotiation,2026-05-02,4
734,Closed Won,2026-05-09,5
735,Discovery,2025-11-06,1
735,Closed Lost,2025-12-21,6
736,Discovery,2025-10-31,1
736,Closed Lost,2025-11-20,6
737,Discovery,2025-11-15,1
737,Qualification,2025-12-04,2
737,Proposal,2025-12-23,3
737,Closed Lost,2026-01-08,6
738,Discovery,2024-11-09,1
738,Qualification,2024-12-20,2
738,Proposal,2025-02-23,3
738,Negotiation,2025-05-13,4
738,Closed Won,2025-05-17,5
739,Discovery,2026-09-08,1
739,Qualification,2026-09-09,2
740,Discovery,2026-01-24,1
740,Qualification,2026-01-31,2
740,Proposal,2026-02-01,3
740,Negotiation,2026-02-18,4
740,Closed Won,2026-02-19,5
741,Discovery,2024-11-03,1
741,Qualification,2024-11-23,2
741,Proposal,2024-11-28,3
741,Negotiation,2024-12-06,4
741,Closed Won,2024-12-14,5
742,Discovery,2025-09-03,1
742,Qualification,2025-09-29,2
742,Proposal,2025-10-05,3
742,Negotiation,2025-10-30,4
742,Closed Won,2025-11-02,5
743,Discovery,2025-04-24,1
743,Qualification,2025-05-09,2
743,Closed Lost,2025-05-21,6
744,Discovery,2026-07-30,1
744,Qualification,2026-08-13,2
744,Proposal,2026-08-15,3
744,Negotiation,2026-08-17,4
744,Closed Won,2026-08-25,5
745,Discovery,2024-04-13,1
745,Closed Lost,2024-05-27,6
746,Discovery,2026-07-29,1
746,Qualification,2026-08-04,2
746,Proposal,2026-08-07,3
746,Negotiation,2026-08-15,4
746,Closed Won,2026-08-22,5
747,Discovery,2025-07-11,1
747,Closed Lost,2025-08-26,6
748,Discovery,2024-11-14,1
748,Qualification,2024-12-02,2
748,Proposal,2024-12-09,3
748,Negotiation,2024-12-23,4
748,Closed Won,2025-01-29,5
749,Discovery,2024-02-13,1
749,Qualification,2024-02-25,2
749,Closed Lost,2024-02-29,6
750,Discovery,2025-01-08,1
750,Qualification,2025-01-10,2
750,Proposal,2025-01-24,3
750,Negotiation,2025-01-28,4
750,Closed Won,2025-01-30,5
751,Discovery,2026-01-26,1
751,Qualification,2026-02-14,2
751,Proposal,2026-02-15,3
751,Negotiation,2026-03-05,4
751,Closed Won,2026-03-21,5
752,Discovery,2026-02-10,1
752,Closed Lost,2026-03-02,6
753,Discovery,2024-06-21,1
753,Qualification,2024-06-23,2
753,Proposal,2024-07-21,3
753,Negotiation,2024-10-18,4
753,Closed Lost,2024-11-11,6
754,Discovery,2026-03-08,1
754,Qualification,2026-03-21,2
754,Closed Lost,2026-03-28,6
755,Discovery,2025-09-08,1
755,Qualification,2025-10-08,2
755,Proposal,2025-10-15,3
755,Negotiation,2025-10-20,4
755,Closed Won,2025-11-01,5
756,Discovery,2025-08-26,1
756,Qualification,2025-09-06,2
756,Proposal,2025-09-23,3
756,Negotiation,2025-10-13,4
756,Closed Won,2025-10-15,5
757,Discovery,2024-07-04,1
757,Qualification,2024-07-07,2
757,Proposal,2024-07-08,3
757,Negotiation,2024-07-13,4
757,Closed Won,2024-07-18,5
758,Discovery,2026-02-11,1
758,Qualification,2026-02-22,2
758,Proposal,2026-03-15,3
758,Negotiation,2026-03-28,4
758,Closed Won,2026-05-03,5
759,Discovery,2025-05-12,1
759,Qualification,2025-05-12,2
759,Proposal,2025-05-18,3
759,Closed Lost,2025-06-09,6
760,Discovery,2024-08-17,1
760,Qualification,2024-08-22,2
760,Proposal,2024-08-31,3
760,Negotiation,2024-08-31,4
760,Closed Won,2024-09-10,5
761,Discovery,2024-06-07,1
761,Qualification,2024-06-19,2
761,Proposal,2024-07-06,3
761,Negotiation,2024-07-24,4
761,Closed Won,2024-08-12,5
762,Discovery,2026-03-28,1
762,Qualification,2026-04-13,2
762,Closed Lost,2026-05-06,6
763,Discovery,2026-06-26,1
763,Qualification,2026-07-09,2
763,Proposal,2026-08-03,3
763,Closed Lost,2026-09-05,6
764,Discovery,2025-05-06,1
764,Qualification,2025-05-17,2
764,Proposal,2025-07-18,3
764,Closed Lost,2025-07-28,6
765,Discovery,2026-03-17,1
765,Qualification,2026-04-02,2
765,Proposal,2026-04-13,3
765,Negotiation,2026-04-13,4
765,Closed Won,2026-04-15,5
766,Discovery,2024-09-26,1
766,Qualification,2024-10-16,2
766,Proposal,2024-11-04,3
766,Negotiation,2024-11-04,4
766,Closed Won,2024-11-11,5
767,Discovery,2024-11-05,1
767,Closed Lost,2024-12-18,6
768,Discovery,2026-07-26,1
768,Qualification,2026-07-26,2
768,Proposal,2026-07-28,3
768,Negotiation,2026-08-07,4
768,Closed Won,2026-08-11,5
769,Discovery,2026-03-03,1
769,Qualification,2026-03-13,2
769,Proposal,2026-04-16,3
769,Negotiation,2026-06-05,4
769,Closed Won,2026-07-16,5
770,Discovery,2025-05-08,1
770,Closed Lost,2025-05-16,6
771,Discovery,2026-06-05,1
771,Closed Lost,2026-08-25,6
772,Discovery,2025-12-31,1
772,Qualification,2025-12-31,2
772,Proposal,2026-01-15,3
772,Negotiation,2026-01-21,4
772,Closed Won,2026-02-27,5
773,Discovery,2024-04-21,1
773,Qualification,2024-04-21,2
773,Closed Lost,2024-05-22,6
774,Discovery,2024-10-09,1
774,Qualification,2024-10-12,2
774,Closed Lost,2024-11-23,6
775,Discovery,2024-04-16,1
775,Qualification,2024-04-29,2
775,Closed Lost,2024-05-01,6
776,Discovery,2026-01-19,1
776,Qualification,2026-01-26,2
776,Proposal,2026-01-26,3
776,Negotiation,2026-02-06,4
776,Closed Won,2026-02-28,5
777,Discovery,2025-03-13,1
777,Qualification,2025-04-17,2
777,Proposal,2025-04-29,3
777,Closed Lost,2025-05-01,6
778,Discovery,2024-01-18,1
778,Qualification,2024-02-06,2
778,Proposal,2024-03-01,3
778,Negotiation,2024-03-01,4
778,Closed Won,2024-04-03,5
779,Discovery,2026-09-20,1
779,Qualification,2026-09-20,2
779,Proposal,2026-09-23,3
780,Discovery,2024-10-02,1
780,Qualification,2024-10-18,2
780,Proposal,2024-10-22,3
780,Closed Lost,2024-12-07,6
781,Discovery,2026-02-13,1
781,Qualification,2026-02-21,2
781,Proposal,2026-02-25,3
781,Closed Lost,2026-02-28,6
782,Discovery,2025-08-31,1
782,Qualification,2025-09-11,2
782,Proposal,2025-09-11,3
782,Negotiation,2025-09-22,4
782,Closed Lost,2025-09-30,6
783,Discovery,2026-08-26,1
783,Qualification,2026-09-02,2
783,Proposal,2026-09-07,3
783,Negotiation,2026-09-10,4
783,Closed Won,2026-09-20,5
784,Discovery,2024-09-25,1
784,Qualification,2024-10-01,2
784,Proposal,2024-10-01,3
784,Negotiation,2024-10-07,4
784,Closed Won,2024-10-11,5
785,Discovery,2026-01-27,1
785,Closed Lost,2026-03-06,6
786,Discovery,2025-01-10,1
786,Qualification,2025-01-23,2
786,Proposal,2025-01-25,3
786,Negotiation,2025-02-15,4
786,Closed Lost,2025-02-23,6
787,Discovery,2024-01-07,1
787,Qualification,2024-01-07,2
787,Closed Lost,2024-01-31,6
788,Discovery,2026-07-12,1
788,Qualification,2026-08-30,2
788,Closed Lost,2026-09-09,6
789,Discovery,2024-04-18,1
789,Qualification,2024-05-06,2
789,Closed Lost,2024-05-19,6
790,Discovery,2024-12-30,1
790,Qualification,2024-12-30,2
790,Proposal,2025-01-02,3
790,Closed Lost,2025-01-21,6
791,Discovery,2025-02-21,1
791,Qualification,2025-02-21,2
791,Proposal,2025-03-03,3
791,Negotiation,2025-03-12,4
791,Closed Won,2025-03-21,5
792,Discovery,2024-12-17,1
792,Qualification,2024-12-19,2
792,Proposal,2025-01-12,3
792,Closed Lost,2025-01-18,6
793,Discovery,2025-04-16,1
793,Closed Lost,2025-07-07,6
794,Discovery,2026-06-09,1
794,Closed Lost,2026-09-14,6
795,Discovery,2025-02-09,1
795,Qualification,2025-02-10,2
795,Closed Lost,2025-03-13,6
796,Discovery,2024-11-04,1
796,Closed Lost,2024-12-08,6
797,Discovery,2026-07-17,1
797,Qualification,2026-07-20,2
797,Proposal,2026-07-24,3
797,Closed Lost,2026-07-31,6
798,Discovery,2025-10-24,1
798,Qualification,2025-10-28,2
798,Proposal,2025-11-11,3
798,Negotiation,2025-12-02,4
798,Closed Won,2025-12-14,5
799,Discovery,2025-01-13,1
799,Qualification,2025-01-17,2
799,Proposal,2025-01-23,3
799,Negotiation,2025-02-08,4
799,Closed Won,2025-02-15,5
800,Discovery,2026-08-20,1
800,Qualification,2026-08-20,2
800,Proposal,2026-09-01,3
800,Negotiation,2026-09-05,4
800,Closed Won,2026-09-16,5
801,Discovery,2025-12-15,1
801,Qualification,2026-02-05,2
801,Proposal,2026-02-23,3
801,Negotiation,2026-03-28,4
801,Closed Won,2026-03-30,5
802,Discovery,2025-07-17,1
802,Closed Lost,2025-08-06,6
803,Discovery,2025-06-18,1
803,Qualification,2025-07-14,2
803,Closed Lost,2025-07-30,6
804,Discovery,2025-10-21,1
804,Closed Lost,2025-11-27,6
805,Discovery,2024-07-24,1
805,Qualification,2024-09-21,2
805,Closed Lost,2024-10-23,6
806,Discovery,2024-11-07,1
806,Qualification,2024-11-19,2
806,Proposal,2024-11-29,3
806,Negotiation,2024-12-09,4
806,Closed Lost,2025-01-03,6
807,Discovery,2024-07-20,1
807,Qualification,2024-07-22,2
807,Proposal,2024-07-24,3
807,Closed Lost,2024-08-09,6
808,Discovery,2026-03-07,1
808,Qualification,2026-03-18,2
808,Closed Lost,2026-03-19,6
809,Discovery,2024-06-20,1
809,Qualification,2024-07-26,2
809,Closed Lost,2024-08-23,6
810,Discovery,2026-07-17,1
810,Qualification,2026-07-26,2
810,Proposal,2026-08-22,3
810,Negotiation,2026-09-21,4
811,Discovery,2025-02-19,1
811,Closed Lost,2025-03-23,6
812,Discovery,2025-07-21,1
812,Qualification,2025-07-28,2
812,Proposal,2025-08-05,3
812,Negotiation,2025-09-02,4
812,Closed Won,2025-09-22,5
813,Discovery,2026-08-21,1
813,Qualification,2026-08-25,2
813,Proposal,2026-08-29,3
813,Closed Lost,2026-09-17,6
814,Discovery,2026-05-24,1
814,Qualification,2026-06-11,2
814,Proposal,2026-07-03,3
814,Negotiation,2026-08-11,4
814,Closed Won,2026-08-15,5
815,Discovery,2026-04-21,1
815,Qualification,2026-06-06,2
815,Proposal,2026-06-06,3
815,Negotiation,2026-06-10,4
815,Closed Won,2026-06-26,5
816,Discovery,2025-06-25,1
816,Closed Lost,2025-07-15,6
817,Discovery,2024-11-25,1
817,Qualification,2024-12-09,2
817,Proposal,2024-12-30,3
817,Negotiation,2025-01-10,4
817,Closed Lost,2025-01-23,6
818,Discovery,2025-07-02,1
818,Closed Lost,2025-09-13,6
819,Discovery,2026-06-09,1
819,Qualification,2026-06-26,2
819,Proposal,2026-07-03,3
819,Negotiation,2026-07-23,4
819,Closed Won,2026-08-12,5
820,Discovery,2024-07-17,1
820,Qualification,2024-07-30,2
820,Proposal,2024-08-03,3
820,Negotiation,2024-08-04,4
820,Closed Lost,2024-08-06,6
821,Discovery,2025-07-04,1
821,Closed Lost,2025-10-02,6
822,Discovery,2026-02-23,1
822,Qualification,2026-03-03,2
822,Proposal,2026-03-19,3
822,Negotiation,2026-03-20,4
822,Closed Won,2026-03-21,5
823,Discovery,2026-05-08,1
823,Qualification,2026-05-10,2
823,Proposal,2026-05-17,3
823,Negotiation,2026-05-23,4
823,Closed Lost,2026-05-30,6
824,Discovery,2024-08-29,1
824,Qualification,2024-10-11,2
824,Proposal,2024-11-19,3
824,Closed Lost,2024-12-09,6
825,Discovery,2025-07-16,1
825,Qualification,2025-07-17,2
825,Proposal,2025-07-18,3
825,Negotiation,2025-07-28,4
825,Closed Won,2025-08-09,5
826,Discovery,2025-01-25,1
826,Qualification,2025-02-05,2
826,Proposal,2025-02-08,3
826,Negotiation,2025-02-14,4
826,Closed Won,2025-02-18,5
827,Discovery,2025-02-09,1
827,Qualification,2025-03-02,2
827,Closed Lost,2025-03-12,6
828,Discovery,2024-08-17,1
828,Qualification,2024-08-17,2
828,Proposal,2024-09-08,3
828,Closed Lost,2024-09-18,6
829,Discovery,2026-02-09,1
829,Qualification,2026-02-22,2
829,Proposal,2026-02-25,3
829,Negotiation,2026-03-02,4
829,Closed Won,2026-03-10,5
830,Discovery,2026-07-31,1
830,Qualification,2026-07-31,2
830,Proposal,2026-08-05,3
830,Negotiation,2026-08-15,4
830,Closed Lost,2026-08-18,6
831,Discovery,2024-08-04,1
831,Qualification,2024-08-08,2
831,Proposal,2024-08-15,3
831,Negotiation,2024-08-20,4
831,Closed Won,2024-09-06,5
832,Discovery,2024-09-14,1
832,Qualification,2024-09-20,2
832,Proposal,2024-11-13,3
832,Negotiation,2024-12-05,4
832,Closed Won,2024-12-18,5
833,Discovery,2026-02-04,1
833,Qualification,2026-02-05,2
833,Proposal,2026-02-07,3
833,Negotiation,2026-03-24,4
833,Closed Lost,2026-04-14,6
834,Discovery,2025-12-21,1
834,Qualification,2025-12-21,2
834,Proposal,2025-12-28,3
834,Negotiation,2026-02-07,4
834,Closed Won,2026-04-12,5
835,Discovery,2025-11-29,1
835,Qualification,2025-11-30,2
835,Proposal,2025-12-02,3
835,Negotiation,2025-12-15,4
835,Closed Won,2026-01-01,5
836,Discovery,2025-10-08,1
836,Qualification,2025-10-10,2
836,Proposal,2025-10-13,3
836,Closed Lost,2025-10-31,6
837,Discovery,2024-12-01,1
837,Qualification,2024-12-16,2
837,Proposal,2024-12-27,3
837,Negotiation,2025-01-01,4
837,Closed Lost,2025-01-28,6
838,Discovery,2025-02-21,1
838,Closed Lost,2025-05-13,6
839,Discovery,2025-08-01,1
839,Qualification,2025-08-28,2
839,Proposal,2025-09-15,3
839,Closed Lost,2025-10-10,6
840,Discovery,2025-02-12,1
840,Closed Lost,2025-03-31,6
841,Discovery,2025-02-19,1
841,Qualification,2025-03-17,2
841,Proposal,2025-04-12,3
841,Closed Lost,2025-05-02,6
842,Discovery,2024-08-17,1
842,Qualification,2024-08-26,2
842,Proposal,2024-09-01,3
842,Negotiation,2024-09-16,4
842,Closed Won,2024-09-17,5
843,Discovery,2025-02-04,1
843,Qualification,2025-03-30,2
843,Proposal,2025-04-23,3
843,Closed Lost,2025-05-06,6
844,Discovery,2025-03-10,1
844,Qualification,2025-04-23,2
844,Proposal,2025-04-28,3
844,Negotiation,2025-04-30,4
844,Closed Won,2025-05-22,5
845,Discovery,2024-07-02,1
845,Qualification,2024-07-14,2
845,Proposal,2024-07-16,3
845,Closed Lost,2024-09-06,6
846,Discovery,2024-12-25,1
846,Qualification,2025-01-17,2
846,Proposal,2025-02-18,3
846,Negotiation,2025-02-19,4
846,Closed Won,2025-03-10,5
847,Discovery,2025-02-01,1
847,Qualification,2025-03-04,2
847,Proposal,2025-03-10,3
847,Closed Lost,2025-03-16,6
848,Discovery,2024-03-11,1
848,Qualification,2024-04-15,2
848,Closed Lost,2024-05-01,6
849,Discovery,2024-10-31,1
849,Qualification,2024-11-20,2
849,Closed Lost,2024-12-14,6
850,Discovery,2024-12-14,1
850,Qualification,2024-12-27,2
850,Closed Lost,2025-03-18,6
851,Discovery,2025-04-16,1
851,Qualification,2025-05-11,2
851,Proposal,2025-06-29,3
851,Closed Lost,2025-09-05,6
852,Discovery,2025-12-23,1
852,Qualification,2026-01-05,2
852,Closed Lost,2026-01-16,6
853,Discovery,2025-02-22,1
853,Qualification,2025-03-10,2
853,Proposal,2025-03-13,3
853,Closed Lost,2025-03-16,6
854,Discovery,2026-06-26,1
854,Closed Lost,2026-07-26,6
855,Discovery,2024-04-19,1
855,Qualification,2024-05-01,2
855,Proposal,2024-05-12,3
855,Closed Lost,2024-05-13,6
856,Discovery,2026-06-17,1
856,Closed Lost,2026-07-15,6
857,Discovery,2025-05-05,1
857,Qualification,2025-06-17,2
857,Proposal,2025-08-02,3
857,Closed Lost,2025-10-01,6
858,Discovery,2026-02-19,1
858,Qualification,2026-02-19,2
858,Proposal,2026-04-04,3
858,Closed Lost,2026-06-03,6
859,Discovery,2025-07-21,1
859,Closed Lost,2025-10-04,6
860,Discovery,2026-04-13,1
860,Qualification,2026-04-17,2
860,Closed Lost,2026-05-03,6
861,Discovery,2025-11-11,1
861,Qualification,2025-11-17,2
861,Proposal,2025-11-23,3
861,Negotiation,2025-12-13,4
861,Closed Won,2025-12-14,5
862,Discovery,2026-07-12,1
862,Qualification,2026-07-12,2
862,Closed Lost,2026-08-04,6
863,Discovery,2026-05-01,1
863,Qualification,2026-05-11,2
863,Proposal,2026-05-15,3
863,Closed Lost,2026-05-20,6
864,Discovery,2026-09-03,1
865,Discovery,2025-04-05,1
865,Qualification,2025-04-17,2
865,Proposal,2025-04-28,3
865,Negotiation,2025-05-12,4
865,Closed Lost,2025-05-28,6
866,Discovery,2024-07-14,1
866,Qualification,2024-07-22,2
866,Proposal,2024-08-05,3
866,Negotiation,2024-09-02,4
866,Closed Won,2024-09-08,5
867,Discovery,2026-09-02,1
867,Qualification,2026-09-13,2
867,Proposal,2026-09-14,3
867,Negotiation,2026-09-21,4
868,Discovery,2024-08-03,1
868,Closed Lost,2024-09-17,6
869,Discovery,2025-09-14,1
869,Closed Lost,2025-10-02,6
870,Discovery,2026-07-18,1
870,Qualification,2026-08-11,2
870,Proposal,2026-09-18,3
871,Discovery,2026-03-02,1
871,Qualification,2026-04-16,2
871,Closed Lost,2026-04-25,6
872,Discovery,2025-10-25,1
872,Qualification,2025-10-29,2
872,Proposal,2025-12-18,3
872,Closed Lost,2026-01-12,6
873,Discovery,2025-05-01,1
873,Qualification,2025-06-26,2
873,Proposal,2025-07-05,3
873,Negotiation,2025-07-15,4
873,Closed Won,2025-09-08,5
874,Discovery,2026-09-25,1
875,Discovery,2026-03-16,1
875,Qualification,2026-03-18,2
875,Proposal,2026-03-22,3
875,Closed Lost,2026-04-01,6
876,Discovery,2025-03-27,1
876,Qualification,2025-05-23,2
876,Proposal,2025-06-16,3
876,Closed Lost,2025-08-14,6
877,Discovery,2024-10-18,1
877,Closed Lost,2024-12-14,6
878,Discovery,2026-03-31,1
878,Qualification,2026-05-08,2
878,Closed Lost,2026-06-11,6
879,Discovery,2025-08-26,1
879,Qualification,2025-09-08,2
879,Closed Lost,2025-09-10,6
880,Discovery,2025-06-05,1
880,Closed Lost,2025-09-09,6
881,Discovery,2024-10-17,1
881,Qualification,2024-10-17,2
881,Closed Lost,2024-11-03,6
882,Discovery,2024-12-30,1
882,Qualification,2025-01-01,2
882,Proposal,2025-01-18,3
882,Negotiation,2025-02-02,4
882,Closed Won,2025-02-03,5
883,Discovery,2026-09-04,1
883,Qualification,2026-09-26,2
884,Discovery,2024-08-10,1
884,Qualification,2024-09-05,2
884,Proposal,2024-09-20,3
884,Closed Lost,2024-11-08,6
885,Discovery,2025-04-10,1
885,Qualification,2025-05-26,2
885,Proposal,2025-06-25,3
885,Negotiation,2025-07-24,4
885,Closed Lost,2025-08-17,6
886,Discovery,2024-07-09,1
886,Qualification,2024-07-20,2
886,Closed Lost,2024-11-02,6
887,Discovery,2025-07-31,1
887,Qualification,2025-08-11,2
887,Proposal,2025-09-24,3
887,Negotiation,2025-10-08,4
887,Closed Lost,2025-10-17,6
888,Discovery,2025-11-25,1
888,Qualification,2025-11-26,2
888,Proposal,2025-12-02,3
888,Negotiation,2025-12-06,4
888,Closed Lost,2025-12-15,6
889,Discovery,2025-03-21,1
889,Closed Lost,2025-04-21,6
890,Discovery,2025-10-15,1
890,Qualification,2025-10-16,2
890,Proposal,2025-10-19,3
890,Negotiation,2025-11-02,4
890,Closed Won,2025-11-04,5
891,Discovery,2026-06-10,1
891,Qualification,2026-07-16,2
891,Closed Lost,2026-07-21,6
892,Discovery,2025-01-26,1
892,Closed Lost,2025-02-23,6
893,Discovery,2026-02-27,1
893,Qualification,2026-03-30,2
893,Proposal,2026-05-16,3
893,Negotiation,2026-05-19,4
893,Closed Lost,2026-06-02,6
894,Discovery,2025-05-28,1
894,Qualification,2025-06-12,2
894,Proposal,2025-06-22,3
894,Negotiation,2025-06-28,4
894,Closed Lost,2025-07-08,6
895,Discovery,2024-07-21,1
895,Qualification,2024-07-23,2
895,Proposal,2024-09-04,3
895,Negotiation,2024-09-27,4
895,Closed Won,2024-10-01,5
896,Discovery,2025-08-28,1
896,Qualification,2025-09-14,2
896,Proposal,2025-09-30,3
896,Negotiation,2025-10-01,4
896,Closed Lost,2025-10-06,6
897,Discovery,2025-06-28,1
897,Qualification,2025-07-13,2
897,Closed Lost,2025-07-27,6
898,Discovery,2026-02-05,1
898,Closed Lost,2026-03-01,6
899,Discovery,2025-09-14,1
899,Closed Lost,2025-10-09,6
900,Discovery,2024-09-05,1
900,Qualification,2025-01-03,2
900,Closed Lost,2025-01-07,6
901,Discovery,2025-02-05,1
901,Qualification,2025-03-27,2
901,Proposal,2025-04-26,3
901,Closed Lost,2025-07-20,6
902,Discovery,2026-03-30,1
902,Qualification,2026-04-04,2
902,Proposal,2026-04-16,3
902,Negotiation,2026-06-05,4
902,Closed Lost,2026-06-14,6
903,Discovery,2026-09-09,1
903,Qualification,2026-09-14,2
904,Discovery,2025-06-01,1
904,Qualification,2025-06-19,2
904,Proposal,2025-06-24,3
904,Closed Lost,2025-07-15,6
905,Discovery,2025-09-15,1
905,Qualification,2025-09-16,2
905,Proposal,2025-09-19,3
905,Negotiation,2025-10-26,4
905,Closed Won,2025-12-10,5
906,Discovery,2024-12-23,1
906,Closed Lost,2025-01-30,6
907,Discovery,2026-03-12,1
907,Qualification,2026-03-18,2
907,Proposal,2026-04-02,3
907,Negotiation,2026-04-19,4
907,Closed Won,2026-04-30,5
908,Discovery,2026-05-17,1
908,Qualification,2026-06-08,2
908,Proposal,2026-06-30,3
908,Closed Lost,2026-07-11,6
909,Discovery,2026-04-15,1
909,Qualification,2026-04-22,2
909,Closed Lost,2026-06-12,6
910,Discovery,2026-06-15,1
910,Qualification,2026-07-09,2
910,Proposal,2026-07-15,3
910,Negotiation,2026-07-19,4
910,Closed Won,2026-07-31,5
911,Discovery,2024-07-24,1
911,Qualification,2024-08-03,2
911,Proposal,2024-08-09,3
911,Closed Lost,2024-08-13,6
912,Discovery,2025-04-05,1
912,Qualification,2025-04-19,2
912,Proposal,2025-04-23,3
912,Negotiation,2025-05-08,4
912,Closed Won,2025-06-12,5
913,Discovery,2024-09-08,1
913,Qualification,2024-09-27,2
913,Proposal,2024-09-30,3
913,Closed Lost,2024-10-22,6
914,Discovery,2025-03-21,1
914,Closed Lost,2025-04-10,6
915,Discovery,2025-08-05,1
915,Qualification,2025-08-07,2
915,Proposal,2025-08-15,3
915,Negotiation,2025-08-23,4
915,Closed Lost,2025-09-14,6
917,Discovery,2026-06-10,1
917,Qualification,2026-06-28,2
917,Closed Lost,2026-07-12,6
918,Discovery,2026-06-14,1
918,Closed Lost,2026-06-30,6
919,Discovery,2024-03-11,1
919,Closed Lost,2024-04-21,6
920,Discovery,2026-09-29,1
921,Discovery,2026-06-20,1
921,Qualification,2026-07-06,2
921,Closed Lost,2026-07-10,6
922,Discovery,2025-07-18,1
922,Qualification,2025-08-03,2
922,Closed Lost,2025-10-25,6
923,Discovery,2026-09-03,1
923,Closed Lost,2026-09-27,6
924,Discovery,2026-08-02,1
924,Qualification,2026-08-06,2
924,Proposal,2026-08-09,3
924,Closed Lost,2026-08-25,6
925,Discovery,2025-04-17,1
925,Qualification,2025-04-18,2
925,Proposal,2025-04-25,3
925,Negotiation,2025-05-06,4
925,Closed Lost,2025-05-09,6
926,Discovery,2024-04-12,1
926,Qualification,2024-04-13,2
926,Proposal,2024-05-12,3
926,Negotiation,2024-05-14,4
926,Closed Won,2024-05-17,5
927,Discovery,2025-07-31,1
927,Qualification,2025-08-06,2
927,Closed Lost,2025-08-20,6
928,Discovery,2025-02-11,1
928,Qualification,2025-05-30,2
928,Closed Lost,2025-06-02,6
929,Discovery,2026-09-06,1
930,Discovery,2025-02-21,1
930,Qualification,2025-02-22,2
930,Proposal,2025-03-13,3
930,Negotiation,2025-03-17,4
930,Closed Lost,2025-03-19,6
931,Discovery,2025-09-06,1
931,Qualification,2025-09-13,2
931,Closed Lost,2025-09-29,6
932,Discovery,2025-05-02,1
932,Closed Lost,2025-06-23,6
933,Discovery,2024-03-20,1
933,Closed Lost,2024-05-27,6
934,Discovery,2025-12-05,1
934,Closed Lost,2026-01-13,6
935,Discovery,2026-03-09,1
935,Qualification,2026-03-13,2
935,Proposal,2026-03-26,3
935,Negotiation,2026-03-28,4
935,Closed Won,2026-04-02,5
936,Discovery,2024-03-14,1
936,Qualification,2024-04-26,2
936,Proposal,2024-05-06,3
936,Closed Lost,2024-06-06,6
937,Discovery,2025-03-04,1
937,Qualification,2025-03-19,2
937,Proposal,2025-03-28,3
937,Negotiation,2025-03-31,4
937,Closed Won,2025-04-11,5
938,Discovery,2026-06-24,1
938,Qualification,2026-07-04,2
938,Proposal,2026-07-05,3
938,Negotiation,2026-07-10,4
938,Closed Won,2026-07-12,5
939,Discovery,2024-11-22,1
939,Qualification,2024-11-23,2
939,Proposal,2024-11-25,3
939,Closed Lost,2024-12-08,6
940,Discovery,2026-03-19,1
940,Qualification,2026-04-08,2
940,Proposal,2026-04-25,3
940,Negotiation,2026-05-10,4
940,Closed Won,2026-05-16,5
941,Discovery,2025-08-19,1
941,Qualification,2025-08-22,2
941,Proposal,2025-08-26,3
941,Negotiation,2025-10-01,4
941,Closed Won,2025-10-19,5
942,Discovery,2025-05-07,1
942,Qualification,2025-05-18,2
942,Proposal,2025-06-05,3
942,Negotiation,2025-06-14,4
942,Closed Lost,2025-06-26,6
943,Discovery,2024-03-23,1
943,Qualification,2024-04-30,2
943,Proposal,2024-05-04,3
943,Negotiation,2024-05-06,4
943,Closed Won,2024-05-09,5
944,Discovery,2026-02-07,1
944,Closed Lost,2026-03-30,6
945,Discovery,2024-11-02,1
945,Qualification,2024-11-14,2
945,Proposal,2025-01-02,3
945,Closed Lost,2025-01-13,6
946,Discovery,2024-09-16,1
946,Qualification,2024-09-20,2
946,Closed Lost,2024-10-06,6
947,Discovery,2025-08-25,1
947,Qualification,2025-09-16,2
947,Proposal,2025-09-22,3
947,Closed Lost,2025-09-25,6
948,Discovery,2025-11-05,1
948,Qualification,2025-11-15,2
948,Proposal,2026-03-03,3
948,Closed Lost,2026-03-18,6
949,Discovery,2026-03-07,1
949,Qualification,2026-03-16,2
949,Proposal,2026-03-29,3
949,Closed Lost,2026-05-17,6
950,Discovery,2025-11-30,1
950,Qualification,2025-12-04,2
950,Proposal,2025-12-04,3
950,Negotiation,2025-12-26,4
950,Closed Won,2026-01-07,5
951,Discovery,2024-04-27,1
951,Qualification,2024-05-19,2
951,Closed Lost,2024-05-25,6
952,Discovery,2026-01-01,1
952,Qualification,2026-02-06,2
952,Proposal,2026-02-08,3
952,Negotiation,2026-02-23,4
952,Closed Won,2026-03-01,5
953,Discovery,2026-01-27,1
953,Qualification,2026-02-02,2
953,Proposal,2026-02-15,3
953,Negotiation,2026-02-20,4
953,Closed Won,2026-02-23,5
954,Discovery,2025-10-14,1
954,Closed Lost,2026-02-11,6
955,Discovery,2024-09-22,1
955,Closed Lost,2024-11-16,6
956,Discovery,2025-10-03,1
956,Closed Lost,2025-10-31,6
957,Discovery,2024-10-04,1
957,Closed Lost,2024-12-19,6
958,Discovery,2025-02-19,1
958,Closed Lost,2025-03-23,6
959,Discovery,2026-01-26,1
959,Closed Lost,2026-02-14,6
960,Discovery,2025-05-23,1
960,Qualification,2025-05-25,2
960,Proposal,2025-06-12,3
960,Negotiation,2025-06-12,4
960,Closed Lost,2025-07-02,6
961,Discovery,2025-08-04,1
961,Qualification,2025-08-09,2
961,Proposal,2025-08-15,3
961,Negotiation,2025-08-20,4
961,Closed Lost,2025-08-26,6
962,Discovery,2024-12-16,1
962,Qualification,2024-12-31,2
962,Proposal,2025-01-01,3
962,Negotiation,2025-01-02,4
962,Closed Lost,2025-01-07,6
963,Discovery,2025-10-02,1
963,Qualification,2025-10-02,2
963,Proposal,2025-10-21,3
963,Negotiation,2025-10-28,4
963,Closed Won,2025-12-03,5
964,Discovery,2025-05-01,1
964,Qualification,2025-05-11,2
964,Proposal,2025-05-24,3
964,Negotiation,2025-05-27,4
964,Closed Won,2025-06-02,5
965,Discovery,2026-05-10,1
965,Qualification,2026-05-12,2
965,Closed Lost,2026-06-17,6
966,Discovery,2025-07-15,1
966,Qualification,2025-08-06,2
966,Proposal,2025-09-21,3
966,Negotiation,2025-10-12,4
966,Closed Lost,2025-10-17,6
967,Discovery,2025-04-27,1
967,Qualification,2025-05-11,2
967,Proposal,2025-05-23,3
967,Negotiation,2025-06-14,4
967,Closed Won,2025-06-28,5
968,Discovery,2024-12-08,1
968,Qualification,2025-01-15,2
968,Closed Lost,2025-01-21,6
969,Discovery,2024-10-11,1
969,Qualification,2024-12-13,2
969,Closed Lost,2024-12-29,6
970,Discovery,2025-05-15,1
970,Qualification,2025-05-30,2
970,Proposal,2025-06-04,3
970,Negotiation,2025-06-11,4
970,Closed Won,2025-06-24,5
971,Discovery,2025-10-01,1
971,Closed Lost,2025-12-18,6
972,Discovery,2025-09-19,1
972,Qualification,2025-09-24,2
972,Closed Lost,2025-10-06,6
973,Discovery,2025-10-31,1
973,Qualification,2025-11-04,2
973,Proposal,2025-11-09,3
973,Negotiation,2025-11-14,4
973,Closed Won,2025-11-29,5
974,Discovery,2025-10-04,1
974,Qualification,2025-11-16,2
974,Proposal,2025-11-16,3
974,Closed Lost,2025-12-01,6
975,Discovery,2025-03-04,1
975,Closed Lost,2025-03-24,6
976,Discovery,2024-10-12,1
976,Qualification,2024-10-18,2
976,Proposal,2024-11-19,3
976,Closed Lost,2024-12-05,6
977,Discovery,2026-08-27,1
977,Qualification,2026-09-03,2
977,Proposal,2026-09-18,3
978,Discovery,2025-02-24,1
978,Closed Lost,2025-03-19,6
979,Discovery,2025-12-14,1
979,Qualification,2026-01-19,2
979,Proposal,2026-02-10,3
979,Closed Lost,2026-02-18,6
980,Discovery,2026-03-28,1
980,Qualification,2026-05-22,2
980,Closed Lost,2026-06-11,6
981,Discovery,2024-10-14,1
981,Closed Lost,2024-11-23,6
982,Discovery,2024-06-24,1
982,Qualification,2024-06-29,2
982,Proposal,2024-06-29,3
982,Negotiation,2024-07-03,4
982,Closed Won,2024-07-14,5
983,Discovery,2026-03-04,1
983,Qualification,2026-04-05,2
983,Proposal,2026-04-21,3
983,Negotiation,2026-04-26,4
983,Closed Lost,2026-05-01,6
984,Discovery,2026-06-25,1
984,Qualification,2026-06-26,2
984,Proposal,2026-07-02,3
984,Negotiation,2026-07-14,4
984,Closed Won,2026-07-29,5
985,Discovery,2024-02-04,1
985,Qualification,2024-02-10,2
985,Closed Lost,2024-03-01,6
986,Discovery,2026-05-05,1
986,Qualification,2026-07-02,2
986,Proposal,2026-07-07,3
986,Negotiation,2026-07-10,4
986,Closed Lost,2026-07-11,6
987,Discovery,2026-02-08,1
987,Qualification,2026-03-08,2
987,Closed Lost,2026-03-23,6
988,Discovery,2025-06-12,1
988,Qualification,2025-07-23,2
988,Proposal,2025-08-07,3
988,Closed Lost,2025-08-08,6
989,Discovery,2025-12-13,1
989,Qualification,2025-12-17,2
989,Proposal,2026-01-06,3
989,Negotiation,2026-01-12,4
989,Closed Won,2026-01-22,5
990,Discovery,2025-03-10,1
990,Qualification,2025-04-05,2
990,Closed Lost,2025-05-15,6
991,Discovery,2026-09-04,1
991,Closed Lost,2026-09-22,6
992,Discovery,2026-05-18,1
992,Qualification,2026-05-23,2
992,Proposal,2026-06-22,3
992,Negotiation,2026-06-27,4
992,Closed Won,2026-07-12,5
993,Discovery,2024-07-07,1
993,Qualification,2024-07-12,2
993,Proposal,2024-07-18,3
993,Negotiation,2024-08-08,4
993,Closed Won,2024-08-16,5
994,Discovery,2024-11-03,1
994,Qualification,2024-11-05,2
994,Proposal,2024-11-06,3
994,Negotiation,2024-11-10,4
994,Closed Lost,2024-11-14,6
995,Discovery,2025-04-16,1
995,Closed Lost,2025-05-15,6
996,Discovery,2025-10-09,1
996,Qualification,2025-10-09,2
996,Closed Lost,2025-10-28,6
997,Discovery,2026-07-22,1
997,Closed Lost,2026-08-16,6
998,Discovery,2025-11-28,1
998,Qualification,2025-11-29,2
998,Closed Lost,2025-12-22,6
999,Discovery,2026-02-24,1
999,Qualification,2026-03-30,2
999,Proposal,2026-04-24,3
999,Closed Lost,2026-04-26,6
1000,Discovery,2025-09-25,1
1000,Qualification,2025-11-03,2
1000,Closed Lost,2025-11-14,6
1001,Discovery,2024-11-24,1
1001,Qualification,2024-11-25,2
1001,Proposal,2024-12-23,3
1001,Negotiation,2024-12-24,4
1001,Closed Lost,2024-12-31,6
1002,Discovery,2025-09-05,1
1002,Qualification,2025-09-29,2
1002,Proposal,2025-10-14,3
1002,Closed Lost,2025-10-24,6
1003,Discovery,2026-01-04,1
1003,Qualification,2026-01-06,2
1003,Closed Lost,2026-01-23,6
1004,Discovery,2026-06-03,1
1004,Qualification,2026-07-04,2
1004,Closed Lost,2026-07-11,6
1005,Discovery,2026-01-28,1
1005,Closed Lost,2026-02-17,6
1006,Discovery,2025-10-30,1
1006,Qualification,2025-11-07,2
1006,Proposal,2025-11-10,3
1006,Negotiation,2025-11-11,4
1006,Closed Won,2025-12-15,5
1007,Discovery,2026-05-23,1
1007,Qualification,2026-05-24,2
1007,Proposal,2026-06-05,3
1007,Closed Lost,2026-06-07,6
1008,Discovery,2024-05-03,1
1008,Qualification,2024-05-25,2
1008,Proposal,2024-07-02,3
1008,Closed Lost,2024-07-11,6
1009,Discovery,2025-09-15,1
1009,Qualification,2025-09-24,2
1009,Proposal,2025-09-27,3
1009,Closed Lost,2025-11-17,6
1010,Discovery,2026-05-13,1
1010,Closed Lost,2026-06-14,6
1011,Discovery,2024-07-26,1
1011,Qualification,2024-07-31,2
1011,Proposal,2024-08-16,3
1011,Negotiation,2024-08-21,4
1011,Closed Lost,2024-09-04,6
1012,Discovery,2025-03-27,1
1012,Qualification,2025-03-29,2
1012,Closed Lost,2025-05-16,6
1013,Discovery,2026-04-29,1
1013,Closed Lost,2026-05-17,6
1014,Discovery,2024-08-07,1
1014,Qualification,2024-08-11,2
1014,Proposal,2024-08-17,3
1014,Closed Lost,2024-08-29,6
1015,Discovery,2026-01-30,1
1015,Qualification,2026-02-01,2
1015,Proposal,2026-02-01,3
1015,Negotiation,2026-04-06,4
1015,Closed Won,2026-04-13,5
1016,Discovery,2024-11-10,1
1016,Qualification,2024-11-18,2
1016,Proposal,2024-11-22,3
1016,Negotiation,2024-11-29,4
1016,Closed Won,2024-12-03,5
1017,Discovery,2026-06-27,1
1017,Closed Lost,2026-07-25,6
1018,Discovery,2024-09-23,1
1018,Closed Lost,2024-11-19,6
1019,Discovery,2024-01-16,1
1019,Qualification,2024-02-14,2
1019,Closed Lost,2024-03-12,6
1020,Discovery,2025-02-11,1
1020,Qualification,2025-02-13,2
1020,Proposal,2025-02-17,3
1020,Negotiation,2025-02-28,4
1020,Closed Won,2025-03-07,5
1021,Discovery,2025-09-16,1
1021,Qualification,2025-09-27,2
1021,Proposal,2025-09-27,3
1021,Closed Lost,2025-10-03,6
1022,Discovery,2025-03-22,1
1022,Qualification,2025-03-29,2
1022,Proposal,2025-04-07,3
1022,Negotiation,2025-04-09,4
1022,Closed Won,2025-04-10,5
1023,Discovery,2025-11-24,1
1023,Qualification,2025-12-26,2
1023,Proposal,2026-01-18,3
1023,Closed Lost,2026-02-08,6
1024,Discovery,2026-05-01,1
1024,Qualification,2026-07-01,2
1024,Closed Lost,2026-07-14,6
1025,Discovery,2026-08-23,1
1025,Qualification,2026-09-02,2
1026,Discovery,2026-09-03,1
1027,Discovery,2024-11-06,1
1027,Qualification,2024-11-25,2
1027,Closed Lost,2025-01-02,6
1028,Discovery,2024-06-28,1
1028,Qualification,2024-09-13,2
1028,Closed Lost,2024-10-15,6
1029,Discovery,2024-11-22,1
1029,Qualification,2024-11-27,2
1029,Proposal,2024-12-04,3
1029,Negotiation,2024-12-13,4
1029,Closed Won,2024-12-28,5
1030,Discovery,2025-10-01,1
1030,Qualification,2025-10-22,2
1030,Proposal,2025-11-08,3
1030,Negotiation,2025-11-11,4
1030,Closed Won,2025-11-18,5
1031,Discovery,2026-02-23,1
1031,Qualification,2026-02-27,2
1031,Proposal,2026-03-08,3
1031,Closed Lost,2026-03-20,6
1032,Discovery,2025-03-09,1
1032,Qualification,2025-03-14,2
1032,Closed Lost,2025-03-23,6
1033,Discovery,2025-08-22,1
1033,Qualification,2025-08-31,2
1033,Proposal,2025-09-07,3
1033,Negotiation,2025-09-10,4
1033,Closed Lost,2025-09-15,6
1034,Discovery,2026-03-20,1
1034,Qualification,2026-03-28,2
1034,Proposal,2026-04-05,3
1034,Negotiation,2026-04-06,4
1034,Closed Won,2026-04-19,5
1035,Discovery,2026-04-23,1
1035,Qualification,2026-06-15,2
1035,Proposal,2026-08-08,3
1036,Discovery,2024-07-30,1
1036,Qualification,2024-08-09,2
1036,Proposal,2024-09-09,3
1036,Negotiation,2024-10-09,4
1036,Closed Won,2024-10-18,5
1037,Discovery,2026-06-16,1
1037,Qualification,2026-06-21,2
1037,Closed Lost,2026-07-28,6
1038,Discovery,2024-09-29,1
1038,Qualification,2024-10-06,2
1038,Closed Lost,2024-10-19,6
1039,Discovery,2024-09-01,1
1039,Closed Lost,2024-11-23,6
1040,Discovery,2025-05-12,1
1040,Qualification,2025-05-20,2
1040,Proposal,2025-05-21,3
1040,Negotiation,2025-06-27,4
1040,Closed Won,2025-06-28,5
1041,Discovery,2024-08-25,1
1041,Qualification,2024-08-25,2
1041,Proposal,2024-09-15,3
1041,Negotiation,2024-09-16,4
1041,Closed Won,2024-09-22,5
1042,Discovery,2026-05-05,1
1042,Qualification,2026-05-08,2
1042,Proposal,2026-05-29,3
1042,Negotiation,2026-06-06,4
1042,Closed Won,2026-07-07,5
1043,Discovery,2025-05-23,1
1043,Qualification,2025-06-01,2
1043,Proposal,2025-06-27,3
1043,Negotiation,2025-06-28,4
1043,Closed Won,2025-07-01,5
1044,Discovery,2024-05-06,1
1044,Closed Lost,2024-05-26,6
1045,Discovery,2024-08-24,1
1045,Qualification,2024-08-27,2
1045,Closed Lost,2024-09-13,6
1046,Discovery,2026-02-11,1
1046,Closed Lost,2026-03-19,6
1047,Discovery,2025-08-12,1
1047,Closed Lost,2026-01-06,6
1048,Discovery,2026-06-20,1
1048,Qualification,2026-06-30,2
1048,Closed Lost,2026-07-04,6
1049,Discovery,2024-02-01,1
1049,Qualification,2024-02-11,2
1049,Proposal,2024-02-13,3
1049,Negotiation,2024-02-20,4
1049,Closed Lost,2024-02-27,6
1050,Discovery,2024-12-14,1
1050,Qualification,2024-12-28,2
1050,Closed Lost,2025-01-03,6
1051,Discovery,2025-12-23,1
1051,Closed Lost,2026-02-04,6
1052,Discovery,2024-11-25,1
1052,Qualification,2024-11-26,2
1052,Closed Lost,2025-01-02,6
1053,Discovery,2024-10-01,1
1053,Qualification,2024-10-05,2
1053,Closed Lost,2024-11-15,6
1054,Discovery,2024-01-27,1
1054,Qualification,2024-02-08,2
1054,Proposal,2024-02-14,3
1054,Closed Lost,2024-02-18,6
1055,Discovery,2026-01-29,1
1055,Qualification,2026-02-07,2
1055,Closed Lost,2026-02-22,6
1056,Discovery,2025-01-23,1
1056,Qualification,2025-02-19,2
1056,Proposal,2025-03-05,3
1056,Negotiation,2025-03-07,4
1056,Closed Lost,2025-03-17,6
1057,Discovery,2025-11-12,1
1057,Qualification,2025-11-15,2
1057,Closed Lost,2025-11-30,6
1058,Discovery,2025-03-04,1
1058,Closed Lost,2025-04-09,6
1059,Discovery,2024-07-15,1
1059,Closed Lost,2024-10-15,6
1060,Discovery,2025-07-03,1
1060,Qualification,2025-08-28,2
1060,Closed Lost,2025-08-29,6
1061,Discovery,2024-11-26,1
1061,Qualification,2024-11-30,2
1061,Proposal,2024-12-03,3
1061,Negotiation,2024-12-12,4
1061,Closed Won,2024-12-27,5
1062,Discovery,2026-09-28,1
1063,Discovery,2026-06-21,1
1063,Qualification,2026-06-25,2
1063,Proposal,2026-07-01,3
1063,Negotiation,2026-07-02,4
1063,Closed Won,2026-07-03,5
1064,Discovery,2024-05-02,1
1064,Qualification,2024-05-03,2
1064,Proposal,2024-05-12,3
1064,Closed Lost,2024-07-16,6
1065,Discovery,2025-04-12,1
1065,Qualification,2025-04-13,2
1065,Proposal,2025-04-28,3
1065,Negotiation,2025-04-30,4
1065,Closed Won,2025-05-11,5
1066,Discovery,2025-11-29,1
1066,Closed Lost,2025-12-28,6
1067,Discovery,2025-08-25,1
1067,Qualification,2025-09-01,2
1067,Closed Lost,2025-09-19,6
1068,Discovery,2025-02-02,1
1068,Qualification,2025-02-14,2
1068,Closed Lost,2025-03-10,6
1069,Discovery,2025-06-23,1
1069,Qualification,2025-06-30,2
1069,Closed Lost,2025-07-14,6
1070,Discovery,2026-05-16,1
1070,Qualification,2026-05-17,2
1070,Proposal,2026-05-23,3
1070,Negotiation,2026-06-04,4
1070,Closed Won,2026-06-07,5
1071,Discovery,2026-06-04,1
1071,Qualification,2026-07-15,2
1071,Proposal,2026-07-20,3
1071,Negotiation,2026-09-09,4
1072,Discovery,2024-02-04,1
1072,Qualification,2024-03-19,2
1072,Proposal,2024-03-23,3
1072,Closed Lost,2024-06-24,6
1073,Discovery,2026-03-25,1
1073,Qualification,2026-03-29,2
1073,Proposal,2026-03-31,3
1073,Closed Lost,2026-04-07,6
1074,Discovery,2026-04-14,1
1074,Qualification,2026-05-25,2
1074,Closed Lost,2026-06-11,6
1075,Discovery,2026-02-15,1
1075,Qualification,2026-02-20,2
1075,Proposal,2026-03-06,3
1075,Negotiation,2026-03-22,4
1075,Closed Won,2026-03-30,5
1076,Discovery,2024-12-02,1
1076,Closed Lost,2025-01-13,6
1077,Discovery,2024-10-24,1
1077,Qualification,2024-10-24,2
1077,Proposal,2024-11-13,3
1077,Negotiation,2024-12-03,4
1077,Closed Won,2024-12-12,5
1078,Discovery,2024-08-13,1
1078,Qualification,2024-09-13,2
1078,Proposal,2024-09-18,3
1078,Negotiation,2024-09-19,4
1078,Closed Won,2024-09-20,5
1079,Discovery,2026-03-16,1
1079,Qualification,2026-03-19,2
1079,Proposal,2026-03-31,3
1079,Negotiation,2026-04-16,4
1079,Closed Won,2026-04-23,5
1080,Discovery,2026-07-21,1
1080,Qualification,2026-08-03,2
1080,Proposal,2026-08-04,3
1080,Closed Lost,2026-08-15,6
1081,Discovery,2025-06-14,1
1081,Closed Lost,2025-07-08,6
1082,Discovery,2026-07-29,1
1082,Qualification,2026-08-04,2
1082,Proposal,2026-08-04,3
1082,Closed Lost,2026-08-11,6
1083,Discovery,2024-12-19,1
1083,Closed Lost,2025-01-24,6
1084,Discovery,2026-01-22,1
1084,Qualification,2026-01-27,2
1084,Proposal,2026-01-28,3
1084,Negotiation,2026-02-17,4
1084,Closed Won,2026-02-19,5
1085,Discovery,2025-02-07,1
1085,Qualification,2025-03-27,2
1085,Proposal,2025-04-08,3
1085,Negotiation,2025-04-10,4
1085,Closed Lost,2025-05-01,6
1086,Discovery,2024-11-27,1
1086,Qualification,2024-12-07,2
1086,Proposal,2025-02-02,3
1086,Negotiation,2025-02-03,4
1086,Closed Lost,2025-02-26,6
1087,Discovery,2024-11-22,1
1087,Qualification,2024-11-30,2
1087,Closed Lost,2024-12-14,6
1088,Discovery,2024-06-22,1
1088,Qualification,2024-07-21,2
1088,Proposal,2024-08-19,3
1088,Negotiation,2024-08-21,4
1088,Closed Won,2024-08-29,5
1089,Discovery,2025-10-24,1
1089,Closed Lost,2025-12-16,6
1090,Discovery,2025-01-20,1
1090,Qualification,2025-02-09,2
1090,Proposal,2025-02-13,3
1090,Negotiation,2025-02-17,4
1090,Closed Won,2025-03-03,5
1091,Discovery,2025-05-30,1
1091,Qualification,2025-06-22,2
1091,Proposal,2025-06-24,3
1091,Negotiation,2025-06-25,4
1091,Closed Won,2025-06-29,5
1092,Discovery,2024-06-05,1
1092,Closed Lost,2024-06-27,6
1093,Discovery,2025-10-21,1
1093,Closed Lost,2025-11-03,6
1094,Discovery,2024-12-21,1
1094,Qualification,2025-02-01,2
1094,Proposal,2025-02-09,3
1094,Negotiation,2025-02-17,4
1094,Closed Won,2025-03-06,5
1095,Discovery,2026-03-05,1
1095,Closed Lost,2026-03-29,6
1096,Discovery,2026-03-22,1
1096,Closed Lost,2026-05-19,6
1097,Discovery,2026-09-08,1
1097,Qualification,2026-09-15,2
1097,Proposal,2026-09-20,3
1098,Discovery,2024-05-31,1
1098,Qualification,2024-06-01,2
1098,Proposal,2024-06-14,3
1098,Negotiation,2024-06-28,4
1098,Closed Won,2024-07-04,5
1099,Discovery,2025-11-15,1
1099,Qualification,2025-12-11,2
1099,Closed Lost,2026-01-01,6
1100,Discovery,2025-06-13,1
1100,Qualification,2025-07-08,2
1100,Closed Lost,2025-07-14,6
1101,Discovery,2026-04-13,1
1101,Qualification,2026-04-19,2
1101,Proposal,2026-04-23,3
1101,Negotiation,2026-05-16,4
1101,Closed Won,2026-06-03,5
1102,Discovery,2025-10-24,1
1102,Qualification,2025-11-03,2
1102,Proposal,2025-11-19,3
1102,Negotiation,2025-12-21,4
1102,Closed Lost,2025-12-30,6
1103,Discovery,2026-07-26,1
1103,Qualification,2026-08-18,2
1103,Proposal,2026-09-01,3
1103,Negotiation,2026-09-29,4
1104,Discovery,2026-03-05,1
1104,Qualification,2026-03-09,2
1104,Closed Lost,2026-03-19,6
1105,Discovery,2026-04-07,1
1105,Qualification,2026-04-18,2
1105,Closed Lost,2026-05-21,6
1106,Discovery,2024-11-15,1
1106,Qualification,2024-11-15,2
1106,Proposal,2024-12-23,3
1106,Negotiation,2025-01-01,4
1106,Closed Won,2025-01-05,5
1107,Discovery,2025-08-09,1
1107,Qualification,2025-08-12,2
1107,Closed Lost,2025-09-08,6
1108,Discovery,2026-05-26,1
1108,Closed Lost,2026-06-25,6
1109,Discovery,2024-04-14,1
1109,Qualification,2024-05-23,2
1109,Closed Lost,2024-06-02,6
1110,Discovery,2026-03-28,1
1110,Qualification,2026-04-06,2
1110,Proposal,2026-04-18,3
1110,Negotiation,2026-04-20,4
1110,Closed Won,2026-04-21,5
1111,Discovery,2026-02-16,1
1111,Qualification,2026-03-01,2
1111,Closed Lost,2026-03-20,6
1112,Discovery,2026-06-18,1
1112,Qualification,2026-07-17,2
1112,Proposal,2026-07-23,3
1112,Closed Lost,2026-08-29,6
1113,Discovery,2026-05-06,1
1113,Qualification,2026-06-05,2
1113,Proposal,2026-07-17,3
1113,Closed Lost,2026-08-14,6
1114,Discovery,2025-03-06,1
1114,Qualification,2025-03-11,2
1114,Closed Lost,2025-04-28,6
1115,Discovery,2025-03-30,1
1115,Qualification,2025-04-11,2
1115,Closed Lost,2025-04-22,6
1116,Discovery,2026-03-12,1
1116,Qualification,2026-03-19,2
1116,Proposal,2026-03-26,3
1116,Negotiation,2026-04-05,4
1116,Closed Won,2026-04-06,5
1117,Discovery,2026-05-11,1
1117,Qualification,2026-05-28,2
1117,Proposal,2026-05-29,3
1117,Closed Lost,2026-06-08,6
1118,Discovery,2026-06-29,1
1118,Closed Lost,2026-07-29,6
1119,Discovery,2024-08-28,1
1119,Qualification,2024-09-30,2
1119,Proposal,2024-10-05,3
1119,Negotiation,2024-10-06,4
1119,Closed Won,2024-12-17,5
1120,Discovery,2025-06-21,1
1120,Closed Lost,2025-07-30,6
1121,Discovery,2024-12-12,1
1121,Qualification,2024-12-19,2
1121,Proposal,2024-12-23,3
1121,Negotiation,2025-01-01,4
1121,Closed Won,2025-01-11,5
1122,Discovery,2025-11-25,1
1122,Closed Lost,2025-12-22,6
1123,Discovery,2026-01-26,1
1123,Qualification,2026-02-11,2
1123,Proposal,2026-03-07,3
1123,Closed Lost,2026-03-21,6
1124,Discovery,2024-01-24,1
1124,Qualification,2024-01-25,2
1124,Proposal,2024-02-02,3
1124,Negotiation,2024-02-05,4
1124,Closed Won,2024-02-16,5
1125,Discovery,2025-06-07,1
1125,Qualification,2025-06-18,2
1125,Closed Lost,2025-07-05,6
1126,Discovery,2026-05-25,1
1126,Qualification,2026-06-01,2
1126,Proposal,2026-07-02,3
1126,Closed Lost,2026-07-20,6
1127,Discovery,2026-08-17,1
1127,Qualification,2026-08-17,2
1127,Proposal,2026-08-28,3
1128,Discovery,2025-10-02,1
1128,Qualification,2025-10-25,2
1128,Proposal,2025-12-04,3
1128,Negotiation,2026-01-06,4
1128,Closed Lost,2026-01-22,6
1129,Discovery,2026-05-09,1
1129,Qualification,2026-05-23,2
1129,Proposal,2026-06-16,3
1129,Negotiation,2026-06-21,4
1129,Closed Won,2026-06-25,5
1130,Discovery,2024-12-04,1
1130,Qualification,2025-01-09,2
1130,Closed Lost,2025-02-06,6
1131,Discovery,2024-10-03,1
1131,Qualification,2024-10-03,2
1131,Proposal,2024-10-10,3
1131,Negotiation,2024-10-30,4
1131,Closed Won,2024-11-06,5
1132,Discovery,2026-09-19,1
1133,Discovery,2026-04-16,1
1133,Closed Lost,2026-05-14,6
1134,Discovery,2026-06-21,1
1134,Qualification,2026-06-27,2
1134,Proposal,2026-08-18,3
1134,Negotiation,2026-08-26,4
1134,Closed Won,2026-09-17,5
1135,Discovery,2024-12-30,1
1135,Qualification,2025-01-10,2
1135,Proposal,2025-01-12,3
1135,Negotiation,2025-01-20,4
1135,Closed Won,2025-02-09,5
1136,Discovery,2026-07-14,1
1136,Qualification,2026-07-17,2
1136,Proposal,2026-07-25,3
1136,Negotiation,2026-08-08,4
1136,Closed Won,2026-09-07,5
1137,Discovery,2025-04-10,1
1137,Qualification,2025-04-14,2
1137,Proposal,2025-05-07,3
1137,Negotiation,2025-05-24,4
1137,Closed Won,2025-06-08,5
1138,Discovery,2024-08-06,1
1138,Closed Lost,2024-10-03,6
1139,Discovery,2025-08-10,1
1139,Qualification,2025-09-06,2
1139,Proposal,2025-09-08,3
1139,Negotiation,2025-10-15,4
1139,Closed Lost,2025-10-27,6
1140,Discovery,2026-06-09,1
1140,Closed Lost,2026-07-11,6
1141,Discovery,2024-09-17,1
1141,Qualification,2024-10-02,2
1141,Proposal,2024-10-06,3
1141,Closed Lost,2024-11-08,6
1142,Discovery,2025-08-12,1
1142,Qualification,2025-11-17,2
1142,Closed Lost,2025-11-20,6
1143,Discovery,2025-05-06,1
1143,Qualification,2025-05-26,2
1143,Proposal,2025-06-09,3
1143,Closed Lost,2025-06-12,6
1144,Discovery,2024-07-05,1
1144,Qualification,2024-07-08,2
1144,Proposal,2024-07-09,3
1144,Negotiation,2024-07-18,4
1144,Closed Lost,2024-07-26,6
1145,Discovery,2026-07-31,1
1145,Qualification,2026-08-29,2
1145,Proposal,2026-09-01,3
1145,Negotiation,2026-09-18,4
1145,Closed Won,2026-09-20,5
1146,Discovery,2024-11-29,1
1146,Qualification,2024-12-07,2
1146,Closed Lost,2025-01-09,6
1147,Discovery,2025-02-16,1
1147,Qualification,2025-03-17,2
1147,Closed Lost,2025-03-20,6
1148,Discovery,2025-01-31,1
1148,Qualification,2025-02-07,2
1148,Proposal,2025-02-19,3
1148,Negotiation,2025-03-22,4
1148,Closed Lost,2025-03-26,6
1149,Discovery,2026-03-28,1
1149,Qualification,2026-04-17,2
1149,Closed Lost,2026-09-04,6
1150,Discovery,2025-09-29,1
1150,Qualification,2025-10-08,2
1150,Closed Lost,2025-10-17,6
1151,Discovery,2026-05-03,1
1151,Qualification,2026-05-12,2
1151,Proposal,2026-06-26,3
1151,Negotiation,2026-07-02,4
1151,Closed Won,2026-07-17,5
1152,Discovery,2025-11-16,1
1152,Qualification,2026-01-02,2
1152,Closed Lost,2026-01-11,6
1153,Discovery,2025-10-03,1
1153,Qualification,2025-10-18,2
1153,Proposal,2025-10-19,3
1153,Negotiation,2025-10-27,4
1153,Closed Won,2025-10-29,5
1154,Discovery,2026-01-01,1
1154,Qualification,2026-01-09,2
1154,Proposal,2026-01-19,3
1154,Negotiation,2026-01-22,4
1154,Closed Won,2026-02-06,5
1155,Discovery,2025-12-07,1
1155,Qualification,2025-12-13,2
1155,Closed Lost,2025-12-26,6
1156,Discovery,2025-06-04,1
1156,Closed Lost,2025-10-19,6
1157,Discovery,2026-07-24,1
1157,Closed Lost,2026-09-15,6
1158,Discovery,2024-11-21,1
1158,Qualification,2024-11-26,2
1158,Proposal,2024-12-02,3
1158,Negotiation,2024-12-09,4
1158,Closed Won,2024-12-13,5
1159,Discovery,2026-04-14,1
1159,Qualification,2026-04-17,2
1159,Proposal,2026-04-22,3
1159,Negotiation,2026-04-25,4
1159,Closed Won,2026-05-02,5
1160,Discovery,2024-07-15,1
1160,Closed Lost,2024-08-22,6
1161,Discovery,2025-08-04,1
1161,Qualification,2025-08-13,2
1161,Proposal,2025-09-08,3
1161,Negotiation,2025-09-12,4
1161,Closed Won,2025-09-26,5
1162,Discovery,2025-12-11,1
1162,Qualification,2025-12-16,2
1162,Closed Lost,2026-01-06,6
1163,Discovery,2025-10-03,1
1163,Closed Lost,2025-10-30,6
1164,Discovery,2025-01-17,1
1164,Qualification,2025-01-17,2
1164,Proposal,2025-01-18,3
1164,Negotiation,2025-01-29,4
1164,Closed Lost,2025-02-02,6
1165,Discovery,2026-03-12,1
1165,Qualification,2026-03-21,2
1165,Proposal,2026-03-28,3
1165,Closed Lost,2026-04-15,6
1166,Discovery,2024-10-18,1
1166,Qualification,2024-11-20,2
1166,Proposal,2024-11-23,3
1166,Negotiation,2024-11-25,4
1166,Closed Lost,2024-12-29,6
1167,Discovery,2024-06-29,1
1167,Qualification,2024-07-27,2
1167,Proposal,2024-07-30,3
1167,Negotiation,2024-08-01,4
1167,Closed Won,2024-08-17,5
1168,Discovery,2026-03-26,1
1168,Qualification,2026-03-26,2
1168,Proposal,2026-04-02,3
1168,Negotiation,2026-04-08,4
1168,Closed Won,2026-04-14,5
1169,Discovery,2026-07-10,1
1169,Qualification,2026-08-03,2
1169,Proposal,2026-08-07,3
1169,Negotiation,2026-09-28,4
1170,Discovery,2026-04-02,1
1170,Qualification,2026-04-06,2
1170,Proposal,2026-04-08,3
1170,Negotiation,2026-04-11,4
1170,Closed Won,2026-04-15,5
1171,Discovery,2024-07-14,1
1171,Qualification,2024-07-21,2
1171,Proposal,2024-07-21,3
1171,Negotiation,2024-07-31,4
1171,Closed Won,2024-08-22,5
1172,Discovery,2024-09-17,1
1172,Qualification,2024-09-28,2
1172,Proposal,2024-10-22,3
1172,Negotiation,2024-11-24,4
1172,Closed Won,2024-12-22,5
1173,Discovery,2026-06-20,1
1173,Qualification,2026-06-28,2
1173,Proposal,2026-07-12,3
1173,Negotiation,2026-08-11,4
1173,Closed Won,2026-09-28,5
1174,Discovery,2026-04-25,1
1174,Qualification,2026-05-15,2
1174,Closed Lost,2026-06-16,6
1175,Discovery,2024-03-27,1
1175,Qualification,2024-04-03,2
1175,Closed Lost,2024-04-25,6
1176,Discovery,2026-02-06,1
1176,Qualification,2026-02-14,2
1176,Proposal,2026-02-19,3
1176,Negotiation,2026-02-19,4
1176,Closed Won,2026-02-27,5
1177,Discovery,2025-03-18,1
1177,Qualification,2025-03-28,2
1177,Proposal,2025-08-24,3
1177,Closed Lost,2025-09-08,6
1178,Discovery,2025-07-24,1
1178,Qualification,2025-08-06,2
1178,Closed Lost,2025-08-16,6
1179,Discovery,2026-09-23,1
1179,Qualification,2026-09-29,2
1180,Discovery,2024-06-07,1
1180,Qualification,2024-06-29,2
1180,Proposal,2024-06-30,3
1180,Negotiation,2024-07-03,4
1180,Closed Won,2024-07-04,5
1181,Discovery,2025-05-05,1
1181,Qualification,2025-07-20,2
1181,Closed Lost,2025-07-25,6
1182,Discovery,2025-01-16,1
1182,Qualification,2025-01-18,2
1182,Proposal,2025-01-29,3
1182,Closed Lost,2025-01-31,6
1183,Discovery,2026-09-24,1
1184,Discovery,2025-08-01,1
1184,Closed Lost,2025-10-14,6
1185,Discovery,2024-12-13,1
1185,Qualification,2024-12-15,2
1185,Closed Lost,2025-04-03,6
1186,Discovery,2025-10-22,1
1186,Qualification,2025-10-31,2
1186,Proposal,2025-11-09,3
1186,Negotiation,2025-11-17,4
1186,Closed Won,2025-11-29,5
1187,Discovery,2026-09-17,1
1187,Qualification,2026-09-24,2
1188,Discovery,2025-09-07,1
1188,Closed Lost,2025-11-06,6
1189,Discovery,2026-01-23,1
1189,Qualification,2026-01-23,2
1189,Proposal,2026-02-04,3
1189,Negotiation,2026-02-06,4
1189,Closed Won,2026-02-08,5
1190,Discovery,2026-01-14,1
1190,Closed Lost,2026-02-01,6
1191,Discovery,2025-08-29,1
1191,Qualification,2025-09-03,2
1191,Proposal,2025-09-11,3
1191,Negotiation,2025-09-13,4
1191,Closed Won,2025-10-02,5
1192,Discovery,2026-05-25,1
1192,Qualification,2026-06-07,2
1192,Proposal,2026-06-10,3
1192,Closed Lost,2026-06-13,6
1193,Discovery,2026-07-23,1
1193,Closed Lost,2026-09-10,6
1194,Discovery,2025-12-19,1
1194,Qualification,2025-12-20,2
1194,Proposal,2026-01-06,3
1194,Closed Lost,2026-01-08,6
1195,Discovery,2026-02-24,1
1195,Qualification,2026-03-25,2
1195,Proposal,2026-03-30,3
1195,Negotiation,2026-03-31,4
1195,Closed Lost,2026-04-08,6
1196,Discovery,2025-11-23,1
1196,Qualification,2025-12-11,2
1196,Proposal,2025-12-23,3
1196,Closed Lost,2026-02-19,6
1197,Discovery,2026-04-02,1
1197,Qualification,2026-04-11,2
1197,Proposal,2026-04-18,3
1197,Negotiation,2026-04-27,4
1197,Closed Won,2026-06-17,5
1198,Discovery,2026-03-03,1
1198,Qualification,2026-03-09,2
1198,Proposal,2026-03-14,3
1198,Negotiation,2026-03-22,4
1198,Closed Lost,2026-05-01,6
1199,Discovery,2026-01-24,1
1199,Qualification,2026-02-20,2
1199,Proposal,2026-03-31,3
1199,Negotiation,2026-04-17,4
1199,Closed Won,2026-04-26,5
1200,Discovery,2024-06-13,1
1200,Qualification,2024-08-17,2
1200,Proposal,2024-09-03,3
1200,Negotiation,2024-09-08,4
1200,Closed Won,2024-09-09,5
1201,Discovery,2025-12-11,1
1201,Closed Lost,2026-01-16,6
1202,Discovery,2026-04-10,1
1202,Qualification,2026-04-10,2
1202,Proposal,2026-04-12,3
1202,Negotiation,2026-04-24,4
1202,Closed Won,2026-04-25,5
1203,Discovery,2025-09-14,1
1203,Closed Lost,2025-10-24,6
1204,Discovery,2026-04-28,1
1204,Closed Lost,2026-07-06,6
1205,Discovery,2025-10-28,1
1205,Qualification,2025-11-21,2
1205,Closed Lost,2025-11-26,6
1206,Discovery,2024-11-01,1
1206,Qualification,2024-11-30,2
1206,Proposal,2024-12-11,3
1206,Negotiation,2024-12-26,4
1206,Closed Lost,2025-01-13,6
1207,Discovery,2025-06-01,1
1207,Qualification,2025-06-01,2
1207,Proposal,2025-06-08,3
1207,Negotiation,2025-06-11,4
1207,Closed Lost,2025-06-18,6
1208,Discovery,2026-08-30,1
1209,Discovery,2025-12-18,1
1209,Qualification,2025-12-23,2
1209,Closed Lost,2026-02-01,6
1210,Discovery,2026-07-15,1
1210,Qualification,2026-07-18,2
1210,Proposal,2026-07-23,3
1210,Negotiation,2026-08-04,4
1210,Closed Won,2026-08-09,5
1211,Discovery,2025-12-07,1
1211,Qualification,2026-01-21,2
1211,Closed Lost,2026-01-29,6
1212,Discovery,2025-04-03,1
1212,Qualification,2025-04-11,2
1212,Proposal,2025-04-29,3
1212,Negotiation,2025-05-03,4
1212,Closed Won,2025-05-10,5
1213,Discovery,2024-11-04,1
1213,Qualification,2024-11-18,2
1213,Proposal,2024-11-23,3
1213,Negotiation,2024-11-25,4
1213,Closed Won,2024-12-02,5
1214,Discovery,2025-07-06,1
1214,Qualification,2025-07-10,2
1214,Proposal,2025-07-13,3
1214,Negotiation,2025-07-27,4
1214,Closed Won,2025-08-04,5
1215,Discovery,2025-04-25,1
1215,Qualification,2025-04-25,2
1215,Proposal,2025-04-27,3
1215,Negotiation,2025-05-03,4
1215,Closed Won,2025-06-08,5
1216,Discovery,2026-03-06,1
1216,Closed Lost,2026-05-01,6
1217,Discovery,2025-05-24,1
1217,Closed Lost,2025-06-15,6
1218,Discovery,2026-06-07,1
1218,Qualification,2026-06-16,2
1218,Proposal,2026-08-10,3
1218,Negotiation,2026-08-27,4
1219,Discovery,2025-05-21,1
1219,Qualification,2025-06-05,2
1219,Proposal,2025-07-02,3
1219,Negotiation,2025-07-09,4
1219,Closed Lost,2025-07-19,6
1220,Discovery,2026-03-24,1
1220,Qualification,2026-03-29,2
1220,Proposal,2026-04-06,3
1220,Negotiation,2026-04-07,4
1220,Closed Won,2026-04-10,5
1221,Discovery,2025-06-15,1
1221,Qualification,2025-06-15,2
1221,Proposal,2025-07-02,3
1221,Negotiation,2025-07-03,4
1221,Closed Won,2025-07-14,5
1222,Discovery,2025-04-29,1
1222,Qualification,2025-06-10,2
1222,Proposal,2025-06-25,3
1222,Closed Lost,2025-06-29,6
1223,Discovery,2026-05-06,1
1223,Qualification,2026-05-06,2
1223,Proposal,2026-05-17,3
1223,Negotiation,2026-05-19,4
1223,Closed Lost,2026-05-23,6
1224,Discovery,2025-12-12,1
1224,Qualification,2026-01-04,2
1224,Closed Lost,2026-03-04,6
1225,Discovery,2026-05-10,1
1225,Qualification,2026-05-21,2
1225,Proposal,2026-05-30,3
1225,Negotiation,2026-06-08,4
1225,Closed Won,2026-09-08,5
1226,Discovery,2026-04-23,1
1226,Qualification,2026-04-25,2
1226,Proposal,2026-07-31,3
1226,Negotiation,2026-08-22,4
1226,Closed Won,2026-08-29,5
1227,Discovery,2024-10-07,1
1227,Qualification,2024-12-21,2
1227,Closed Lost,2024-12-30,6
1228,Discovery,2026-01-21,1
1228,Qualification,2026-02-21,2
1228,Closed Lost,2026-03-28,6
1229,Discovery,2024-05-13,1
1229,Qualification,2024-07-25,2
1229,Proposal,2024-07-27,3
1229,Closed Lost,2024-09-03,6
1230,Discovery,2024-05-14,1
1230,Qualification,2024-05-14,2
1230,Proposal,2024-06-02,3
1230,Negotiation,2024-06-04,4
1230,Closed Lost,2024-06-12,6
1231,Discovery,2026-03-26,1
1231,Qualification,2026-04-07,2
1231,Closed Lost,2026-04-17,6
1232,Discovery,2024-12-07,1
1232,Closed Lost,2025-01-09,6
1233,Discovery,2025-06-04,1
1233,Closed Lost,2025-06-28,6
1234,Discovery,2024-03-30,1
1234,Closed Lost,2024-04-24,6
1235,Discovery,2025-06-24,1
1235,Closed Lost,2025-08-14,6
1236,Discovery,2026-08-22,1
1236,Qualification,2026-08-30,2
1236,Proposal,2026-09-19,3
1237,Discovery,2025-12-07,1
1237,Qualification,2025-12-12,2
1237,Proposal,2025-12-25,3
1237,Negotiation,2025-12-30,4
1237,Closed Won,2026-01-04,5
1238,Discovery,2025-09-09,1
1238,Qualification,2025-09-12,2
1238,Proposal,2025-10-07,3
1238,Closed Lost,2025-10-12,6
1239,Discovery,2026-08-26,1
1239,Qualification,2026-08-28,2
1239,Proposal,2026-09-08,3
1239,Negotiation,2026-09-14,4
1239,Closed Won,2026-09-17,5
1240,Discovery,2026-02-17,1
1240,Qualification,2026-03-15,2
1240,Closed Lost,2026-04-10,6
1241,Discovery,2025-03-30,1
1241,Qualification,2025-04-05,2
1241,Proposal,2025-05-15,3
1241,Closed Lost,2025-05-20,6
1242,Discovery,2026-03-14,1
1242,Qualification,2026-03-19,2
1242,Proposal,2026-03-22,3
1242,Negotiation,2026-03-26,4
1242,Closed Won,2026-04-05,5
1243,Discovery,2026-06-22,1
1243,Qualification,2026-07-16,2
1243,Proposal,2026-07-18,3
1243,Negotiation,2026-08-22,4
1243,Closed Lost,2026-09-14,6
1244,Discovery,2026-04-09,1
1244,Qualification,2026-04-19,2
1244,Proposal,2026-04-20,3
1244,Negotiation,2026-06-04,4
1244,Closed Lost,2026-06-06,6
1245,Discovery,2026-01-04,1
1245,Qualification,2026-01-10,2
1245,Proposal,2026-01-14,3
1245,Negotiation,2026-01-22,4
1245,Closed Won,2026-01-24,5
1246,Discovery,2026-03-20,1
1246,Qualification,2026-04-21,2
1246,Proposal,2026-04-26,3
1246,Negotiation,2026-05-01,4
1246,Closed Won,2026-05-18,5
1247,Discovery,2025-07-27,1
1247,Qualification,2025-08-15,2
1247,Closed Lost,2025-10-12,6
1248,Discovery,2026-05-22,1
1248,Qualification,2026-07-06,2
1248,Proposal,2026-07-09,3
1248,Negotiation,2026-07-26,4
1248,Closed Won,2026-08-06,5
1249,Discovery,2025-06-13,1
1249,Qualification,2025-06-20,2
1249,Proposal,2025-07-06,3
1249,Negotiation,2025-07-10,4
1249,Closed Won,2025-08-03,5
1250,Discovery,2025-09-17,1
1250,Qualification,2025-10-01,2
1250,Closed Lost,2025-10-11,6
1251,Discovery,2024-12-07,1
1251,Qualification,2024-12-12,2
1251,Proposal,2024-12-23,3
1251,Negotiation,2024-12-27,4
1251,Closed Won,2025-01-06,5
1252,Discovery,2026-04-06,1
1252,Qualification,2026-05-20,2
1252,Closed Lost,2026-06-07,6
1253,Discovery,2026-09-18,1
1254,Discovery,2026-03-02,1
1254,Qualification,2026-03-12,2
1254,Proposal,2026-03-22,3
1254,Closed Lost,2026-04-25,6
1255,Discovery,2025-01-31,1
1255,Closed Lost,2025-03-13,6
1256,Discovery,2026-05-23,1
1256,Qualification,2026-05-28,2
1256,Proposal,2026-06-07,3
1256,Closed Lost,2026-06-12,6
1257,Discovery,2026-02-16,1
1257,Closed Lost,2026-04-25,6
1258,Discovery,2026-09-22,1
1259,Discovery,2026-05-21,1
1259,Qualification,2026-05-31,2
1259,Proposal,2026-06-25,3
1259,Closed Lost,2026-07-09,6
1260,Discovery,2024-06-10,1
1260,Closed Lost,2024-07-30,6
1261,Discovery,2025-06-24,1
1261,Qualification,2025-06-24,2
1261,Proposal,2025-07-02,3
1261,Negotiation,2025-07-05,4
1261,Closed Won,2025-07-16,5
1262,Discovery,2026-04-22,1
1262,Qualification,2026-05-21,2
1262,Proposal,2026-05-24,3
1262,Negotiation,2026-05-31,4
1262,Closed Won,2026-06-26,5
1263,Discovery,2024-09-03,1
1263,Qualification,2024-09-15,2
1263,Proposal,2024-09-17,3
1263,Negotiation,2024-09-24,4
1263,Closed Won,2024-09-26,5
1264,Discovery,2025-10-13,1
1264,Qualification,2025-10-28,2
1264,Proposal,2025-11-15,3
1264,Negotiation,2025-11-17,4
1264,Closed Won,2025-12-01,5
1265,Discovery,2024-03-01,1
1265,Closed Lost,2024-05-17,6
1266,Discovery,2025-06-15,1
1266,Qualification,2025-06-15,2
1266,Proposal,2025-06-19,3
1266,Negotiation,2025-06-28,4
1266,Closed Won,2025-07-08,5
1267,Discovery,2024-06-01,1
1267,Qualification,2024-06-05,2
1267,Proposal,2024-06-23,3
1267,Negotiation,2024-06-28,4
1267,Closed Lost,2024-06-29,6
1268,Discovery,2025-10-13,1
1268,Qualification,2025-10-29,2
1268,Closed Lost,2025-11-08,6
1269,Discovery,2024-09-14,1
1269,Qualification,2024-09-17,2
1269,Closed Lost,2024-10-09,6
1270,Discovery,2026-09-11,1
1270,Qualification,2026-09-23,2
1270,Proposal,2026-09-26,3
1271,Discovery,2025-07-11,1
1271,Qualification,2025-07-20,2
1271,Proposal,2025-07-29,3
1271,Negotiation,2025-07-30,4
1271,Closed Won,2025-08-04,5
1272,Discovery,2024-08-01,1
1272,Qualification,2024-08-14,2
1272,Proposal,2024-09-05,3
1272,Closed Lost,2024-09-06,6
1273,Discovery,2026-03-28,1
1273,Closed Lost,2026-04-10,6
1274,Discovery,2026-06-14,1
1274,Qualification,2026-07-22,2
1274,Proposal,2026-07-28,3
1274,Negotiation,2026-08-27,4
1274,Closed Won,2026-09-08,5
1275,Discovery,2025-10-12,1
1275,Qualification,2025-10-21,2
1275,Proposal,2025-11-06,3
1275,Negotiation,2025-11-12,4
1275,Closed Won,2025-11-21,5
1276,Discovery,2024-08-27,1
1276,Qualification,2024-09-14,2
1276,Proposal,2024-09-16,3
1276,Negotiation,2024-09-22,4
1276,Closed Won,2024-10-14,5
1277,Discovery,2026-01-14,1
1277,Closed Lost,2026-02-19,6
1278,Discovery,2025-05-13,1
1278,Qualification,2025-05-14,2
1278,Proposal,2025-05-23,3
1278,Negotiation,2025-06-18,4
1278,Closed Won,2025-07-02,5
1279,Discovery,2026-03-24,1
1279,Qualification,2026-03-26,2
1279,Proposal,2026-04-02,3
1279,Negotiation,2026-04-12,4
1279,Closed Lost,2026-04-14,6
1280,Discovery,2024-09-12,1
1280,Closed Lost,2024-10-11,6
1281,Discovery,2025-11-21,1
1281,Qualification,2026-01-24,2
1281,Closed Lost,2026-02-04,6
1282,Discovery,2025-04-16,1
1282,Qualification,2025-04-17,2
1282,Proposal,2025-05-04,3
1282,Negotiation,2025-05-14,4
1282,Closed Won,2025-05-21,5
1283,Discovery,2025-12-02,1
1283,Qualification,2025-12-20,2
1283,Proposal,2025-12-24,3
1283,Negotiation,2025-12-24,4
1283,Closed Won,2025-12-25,5
1284,Discovery,2024-11-02,1
1284,Qualification,2024-11-14,2
1284,Proposal,2025-03-09,3
1284,Closed Lost,2025-03-25,6
1285,Discovery,2026-04-28,1
1285,Qualification,2026-05-09,2
1285,Proposal,2026-05-17,3
1285,Negotiation,2026-05-21,4
1285,Closed Lost,2026-05-24,6
1286,Discovery,2025-11-16,1
1286,Qualification,2025-11-16,2
1286,Proposal,2025-11-23,3
1286,Negotiation,2025-12-04,4
1286,Closed Won,2025-12-30,5
1287,Discovery,2024-04-30,1
1287,Closed Lost,2024-08-08,6
1288,Discovery,2026-06-20,1
1288,Closed Lost,2026-07-13,6
1289,Discovery,2024-08-12,1
1289,Qualification,2024-08-19,2
1289,Proposal,2024-08-26,3
1289,Closed Lost,2024-09-05,6
1290,Discovery,2025-12-14,1
1290,Closed Lost,2026-02-24,6
1291,Discovery,2024-04-24,1
1291,Qualification,2024-06-18,2
1291,Closed Lost,2024-06-25,6
1292,Discovery,2024-07-12,1
1292,Qualification,2024-08-09,2
1292,Proposal,2024-08-24,3
1292,Negotiation,2024-09-04,4
1292,Closed Won,2024-10-25,5
1293,Discovery,2026-08-28,1
1293,Qualification,2026-09-02,2
1293,Proposal,2026-09-13,3
1293,Closed Lost,2026-09-22,6
1294,Discovery,2026-09-02,1
1294,Qualification,2026-09-04,2
1294,Proposal,2026-09-13,3
1294,Closed Lost,2026-09-22,6
1295,Discovery,2024-09-30,1
1295,Qualification,2024-09-30,2
1295,Proposal,2024-10-04,3
1295,Negotiation,2024-10-11,4
1295,Closed Lost,2024-10-16,6
1296,Discovery,2026-09-14,1
1297,Discovery,2026-01-27,1
1297,Qualification,2026-04-14,2
1297,Closed Lost,2026-05-12,6
1298,Discovery,2024-12-17,1
1298,Qualification,2024-12-18,2
1298,Closed Lost,2025-01-05,6
1299,Discovery,2024-06-06,1
1299,Qualification,2024-06-13,2
1299,Proposal,2024-07-02,3
1299,Negotiation,2024-07-07,4
1299,Closed Won,2024-07-19,5
1300,Discovery,2025-08-02,1
1300,Qualification,2025-08-04,2
1300,Proposal,2025-08-26,3
1300,Negotiation,2025-09-14,4
1300,Closed Lost,2025-09-22,6
1301,Discovery,2026-02-13,1
1301,Qualification,2026-03-15,2
1301,Proposal,2026-04-12,3
1301,Negotiation,2026-04-16,4
1301,Closed Lost,2026-04-22,6
1302,Discovery,2025-09-11,1
1302,Qualification,2025-09-14,2
1302,Proposal,2025-09-16,3
1302,Negotiation,2025-10-05,4
1302,Closed Lost,2025-10-16,6
1303,Discovery,2026-01-23,1
1303,Qualification,2026-02-07,2
1303,Closed Lost,2026-02-16,6
1304,Discovery,2025-07-01,1
1304,Closed Lost,2025-08-15,6
1305,Discovery,2025-01-24,1
1305,Qualification,2025-02-13,2
1305,Proposal,2025-02-13,3
1305,Negotiation,2025-03-25,4
1305,Closed Won,2025-03-28,5
1306,Discovery,2025-04-27,1
1306,Qualification,2025-04-27,2
1306,Proposal,2025-04-30,3
1306,Negotiation,2025-05-02,4
1306,Closed Lost,2025-05-30,6
1307,Discovery,2024-05-31,1
1307,Qualification,2024-07-23,2
1307,Closed Lost,2024-08-29,6
1308,Discovery,2026-07-01,1
1308,Qualification,2026-07-15,2
1308,Closed Lost,2026-08-19,6
1309,Discovery,2025-08-22,1
1309,Qualification,2025-10-15,2
1309,Proposal,2025-10-22,3
1309,Negotiation,2025-10-22,4
1309,Closed Lost,2025-11-30,6
1310,Discovery,2026-07-29,1
1310,Qualification,2026-08-01,2
1310,Proposal,2026-08-03,3
1310,Negotiation,2026-08-12,4
1310,Closed Won,2026-08-20,5
1311,Discovery,2024-03-17,1
1311,Qualification,2024-03-30,2
1311,Closed Lost,2024-03-31,6
1312,Discovery,2025-05-04,1
1312,Qualification,2025-05-06,2
1312,Proposal,2025-06-03,3
1312,Closed Lost,2025-06-20,6
1313,Discovery,2025-07-08,1
1313,Qualification,2025-07-15,2
1313,Closed Lost,2025-08-12,6
1314,Discovery,2025-09-28,1
1314,Qualification,2025-10-20,2
1314,Proposal,2025-10-25,3
1314,Closed Lost,2025-11-05,6
1315,Discovery,2026-02-17,1
1315,Closed Lost,2026-04-10,6
1316,Discovery,2025-04-27,1
1316,Closed Lost,2025-07-08,6
1317,Discovery,2024-12-16,1
1317,Qualification,2025-02-03,2
1317,Closed Lost,2025-03-29,6
1318,Discovery,2026-07-30,1
1318,Qualification,2026-07-31,2
1318,Proposal,2026-07-31,3
1318,Closed Lost,2026-08-23,6
1319,Discovery,2025-01-11,1
1319,Closed Lost,2025-03-16,6
1320,Discovery,2025-07-08,1
1320,Qualification,2025-08-23,2
1320,Closed Lost,2025-11-10,6
1321,Discovery,2026-02-17,1
1321,Qualification,2026-03-01,2
1321,Closed Lost,2026-03-11,6
1322,Discovery,2025-09-21,1
1322,Qualification,2025-10-10,2
1322,Proposal,2025-10-12,3
1322,Closed Lost,2025-10-23,6
1323,Discovery,2026-08-05,1
1323,Qualification,2026-08-05,2
1323,Proposal,2026-08-22,3
1323,Negotiation,2026-08-25,4
1323,Closed Won,2026-09-04,5
1324,Discovery,2024-07-04,1
1324,Qualification,2024-07-22,2
1324,Proposal,2024-07-23,3
1324,Negotiation,2024-07-26,4
1324,Closed Won,2024-08-16,5
1325,Discovery,2025-10-09,1
1325,Closed Lost,2026-01-12,6
1326,Discovery,2025-01-13,1
1326,Closed Lost,2025-02-11,6
1327,Discovery,2026-08-27,1
1327,Qualification,2026-09-28,2
1328,Discovery,2024-07-30,1
1328,Closed Lost,2024-09-30,6
1329,Discovery,2026-07-08,1
1329,Qualification,2026-07-18,2
1330,Discovery,2025-02-12,1
1330,Qualification,2025-02-17,2
1330,Proposal,2025-02-21,3
1330,Negotiation,2025-03-02,4
1330,Closed Won,2025-03-13,5
1331,Discovery,2026-09-14,1
1331,Qualification,2026-09-18,2
1331,Proposal,2026-09-19,3
1331,Negotiation,2026-09-29,4
1332,Discovery,2026-06-16,1
1332,Qualification,2026-06-28,2
1332,Proposal,2026-07-06,3
1332,Negotiation,2026-07-08,4
1332,Closed Won,2026-07-12,5
1333,Discovery,2025-03-16,1
1333,Closed Lost,2025-04-07,6
1334,Discovery,2024-07-16,1
1334,Qualification,2024-11-10,2
1334,Closed Lost,2024-12-27,6
1335,Discovery,2025-02-02,1
1335,Qualification,2025-02-03,2
1335,Proposal,2025-02-19,3
1335,Closed Lost,2025-03-01,6
1336,Discovery,2025-08-13,1
1336,Qualification,2025-08-13,2
1336,Proposal,2025-08-25,3
1336,Closed Lost,2025-09-15,6
1337,Discovery,2026-07-06,1
1337,Qualification,2026-07-19,2
1337,Proposal,2026-08-02,3
1337,Negotiation,2026-09-11,4
1337,Closed Won,2026-09-26,5
1338,Discovery,2026-06-20,1
1339,Discovery,2024-12-05,1
1339,Closed Lost,2025-01-11,6
1340,Discovery,2024-03-22,1
1340,Closed Lost,2024-04-13,6
1341,Discovery,2025-12-13,1
1341,Qualification,2026-01-18,2
1341,Proposal,2026-02-19,3
1341,Negotiation,2026-02-27,4
1341,Closed Lost,2026-03-07,6
1342,Discovery,2026-06-26,1
1342,Qualification,2026-06-27,2
1342,Closed Lost,2026-08-31,6
1343,Discovery,2026-08-16,1
1343,Qualification,2026-08-19,2
1343,Proposal,2026-08-30,3
1343,Negotiation,2026-09-04,4
1343,Closed Won,2026-09-16,5
1344,Discovery,2024-10-06,1
1344,Qualification,2024-10-14,2
1344,Proposal,2024-10-15,3
1344,Negotiation,2024-10-25,4
1344,Closed Won,2024-11-11,5
1345,Discovery,2024-09-27,1
1345,Qualification,2024-10-02,2
1345,Closed Lost,2024-10-14,6
1346,Discovery,2025-01-18,1
1346,Closed Lost,2025-02-05,6
1347,Discovery,2026-07-25,1
1347,Qualification,2026-08-07,2
1347,Proposal,2026-08-15,3
1348,Discovery,2026-08-26,1
1348,Qualification,2026-08-31,2
1348,Proposal,2026-09-08,3
1348,Negotiation,2026-09-16,4
1349,Discovery,2024-12-30,1
1349,Closed Lost,2025-01-17,6
1350,Discovery,2024-04-28,1
1350,Qualification,2024-05-08,2
1350,Proposal,2024-05-12,3
1350,Negotiation,2024-05-17,4
1350,Closed Won,2024-06-04,5
1351,Discovery,2024-07-27,1
1351,Closed Lost,2024-08-17,6
1352,Discovery,2025-12-23,1
1352,Qualification,2025-12-31,2
1352,Closed Lost,2026-02-16,6
1353,Discovery,2026-02-14,1
1353,Qualification,2026-02-23,2
1353,Proposal,2026-02-24,3
1353,Negotiation,2026-03-12,4
1353,Closed Lost,2026-03-15,6
1354,Discovery,2024-05-03,1
1354,Qualification,2024-05-07,2
1354,Proposal,2024-06-28,3
1354,Negotiation,2024-07-10,4
1354,Closed Won,2024-08-04,5
1355,Discovery,2025-10-25,1
1355,Qualification,2025-10-29,2
1355,Proposal,2025-11-13,3
1355,Negotiation,2025-11-16,4
1355,Closed Lost,2025-11-25,6
1356,Discovery,2025-04-16,1
1356,Qualification,2025-05-25,2
1356,Proposal,2025-06-29,3
1356,Negotiation,2025-07-23,4
1356,Closed Lost,2025-08-11,6
1357,Discovery,2024-12-28,1
1357,Qualification,2025-01-03,2
1357,Closed Lost,2025-01-07,6
1358,Discovery,2024-10-23,1
1358,Qualification,2024-10-25,2
1358,Proposal,2024-10-25,3
1358,Closed Lost,2024-11-16,6
1359,Discovery,2024-07-08,1
1359,Closed Lost,2024-08-06,6
1360,Discovery,2024-10-18,1
1360,Qualification,2024-10-28,2
1360,Proposal,2024-11-07,3
1360,Closed Lost,2024-11-27,6
1361,Discovery,2026-09-10,1
1361,Qualification,2026-09-18,2
1361,Proposal,2026-09-28,3
1362,Discovery,2024-10-28,1
1362,Qualification,2024-10-30,2
1362,Closed Lost,2024-11-26,6
1363,Discovery,2025-10-28,1
1363,Closed Lost,2026-01-17,6
1364,Discovery,2025-04-30,1
1364,Closed Lost,2025-06-02,6
1365,Discovery,2026-03-17,1
1365,Qualification,2026-03-18,2
1365,Proposal,2026-03-26,3
1365,Negotiation,2026-04-11,4
1365,Closed Won,2026-04-28,5
1366,Discovery,2025-12-26,1
1366,Closed Lost,2026-01-23,6
1367,Discovery,2026-03-14,1
1367,Qualification,2026-03-18,2
1367,Proposal,2026-03-21,3
1367,Closed Lost,2026-04-06,6
1368,Discovery,2025-04-13,1
1368,Qualification,2025-04-14,2
1368,Proposal,2025-04-26,3
1368,Negotiation,2025-04-26,4
1368,Closed Won,2025-05-03,5
1369,Discovery,2025-12-25,1
1369,Qualification,2026-01-10,2
1369,Proposal,2026-06-07,3
1369,Negotiation,2026-07-05,4
1370,Discovery,2026-08-17,1
1370,Qualification,2026-08-21,2
1370,Proposal,2026-09-22,3
1370,Negotiation,2026-09-25,4
1370,Closed Won,2026-09-28,5
1371,Discovery,2026-05-07,1
1371,Closed Lost,2026-06-27,6
1372,Discovery,2026-05-23,1
1372,Qualification,2026-05-27,2
1372,Proposal,2026-06-12,3
1372,Negotiation,2026-06-20,4
1372,Closed Won,2026-06-27,5
1373,Discovery,2026-09-09,1
1373,Closed Lost,2026-09-28,6
1374,Discovery,2026-01-15,1
1374,Qualification,2026-01-21,2
1374,Proposal,2026-02-06,3
1374,Negotiation,2026-03-31,4
1374,Closed Won,2026-04-02,5
1375,Discovery,2025-01-19,1
1375,Qualification,2025-02-13,2
1375,Closed Lost,2025-02-22,6
1376,Discovery,2024-08-21,1
1376,Closed Lost,2024-12-04,6
1377,Discovery,2025-04-10,1
1377,Closed Lost,2025-06-10,6
1378,Discovery,2025-09-07,1
1378,Qualification,2025-09-27,2
1378,Proposal,2025-09-28,3
1378,Closed Lost,2025-11-10,6
1379,Discovery,2026-02-07,1
1379,Qualification,2026-02-21,2
1379,Proposal,2026-02-23,3
1379,Closed Lost,2026-03-04,6
1380,Discovery,2026-02-20,1
1380,Closed Lost,2026-04-07,6
1381,Discovery,2026-04-05,1
1381,Qualification,2026-04-22,2
1381,Proposal,2026-05-08,3
1381,Closed Lost,2026-05-16,6
1382,Discovery,2025-05-04,1
1382,Qualification,2025-05-08,2
1382,Proposal,2025-05-17,3
1382,Negotiation,2025-05-22,4
1382,Closed Won,2025-06-01,5
1383,Discovery,2024-03-02,1
1383,Qualification,2024-03-17,2
1383,Proposal,2024-03-24,3
1383,Closed Lost,2024-04-11,6
1384,Discovery,2025-04-09,1
1384,Closed Lost,2025-05-17,6
1385,Discovery,2024-07-13,1
1385,Closed Lost,2024-10-08,6
1386,Discovery,2026-07-07,1
1386,Qualification,2026-08-18,2
1386,Proposal,2026-08-18,3
1386,Negotiation,2026-08-21,4
1386,Closed Won,2026-09-20,5
1387,Discovery,2025-09-19,1
1387,Qualification,2025-09-20,2
1387,Proposal,2025-10-01,3
1387,Negotiation,2025-10-03,4
1387,Closed Won,2025-10-07,5
1388,Discovery,2024-04-16,1
1388,Qualification,2024-04-19,2
1388,Proposal,2024-04-27,3
1388,Closed Lost,2024-05-04,6
1389,Discovery,2026-06-27,1
1389,Closed Lost,2026-08-12,6
1390,Discovery,2026-08-30,1
1390,Qualification,2026-09-09,2
1390,Proposal,2026-09-17,3
1390,Negotiation,2026-09-23,4
1391,Discovery,2025-01-26,1
1391,Qualification,2025-02-04,2
1391,Proposal,2025-02-28,3
1391,Negotiation,2025-03-10,4
1391,Closed Won,2025-06-14,5
1392,Discovery,2025-11-30,1
1392,Qualification,2025-11-30,2
1392,Proposal,2025-12-02,3
1392,Negotiation,2025-12-05,4
1392,Closed Lost,2025-12-19,6
1393,Discovery,2026-03-23,1
1393,Qualification,2026-04-05,2
1393,Proposal,2026-04-05,3
1393,Negotiation,2026-04-05,4
1393,Closed Won,2026-04-09,5
1394,Discovery,2024-10-29,1
1394,Qualification,2024-12-17,2
1394,Closed Lost,2024-12-31,6
1395,Discovery,2026-09-25,1
1396,Discovery,2024-07-16,1
1396,Closed Lost,2024-08-09,6
1397,Discovery,2026-08-26,1
1397,Qualification,2026-09-08,2
1397,Proposal,2026-09-08,3
1397,Negotiation,2026-09-25,4
1398,Discovery,2026-04-15,1
1398,Qualification,2026-05-03,2
1398,Proposal,2026-05-09,3
1398,Negotiation,2026-05-23,4
1398,Closed Won,2026-05-31,5
1399,Discovery,2026-07-01,1
1399,Qualification,2026-07-05,2
1399,Proposal,2026-07-12,3
1399,Closed Lost,2026-07-19,6
1400,Discovery,2026-03-11,1
1400,Qualification,2026-03-16,2
1400,Proposal,2026-03-21,3
1400,Closed Lost,2026-04-04,6
1401,Discovery,2024-11-21,1
1401,Qualification,2024-12-03,2
1401,Proposal,2024-12-08,3
1401,Closed Lost,2024-12-11,6
1402,Discovery,2025-12-28,1
1402,Qualification,2026-02-08,2
1402,Closed Lost,2026-07-17,6
1403,Discovery,2024-06-12,1
1403,Closed Lost,2024-08-25,6
1404,Discovery,2025-05-27,1
1404,Closed Lost,2025-06-25,6
1405,Discovery,2025-03-26,1
1405,Closed Lost,2025-04-26,6
1406,Discovery,2025-06-10,1
1406,Qualification,2025-06-15,2
1406,Closed Lost,2025-10-06,6
1407,Discovery,2025-03-18,1
1407,Qualification,2025-04-07,2
1407,Proposal,2025-04-09,3
1407,Negotiation,2025-04-14,4
1407,Closed Won,2025-04-25,5
1408,Discovery,2026-08-13,1
1408,Qualification,2026-08-25,2
1408,Closed Lost,2026-09-11,6
1409,Discovery,2026-01-07,1
1409,Closed Lost,2026-03-03,6
1410,Discovery,2025-03-03,1
1410,Qualification,2025-03-06,2
1410,Proposal,2025-03-12,3
1410,Negotiation,2025-03-26,4
1410,Closed Won,2025-04-17,5
1411,Discovery,2025-01-18,1
1411,Qualification,2025-01-18,2
1411,Proposal,2025-01-20,3
1411,Closed Lost,2025-02-05,6
1412,Discovery,2026-04-20,1
1412,Closed Lost,2026-05-20,6
1413,Discovery,2025-12-15,1
1413,Qualification,2026-01-02,2
1413,Proposal,2026-02-27,3
1413,Closed Lost,2026-04-21,6
1414,Discovery,2026-08-01,1
1414,Qualification,2026-08-01,2
1414,Proposal,2026-08-15,3
1414,Negotiation,2026-08-23,4
1414,Closed Lost,2026-08-24,6
1415,Discovery,2026-02-28,1
1415,Qualification,2026-03-13,2
1415,Closed Lost,2026-04-09,6
1416,Discovery,2026-04-12,1
1416,Qualification,2026-04-14,2
1416,Proposal,2026-04-16,3
1416,Closed Lost,2026-05-01,6
1417,Discovery,2026-05-01,1
1417,Qualification,2026-07-19,2
1417,Closed Lost,2026-07-31,6
1418,Discovery,2024-08-12,1
1418,Closed Lost,2024-09-26,6
1419,Discovery,2026-03-01,1
1419,Qualification,2026-03-19,2
1419,Proposal,2026-03-27,3
1419,Negotiation,2026-04-10,4
1419,Closed Won,2026-04-26,5
1420,Discovery,2026-04-25,1
1420,Qualification,2026-05-21,2
1420,Proposal,2026-06-02,3
1420,Negotiation,2026-06-08,4
1420,Closed Lost,2026-07-25,6
1421,Discovery,2024-09-24,1
1421,Qualification,2024-10-08,2
1421,Closed Lost,2024-10-24,6
1422,Discovery,2024-12-06,1
1422,Qualification,2024-12-15,2
1422,Closed Lost,2024-12-18,6
1423,Discovery,2025-11-29,1
1423,Closed Lost,2026-01-24,6
1424,Discovery,2024-01-21,1
1424,Qualification,2024-01-21,2
1424,Proposal,2024-01-31,3
1424,Closed Lost,2024-02-24,6
1425,Discovery,2026-06-23,1
1425,Closed Lost,2026-07-29,6
1426,Discovery,2024-05-24,1
1426,Qualification,2024-05-25,2
1426,Proposal,2024-06-02,3
1426,Negotiation,2024-06-06,4
1426,Closed Lost,2024-06-11,6
1427,Discovery,2026-02-07,1
1427,Qualification,2026-03-21,2
1427,Closed Lost,2026-03-29,6
1428,Discovery,2026-09-04,1
1428,Closed Lost,2026-09-27,6
1429,Discovery,2025-04-13,1
1429,Qualification,2025-04-16,2
1429,Proposal,2025-04-22,3
1429,Negotiation,2025-04-23,4
1429,Closed Won,2025-05-07,5
1430,Discovery,2026-04-20,1
1430,Qualification,2026-05-14,2
1430,Proposal,2026-05-30,3
1430,Closed Lost,2026-06-24,6
1431,Discovery,2024-12-16,1
1431,Closed Lost,2025-02-22,6
1432,Discovery,2025-08-12,1
1432,Closed Lost,2025-10-31,6
1433,Discovery,2024-08-22,1
1433,Qualification,2024-08-23,2
1433,Proposal,2024-09-01,3
1433,Closed Lost,2024-09-11,6
1434,Discovery,2026-08-02,1
1434,Qualification,2026-08-08,2
1434,Proposal,2026-08-23,3
1435,Discovery,2025-02-10,1
1435,Qualification,2025-02-10,2
1435,Proposal,2025-02-15,3
1435,Negotiation,2025-02-18,4
1435,Closed Won,2025-02-24,5
1436,Discovery,2026-08-05,1
1436,Qualification,2026-08-11,2
1436,Closed Lost,2026-08-24,6
1437,Discovery,2026-08-19,1
1437,Qualification,2026-08-20,2
1438,Discovery,2026-07-08,1
1438,Closed Lost,2026-08-27,6
1439,Discovery,2025-04-26,1
1439,Qualification,2025-04-29,2
1439,Proposal,2025-05-01,3
1439,Negotiation,2025-05-10,4
1439,Closed Won,2025-05-14,5
1440,Discovery,2026-08-13,1
1440,Qualification,2026-08-16,2
1440,Proposal,2026-08-20,3
1440,Negotiation,2026-09-04,4
1440,Closed Lost,2026-09-06,6
1441,Discovery,2025-09-04,1
1441,Qualification,2025-09-20,2
1441,Proposal,2025-09-30,3
1441,Closed Lost,2025-10-24,6
1442,Discovery,2026-09-09,1
1442,Qualification,2026-09-19,2
1442,Closed Lost,2026-09-27,6
1443,Discovery,2026-03-03,1
1443,Qualification,2026-03-22,2
1443,Closed Lost,2026-04-03,6
1444,Discovery,2025-08-23,1
1444,Closed Lost,2025-09-10,6
1445,Discovery,2024-05-05,1
1445,Qualification,2024-05-07,2
1445,Proposal,2024-05-16,3
1445,Negotiation,2024-05-19,4
1445,Closed Lost,2024-05-22,6
1446,Discovery,2025-03-25,1
1446,Qualification,2025-03-25,2
1446,Proposal,2025-03-30,3
1446,Negotiation,2025-04-06,4
1446,Closed Won,2025-04-14,5
1447,Discovery,2024-12-24,1
1447,Qualification,2025-01-24,2
1447,Proposal,2025-02-02,3
1447,Closed Lost,2025-02-04,6
1448,Discovery,2024-05-04,1
1448,Closed Lost,2024-06-11,6
1449,Discovery,2025-04-06,1
1449,Qualification,2025-04-14,2
1449,Proposal,2025-04-19,3
1449,Negotiation,2025-04-30,4
1449,Closed Won,2025-06-20,5
1450,Discovery,2025-08-25,1
1450,Qualification,2025-09-08,2
1450,Proposal,2025-09-13,3
1450,Negotiation,2025-09-18,4
1450,Closed Won,2025-09-24,5
1451,Discovery,2025-09-22,1
1451,Qualification,2025-10-19,2
1451,Proposal,2025-10-22,3
1451,Closed Lost,2025-11-21,6
1452,Discovery,2025-04-09,1
1452,Qualification,2025-04-13,2
1452,Closed Lost,2025-05-09,6
1453,Discovery,2024-12-14,1
1453,Qualification,2024-12-26,2
1453,Closed Lost,2025-01-13,6
1454,Discovery,2025-01-19,1
1454,Qualification,2025-02-01,2
1454,Proposal,2025-03-29,3
1454,Closed Lost,2025-04-08,6
1455,Discovery,2026-07-14,1
1455,Qualification,2026-08-11,2
1455,Proposal,2026-08-12,3
1455,Negotiation,2026-08-14,4
1455,Closed Lost,2026-09-14,6
1456,Discovery,2025-02-10,1
1456,Closed Lost,2025-03-07,6
1457,Discovery,2026-04-22,1
1457,Qualification,2026-05-08,2
1457,Proposal,2026-05-09,3
1457,Negotiation,2026-05-29,4
1457,Closed Lost,2026-06-07,6
1458,Discovery,2025-07-27,1
1458,Qualification,2025-07-27,2
1458,Proposal,2025-07-30,3
1458,Negotiation,2025-08-05,4
1458,Closed Won,2025-08-11,5
1459,Discovery,2025-05-20,1
1459,Qualification,2025-05-25,2
1459,Proposal,2025-06-11,3
1459,Closed Lost,2025-07-07,6
1460,Discovery,2024-05-28,1
1460,Qualification,2024-07-02,2
1460,Closed Lost,2024-08-16,6
1461,Discovery,2024-07-03,1
1461,Closed Lost,2024-08-06,6
1462,Discovery,2024-10-02,1
1462,Qualification,2024-11-06,2
1462,Proposal,2024-11-18,3
1462,Closed Lost,2024-12-04,6
1463,Discovery,2026-05-05,1
1463,Qualification,2026-06-02,2
1463,Proposal,2026-06-05,3
1463,Negotiation,2026-06-23,4
1463,Closed Won,2026-07-03,5
1464,Discovery,2025-12-22,1
1464,Qualification,2026-01-04,2
1464,Proposal,2026-01-24,3
1464,Negotiation,2026-02-12,4
1464,Closed Lost,2026-03-20,6
1465,Discovery,2026-01-05,1
1465,Qualification,2026-01-07,2
1465,Proposal,2026-01-15,3
1465,Negotiation,2026-01-29,4
1465,Closed Won,2026-03-22,5
1466,Discovery,2024-04-12,1
1466,Closed Lost,2024-04-27,6
1467,Discovery,2025-07-06,1
1467,Qualification,2025-08-18,2
1467,Proposal,2025-08-31,3
1467,Closed Lost,2025-09-12,6
1468,Discovery,2025-08-17,1
1468,Qualification,2025-08-18,2
1468,Proposal,2025-08-28,3
1468,Negotiation,2025-09-01,4
1468,Closed Won,2025-10-20,5
1469,Discovery,2025-12-30,1
1469,Qualification,2026-01-16,2
1469,Closed Lost,2026-01-30,6
1470,Discovery,2026-03-21,1
1470,Qualification,2026-05-31,2
1470,Proposal,2026-06-01,3
1470,Closed Lost,2026-06-14,6
1471,Discovery,2025-12-19,1
1471,Closed Lost,2026-02-27,6
1472,Discovery,2024-03-28,1
1472,Qualification,2024-05-14,2
1472,Closed Lost,2024-05-15,6
1473,Discovery,2025-04-01,1
1473,Qualification,2025-04-02,2
1473,Proposal,2025-04-18,3
1473,Negotiation,2025-05-04,4
1473,Closed Won,2025-05-09,5
1474,Discovery,2025-03-09,1
1474,Closed Lost,2025-05-10,6
1475,Discovery,2026-06-05,1
1475,Qualification,2026-08-18,2
1475,Proposal,2026-09-16,3
1476,Discovery,2025-10-06,1
1476,Qualification,2025-10-15,2
1476,Proposal,2025-10-20,3
1476,Negotiation,2025-10-24,4
1476,Closed Won,2025-10-31,5
1477,Discovery,2025-08-20,1
1477,Qualification,2025-09-13,2
1477,Proposal,2025-09-21,3
1477,Closed Lost,2025-10-27,6
1478,Discovery,2025-01-14,1
1478,Qualification,2025-01-15,2
1478,Proposal,2025-01-17,3
1478,Negotiation,2025-02-02,4
1478,Closed Won,2025-02-06,5
1479,Discovery,2026-01-26,1
1479,Qualification,2026-02-02,2
1479,Proposal,2026-02-10,3
1479,Closed Lost,2026-04-01,6
1480,Discovery,2025-10-17,1
1480,Qualification,2025-10-18,2
1480,Proposal,2025-10-26,3
1480,Negotiation,2025-11-04,4
1480,Closed Won,2025-11-08,5
1481,Discovery,2025-01-17,1
1481,Qualification,2025-01-27,2
1481,Proposal,2025-02-04,3
1481,Negotiation,2025-03-17,4
1481,Closed Lost,2025-04-03,6
1482,Discovery,2025-10-03,1
1482,Qualification,2025-10-16,2
1482,Proposal,2025-10-17,3
1482,Closed Lost,2025-10-27,6
1483,Discovery,2026-08-22,1
1483,Qualification,2026-09-28,2
1484,Discovery,2025-05-12,1
1484,Closed Lost,2025-06-12,6
1485,Discovery,2025-07-29,1
1485,Qualification,2025-08-04,2
1485,Closed Lost,2025-08-22,6
1486,Discovery,2024-12-03,1
1486,Qualification,2024-12-08,2
1486,Proposal,2024-12-11,3
1486,Negotiation,2024-12-18,4
1486,Closed Won,2024-12-21,5
1487,Discovery,2024-10-16,1
1487,Closed Lost,2024-11-10,6
1488,Discovery,2026-08-31,1
1488,Qualification,2026-09-05,2
1488,Proposal,2026-09-15,3
1488,Negotiation,2026-09-16,4
1489,Discovery,2024-10-04,1
1489,Closed Lost,2025-02-08,6
1490,Discovery,2024-07-30,1
1490,Qualification,2024-08-11,2
1490,Closed Lost,2024-09-20,6
1491,Discovery,2026-07-31,1
1491,Qualification,2026-08-21,2
1491,Proposal,2026-08-23,3
1491,Negotiation,2026-08-30,4
1491,Closed Won,2026-09-06,5
1492,Discovery,2024-07-14,1
1492,Closed Lost,2024-08-01,6
1493,Discovery,2026-07-08,1
1493,Qualification,2026-07-11,2
1493,Proposal,2026-07-16,3
1493,Closed Lost,2026-07-29,6
1494,Discovery,2024-08-13,1
1494,Qualification,2024-08-28,2
1494,Proposal,2024-09-12,3
1494,Negotiation,2024-09-25,4
1494,Closed Lost,2024-10-18,6
1495,Discovery,2026-06-04,1
1495,Qualification,2026-06-18,2
1495,Closed Lost,2026-07-06,6
1496,Discovery,2024-02-21,1
1496,Qualification,2024-02-22,2
1496,Proposal,2024-03-06,3
1496,Negotiation,2024-03-10,4
1496,Closed Won,2024-03-13,5
1497,Discovery,2025-07-12,1
1497,Closed Lost,2025-09-12,6
1498,Discovery,2024-09-21,1
1498,Qualification,2024-09-28,2
1498,Proposal,2024-10-07,3
1498,Closed Lost,2024-11-01,6
1499,Discovery,2025-04-09,1
1499,Qualification,2025-04-18,2
1499,Closed Lost,2025-04-30,6
1500,Discovery,2026-03-18,1
1500,Qualification,2026-03-24,2
1500,Proposal,2026-05-21,3
1500,Negotiation,2026-08-04,4
1500,Closed Won,2026-08-15,5
1501,Discovery,2025-12-02,1
1501,Closed Lost,2026-03-03,6
1502,Discovery,2024-12-11,1
1502,Closed Lost,2025-01-02,6
1503,Discovery,2025-01-03,1
1503,Qualification,2025-01-13,2
1503,Closed Lost,2025-01-19,6
1504,Discovery,2024-08-26,1
1504,Qualification,2024-10-26,2
1504,Proposal,2024-11-13,3
1504,Closed Lost,2025-01-01,6
1505,Discovery,2026-06-08,1
1505,Qualification,2026-06-20,2
1505,Proposal,2026-06-21,3
1505,Negotiation,2026-07-03,4
1505,Closed Won,2026-07-21,5
1506,Discovery,2026-07-15,1
1506,Qualification,2026-09-08,2
1506,Proposal,2026-09-28,3
1507,Discovery,2024-10-03,1
1507,Qualification,2024-11-28,2
1507,Closed Lost,2024-12-09,6
1508,Discovery,2024-08-18,1
1508,Qualification,2024-08-19,2
1508,Proposal,2024-08-24,3
1508,Negotiation,2024-08-27,4
1508,Closed Won,2024-09-09,5
1509,Discovery,2025-11-09,1
1509,Qualification,2025-11-12,2
1509,Proposal,2025-11-17,3
1509,Closed Lost,2025-11-27,6
1510,Discovery,2026-09-16,1
1511,Discovery,2024-07-20,1
1511,Qualification,2024-08-27,2
1511,Proposal,2024-09-16,3
1511,Closed Lost,2024-10-05,6
1512,Discovery,2024-12-04,1
1512,Qualification,2024-12-06,2
1512,Proposal,2024-12-16,3
1512,Negotiation,2024-12-23,4
1512,Closed Won,2024-12-31,5
1513,Discovery,2026-05-10,1
1513,Qualification,2026-06-13,2
1513,Closed Lost,2026-07-12,6
1514,Discovery,2026-04-11,1
1514,Closed Lost,2026-06-12,6
1515,Discovery,2024-08-12,1
1515,Closed Lost,2024-09-22,6
1516,Discovery,2026-02-18,1
1516,Qualification,2026-03-18,2
1516,Proposal,2026-03-22,3
1516,Negotiation,2026-04-09,4
1516,Closed Won,2026-05-01,5
1517,Discovery,2026-04-07,1
1517,Qualification,2026-04-08,2
1517,Proposal,2026-04-24,3
1517,Negotiation,2026-05-11,4
1517,Closed Won,2026-06-05,5
1518,Discovery,2025-09-27,1
1518,Qualification,2025-10-11,2
1518,Closed Lost,2025-10-17,6
1519,Discovery,2024-06-08,1
1519,Qualification,2024-06-08,2
1519,Proposal,2024-06-18,3
1519,Negotiation,2024-06-21,4
1519,Closed Won,2024-06-30,5
1520,Discovery,2024-05-23,1
1520,Qualification,2024-06-02,2
1520,Proposal,2024-06-04,3
1520,Closed Lost,2024-06-13,6
1521,Discovery,2024-10-08,1
1521,Qualification,2024-10-27,2
1521,Proposal,2024-11-03,3
1521,Negotiation,2024-11-13,4
1521,Closed Won,2024-11-30,5
1522,Discovery,2025-10-10,1
1522,Qualification,2025-10-13,2
1522,Closed Lost,2025-11-01,6
1523,Discovery,2026-07-30,1
1523,Closed Lost,2026-08-29,6
1524,Discovery,2026-03-23,1
1524,Qualification,2026-03-23,2
1524,Proposal,2026-04-05,3
1524,Negotiation,2026-04-08,4
1524,Closed Won,2026-04-27,5
1525,Discovery,2026-06-09,1
1525,Qualification,2026-08-08,2
1525,Closed Lost,2026-08-28,6
1526,Discovery,2024-02-17,1
1526,Qualification,2024-03-02,2
1526,Proposal,2024-03-07,3
1526,Negotiation,2024-03-27,4
1526,Closed Lost,2024-04-04,6
1527,Discovery,2025-06-02,1
1527,Qualification,2025-06-22,2
1527,Closed Lost,2025-07-21,6
1528,Discovery,2025-07-27,1
1528,Qualification,2025-08-18,2
1528,Proposal,2025-08-22,3
1528,Negotiation,2025-08-28,4
1528,Closed Won,2025-09-05,5
1529,Discovery,2025-05-01,1
1529,Qualification,2025-05-12,2
1529,Closed Lost,2025-05-22,6
1530,Discovery,2025-09-03,1
1530,Closed Lost,2025-10-09,6
1531,Discovery,2025-01-13,1
1531,Qualification,2025-01-24,2
1531,Proposal,2025-01-29,3
1531,Negotiation,2025-02-13,4
1531,Closed Lost,2025-02-23,6
1532,Discovery,2026-04-15,1
1532,Qualification,2026-06-11,2
1532,Proposal,2026-06-21,3
1532,Closed Lost,2026-08-26,6
1533,Discovery,2026-01-01,1
1533,Qualification,2026-01-03,2
1533,Proposal,2026-01-30,3
1533,Negotiation,2026-03-07,4
1533,Closed Won,2026-03-09,5
1534,Discovery,2024-09-17,1
1534,Qualification,2024-09-20,2
1534,Proposal,2024-09-27,3
1534,Closed Lost,2024-10-05,6
1535,Discovery,2026-09-07,1
1535,Qualification,2026-09-13,2
1535,Proposal,2026-09-16,3
1536,Discovery,2025-08-27,1
1536,Qualification,2025-09-06,2
1536,Proposal,2025-09-06,3
1536,Negotiation,2025-09-12,4
1536,Closed Won,2025-09-18,5
1537,Discovery,2025-09-29,1
1537,Closed Lost,2025-12-05,6
1538,Discovery,2026-07-27,1
1538,Qualification,2026-08-02,2
1539,Discovery,2025-07-04,1
1539,Closed Lost,2025-09-02,6
1540,Discovery,2026-02-03,1
1540,Closed Lost,2026-03-04,6
1541,Discovery,2025-05-28,1
1541,Qualification,2025-05-29,2
1541,Proposal,2025-06-11,3
1541,Closed Lost,2025-07-03,6
1542,Discovery,2025-03-16,1
1542,Qualification,2025-03-28,2
1542,Proposal,2025-04-10,3
1542,Closed Lost,2025-04-20,6
1543,Discovery,2025-06-25,1
1543,Closed Lost,2025-07-05,6
1544,Discovery,2026-06-03,1
1544,Qualification,2026-06-11,2
1544,Proposal,2026-07-10,3
1544,Negotiation,2026-07-10,4
1544,Closed Lost,2026-07-14,6
1545,Discovery,2025-03-20,1
1545,Closed Lost,2025-06-06,6
1546,Discovery,2025-02-03,1
1546,Qualification,2025-02-17,2
1546,Proposal,2025-02-28,3
1546,Negotiation,2025-03-02,4
1546,Closed Won,2025-03-12,5
1547,Discovery,2026-02-20,1
1547,Qualification,2026-02-27,2
1547,Proposal,2026-03-18,3
1547,Negotiation,2026-03-19,4
1547,Closed Lost,2026-03-22,6
1548,Discovery,2024-10-02,1
1548,Qualification,2024-10-08,2
1548,Proposal,2024-10-09,3
1548,Negotiation,2024-10-28,4
1548,Closed Won,2024-11-17,5
1549,Discovery,2025-02-15,1
1549,Qualification,2025-02-24,2
1549,Closed Lost,2025-04-14,6
1550,Discovery,2026-03-12,1
1550,Closed Lost,2026-07-01,6
1551,Discovery,2024-05-02,1
1551,Closed Lost,2024-06-18,6
1552,Discovery,2025-11-02,1
1552,Qualification,2025-11-23,2
1552,Proposal,2025-12-03,3
1552,Negotiation,2025-12-17,4
1552,Closed Won,2026-01-01,5
1553,Discovery,2025-03-02,1
1553,Closed Lost,2025-08-14,6
1554,Discovery,2026-01-06,1
1554,Qualification,2026-01-09,2
1554,Proposal,2026-01-11,3
1554,Negotiation,2026-01-14,4
1554,Closed Won,2026-01-22,5
1555,Discovery,2025-10-06,1
1555,Qualification,2025-10-09,2
1555,Closed Lost,2025-10-24,6
1556,Discovery,2026-04-18,1
1556,Closed Lost,2026-09-27,6
1557,Discovery,2026-04-10,1
1557,Closed Lost,2026-04-26,6
1558,Discovery,2026-07-22,1
1558,Closed Lost,2026-09-02,6
1559,Discovery,2024-10-05,1
1559,Closed Lost,2024-11-21,6
1560,Discovery,2024-07-16,1
1560,Qualification,2024-07-16,2
1560,Proposal,2024-07-17,3
1560,Negotiation,2024-07-20,4
1560,Closed Lost,2024-07-30,6
1561,Discovery,2024-03-27,1
1561,Closed Lost,2024-05-03,6
1562,Discovery,2025-06-09,1
1562,Closed Lost,2025-06-25,6
1563,Discovery,2026-01-25,1
1563,Closed Lost,2026-03-23,6
1564,Discovery,2024-05-21,1
1564,Qualification,2024-06-04,2
1564,Closed Lost,2024-06-15,6
1565,Discovery,2025-09-06,1
1565,Qualification,2025-09-14,2
1565,Proposal,2025-10-23,3
1565,Negotiation,2025-11-08,4
1565,Closed Won,2026-01-07,5
1566,Discovery,2024-06-29,1
1566,Qualification,2024-07-13,2
1566,Closed Lost,2024-08-05,6
1567,Discovery,2025-09-08,1
1567,Qualification,2025-10-01,2
1567,Proposal,2025-10-12,3
1567,Negotiation,2025-10-22,4
1567,Closed Won,2025-10-31,5
1568,Discovery,2024-12-14,1
1568,Qualification,2024-12-17,2
1568,Proposal,2024-12-26,3
1568,Negotiation,2025-01-04,4
1568,Closed Won,2025-01-05,5
1569,Discovery,2025-06-25,1
1569,Qualification,2025-06-27,2
1569,Proposal,2025-07-15,3
1569,Closed Lost,2025-07-26,6
1570,Discovery,2026-09-22,1
1571,Discovery,2024-03-24,1
1571,Qualification,2024-04-18,2
1571,Closed Lost,2024-06-08,6
1572,Discovery,2025-03-27,1
1572,Qualification,2025-04-23,2
1572,Closed Lost,2025-06-02,6
1573,Discovery,2024-05-03,1
1573,Qualification,2024-05-25,2
1573,Proposal,2024-06-07,3
1573,Closed Lost,2024-07-06,6
1574,Discovery,2025-08-30,1
1574,Closed Lost,2025-09-30,6
1575,Discovery,2025-02-18,1
1575,Qualification,2025-03-01,2
1575,Proposal,2025-03-05,3
1575,Closed Lost,2025-03-18,6
1576,Discovery,2026-05-26,1
1576,Closed Lost,2026-07-27,6
1577,Discovery,2024-08-11,1
1577,Qualification,2024-08-27,2
1577,Proposal,2024-08-30,3
1577,Negotiation,2024-09-15,4
1577,Closed Won,2024-09-18,5
1578,Discovery,2024-11-08,1
1578,Qualification,2024-11-20,2
1578,Proposal,2024-11-21,3
1578,Negotiation,2024-11-25,4
1578,Closed Lost,2024-11-30,6
1579,Discovery,2024-01-31,1
1579,Qualification,2024-02-24,2
1579,Closed Lost,2024-04-16,6
1580,Discovery,2024-08-01,1
1580,Closed Lost,2024-08-17,6
1581,Discovery,2025-11-10,1
1581,Qualification,2025-12-16,2
1581,Proposal,2025-12-25,3
1581,Negotiation,2025-12-29,4
1581,Closed Won,2026-01-12,5
1582,Discovery,2026-04-29,1
1582,Qualification,2026-05-20,2
1582,Proposal,2026-05-23,3
1582,Closed Lost,2026-05-30,6
1583,Discovery,2025-06-16,1
1583,Qualification,2025-06-16,2
1583,Closed Lost,2025-07-22,6
1584,Discovery,2025-03-31,1
1584,Qualification,2025-04-09,2
1584,Proposal,2025-04-14,3
1584,Closed Lost,2025-04-24,6
1585,Discovery,2026-09-21,1
1585,Qualification,2026-09-21,2
1586,Discovery,2025-01-21,1
1586,Qualification,2025-01-26,2
1586,Proposal,2025-02-03,3
1586,Negotiation,2025-02-14,4
1586,Closed Won,2025-03-02,5
1587,Discovery,2024-11-16,1
1587,Closed Lost,2024-12-02,6
1588,Discovery,2025-01-13,1
1588,Qualification,2025-01-16,2
1588,Proposal,2025-01-21,3
1588,Negotiation,2025-01-22,4
1588,Closed Won,2025-01-31,5
1589,Discovery,2025-10-23,1
1589,Closed Lost,2025-11-26,6
1590,Discovery,2025-01-21,1
1590,Qualification,2025-01-24,2
1590,Proposal,2025-03-05,3
1590,Negotiation,2025-03-24,4
1590,Closed Won,2025-04-09,5
1591,Discovery,2026-08-26,1
1592,Discovery,2025-11-14,1
1592,Qualification,2025-12-19,2
1592,Proposal,2025-12-31,3
1592,Closed Lost,2026-02-11,6
1593,Discovery,2025-02-04,1
1593,Closed Lost,2025-03-15,6
1594,Discovery,2025-04-26,1
1594,Closed Lost,2025-06-13,6
1595,Discovery,2026-03-16,1
1595,Qualification,2026-03-17,2
1595,Proposal,2026-03-26,3
1595,Negotiation,2026-04-02,4
1595,Closed Won,2026-04-04,5
1596,Discovery,2026-08-14,1
1596,Qualification,2026-08-21,2
1596,Proposal,2026-08-28,3
1596,Negotiation,2026-09-02,4
1596,Closed Lost,2026-09-09,6
1597,Discovery,2025-10-08,1
1597,Closed Lost,2026-01-09,6
1598,Discovery,2025-05-17,1
1598,Qualification,2025-05-25,2
1598,Proposal,2025-06-17,3
1598,Closed Lost,2025-06-22,6
1599,Discovery,2024-12-18,1
1599,Qualification,2025-01-02,2
1599,Proposal,2025-01-17,3
1599,Closed Lost,2025-02-19,6
1600,Discovery,2026-04-15,1
1600,Closed Lost,2026-05-11,6
1601,Discovery,2025-08-08,1
1601,Qualification,2025-08-12,2
1601,Proposal,2025-08-22,3
1601,Closed Lost,2025-10-16,6
1602,Discovery,2026-09-24,1
1603,Discovery,2026-02-21,1
1603,Closed Lost,2026-03-04,6
1604,Discovery,2025-12-08,1
1604,Qualification,2025-12-12,2
1604,Proposal,2025-12-19,3
1604,Negotiation,2025-12-20,4
1604,Closed Won,2026-01-01,5
1605,Discovery,2025-06-22,1
1605,Qualification,2025-06-26,2
1605,Closed Lost,2025-07-20,6
1606,Discovery,2025-07-31,1
1606,Closed Lost,2025-10-30,6
1607,Discovery,2026-05-18,1
1607,Qualification,2026-05-21,2
1607,Proposal,2026-05-22,3
1607,Negotiation,2026-05-29,4
1607,Closed Won,2026-06-01,5
1608,Discovery,2025-02-04,1
1608,Qualification,2025-02-23,2
1608,Proposal,2025-02-24,3
1608,Negotiation,2025-03-16,4
1608,Closed Won,2025-03-27,5
1609,Discovery,2025-06-25,1
1609,Qualification,2025-07-04,2
1609,Proposal,2025-07-14,3
1609,Negotiation,2025-07-28,4
1609,Closed Won,2025-07-31,5
1610,Discovery,2024-11-05,1
1610,Qualification,2024-11-12,2
1610,Proposal,2024-11-30,3
1610,Negotiation,2024-12-06,4
1610,Closed Won,2024-12-08,5
1611,Discovery,2025-07-31,1
1611,Closed Lost,2025-09-17,6
1612,Discovery,2024-12-08,1
1612,Qualification,2024-12-10,2
1612,Proposal,2024-12-20,3
1612,Negotiation,2025-01-06,4
1612,Closed Lost,2025-01-09,6
1613,Discovery,2025-08-13,1
1613,Qualification,2025-09-06,2
1613,Proposal,2025-10-14,3
1613,Negotiation,2025-10-23,4
1613,Closed Won,2025-11-03,5
1614,Discovery,2025-11-01,1
1614,Qualification,2025-11-07,2
1614,Proposal,2025-11-08,3
1614,Negotiation,2025-11-09,4
1614,Closed Won,2025-11-19,5
1615,Discovery,2025-06-18,1
1615,Qualification,2025-07-10,2
1615,Proposal,2025-07-25,3
1615,Closed Lost,2025-08-07,6
1616,Discovery,2024-11-17,1
1616,Qualification,2024-11-20,2
1616,Proposal,2024-11-21,3
1616,Negotiation,2024-12-03,4
1616,Closed Lost,2024-12-21,6
1617,Discovery,2024-06-08,1
1617,Qualification,2024-06-18,2
1617,Proposal,2024-08-04,3
1617,Closed Lost,2024-08-13,6
1618,Discovery,2024-09-09,1
1618,Qualification,2024-09-22,2
1618,Proposal,2024-10-06,3
1618,Negotiation,2024-10-08,4
1618,Closed Won,2024-10-17,5
1619,Discovery,2025-05-15,1
1619,Closed Lost,2025-12-06,6
1620,Discovery,2026-06-21,1
1620,Qualification,2026-06-24,2
1620,Proposal,2026-07-01,3
1620,Closed Lost,2026-07-07,6
1621,Discovery,2026-07-19,1
1621,Qualification,2026-08-08,2
1621,Proposal,2026-08-22,3
1621,Closed Lost,2026-09-27,6
1622,Discovery,2026-04-27,1
1622,Qualification,2026-05-17,2
1622,Closed Lost,2026-05-23,6
1623,Discovery,2025-07-22,1
1623,Closed Lost,2025-08-13,6
1624,Discovery,2025-01-08,1
1624,Closed Lost,2025-02-04,6
1625,Discovery,2025-06-24,1
1625,Qualification,2025-06-28,2
1625,Proposal,2025-07-03,3
1625,Negotiation,2025-07-14,4
1625,Closed Won,2025-07-20,5
1626,Discovery,2026-08-27,1
1626,Qualification,2026-09-08,2
1626,Proposal,2026-09-16,3
1626,Negotiation,2026-09-25,4
1627,Discovery,2026-09-21,1
1628,Discovery,2025-10-23,1
1628,Qualification,2025-12-15,2
1628,Closed Lost,2025-12-22,6
1629,Discovery,2024-11-25,1
1629,Qualification,2024-11-28,2
1629,Proposal,2024-12-28,3
1629,Negotiation,2025-01-25,4
1629,Closed Won,2025-02-05,5
1630,Discovery,2024-04-26,1
1630,Closed Lost,2024-05-15,6
1631,Discovery,2025-06-06,1
1631,Closed Lost,2025-06-30,6
1632,Discovery,2026-03-08,1
1632,Qualification,2026-03-15,2
1632,Closed Lost,2026-06-11,6
1633,Discovery,2024-04-11,1
1633,Qualification,2024-06-29,2
1633,Closed Lost,2024-09-01,6
1634,Discovery,2026-06-26,1
1634,Qualification,2026-06-27,2
1634,Closed Lost,2026-07-31,6
1635,Discovery,2026-01-22,1
1635,Closed Lost,2026-03-26,6
1636,Discovery,2026-06-01,1
1636,Qualification,2026-06-26,2
1636,Proposal,2026-06-29,3
1636,Closed Lost,2026-06-30,6
1637,Discovery,2025-10-06,1
1637,Closed Lost,2025-12-06,6
1638,Discovery,2024-10-08,1
1638,Qualification,2024-10-25,2
1638,Closed Lost,2024-11-06,6
1639,Discovery,2025-06-26,1
1639,Qualification,2025-07-02,2
1639,Proposal,2025-07-08,3
1639,Closed Lost,2025-07-16,6
1640,Discovery,2026-09-16,1
1640,Qualification,2026-09-16,2
1640,Closed Lost,2026-09-28,6
1641,Discovery,2025-02-20,1
1641,Closed Lost,2025-04-26,6
1642,Discovery,2024-09-03,1
1642,Qualification,2024-09-08,2
1642,Proposal,2024-10-17,3
1642,Negotiation,2024-10-17,4
1642,Closed Won,2024-10-24,5
1643,Discovery,2026-09-12,1
1643,Qualification,2026-09-16,2
1644,Discovery,2024-12-13,1
1644,Qualification,2025-02-11,2
1644,Proposal,2025-02-18,3
1644,Negotiation,2025-03-15,4
1644,Closed Won,2025-03-28,5
1645,Discovery,2024-04-13,1
1645,Qualification,2024-04-15,2
1645,Proposal,2024-04-15,3
1645,Closed Lost,2024-05-05,6
1646,Discovery,2026-08-03,1
1646,Qualification,2026-08-22,2
1646,Closed Lost,2026-08-23,6
1647,Discovery,2026-03-17,1
1647,Qualification,2026-04-18,2
1647,Proposal,2026-04-18,3
1647,Negotiation,2026-04-28,4
1647,Closed Won,2026-05-01,5
1648,Discovery,2026-09-15,1
1649,Discovery,2025-11-12,1
1649,Closed Lost,2025-11-30,6
1650,Discovery,2024-07-23,1
1650,Qualification,2024-08-22,2
1650,Proposal,2024-09-08,3
1650,Negotiation,2024-09-15,4
1650,Closed Won,2024-09-29,5
1651,Discovery,2024-04-18,1
1651,Qualification,2024-05-02,2
1651,Proposal,2024-05-03,3
1651,Negotiation,2024-05-25,4
1651,Closed Won,2024-05-26,5
1652,Discovery,2026-03-31,1
1652,Qualification,2026-05-03,2
1652,Closed Lost,2026-05-13,6
1653,Discovery,2026-08-19,1
1653,Qualification,2026-08-20,2
1653,Proposal,2026-09-02,3
1653,Closed Lost,2026-09-05,6
1654,Discovery,2026-07-09,1
1654,Closed Lost,2026-07-30,6
1655,Discovery,2026-01-18,1
1655,Qualification,2026-01-31,2
1655,Proposal,2026-02-18,3
1655,Closed Lost,2026-02-23,6
1656,Discovery,2026-02-13,1
1656,Qualification,2026-03-16,2
1656,Proposal,2026-03-23,3
1656,Negotiation,2026-03-24,4
1656,Closed Won,2026-04-02,5
1657,Discovery,2026-05-16,1
1657,Qualification,2026-06-08,2
1657,Closed Lost,2026-06-26,6
1658,Discovery,2025-09-07,1
1658,Qualification,2025-10-03,2
1658,Proposal,2025-10-03,3
1658,Negotiation,2025-10-05,4
1658,Closed Lost,2025-10-21,6
1659,Discovery,2025-06-11,1
1659,Qualification,2025-06-13,2
1659,Closed Lost,2025-07-21,6
1660,Discovery,2026-01-01,1
1660,Qualification,2026-02-02,2
1660,Closed Lost,2026-02-17,6
1661,Discovery,2025-06-17,1
1661,Qualification,2025-07-02,2
1661,Proposal,2025-07-18,3
1661,Closed Lost,2025-07-30,6
1662,Discovery,2024-06-07,1
1662,Qualification,2024-07-23,2
1662,Proposal,2024-07-28,3
1662,Negotiation,2024-08-01,4
1662,Closed Won,2024-08-05,5
1663,Discovery,2025-07-25,1
1663,Qualification,2025-08-07,2
1663,Proposal,2025-08-10,3
1663,Negotiation,2025-08-11,4
1663,Closed Won,2025-08-29,5
1664,Discovery,2024-11-28,1
1664,Qualification,2024-12-07,2
1664,Closed Lost,2024-12-13,6
1665,Discovery,2025-04-18,1
1665,Qualification,2025-04-21,2
1665,Proposal,2025-05-01,3
1665,Negotiation,2025-05-27,4
1665,Closed Won,2025-05-28,5
1666,Discovery,2026-01-30,1
1666,Closed Lost,2026-03-21,6
1667,Discovery,2024-08-27,1
1667,Qualification,2024-09-27,2
1667,Proposal,2024-09-29,3
1667,Negotiation,2024-10-24,4
1667,Closed Won,2024-11-08,5
1668,Discovery,2024-08-23,1
1668,Qualification,2024-08-24,2
1668,Proposal,2024-09-23,3
1668,Negotiation,2024-09-27,4
1668,Closed Won,2024-10-02,5
1669,Discovery,2025-02-18,1
1669,Qualification,2025-02-24,2
1669,Closed Lost,2025-03-20,6
1670,Discovery,2024-09-28,1
1670,Qualification,2024-09-30,2
1670,Proposal,2024-10-05,3
1670,Negotiation,2024-10-18,4
1670,Closed Won,2024-10-26,5
1671,Discovery,2026-06-09,1
1671,Qualification,2026-06-26,2
1671,Proposal,2026-07-15,3
1671,Negotiation,2026-08-03,4
1671,Closed Won,2026-08-16,5
1672,Discovery,2025-10-09,1
1672,Qualification,2025-10-27,2
1672,Proposal,2025-11-08,3
1672,Negotiation,2025-11-09,4
1672,Closed Won,2025-11-21,5
1673,Discovery,2026-09-15,1
1673,Qualification,2026-09-17,2
1673,Proposal,2026-09-19,3
1673,Negotiation,2026-09-28,4
1674,Discovery,2026-01-11,1
1674,Qualification,2026-01-13,2
1674,Proposal,2026-01-17,3
1674,Negotiation,2026-01-18,4
1674,Closed Lost,2026-03-01,6
1675,Discovery,2025-10-12,1
1675,Qualification,2025-12-16,2
1675,Proposal,2026-01-03,3
1675,Negotiation,2026-02-14,4
1675,Closed Lost,2026-03-09,6
1676,Discovery,2026-01-28,1
1676,Closed Lost,2026-02-08,6
1677,Discovery,2025-10-22,1
1677,Qualification,2025-12-04,2
1677,Proposal,2025-12-25,3
1677,Negotiation,2025-12-28,4
1677,Closed Won,2026-01-08,5
1678,Discovery,2025-07-10,1
1678,Closed Lost,2025-08-22,6
1679,Discovery,2026-08-24,1
1679,Closed Lost,2026-09-19,6
1680,Discovery,2025-12-21,1
1680,Closed Lost,2026-02-27,6
1681,Discovery,2026-04-27,1
1681,Qualification,2026-05-12,2
1681,Proposal,2026-05-26,3
1681,Negotiation,2026-06-17,4
1681,Closed Won,2026-06-19,5
1682,Discovery,2025-08-08,1
1682,Qualification,2025-09-20,2
1682,Proposal,2025-10-09,3
1682,Closed Lost,2025-11-17,6
1683,Discovery,2026-01-30,1
1683,Closed Lost,2026-02-21,6
1684,Discovery,2025-04-11,1
1684,Qualification,2025-04-20,2
1684,Proposal,2025-04-21,3
1684,Negotiation,2025-04-23,4
1684,Closed Won,2025-07-07,5
1685,Discovery,2026-01-22,1
1685,Qualification,2026-03-24,2
1685,Closed Lost,2026-04-14,6
1686,Discovery,2025-07-13,1
1686,Qualification,2025-08-12,2
1686,Proposal,2025-09-15,3
1686,Negotiation,2025-09-23,4
1686,Closed Won,2025-10-01,5
1687,Discovery,2026-09-26,1
1687,Qualification,2026-09-28,2
1688,Discovery,2026-05-05,1
1688,Closed Lost,2026-05-28,6
1689,Discovery,2024-03-06,1
1689,Qualification,2024-03-31,2
1689,Proposal,2024-04-30,3
1689,Closed Lost,2024-05-21,6
1690,Discovery,2026-03-06,1
1690,Closed Lost,2026-05-01,6
1691,Discovery,2026-04-05,1
1691,Qualification,2026-04-27,2
1691,Proposal,2026-04-27,3
1691,Closed Lost,2026-04-28,6
1692,Discovery,2025-12-21,1
1692,Qualification,2025-12-30,2
1692,Proposal,2026-01-01,3
1692,Closed Lost,2026-01-26,6
1693,Discovery,2025-09-18,1
1693,Closed Lost,2025-10-26,6
1694,Discovery,2024-11-15,1
1694,Closed Lost,2024-12-27,6
1695,Discovery,2025-03-19,1
1695,Qualification,2025-03-29,2
1695,Proposal,2025-04-11,3
1695,Negotiation,2025-04-13,4
1695,Closed Won,2025-04-19,5
1696,Discovery,2025-06-21,1
1696,Qualification,2025-06-30,2
1696,Proposal,2025-07-10,3
1696,Negotiation,2025-07-15,4
1696,Closed Lost,2025-07-18,6
1697,Discovery,2026-03-24,1
1697,Qualification,2026-03-26,2
1697,Proposal,2026-04-08,3
1697,Closed Lost,2026-04-10,6
1698,Discovery,2024-09-27,1
1698,Qualification,2024-09-28,2
1698,Closed Lost,2024-10-17,6
1699,Discovery,2024-07-20,1
1699,Qualification,2024-07-28,2
1699,Proposal,2024-07-30,3
1699,Closed Lost,2024-08-11,6
1700,Discovery,2024-12-23,1
1700,Qualification,2024-12-30,2
1700,Proposal,2025-01-01,3
1700,Closed Lost,2025-01-24,6
1701,Discovery,2025-07-08,1
1701,Qualification,2025-08-06,2
1701,Proposal,2025-08-08,3
1701,Negotiation,2025-08-15,4
1701,Closed Won,2025-08-28,5
1702,Discovery,2024-10-30,1
1702,Qualification,2024-11-06,2
1702,Proposal,2024-11-21,3
1702,Closed Lost,2024-12-05,6
1703,Discovery,2025-05-06,1
1703,Closed Lost,2025-07-02,6
1704,Discovery,2025-12-25,1
1704,Qualification,2026-01-11,2
1704,Proposal,2026-01-12,3
1704,Negotiation,2026-01-18,4
1704,Closed Won,2026-01-31,5
1705,Discovery,2024-12-03,1
1705,Qualification,2024-12-14,2
1705,Closed Lost,2024-12-31,6
1706,Discovery,2026-01-18,1
1706,Closed Lost,2026-05-27,6
1707,Discovery,2024-06-05,1
1707,Qualification,2024-06-19,2
1707,Closed Lost,2024-06-28,6
1708,Discovery,2026-07-12,1
1708,Qualification,2026-08-30,2
1708,Proposal,2026-09-07,3
1708,Negotiation,2026-09-15,4
1709,Discovery,2024-09-25,1
1709,Closed Lost,2024-10-14,6
1710,Discovery,2026-06-15,1
1710,Qualification,2026-07-20,2
1710,Closed Lost,2026-07-21,6
1711,Discovery,2024-09-28,1
1711,Qualification,2024-10-04,2
1711,Proposal,2024-10-17,3
1711,Negotiation,2024-10-25,4
1711,Closed Won,2024-12-04,5
1712,Discovery,2026-03-18,1
1712,Qualification,2026-05-31,2
1712,Proposal,2026-06-28,3
1712,Closed Lost,2026-06-29,6
1713,Discovery,2024-07-21,1
1713,Qualification,2024-07-21,2
1713,Proposal,2024-07-25,3
1713,Negotiation,2024-08-05,4
1713,Closed Won,2024-08-18,5
1714,Discovery,2026-09-26,1
1714,Qualification,2026-09-27,2
1715,Discovery,2025-10-29,1
1715,Qualification,2025-11-19,2
1715,Proposal,2025-12-30,3
1715,Negotiation,2026-01-29,4
1715,Closed Won,2026-03-01,5
1716,Discovery,2026-09-23,1
1716,Qualification,2026-09-27,2
1716,Proposal,2026-09-27,3
1717,Discovery,2024-05-29,1
1717,Closed Lost,2024-08-11,6
1718,Discovery,2026-05-11,1
1718,Qualification,2026-05-25,2
1718,Closed Lost,2026-08-06,6
1719,Discovery,2026-04-27,1
1719,Qualification,2026-06-16,2
1719,Proposal,2026-08-12,3
1719,Negotiation,2026-09-29,4
1720,Discovery,2025-04-02,1
1720,Qualification,2025-04-05,2
1720,Proposal,2025-05-16,3
1720,Negotiation,2025-06-01,4
1720,Closed Won,2025-06-07,5
1721,Discovery,2024-08-20,1
1721,Qualification,2024-08-28,2
1721,Closed Lost,2024-09-24,6
1722,Discovery,2025-06-04,1
1722,Qualification,2025-06-04,2
1722,Proposal,2025-06-08,3
1722,Negotiation,2025-06-11,4
1722,Closed Won,2025-06-19,5
1723,Discovery,2024-08-19,1
1723,Closed Lost,2024-11-10,6
1724,Discovery,2026-04-08,1
1724,Qualification,2026-05-26,2
1724,Closed Lost,2026-06-08,6
1725,Discovery,2025-09-06,1
1725,Closed Lost,2025-10-20,6
1726,Discovery,2024-09-10,1
1726,Closed Lost,2024-10-26,6
1727,Discovery,2026-05-12,1
1727,Closed Lost,2026-06-17,6
1728,Discovery,2024-03-19,1
1728,Closed Lost,2024-05-01,6
1729,Discovery,2024-10-02,1
1729,Qualification,2024-10-04,2
1729,Proposal,2024-10-05,3
1729,Negotiation,2024-10-14,4
1729,Closed Won,2024-10-19,5
1730,Discovery,2025-02-19,1
1730,Qualification,2025-02-27,2
1730,Proposal,2025-03-07,3
1730,Negotiation,2025-03-15,4
1730,Closed Won,2025-03-18,5
1731,Discovery,2024-09-29,1
1731,Closed Lost,2024-11-01,6
1732,Discovery,2026-06-17,1
1732,Closed Lost,2026-08-24,6
1733,Discovery,2024-03-11,1
1733,Closed Lost,2024-05-04,6
1734,Discovery,2024-05-02,1
1734,Qualification,2024-06-20,2
1734,Proposal,2024-07-08,3
1734,Closed Lost,2024-07-24,6
1735,Discovery,2025-01-19,1
1735,Qualification,2025-01-26,2
1735,Proposal,2025-01-26,3
1735,Negotiation,2025-02-08,4
1735,Closed Won,2025-02-18,5
1736,Discovery,2026-01-11,1
1736,Qualification,2026-01-16,2
1736,Proposal,2026-01-22,3
1736,Closed Lost,2026-01-25,6
1737,Discovery,2025-05-04,1
1737,Qualification,2025-05-13,2
1737,Proposal,2025-06-15,3
1737,Negotiation,2025-06-20,4
1737,Closed Won,2025-07-03,5
1738,Discovery,2025-04-21,1
1738,Qualification,2025-04-22,2
1738,Proposal,2025-05-24,3
1738,Negotiation,2025-06-06,4
1738,Closed Won,2025-06-28,5
1739,Discovery,2026-07-05,1
1739,Qualification,2026-07-06,2
1739,Proposal,2026-09-25,3
1739,Negotiation,2026-09-29,4
1740,Discovery,2024-07-19,1
1740,Qualification,2024-08-04,2
1740,Closed Lost,2024-08-11,6
1741,Discovery,2024-05-29,1
1741,Qualification,2024-06-19,2
1741,Closed Lost,2024-07-04,6
1742,Discovery,2025-10-17,1
1742,Qualification,2025-10-21,2
1742,Proposal,2025-11-01,3
1742,Negotiation,2025-11-03,4
1742,Closed Won,2025-11-08,5
1743,Discovery,2025-09-16,1
1743,Qualification,2025-09-21,2
1743,Proposal,2025-09-30,3
1743,Closed Lost,2025-10-10,6
1744,Discovery,2025-02-17,1
1744,Qualification,2025-02-26,2
1744,Proposal,2025-03-01,3
1744,Negotiation,2025-04-18,4
1744,Closed Won,2025-04-30,5
1745,Discovery,2025-11-04,1
1745,Qualification,2025-11-11,2
1745,Proposal,2025-11-13,3
1745,Negotiation,2025-11-14,4
1745,Closed Lost,2025-11-18,6
1746,Discovery,2025-02-01,1
1746,Qualification,2025-02-05,2
1746,Proposal,2025-02-06,3
1746,Negotiation,2025-02-27,4
1746,Closed Won,2025-04-03,5
1747,Discovery,2024-09-27,1
1747,Qualification,2024-11-07,2
1747,Closed Lost,2024-11-27,6
1748,Discovery,2024-06-02,1
1748,Qualification,2024-06-09,2
1748,Closed Lost,2024-06-20,6
1749,Discovery,2024-06-05,1
1749,Qualification,2024-06-20,2
1749,Closed Lost,2024-07-12,6
1750,Discovery,2025-08-05,1
1750,Qualification,2025-09-06,2
1750,Proposal,2025-09-16,3
1750,Negotiation,2025-09-27,4
1750,Closed Won,2025-11-01,5
1751,Discovery,2025-02-12,1
1751,Qualification,2025-02-19,2
1751,Proposal,2025-02-20,3
1751,Negotiation,2025-03-02,4
1751,Closed Won,2025-03-15,5
1752,Discovery,2024-12-12,1
1752,Qualification,2025-01-01,2
1752,Closed Lost,2025-02-07,6
1753,Discovery,2026-03-12,1
1753,Qualification,2026-03-28,2
1753,Proposal,2026-03-30,3
1753,Negotiation,2026-04-04,4
1753,Closed Lost,2026-04-09,6
1754,Discovery,2026-06-16,1
1754,Qualification,2026-07-15,2
1754,Proposal,2026-07-27,3
1754,Negotiation,2026-09-19,4
1755,Discovery,2024-12-14,1
1755,Qualification,2024-12-28,2
1755,Closed Lost,2024-12-29,6
1756,Discovery,2024-07-10,1
1756,Closed Lost,2024-08-26,6
1757,Discovery,2026-05-11,1
1757,Qualification,2026-05-14,2
1757,Closed Lost,2026-06-05,6
1758,Discovery,2026-06-20,1
1758,Qualification,2026-07-01,2
1758,Proposal,2026-07-04,3
1758,Closed Lost,2026-07-09,6
1759,Discovery,2025-01-29,1
1759,Qualification,2025-02-03,2
1759,Proposal,2025-02-05,3
1759,Closed Lost,2025-02-14,6
1760,Discovery,2025-11-27,1
1760,Qualification,2025-12-09,2
1760,Closed Lost,2026-01-08,6
1761,Discovery,2026-07-08,1
1761,Qualification,2026-07-31,2
1761,Proposal,2026-08-08,3
1761,Negotiation,2026-08-24,4
1761,Closed Lost,2026-09-21,6
1762,Discovery,2025-07-12,1
1762,Qualification,2025-08-04,2
1762,Proposal,2025-08-11,3
1762,Negotiation,2025-09-08,4
1762,Closed Won,2025-09-21,5
1763,Discovery,2024-02-14,1
1763,Qualification,2024-04-03,2
1763,Closed Lost,2024-04-10,6
1764,Discovery,2026-02-22,1
1764,Qualification,2026-04-09,2
1764,Proposal,2026-05-07,3
1764,Negotiation,2026-05-08,4
1764,Closed Won,2026-05-31,5
1765,Discovery,2025-01-28,1
1765,Closed Lost,2025-03-11,6
1766,Discovery,2026-06-01,1
1766,Closed Lost,2026-07-26,6
1767,Discovery,2025-04-14,1
1767,Qualification,2025-05-09,2
1767,Closed Lost,2025-07-20,6
1768,Discovery,2026-08-06,1
1768,Qualification,2026-08-25,2
1768,Closed Lost,2026-09-10,6
1769,Discovery,2025-12-02,1
1769,Qualification,2025-12-10,2
1769,Proposal,2025-12-24,3
1769,Negotiation,2026-01-06,4
1769,Closed Won,2026-01-07,5
1770,Discovery,2026-09-09,1
1770,Qualification,2026-09-20,2
1770,Proposal,2026-09-24,3
1770,Negotiation,2026-09-25,4
1771,Discovery,2026-08-08,1
1771,Qualification,2026-08-18,2
1771,Proposal,2026-08-19,3
1771,Negotiation,2026-08-24,4
1771,Closed Won,2026-08-31,5
1772,Discovery,2024-08-31,1
1772,Qualification,2024-09-05,2
1772,Proposal,2024-09-12,3
1772,Negotiation,2024-09-14,4
1772,Closed Lost,2024-09-17,6
1773,Discovery,2025-07-19,1
1773,Closed Lost,2025-09-03,6
1774,Discovery,2024-10-22,1
1774,Qualification,2024-10-29,2
1774,Proposal,2024-11-09,3
1774,Negotiation,2024-11-14,4
1774,Closed Won,2024-11-24,5
1775,Discovery,2025-06-27,1
1775,Closed Lost,2025-07-18,6
1776,Discovery,2025-01-19,1
1776,Qualification,2025-01-23,2
1776,Closed Lost,2025-02-15,6
1777,Discovery,2024-09-01,1
1777,Qualification,2024-09-13,2
1777,Proposal,2024-10-07,3
1777,Negotiation,2024-11-08,4
1777,Closed Won,2024-11-17,5
1778,Discovery,2026-05-09,1
1778,Closed Lost,2026-08-08,6
1779,Discovery,2025-02-23,1
1779,Qualification,2025-04-03,2
1779,Closed Lost,2025-04-06,6
1780,Discovery,2026-02-07,1
1780,Qualification,2026-02-12,2
1780,Proposal,2026-02-13,3
1780,Negotiation,2026-02-21,4
1780,Closed Lost,2026-02-26,6
1781,Discovery,2026-08-05,1
1781,Qualification,2026-08-13,2
1781,Proposal,2026-08-15,3
1781,Negotiation,2026-09-06,4
1781,Closed Won,2026-09-11,5
1782,Discovery,2026-01-22,1
1782,Qualification,2026-01-26,2
1782,Proposal,2026-01-29,3
1782,Closed Lost,2026-02-09,6
1783,Discovery,2025-02-21,1
1783,Qualification,2025-03-15,2
1783,Proposal,2025-04-09,3
1783,Negotiation,2025-04-22,4
1783,Closed Won,2025-05-10,5
1784,Discovery,2025-04-29,1
1784,Qualification,2025-05-10,2
1784,Closed Lost,2025-05-22,6
1785,Discovery,2025-08-23,1
1785,Qualification,2025-09-07,2
1785,Proposal,2025-09-08,3
1785,Negotiation,2025-09-12,4
1785,Closed Lost,2025-09-15,6
1786,Discovery,2025-01-29,1
1786,Qualification,2025-02-05,2
1786,Proposal,2025-02-19,3
1786,Negotiation,2025-02-25,4
1786,Closed Lost,2025-02-28,6
1787,Discovery,2026-06-04,1
1787,Closed Lost,2026-09-06,6
1788,Discovery,2024-02-28,1
1788,Qualification,2024-03-02,2
1788,Proposal,2024-03-11,3
1788,Negotiation,2024-03-14,4
1788,Closed Won,2024-03-27,5
1789,Discovery,2024-10-20,1
1789,Qualification,2024-11-02,2
1789,Proposal,2024-11-04,3
1789,Closed Lost,2024-11-22,6
1790,Discovery,2025-05-14,1
1790,Qualification,2025-05-16,2
1790,Proposal,2025-05-18,3
1790,Negotiation,2025-05-22,4
1790,Closed Lost,2025-05-26,6
1791,Discovery,2026-06-30,1
1791,Qualification,2026-08-08,2
1791,Proposal,2026-08-12,3
1791,Negotiation,2026-08-18,4
1791,Closed Won,2026-08-26,5
1792,Discovery,2024-05-05,1
1792,Qualification,2024-05-06,2
1792,Proposal,2024-05-20,3
1792,Negotiation,2024-05-25,4
1792,Closed Won,2024-06-02,5
1793,Discovery,2026-01-13,1
1793,Qualification,2026-01-15,2
1793,Proposal,2026-02-21,3
1793,Negotiation,2026-03-10,4
1793,Closed Won,2026-03-22,5
1794,Discovery,2025-03-19,1
1794,Qualification,2025-04-15,2
1794,Proposal,2025-04-19,3
1794,Negotiation,2025-04-30,4
1794,Closed Won,2025-05-22,5
1795,Discovery,2025-11-30,1
1795,Qualification,2025-12-05,2
1795,Proposal,2025-12-05,3
1795,Negotiation,2025-12-08,4
1795,Closed Lost,2026-01-16,6
1796,Discovery,2026-02-14,1
1796,Qualification,2026-03-08,2
1796,Proposal,2026-03-18,3
1796,Negotiation,2026-03-23,4
1796,Closed Won,2026-03-24,5
1797,Discovery,2024-04-23,1
1797,Qualification,2024-04-26,2
1797,Proposal,2024-04-30,3
1797,Negotiation,2024-05-03,4
1797,Closed Won,2024-05-30,5
1798,Discovery,2026-06-30,1
1798,Closed Lost,2026-08-27,6
1799,Discovery,2026-02-17,1
1799,Closed Lost,2026-06-12,6
1800,Discovery,2025-11-04,1
1800,Qualification,2025-11-07,2
1800,Closed Lost,2025-11-29,6
1801,Discovery,2025-08-29,1
1801,Qualification,2025-09-16,2
1801,Closed Lost,2025-11-13,6
1802,Discovery,2024-12-28,1
1802,Qualification,2025-01-31,2
1802,Closed Lost,2025-02-07,6
1803,Discovery,2025-06-06,1
1803,Closed Lost,2025-09-21,6
1804,Discovery,2024-10-31,1
1804,Closed Lost,2025-01-21,6
1805,Discovery,2026-01-26,1
1805,Closed Lost,2026-03-11,6
1806,Discovery,2026-05-22,1
1806,Closed Lost,2026-08-16,6
1807,Discovery,2024-07-26,1
1807,Closed Lost,2024-11-22,6
1808,Discovery,2026-09-20,1
1808,Qualification,2026-09-27,2
1809,Discovery,2025-02-08,1
1809,Closed Lost,2025-04-13,6
1810,Discovery,2026-06-04,1
1810,Closed Lost,2026-08-14,6
1811,Discovery,2026-09-16,1
1812,Discovery,2026-05-02,1
1812,Qualification,2026-05-12,2
1812,Closed Lost,2026-07-10,6
1813,Discovery,2025-11-07,1
1813,Closed Lost,2025-12-17,6
1814,Discovery,2025-07-25,1
1814,Closed Lost,2025-10-30,6
1815,Discovery,2024-07-30,1
1815,Qualification,2024-08-27,2
1815,Proposal,2024-09-23,3
1815,Closed Lost,2024-09-27,6
1816,Discovery,2025-07-29,1
1816,Qualification,2025-09-23,2
1816,Proposal,2025-09-29,3
1816,Negotiation,2025-09-30,4
1816,Closed Won,2025-10-08,5
1817,Discovery,2026-02-08,1
1817,Qualification,2026-03-23,2
1817,Closed Lost,2026-04-06,6
1818,Discovery,2025-05-18,1
1818,Qualification,2025-05-26,2
1818,Proposal,2025-06-07,3
1818,Negotiation,2025-06-09,4
1818,Closed Won,2025-06-17,5
1819,Discovery,2026-05-21,1
1819,Qualification,2026-05-25,2
1819,Proposal,2026-05-30,3
1819,Negotiation,2026-05-31,4
1819,Closed Won,2026-06-01,5
1820,Discovery,2026-01-19,1
1820,Qualification,2026-04-08,2
1820,Proposal,2026-05-04,3
1820,Closed Lost,2026-05-14,6
1821,Discovery,2024-11-29,1
1821,Qualification,2025-02-01,2
1821,Closed Lost,2025-02-04,6
1822,Discovery,2024-04-26,1
1822,Qualification,2024-05-07,2
1822,Proposal,2024-07-03,3
1822,Negotiation,2024-07-11,4
1822,Closed Won,2024-07-25,5
1823,Discovery,2026-09-08,1
1823,Qualification,2026-09-16,2
1823,Proposal,2026-09-19,3
1823,Negotiation,2026-09-28,4
1824,Discovery,2024-12-06,1
1824,Qualification,2024-12-19,2
1824,Closed Lost,2025-01-11,6
1825,Discovery,2026-07-09,1
1825,Qualification,2026-08-02,2
1825,Closed Lost,2026-08-24,6
1826,Discovery,2025-11-10,1
1826,Qualification,2025-11-15,2
1826,Proposal,2025-11-22,3
1826,Closed Lost,2025-12-08,6
1827,Discovery,2025-09-08,1
1827,Qualification,2025-09-20,2
1827,Proposal,2025-12-06,3
1827,Negotiation,2025-12-28,4
1827,Closed Lost,2026-01-04,6
1828,Discovery,2024-06-29,1
1828,Qualification,2024-07-05,2
1828,Proposal,2024-08-07,3
1828,Negotiation,2024-09-13,4
1828,Closed Won,2024-09-14,5
1829,Discovery,2026-07-31,1
1829,Qualification,2026-08-23,2
1829,Proposal,2026-08-30,3
1829,Negotiation,2026-09-01,4
1829,Closed Won,2026-09-09,5
1830,Discovery,2025-05-21,1
1830,Qualification,2025-05-23,2
1830,Proposal,2025-05-24,3
1830,Negotiation,2025-05-25,4
1830,Closed Won,2025-06-16,5
1831,Discovery,2025-06-12,1
1831,Qualification,2025-06-20,2
1831,Proposal,2025-06-30,3
1831,Negotiation,2025-07-04,4
1831,Closed Won,2025-08-21,5
1832,Discovery,2024-07-01,1
1832,Qualification,2024-07-30,2
1832,Proposal,2024-08-03,3
1832,Closed Lost,2024-08-09,6
1833,Discovery,2024-03-08,1
1833,Qualification,2024-03-11,2
1833,Proposal,2024-04-09,3
1833,Negotiation,2024-05-16,4
1833,Closed Won,2024-05-17,5
1834,Discovery,2025-12-01,1
1834,Qualification,2025-12-08,2
1834,Proposal,2025-12-11,3
1834,Negotiation,2025-12-21,4
1834,Closed Won,2025-12-30,5
1835,Discovery,2024-10-24,1
1835,Qualification,2024-10-30,2
1835,Proposal,2024-11-05,3
1835,Negotiation,2024-11-15,4
1835,Closed Won,2024-12-12,5
1836,Discovery,2025-12-18,1
1836,Closed Lost,2026-02-07,6
1837,Discovery,2024-05-31,1
1837,Qualification,2024-06-02,2
1837,Proposal,2024-06-12,3
1837,Negotiation,2024-06-12,4
1837,Closed Lost,2024-06-19,6
1838,Discovery,2024-08-21,1
1838,Qualification,2024-08-26,2
1838,Proposal,2024-09-05,3
1838,Closed Lost,2024-09-14,6
1839,Discovery,2026-04-06,1
1839,Qualification,2026-04-08,2
1839,Proposal,2026-04-11,3
1839,Negotiation,2026-05-07,4
1839,Closed Won,2026-05-08,5
1840,Discovery,2024-11-29,1
1840,Qualification,2024-11-29,2
1840,Proposal,2024-12-26,3
1840,Negotiation,2024-12-26,4
1840,Closed Won,2024-12-27,5
1841,Discovery,2025-08-13,1
1841,Closed Lost,2025-09-04,6
1842,Discovery,2024-01-21,1
1842,Qualification,2024-02-08,2
1842,Proposal,2024-04-19,3
1842,Closed Lost,2024-05-28,6
1843,Discovery,2025-12-11,1
1843,Qualification,2025-12-13,2
1843,Proposal,2025-12-28,3
1843,Closed Lost,2026-01-29,6
1844,Discovery,2025-06-21,1
1844,Closed Lost,2025-08-13,6
1845,Discovery,2025-03-31,1
1845,Qualification,2025-04-03,2
1845,Proposal,2025-04-03,3
1845,Negotiation,2025-04-09,4
1845,Closed Won,2025-04-18,5
1846,Discovery,2026-07-05,1
1846,Qualification,2026-07-15,2
1846,Proposal,2026-08-18,3
1846,Negotiation,2026-09-29,4
1847,Discovery,2026-09-03,1
1847,Qualification,2026-09-04,2
1847,Proposal,2026-09-09,3
1847,Negotiation,2026-09-10,4
1847,Closed Won,2026-09-13,5
1848,Discovery,2024-03-26,1
1848,Qualification,2024-03-29,2
1848,Proposal,2024-03-31,3
1848,Negotiation,2024-04-05,4
1848,Closed Won,2024-04-29,5
1849,Discovery,2025-09-06,1
1849,Closed Lost,2025-10-26,6
1850,Discovery,2026-02-24,1
1850,Qualification,2026-03-20,2
1850,Closed Lost,2026-03-26,6
1851,Discovery,2026-03-01,1
1851,Qualification,2026-03-08,2
1851,Proposal,2026-03-30,3
1851,Closed Lost,2026-04-09,6
1852,Discovery,2024-08-31,1
1852,Qualification,2024-09-02,2
1852,Proposal,2024-09-10,3
1852,Negotiation,2024-09-14,4
1852,Closed Won,2024-09-16,5
1853,Discovery,2025-02-15,1
1853,Qualification,2025-02-18,2
1853,Proposal,2025-03-12,3
1853,Negotiation,2025-03-19,4
1853,Closed Won,2025-05-06,5
1854,Discovery,2024-09-24,1
1854,Qualification,2024-10-22,2
1854,Proposal,2024-11-01,3
1854,Negotiation,2024-12-08,4
1854,Closed Lost,2024-12-18,6
1855,Discovery,2025-07-14,1
1855,Qualification,2025-08-14,2
1855,Proposal,2025-09-13,3
1855,Closed Lost,2025-09-30,6
1856,Discovery,2025-07-09,1
1856,Closed Lost,2025-10-02,6
1857,Discovery,2025-07-08,1
1857,Qualification,2025-08-15,2
1857,Proposal,2025-08-22,3
1857,Negotiation,2025-09-06,4
1857,Closed Won,2025-10-04,5
1858,Discovery,2025-06-15,1
1858,Qualification,2025-06-21,2
1858,Proposal,2025-06-21,3
1858,Negotiation,2025-06-24,4
1858,Closed Lost,2025-06-27,6
1859,Discovery,2024-07-02,1
1859,Qualification,2024-07-22,2
1859,Proposal,2024-07-26,3
1859,Negotiation,2024-08-16,4
1859,Closed Won,2024-08-24,5
1860,Discovery,2024-02-20,1
1860,Qualification,2024-02-28,2
1860,Proposal,2024-04-07,3
1860,Negotiation,2024-04-09,4
1860,Closed Won,2024-04-15,5
1861,Discovery,2025-05-28,1
1861,Qualification,2025-07-07,2
1861,Proposal,2025-07-07,3
1861,Negotiation,2025-07-07,4
1861,Closed Won,2025-07-14,5
1862,Discovery,2026-07-03,1
1862,Qualification,2026-07-21,2
1862,Proposal,2026-07-31,3
1862,Closed Lost,2026-08-11,6
1863,Discovery,2026-06-07,1
1863,Qualification,2026-06-28,2
1863,Proposal,2026-07-03,3
1863,Negotiation,2026-07-21,4
1863,Closed Won,2026-07-28,5
1864,Discovery,2025-10-12,1
1864,Closed Lost,2025-11-19,6
1865,Discovery,2025-09-11,1
1865,Qualification,2025-10-09,2
1865,Proposal,2025-10-16,3
1865,Negotiation,2025-11-06,4
1865,Closed Won,2025-12-22,5
1866,Discovery,2024-01-12,1
1866,Qualification,2024-01-28,2
1866,Proposal,2024-02-28,3
1866,Closed Lost,2024-03-07,6
1867,Discovery,2026-09-17,1
1868,Discovery,2025-08-27,1
1868,Qualification,2025-10-10,2
1868,Closed Lost,2025-10-11,6
1869,Discovery,2026-07-20,1
1869,Qualification,2026-07-27,2
1869,Proposal,2026-08-09,3
1869,Closed Lost,2026-08-19,6
1870,Discovery,2026-03-21,1
1870,Closed Lost,2026-06-08,6
1871,Discovery,2025-09-14,1
1871,Closed Lost,2025-11-03,6
1872,Discovery,2026-08-17,1
1872,Qualification,2026-08-18,2
1872,Proposal,2026-08-26,3
1872,Closed Lost,2026-09-20,6
1873,Discovery,2026-06-16,1
1873,Qualification,2026-06-19,2
1873,Proposal,2026-07-07,3
1873,Closed Lost,2026-07-12,6
1874,Discovery,2025-01-31,1
1874,Closed Lost,2025-04-13,6
1875,Discovery,2026-07-23,1
1875,Qualification,2026-08-22,2
1875,Closed Lost,2026-08-26,6
1876,Discovery,2026-04-19,1
1876,Closed Lost,2026-07-20,6
1877,Discovery,2024-02-05,1
1877,Qualification,2024-02-05,2
1877,Proposal,2024-02-26,3
1877,Negotiation,2024-03-03,4
1877,Closed Won,2024-03-11,5
1878,Discovery,2026-01-04,1
1878,Qualification,2026-02-12,2
1878,Closed Lost,2026-03-26,6
1879,Discovery,2025-07-07,1
1879,Qualification,2025-07-16,2
1879,Proposal,2025-08-08,3
1879,Negotiation,2025-08-10,4
1879,Closed Won,2025-08-14,5
1880,Discovery,2024-08-07,1
1880,Qualification,2024-08-18,2
1880,Proposal,2024-08-25,3
1880,Negotiation,2024-10-01,4
1880,Closed Won,2024-10-18,5
1881,Discovery,2024-08-17,1
1881,Qualification,2024-08-23,2
1881,Proposal,2024-09-08,3
1881,Negotiation,2024-09-13,4
1881,Closed Won,2024-09-15,5
1882,Discovery,2025-07-06,1
1882,Qualification,2025-07-08,2
1882,Proposal,2025-07-19,3
1882,Negotiation,2025-07-20,4
1882,Closed Lost,2025-08-03,6
1883,Discovery,2024-04-15,1
1883,Qualification,2024-04-20,2
1883,Proposal,2024-05-14,3
1883,Negotiation,2024-05-28,4
1883,Closed Won,2024-06-11,5
1884,Discovery,2025-10-13,1
1884,Qualification,2025-11-19,2
1884,Closed Lost,2025-11-27,6
1885,Discovery,2025-07-27,1
1885,Qualification,2025-08-07,2
1885,Proposal,2025-08-15,3
1885,Negotiation,2025-08-24,4
1885,Closed Won,2025-09-06,5
1886,Discovery,2026-09-26,1
1887,Discovery,2026-05-31,1
1887,Qualification,2026-07-12,2
1887,Proposal,2026-07-27,3
1887,Negotiation,2026-08-07,4
1887,Closed Won,2026-08-11,5
1888,Discovery,2024-07-19,1
1888,Qualification,2024-07-31,2
1888,Proposal,2024-08-17,3
1888,Negotiation,2024-08-17,4
1888,Closed Won,2024-09-04,5
1889,Discovery,2026-09-19,1
1890,Discovery,2024-06-29,1
1890,Qualification,2024-07-03,2
1890,Proposal,2024-07-09,3
1890,Closed Lost,2024-07-18,6
1891,Discovery,2025-02-12,1
1891,Closed Lost,2025-05-30,6
1892,Discovery,2025-08-25,1
1892,Qualification,2025-08-30,2
1892,Closed Lost,2025-09-16,6
1893,Discovery,2025-08-25,1
1893,Qualification,2025-09-12,2
1893,Proposal,2025-09-16,3
1893,Negotiation,2025-10-26,4
1893,Closed Won,2025-10-30,5
1894,Discovery,2025-09-08,1
1894,Qualification,2025-09-12,2
1894,Closed Lost,2025-09-19,6
1895,Discovery,2026-04-06,1
1895,Qualification,2026-04-11,2
1895,Proposal,2026-04-15,3
1895,Negotiation,2026-05-17,4
1895,Closed Lost,2026-05-26,6
1896,Discovery,2026-04-23,1
1896,Qualification,2026-04-24,2
1896,Proposal,2026-05-10,3
1896,Negotiation,2026-05-17,4
1896,Closed Won,2026-05-18,5
1897,Discovery,2025-04-13,1
1897,Qualification,2025-04-17,2
1897,Proposal,2025-04-19,3
1897,Negotiation,2025-04-30,4
1897,Closed Won,2025-05-18,5
1898,Discovery,2026-07-22,1
1898,Closed Lost,2026-09-12,6
1899,Discovery,2024-04-01,1
1899,Closed Lost,2024-05-16,6
1900,Discovery,2025-09-13,1
1900,Qualification,2025-09-24,2
1900,Proposal,2025-10-04,3
1900,Closed Lost,2025-10-28,6
1901,Discovery,2024-09-14,1
1901,Qualification,2024-09-24,2
1901,Proposal,2024-09-28,3
1901,Negotiation,2024-10-05,4
1901,Closed Lost,2024-10-08,6
1902,Discovery,2025-12-23,1
1902,Qualification,2026-01-03,2
1902,Closed Lost,2026-01-25,6
1903,Discovery,2026-05-31,1
1903,Closed Lost,2026-07-15,6
1904,Discovery,2024-09-30,1
1904,Closed Lost,2024-10-20,6
1905,Discovery,2025-11-03,1
1905,Qualification,2025-11-13,2
1905,Proposal,2025-11-23,3
1905,Negotiation,2025-11-26,4
1905,Closed Won,2025-12-09,5
1906,Discovery,2024-11-29,1
1906,Qualification,2024-12-03,2
1906,Closed Lost,2024-12-21,6
1907,Discovery,2026-03-15,1
1907,Qualification,2026-04-03,2
1907,Closed Lost,2026-05-06,6
1908,Discovery,2026-09-02,1
1908,Qualification,2026-09-16,2
1908,Proposal,2026-09-18,3
1908,Negotiation,2026-09-24,4
1908,Closed Won,2026-09-26,5
1909,Discovery,2025-12-09,1
1909,Qualification,2025-12-12,2
1909,Proposal,2025-12-17,3
1909,Negotiation,2025-12-21,4
1909,Closed Won,2025-12-29,5
1910,Discovery,2026-07-21,1
1910,Qualification,2026-07-27,2
1910,Proposal,2026-08-27,3
1910,Closed Lost,2026-08-28,6
1911,Discovery,2026-07-17,1
1911,Qualification,2026-08-02,2
1911,Proposal,2026-08-19,3
1911,Negotiation,2026-09-10,4
1911,Closed Won,2026-09-23,5
1912,Discovery,2025-11-29,1
1912,Qualification,2025-11-29,2
1912,Proposal,2025-12-03,3
1912,Negotiation,2026-01-14,4
1912,Closed Lost,2026-01-25,6
1913,Discovery,2026-04-13,1
1913,Closed Lost,2026-05-20,6
1914,Discovery,2025-12-15,1
1914,Qualification,2025-12-19,2
1914,Proposal,2025-12-24,3
1914,Closed Lost,2026-01-15,6
1915,Discovery,2025-08-26,1
1915,Closed Lost,2025-09-12,6
1916,Discovery,2026-02-27,1
1916,Qualification,2026-03-01,2
1916,Proposal,2026-03-07,3
1916,Negotiation,2026-03-16,4
1916,Closed Won,2026-04-22,5
1917,Discovery,2025-08-30,1
1917,Qualification,2025-09-25,2
1917,Closed Lost,2025-09-29,6
1918,Discovery,2025-07-30,1
1918,Closed Lost,2025-08-24,6
1919,Discovery,2024-06-19,1
1919,Qualification,2024-07-01,2
1919,Proposal,2024-07-02,3
1919,Closed Lost,2024-07-10,6
1920,Discovery,2026-02-15,1
1920,Qualification,2026-03-11,2
1920,Proposal,2026-03-11,3
1920,Closed Lost,2026-03-14,6
1921,Discovery,2024-03-14,1
1921,Qualification,2024-03-18,2
1921,Proposal,2024-04-04,3
1921,Negotiation,2024-04-13,4
1921,Closed Won,2024-04-28,5
1922,Discovery,2024-12-07,1
1922,Closed Lost,2025-06-09,6
1923,Discovery,2025-04-06,1
1923,Qualification,2025-04-10,2
1923,Proposal,2025-04-16,3
1923,Negotiation,2025-04-23,4
1923,Closed Won,2025-05-01,5
1924,Discovery,2025-02-04,1
1924,Qualification,2025-02-07,2
1924,Proposal,2025-02-11,3
1924,Negotiation,2025-02-11,4
1924,Closed Won,2025-03-12,5
1925,Discovery,2025-06-09,1
1925,Qualification,2025-07-04,2
1925,Closed Lost,2025-07-16,6
1926,Discovery,2025-12-02,1
1926,Qualification,2025-12-15,2
1926,Proposal,2025-12-18,3
1926,Closed Lost,2025-12-21,6
1927,Discovery,2026-04-21,1
1927,Qualification,2026-05-08,2
1927,Closed Lost,2026-05-16,6
1928,Discovery,2026-07-28,1
1928,Qualification,2026-08-06,2
1928,Proposal,2026-08-09,3
1928,Negotiation,2026-08-22,4
1928,Closed Lost,2026-08-24,6
1929,Discovery,2025-08-06,1
1929,Qualification,2025-08-21,2
1929,Proposal,2025-09-28,3
1929,Negotiation,2025-09-28,4
1929,Closed Lost,2025-10-02,6
1930,Discovery,2026-01-29,1
1930,Qualification,2026-02-13,2
1930,Proposal,2026-02-27,3
1930,Closed Lost,2026-03-03,6
1931,Discovery,2025-07-23,1
1931,Qualification,2025-08-08,2
1931,Proposal,2025-08-10,3
1931,Negotiation,2025-08-19,4
1931,Closed Won,2025-09-18,5
1932,Discovery,2026-07-18,1
1932,Qualification,2026-08-01,2
1932,Proposal,2026-08-02,3
1932,Closed Lost,2026-08-14,6
1933,Discovery,2024-12-14,1
1933,Qualification,2025-01-03,2
1933,Proposal,2025-01-04,3
1933,Negotiation,2025-01-07,4
1933,Closed Won,2025-01-09,5
1934,Discovery,2026-01-13,1
1934,Qualification,2026-01-20,2
1934,Proposal,2026-01-28,3
1934,Negotiation,2026-02-04,4
1934,Closed Lost,2026-02-08,6
1935,Discovery,2026-06-08,1
1935,Qualification,2026-06-20,2
1935,Proposal,2026-06-21,3
1935,Negotiation,2026-07-10,4
1935,Closed Lost,2026-07-15,6
1936,Discovery,2026-05-25,1
1936,Qualification,2026-06-03,2
1936,Closed Lost,2026-06-22,6
1937,Discovery,2025-07-29,1
1937,Qualification,2025-08-08,2
1937,Proposal,2025-08-08,3
1937,Negotiation,2025-08-31,4
1937,Closed Won,2025-09-04,5
1938,Discovery,2024-07-14,1
1938,Closed Lost,2024-09-06,6
1939,Discovery,2024-05-15,1
1939,Closed Lost,2024-06-28,6
1940,Discovery,2024-10-09,1
1940,Qualification,2024-10-16,2
1940,Proposal,2024-11-15,3
1940,Negotiation,2024-12-04,4
1940,Closed Lost,2024-12-19,6
1941,Discovery,2024-07-26,1
1941,Qualification,2024-08-12,2
1941,Proposal,2024-09-03,3
1941,Negotiation,2024-09-28,4
1941,Closed Lost,2024-09-30,6
1942,Discovery,2024-03-15,1
1942,Qualification,2024-03-21,2
1942,Proposal,2024-04-12,3
1942,Closed Lost,2024-05-25,6
1943,Discovery,2025-04-04,1
1943,Qualification,2025-05-05,2
1943,Closed Lost,2025-05-07,6
1944,Discovery,2024-01-20,1
1944,Qualification,2024-02-14,2
1944,Proposal,2024-02-27,3
1944,Negotiation,2024-03-09,4
1944,Closed Won,2024-03-10,5
1945,Discovery,2026-06-30,1
1945,Qualification,2026-07-30,2
1945,Closed Lost,2026-08-10,6
1946,Discovery,2025-08-01,1
1946,Closed Lost,2025-08-29,6
1947,Discovery,2025-04-22,1
1947,Qualification,2025-04-25,2
1947,Proposal,2025-05-01,3
1947,Negotiation,2025-05-05,4
1947,Closed Won,2025-05-19,5
1948,Discovery,2026-04-26,1
1948,Qualification,2026-05-04,2
1948,Proposal,2026-05-04,3
1948,Negotiation,2026-05-07,4
1948,Closed Won,2026-05-14,5
